screen_year,investment_year,ISIN,weight
2013,2014,AN8068571086,4.409784192454357e-15
2013,2014,AT0000652011,0.0
2013,2014,AT0000720008,7.20125178352803e-16
2013,2014,AT0000743059,4.1405037857215883e-16
2013,2014,AT0000746409,2.7038389433929316e-17
2013,2014,BE0003470755,3.4348644233910955e-17
2013,2014,BE0003565737,2.509065558965212e-14
2013,2014,BE0003593044,0.0
2013,2014,BE0003735496,0.0007018565245643751
2013,2014,BE0003739530,3.0638206853140306e-15
2013,2014,BE0003755692,1.99379034841622e-15
2013,2014,BE0974258874,2.8366334355939764e-16
2013,2014,BE0974264930,2.8311032724310218e-14
2013,2014,BE0974293251,2.6069689261310996e-15
2013,2014,CA00208D4084,0.0
2013,2014,CA0084741085,4.478062434616408e-16
2013,2014,CA05534B7604,9.397170956020646e-15
2013,2014,CA0636711016,2.8721119443941954e-14
2013,2014,CA0641491075,0.0
2013,2014,CA0977518616,6.662352515760783e-15
2013,2014,CA1247651088,2.201348268826214e-14
2013,2014,CA12532H1047,1.7848020475991464e-14
2013,2014,CA13321L1085,7.141131137514069e-15
2013,2014,CA1360691010,4.949219411423494e-15
2013,2014,CA1363751027,1.3206046996194083e-15
2013,2014,CA1363851017,5.840384160879548e-16
2013,2014,CA13646K1084,1.3287981591454723e-15
2013,2014,CA1366812024,0.0
2013,2014,CA1367178326,1.3243594091864653e-17
2013,2014,CA2849025093,2.541501037456513e-15
2013,2014,CA29250N1050,1.597064204154997e-15
2013,2014,CA2927661025,3.8895111472852923e-16
2013,2014,CA3180714048,0.0
2013,2014,CA3359341052,3.905102232797815e-15
2013,2014,CA3759161035,1.1632176055237373e-14
2013,2014,CA4495861060,0.0
2013,2014,CA4530384086,4.954873924552677e-16
2013,2014,CA4969024047,0.0
2013,2014,CA5592224011,0.0
2013,2014,CA56501R1064,1.506120415756302e-14
2013,2014,CA59151K1084,2.3152246523473923e-16
2013,2014,CA6744822033,8.308273581055012e-17
2013,2014,CA7392391016,6.863478789008731e-15
2013,2014,CA7751092007,6.046781776182518e-15
2013,2014,CA7800871021,9.142369159636945e-15
2013,2014,CA8029121057,8.871908453249552e-16
2013,2014,CA85472N1096,8.534147014137136e-15
2013,2014,CA8667961053,0.0
2013,2014,CA8672241079,7.730367408384783e-16
2013,2014,CA87807B1076,1.2048272789618004e-16
2013,2014,CA8787422044,5.158278287825094e-16
2013,2014,CA87971M1032,5.625503118216495e-15
2013,2014,CA8849038085,0.0
2013,2014,CA8911605092,9.919188457861698e-15
2013,2014,CA89346D1078,0.0
2013,2014,CA8959451037,0.0
2013,2014,CA98462Y1007,3.358736585265164e-15
2013,2014,CH0008742519,0.03179647241489484
2013,2014,CH0010570759,0.0
2013,2014,CH0010645932,0.0
2013,2014,CH0011075394,5.350771780557825e-16
2013,2014,CH0012005267,0.0
2013,2014,CH0012032048,0.0
2013,2014,CH0012138530,5.1430048590945644e-15
2013,2014,CH0012138605,2.2067731986702054e-14
2013,2014,CH0012142631,6.860237694123842e-16
2013,2014,CH0012214059,0.0
2013,2014,CH0012221716,3.144636517918973e-15
2013,2014,CH0012549785,0.0
2013,2014,CH0013841017,0.0
2013,2014,CH0014786500,0.06771035656124691
2013,2014,CH0014852781,1.9045511075680392e-14
2013,2014,CH0018294154,0.0
2013,2014,CH0024638212,0.0
2013,2014,CH0025238863,0.0
2013,2014,CH0025751329,0.0
2013,2014,CH0030170408,4.992305959561203e-15
2013,2014,CH0038388911,0.0
2013,2014,CH0038863350,0.0
2013,2014,CH0044328745,0.0
2013,2014,CH0048265513,4.219365108456954e-15
2013,2014,CH0126881561,0.0
2013,2014,CH0210483332,2.0739821957029468e-14
2013,2014,CH0244767585,2.7253006169569787e-14
2013,2014,CH0319416936,0.0
2013,2014,CH0418792922,1.8281178809773184e-15
2013,2014,CH1169151003,2.113379582759998e-16
2013,2014,CH1175448666,0.0
2013,2014,CH1256740924,8.78933535220348e-15
2013,2014,DE0005140008,0.0
2013,2014,DE0005190003,0.0
2013,2014,DE0005200000,0.0
2013,2014,DE0005408884,0.0
2013,2014,DE0005439004,0.0
2013,2014,DE0005552004,0.0
2013,2014,DE0005557508,0.0
2013,2014,DE0005773303,0.0
2013,2014,DE0005810055,0.0
2013,2014,DE0005909006,9.010911997471271e-15
2013,2014,DE0006047004,2.6859620959901417e-18
2013,2014,DE0006048432,0.0
2013,2014,DE0006070006,0.0
2013,2014,DE0006202005,1.8802627600339976e-18
2013,2014,DE0006231004,1.0647107012049362e-14
2013,2014,DE0006599905,0.0
2013,2014,DE0006602006,3.448700044854458e-15
2013,2014,DE0006969603,1.3379673851582503e-16
2013,2014,DE0007037129,0.0
2013,2014,DE0007100000,3.0058359559266764e-16
2013,2014,DE0007164600,1.6080062348087475e-14
2013,2014,DE0007236101,0.0
2013,2014,DE0007257503,3.6509798141785237e-16
2013,2014,DE0007500001,0.0
2013,2014,DE0007664039,1.1759169878013073e-15
2013,2014,DE0008232125,0.0
2013,2014,DE0008402215,0.0
2013,2014,DE0008404005,0.0
2013,2014,DE0008430026,0.0
2013,2014,DE000BASF111,0.0
2013,2014,DE000BAY0017,0.0
2013,2014,DE000CBK1001,0.0
2013,2014,DE000ENAG999,0.0
2013,2014,DE000KSAG888,0.0
2013,2014,DE000TUAG505,6.783729365693695e-17
2013,2014,DK0010181759,2.667109982643669e-15
2013,2014,DK0010234467,8.196496624770217e-15
2013,2014,DK0010244508,7.294644294268514e-17
2013,2014,DK0010274414,3.415649128413084e-14
2013,2014,DK0010287663,1.1236714836146865e-14
2013,2014,DK0060079531,3.524389081591209e-16
2013,2014,DK0060336014,0.0
2013,2014,DK0060448595,0.03789206431104628
2013,2014,DK0060477503,8.116865409266765e-16
2013,2014,DK0060738599,0.0
2013,2014,DK0061539921,0.0
2013,2014,ES0109427734,1.5761144044709906e-14
2013,2014,ES0112501012,4.139229554608565e-16
2013,2014,ES0113211835,0.0
2013,2014,ES0113679I37,9.779654961274392e-15
2013,2014,ES0113860A34,4.997093971527845e-16
2013,2014,ES0113900J37,8.321847811490533e-15
2013,2014,ES0116870314,1.5956897334066662e-16
2013,2014,ES0118594417,0.0
2013,2014,ES0122060314,1.4563734583531923e-18
2013,2014,ES0124244E34,0.0
2013,2014,ES0125220311,1.1260320005425942e-15
2013,2014,ES0130670112,0.0
2013,2014,ES0130960018,0.0
2013,2014,ES0132105018,1.652012213807186e-15
2013,2014,ES0144580Y14,0.0
2013,2014,ES0148396007,0.0
2013,2014,ES0161560018,1.851707910995154e-15
2013,2014,ES0167050915,3.69308454352722e-16
2013,2014,ES0171743901,2.6508449447729076e-15
2013,2014,ES0173093024,2.256891854202203e-15
2013,2014,ES0173516115,9.911548043081353e-18
2013,2014,ES0178430E18,0.0
2013,2014,ES0182870214,5.103955095029861e-15
2013,2014,FI0009000202,3.062409088680347e-15
2013,2014,FI0009000277,4.4452582238404947e-14
2013,2014,FI0009000459,4.213506574465354e-15
2013,2014,FI0009000681,0.0
2013,2014,FI0009002158,7.691137704956906e-15
2013,2014,FI0009002422,2.2735932439993435e-16
2013,2014,FI0009003727,5.091204647233093e-15
2013,2014,FI0009005318,7.269353975873858e-15
2013,2014,FI0009005870,4.591957318447151e-15
2013,2014,FI0009005961,1.5300001625392766e-16
2013,2014,FI0009005987,2.360184617628438e-16
2013,2014,FI0009007132,1.5389848386468487e-16
2013,2014,FI0009007694,1.569555229681725e-14
2013,2014,FI0009007884,0.0
2013,2014,FI0009013403,3.8508179852762544e-15
2013,2014,FI0009800643,4.423738693986946e-15
2013,2014,FI4000440664,3.688636018399093e-15
2013,2014,FR0000035081,9.749707129202485e-15
2013,2014,FR0000039109,0.0
2013,2014,FR0000044448,1.8679313060541968e-15
2013,2014,FR0000045072,2.4517727718020042e-14
2013,2014,FR0000054900,7.121116591614265e-15
2013,2014,FR0000064578,0.0
2013,2014,FR0000073272,1.3044100016455593e-14
2013,2014,FR0000077919,2.2844810979162265e-15
2013,2014,FR0000120073,0.0
2013,2014,FR0000120172,2.4653789195928165e-15
2013,2014,FR0000120222,0.0
2013,2014,FR0000120271,4.609564650838241e-16
2013,2014,FR0000120321,1.070257870810974e-15
2013,2014,FR0000120404,4.494518364623735e-15
2013,2014,FR0000120503,2.2543847846486836e-15
2013,2014,FR0000120560,0.0
2013,2014,FR0000120578,6.954283228957705e-15
2013,2014,FR0000120628,0.0
2013,2014,FR0000120644,0.0
2013,2014,FR0000120693,0.0
2013,2014,FR0000120859,0.0
2013,2014,FR0000120966,0.0004974594568094347
2013,2014,FR0000121014,1.2658039352183325e-14
2013,2014,FR0000121121,1.2685152621058709e-14
2013,2014,FR0000121220,0.0
2013,2014,FR0000121329,2.0898190710426567e-15
2013,2014,FR0000121485,6.661453720397637e-15
2013,2014,FR0000121667,0.0
2013,2014,FR0000121964,3.784309324655863e-15
2013,2014,FR0000121972,3.9386253470863875e-16
2013,2014,FR0000124141,0.0
2013,2014,FR0000125007,8.255140300318722e-18
2013,2014,FR0000125338,2.604774274076119e-14
2013,2014,FR0000125486,6.708020049032003e-16
2013,2014,FR0000127771,2.401545287498287e-15
2013,2014,FR0000130213,1.4031370550542918e-14
2013,2014,FR0000130395,0.0
2013,2014,FR0000130403,1.874394189853572e-14
2013,2014,FR0000130452,1.2774362994797362e-15
2013,2014,FR0000130577,0.0
2013,2014,FR0000130809,1.7556001449316612e-14
2013,2014,FR0000131104,2.57555198786989e-14
2013,2014,FR0000131906,3.9623935115144885e-15
2013,2014,FR0000133308,0.0
2013,2014,FR0010040865,2.479996187408161e-14
2013,2014,FR0010220475,2.25486672966215e-15
2013,2014,FR0013176526,1.1702149811845145e-15
2013,2014,FR0013326246,4.892946207507188e-15
2013,2014,FR0013505062,4.664969153339243e-15
2013,2014,FR0013506730,1.9770913059911806e-15
2013,2014,FR0014003TT8,0.0
2013,2014,GB0000163088,0.0
2013,2014,GB0000456144,3.36182948672364e-15
2013,2014,GB0000536739,0.0
2013,2014,GB0000811801,9.157155319947664e-15
2013,2014,GB0000904986,2.328409217484696e-14
2013,2014,GB0000961622,6.28321110519722e-16
2013,2014,GB0001367019,0.0
2013,2014,GB0001500809,0.0
2013,2014,GB0001638955,4.248773155855351e-15
2013,2014,GB0001826634,1.2041938829487598e-14
2013,2014,GB0001859296,1.0716981958014648e-14
2013,2014,GB0002074580,0.005434928618503588
2013,2014,GB0002148343,0.0
2013,2014,GB0002318888,3.085181173802318e-15
2013,2014,GB0002374006,0.0
2013,2014,GB0002418548,7.969667830617747e-15
2013,2014,GB0002634946,7.265710681453685e-16
2013,2014,GB0002652740,0.0
2013,2014,GB0002670437,0.017046717892597006
2013,2014,GB0002869419,0.0
2013,2014,GB0002875804,4.683314963034494e-16
2013,2014,GB0003096442,8.197153655909403e-15
2013,2014,GB0003308607,8.403999765669532e-15
2013,2014,GB0003452173,0.0
2013,2014,GB0003753778,3.367465326913284e-16
2013,2014,GB0004052071,0.0
2013,2014,GB0004082847,2.0459522605484747e-14
2013,2014,GB0004161021,1.5620380812020595e-14
2013,2014,GB0004478896,6.257688364958334e-15
2013,2014,GB0004544929,0.0
2013,2014,GB0004657408,2.594305940670579e-15
2013,2014,GB0004726096,3.4973920873289825e-14
2013,2014,GB0004866223,7.648057762638273e-16
2013,2014,GB0004915632,9.747313490165849e-15
2013,2014,GB0005405286,4.61173157511899e-15
2013,2014,GB0005576813,6.494651085096518e-15
2013,2014,GB0005603997,3.61458063533111e-15
2013,2014,GB0005746358,2.972734543366451e-15
2013,2014,GB0005758098,0.0
2013,2014,GB0006027295,0.0
2013,2014,GB0006215205,0.0
2013,2014,GB0006731235,0.0
2013,2014,GB0006776081,1.7299919225618016e-14
2013,2014,GB0006825383,2.380963020900852e-14
2013,2014,GB0006886666,2.160432989037276e-14
2013,2014,GB0006928617,0.0
2013,2014,GB0007099541,4.086122508489978e-15
2013,2014,GB0007188757,1.191188142616232e-15
2013,2014,GB0007323586,1.2850065220674492e-15
2013,2014,GB0007594764,5.59144076356597e-15
2013,2014,GB0007668071,2.0190511461366834e-14
2013,2014,GB0007669376,1.1744972164657597e-14
2013,2014,GB0007908733,0.0
2013,2014,GB0007958233,2.6518327677659623e-15
2013,2014,GB0007973794,0.0
2013,2014,GB0007980591,2.544479833484841e-16
2013,2014,GB0008025412,0.0
2013,2014,GB0008085614,1.8988295451819285e-15
2013,2014,GB0008220112,1.2826137380916617e-15
2013,2014,GB0008706128,8.942946635507292e-15
2013,2014,GB0008782301,1.0913241375298089e-14
2013,2014,GB0009067447,0.018670330226508873
2013,2014,GB0009123323,0.0
2013,2014,GB0009223206,1.359601249920666e-14
2013,2014,GB0009292243,6.773519577614214e-16
2013,2014,GB0009465807,9.127348141222437e-15
2013,2014,GB0009697037,8.33521440941628e-15
2013,2014,GB0009895292,2.886974646908547e-15
2013,2014,GB0022569080,6.406191046878946e-15
2013,2014,GB0030232317,3.827628660814898e-14
2013,2014,GB0030913577,0.0
2013,2014,GB0031274896,5.6002699497855795e-15
2013,2014,GB0031348658,0.0
2013,2014,GB0031638363,5.0307731573424015e-15
2013,2014,GB0031743007,2.3104879840766804e-14
2013,2014,GB0032089863,1.7062252979417433e-14
2013,2014,GB0033195214,2.7719646518658234e-15
2013,2014,GB0033986497,0.0
2013,2014,GB00B012BV22,0.0
2013,2014,GB00B019KW72,4.194294500847979e-16
2013,2014,GB00B033F229,0.006374986998413411
2013,2014,GB00B04V1276,0.0
2013,2014,GB00B0744B38,4.06642129317369e-15
2013,2014,GB00B082RF11,0.0
2013,2014,GB00B0FYMT95,1.1685793613034534e-14
2013,2014,GB00B0SWJX34,0.0
2013,2014,GB00B0YG1K06,5.9378857931270824e-15
2013,2014,GB00B135BJ46,3.0204473205469864e-15
2013,2014,GB00B18P5K83,0.0
2013,2014,GB00B19Z1432,0.0
2013,2014,GB00B1FH8J72,0.0
2013,2014,GB00B1FP6H53,5.654208506417616e-15
2013,2014,GB00B1JQDM80,4.512587455651339e-15
2013,2014,GB00B1KJJ408,9.099857375930678e-15
2013,2014,GB00B1P6ZR11,1.1375905567824807e-14
2013,2014,GB00B1WY2338,0.0
2013,2014,GB00B1YW4409,2.4108460368211143e-14
2013,2014,GB00B2B0DG97,2.525166164508258e-14
2013,2014,GB00B2NGPM57,1.406394452459598e-14
2013,2014,GB00B2PDGW16,2.4491032895824923e-15
2013,2014,GB00B39J2M42,0.0
2013,2014,GB00B3DGH821,0.03482889739369585
2013,2014,GB00B3FLWH99,2.6997710845124136e-15
2013,2014,GB00B45C9X44,1.7004577381517914e-15
2013,2014,GB00B572ZV91,0.004580901226319061
2013,2014,GB00B5N0P849,2.3524870838516242e-15
2013,2014,GB00B5ZN1N88,0.0
2013,2014,GB00B61TVQ02,3.820921881540235e-15
2013,2014,GB00B63H8491,1.096837989364173e-15
2013,2014,GB00B63QSB39,2.3112945483984807e-15
2013,2014,GB00B67G5X01,0.0
2013,2014,GB00B6YTLS95,1.0518735418290635e-16
2013,2014,GB00B7KR2P84,1.7151492122687104e-16
2013,2014,GB00B82YXW83,1.2721269148703523e-15
2013,2014,GB00B8C3BL03,1.8526347153369623e-14
2013,2014,GB00BD6K4575,1.4257996648436358e-14
2013,2014,GB00BDCPN049,0.0
2013,2014,GB00BDR05C01,0.0
2013,2014,GB00BF044593,1.893505169693629e-14
2013,2014,GB00BF5H9P87,0.0
2013,2014,GB00BG11K365,1.237860840527692e-14
2013,2014,GB00BGLP8L22,2.0520925190324294e-14
2013,2014,GB00BH4HKS39,0.0
2013,2014,GB00BHJYC057,2.462784756843199e-15
2013,2014,GB00BJFFLV09,2.1927967754791326e-16
2013,2014,GB00BJQZC279,2.6895643947539515e-14
2013,2014,GB00BK9RKT01,4.512374780355675e-16
2013,2014,GB00BKP36R26,2.7213558761272103e-14
2013,2014,GB00BKY40Q38,8.655914481625615e-15
2013,2014,GB00BL6XZ716,5.5713153122626495e-15
2013,2014,GB00BLGZ9862,1.2312244227131255e-15
2013,2014,GB00BM8PJY71,0.0
2013,2014,GB00BMJ6DW54,2.8415936835289752e-14
2013,2014,GB00BN7SWP63,0.0
2013,2014,GB00BNGDN821,4.85259124563826e-15
2013,2014,GB00BNNTLN49,0.0
2013,2014,GB00BNR4T868,2.9153146014742677e-16
2013,2014,GB00BP92CJ43,0.0
2013,2014,GB00BP9LHF23,1.3036769419588423e-14
2013,2014,GB00BPQY8M80,0.0
2013,2014,GB00BV9FP302,2.3409245192605693e-14
2013,2014,GB00BVFNZH21,0.0
2013,2014,GB00BWFGQN14,8.478587350341683e-16
2013,2014,GB00BYQ0JC66,0.0
2013,2014,GB00BYT1DJ19,1.2175561135912026e-14
2013,2014,GB00BYW0PQ60,0.0
2013,2014,GB00BYYTFB60,3.5077867914334823e-16
2013,2014,GB00BZ4BQC70,0.0
2013,2014,IE0001827041,1.9681041771369013e-16
2013,2014,IE0002424939,4.6381972450129555e-15
2013,2014,IE0003864109,0.0
2013,2014,IE0004927939,3.6900109838116094e-15
2013,2014,IE00B4BNMY34,0.0
2013,2014,IE00B8KQN827,0.0
2013,2014,IE00BD1RP616,3.924089681184796e-14
2013,2014,IE00BF0L3536,4.028284662209051e-14
2013,2014,IE00BK9ZQ967,1.6931148927273118e-15
2013,2014,IE00BLP1HW54,0.005526973710845119
2013,2014,IE00BTN1Y115,8.060402691053263e-15
2013,2014,IE00BY7QL619,0.0
2013,2014,IL0002810146,3.710803138018665e-16
2013,2014,IL0006046119,6.668110708347655e-15
2013,2014,IL0006625771,1.6846372256787519e-15
2013,2014,IL0006954379,0.0
2013,2014,IL0010811243,0.0
2013,2014,IT0000062072,3.653165284585047e-15
2013,2014,IT0000062957,3.3465367995176663e-15
2013,2014,IT0000072618,1.4855973413377928e-14
2013,2014,IT0001137345,9.838200894977335e-16
2013,2014,IT0001233417,3.925550098076661e-17
2013,2014,IT0001347308,0.0
2013,2014,IT0001469383,2.2600955783883684e-15
2013,2014,IT0003128367,0.0
2013,2014,IT0003132476,2.0178497880881196e-16
2013,2014,IT0003153415,0.0
2013,2014,IT0003497168,0.0
2013,2014,IT0003506190,8.20258446045761e-16
2013,2014,IT0003856405,1.991852447592872e-15
2013,2014,IT0004810054,3.464284361588568e-14
2013,2014,IT0005239360,2.0815472947520663e-14
2013,2014,IT0005495657,9.65064964765761e-16
2013,2014,IT0005508921,0.0
2013,2014,JE00B8KF9B49,1.1308627585403605e-14
2013,2014,JE00BJ1DLW90,1.572166781369663e-14
2013,2014,LR0008862868,0.0
2013,2014,LU0075646355,7.788513570558344e-16
2013,2014,NL0000008977,6.77171542020976e-16
2013,2014,NL0000009082,3.9925322152923035e-15
2013,2014,NL0000009165,2.799134083325724e-15
2013,2014,NL0000009538,6.180307926498278e-15
2013,2014,NL0000226223,2.8956470357200464e-15
2013,2014,NL0000235190,1.095370880831576e-14
2013,2014,NL0000289213,0.0
2013,2014,NL0000337319,3.037057592684987e-16
2013,2014,NL0000360618,1.809682954402554e-16
2013,2014,NL0000379121,1.744674674615407e-14
2013,2014,NL0000395903,7.029333853570695e-15
2013,2014,NL0009432491,0.0
2013,2014,NL0010273215,3.537181658351321e-14
2013,2014,NL0010583399,0.0
2013,2014,NL0011794037,9.741104396247052e-16
2013,2014,NL0011821202,6.1373879334926545e-15
2013,2014,NL0013267909,0.0
2013,2014,NL00150001Q9,0.0
2013,2014,NL0015001FS8,6.479552608639689e-16
2013,2014,NO0003028904,2.4127911886095545e-14
2013,2014,NO0003053605,0.0
2013,2014,NO0003733800,6.0381612385429984e-15
2013,2014,NO0005052605,9.108234920165155e-17
2013,2014,NO0010063308,9.424743504375826e-16
2013,2014,NO0010096985,1.3260414605986262e-15
2013,2014,NO0010199151,0.0
2013,2014,NO0010861990,4.1397405234268966e-15
2013,2014,NO0012470089,2.9664788330882266e-15
2013,2014,PA1436583006,0.0
2013,2014,PTBCP0AM0015,9.253929747120144e-16
2013,2014,PTEDP0AM0009,1.1052063127721227e-17
2013,2014,PTJMT0AE0001,0.0
2013,2014,PTSON0AM0001,3.5278029747417574e-15
2013,2014,PTZON0AM0006,1.2770738226174283e-14
2013,2014,SE0000106270,0.0
2013,2014,SE0000108227,0.0
2013,2014,SE0000108656,0.0
2013,2014,SE0000112724,0.0
2013,2014,SE0000113250,0.0
2013,2014,SE0000114837,8.99351637723539e-15
2013,2014,SE0000148884,0.0
2013,2014,SE0000163594,1.0761149742612424e-15
2013,2014,SE0000163628,3.300975454621032e-14
2013,2014,SE0000171100,0.0
2013,2014,SE0000190126,0.0
2013,2014,SE0000202624,1.5876602683496156e-14
2013,2014,SE0000242455,0.0
2013,2014,SE0000379190,0.0
2013,2014,SE0000667891,0.0
2013,2014,SE0000667925,8.350057951456579e-15
2013,2014,SE0000695876,1.3233854311247163e-14
2013,2014,SE0000806994,7.53493928406215e-15
2013,2014,SE0000862997,4.324027118147402e-15
2013,2014,SE0000949331,8.550535568232165e-15
2013,2014,SE0003366871,1.2748551722288053e-17
2013,2014,SE0005190238,1.436996202917422e-14
2013,2014,SE0006993770,0.0
2013,2014,SE0007100581,0.0
2013,2014,SE0007100599,0.0
2013,2014,SE0011090018,1.0982147439005293e-15
2013,2014,SE0011166974,1.599121224277544e-14
2013,2014,SE0015811955,0.0
2013,2014,SE0015812219,1.6636489779118671e-15
2013,2014,SE0016589188,7.853620489246997e-16
2013,2014,SE0017486889,0.0
2013,2014,SE0018012494,2.5235025217450532e-14
2013,2014,SE0020050417,2.5617335127682148e-15
2013,2014,US0010551028,0.0
2013,2014,US00130H1059,1.746482559028698e-18
2013,2014,US00206R1023,0.0055280128829393845
2013,2014,US0028241000,0.018984469755235808
2013,2014,US0028962076,0.0
2013,2014,US00724F1012,7.009552228173846e-15
2013,2014,US0079031078,2.9926495160778005e-14
2013,2014,US0082521081,0.0
2013,2014,US00846U1016,4.215828699491168e-14
2013,2014,US0091581068,1.7852181418997554e-16
2013,2014,US00971T1016,0.0009574926067535458
2013,2014,US0126531013,2.4753889086017787e-15
2013,2014,US0185811082,1.7043154165088528e-14
2013,2014,US0188021085,1.8474131910875078e-18
2013,2014,US0200021014,0.0
2013,2014,US02209S1033,0.0008777869866610712
2013,2014,US0236081024,0.0
2013,2014,US0255371017,0.0
2013,2014,US0258161092,2.6183168321105752e-14
2013,2014,US0268747849,1.3612259536014423e-13
2013,2014,US03027X1000,1.1146956886022618e-14
2013,2014,US0311621009,0.0
2013,2014,US0326541051,1.6141353296923288e-14
2013,2014,US0367521038,1.2615664931296121e-14
2013,2014,US03743Q1085,1.0393913690144357e-15
2013,2014,US0378331005,1.605121753951785e-14
2013,2014,US0382221051,1.6825332532705164e-14
2013,2014,US0441861046,2.3284539383176444e-15
2013,2014,US0527691069,0.0
2013,2014,US0530151036,3.503234624511369e-15
2013,2014,US0534841012,0.0
2013,2014,US0536111091,0.0
2013,2014,US0538071038,1.0387727281146595e-14
2013,2014,US0584981064,0.0
2013,2014,US0605051046,0.0
2013,2014,US0640581007,1.2815240180757248e-14
2013,2014,US0708301041,0.0
2013,2014,US0718131099,0.0009076568481115623
2013,2014,US0758871091,1.4767664229138072e-15
2013,2014,US0865161014,3.970150491419831e-15
2013,2014,US09062X1037,8.475134912586942e-15
2013,2014,US0970231058,1.340752027971707e-14
2013,2014,US1011371077,9.153047516757638e-15
2013,2014,US1101221083,3.507913577925345e-15
2013,2014,US1156372096,0.0
2013,2014,US1255231003,2.3778133748439804e-14
2013,2014,US1258961002,4.90168207349707e-17
2013,2014,US1264081035,8.361967224897679e-16
2013,2014,US12653C1080,2.342462699953799e-16
2013,2014,US1266501006,3.358985248550551e-15
2013,2014,US1270551013,1.832687380605299e-16
2013,2014,US1344291091,0.02153860718420213
2013,2014,US14040H1059,0.0
2013,2014,US14149Y1082,1.1512553209042466e-14
2013,2014,US1491231015,0.0
2013,2014,US15189T1079,2.287811185769604e-17
2013,2014,US1667641005,3.12998233129037e-17
2013,2014,US1720621010,0.0
2013,2014,US17275R1023,4.610441657797508e-15
2013,2014,US1729674242,0.0
2013,2014,US1858991011,1.3353779954108144e-18
2013,2014,US1890541097,0.01991706255417953
2013,2014,US1912161007,0.0
2013,2014,US1924461023,2.611622297272194e-14
2013,2014,US1941621039,0.0
2013,2014,US2003401070,0.0
2013,2014,US2058871029,1.5772835257279313e-16
2013,2014,US20825C1045,2.7762402792878365e-16
2013,2014,US2091151041,0.0658252066181523
2013,2014,US21036P1084,2.0071900464439805e-15
2013,2014,US22160K1051,0.0
2013,2014,US2283681060,0.0
2013,2014,US2310211063,0.0
2013,2014,US2333311072,0.0
2013,2014,US23355L1061,6.920010236419493e-15
2013,2014,US2371941053,0.0
2013,2014,US2441991054,3.4808519920473703e-15
2013,2014,US25179M1036,5.704420898421215e-16
2013,2014,US2546871060,7.911808940737608e-16
2013,2014,US25746U1097,0.0
2013,2014,US2600031080,2.9035197216273195e-16
2013,2014,US26441C2044,0.0
2013,2014,US26875P1012,1.281156100196181e-14
2013,2014,US26884L1098,1.551104117173107e-15
2013,2014,US2774321002,0.0
2013,2014,US2786421030,0.0
2013,2014,US2788651006,0.0
2013,2014,US2810201077,0.0
2013,2014,US28176E1082,0.0032229499191259495
2013,2014,US2910111044,0.0
2013,2014,US29364G1031,0.0
2013,2014,US29670G1022,0.04307921160917397
2013,2014,US30040W1080,1.0535988876140604e-15
2013,2014,US30161N1019,2.062509068355924e-18
2013,2014,US3021301094,0.021525199559533848
2013,2014,US30231G1022,0.013558197807077876
2013,2014,US3024913036,3.7932118629026425e-15
2013,2014,US31428X1063,0.0
2013,2014,US3156161024,2.1424121911014513e-14
2013,2014,US3167731005,0.0
2013,2014,US3379321074,1.7982859903092845e-17
2013,2014,US3434121022,4.1828709123881595e-15
2013,2014,US34354P1057,8.470736011002061e-15
2013,2014,US3453708600,1.9074983968759564e-15
2013,2014,US3546131018,0.0
2013,2014,US35671D8570,1.530545083689151e-15
2013,2014,US3647601083,0.0
2013,2014,US3703341046,0.06233076718665349
2013,2014,US3719011096,4.526896322427819e-15
2013,2014,US3755581036,0.0008522972049700417
2013,2014,US38141G1040,0.0
2013,2014,US3825501014,1.2265533531507779e-15
2013,2014,US3848021040,0.0
2013,2014,US3976241071,0.0
2013,2014,US40434L1052,5.5908135157033326e-15
2013,2014,US4062161017,2.3505916520815305e-15
2013,2014,US4128221086,0.0
2013,2014,US4165151048,0.0
2013,2014,US4180561072,1.7878421668218257e-14
2013,2014,US4198701009,0.0
2013,2014,US42250P1030,0.0
2013,2014,US4278661081,0.06749588008972472
2013,2014,US42809H1077,1.2723832928687461e-15
2013,2014,US4370761029,0.0
2013,2014,US4385161066,2.0209196226588882e-15
2013,2014,US4404521001,0.0
2013,2014,US44107P1049,5.684474024703527e-16
2013,2014,US4448591028,1.2401549189876463e-14
2013,2014,US4456581077,0.0
2013,2014,US4461501045,0.0
2013,2014,US45073V1089,0.0
2013,2014,US4523081093,0.0
2013,2014,US4581401001,0.0
2013,2014,US4592001014,5.9974779340606025e-15
2013,2014,US4595061015,0.0
2013,2014,US4601461035,3.001572643639392e-16
2013,2014,US4612021034,2.4666998750639256e-16
2013,2014,US46284V1017,0.0
2013,2014,US4657411066,4.574196300206715e-15
2013,2014,US46625H1005,0.0
2013,2014,US4663131039,2.480690008762819e-14
2013,2014,US46982L1089,1.3008654989085239e-14
2013,2014,US4781601046,0.0
2013,2014,US48020Q1076,1.7861475108295218e-14
2013,2014,US48203R1041,0.0
2013,2014,US4824801009,2.2555143699650567e-14
2013,2014,US4878361082,0.025481949478135427
2013,2014,US4891701009,0.0
2013,2014,US4932671088,0.0
2013,2014,US4943681035,0.025263831016637935
2013,2014,US49446R1095,0.0
2013,2014,US4972661064,0.0
2013,2014,US5002551043,0.0
2013,2014,US5010441013,0.0
2013,2014,US5184391044,0.0
2013,2014,US5324571083,0.0
2013,2014,US5339001068,1.3680100106381205e-15
2013,2014,US5341871094,1.1372077666049446e-15
2013,2014,US5398301094,3.075618158983448e-15
2013,2014,US5486611073,2.344790761293019e-16
2013,2014,US5502411037,4.2076890473163285e-16
2013,2014,US5526761086,5.665811866106101e-15
2013,2014,US5529531015,0.0
2013,2014,US5635714059,3.459958326615718e-16
2013,2014,US56418H1005,1.471828576593004e-14
2013,2014,US5658491064,2.3283399569487534e-15
2013,2014,US5717481023,0.0
2013,2014,US5719032022,0.0
2013,2014,US5738741041,6.635608634307226e-14
2013,2014,US5745991068,0.0
2013,2014,US5770811025,2.858585220553526e-15
2013,2014,US5797802064,0.0
2013,2014,US5801351017,0.013643182682567869
2013,2014,US58155Q1031,3.7785030021367315e-14
2013,2014,US58933Y1055,9.909700709623987e-15
2013,2014,US59156R1086,0.0
2013,2014,US5926881054,2.498480190303356e-15
2013,2014,US5949181045,0.0
2013,2014,US5950171042,5.370783625929921e-15
2013,2014,US5951121038,1.6359771427137868e-14
2013,2014,US6005441000,2.4661829052051275e-15
2013,2014,US6081901042,0.0
2013,2014,US60871R2094,0.0
2013,2014,US6092071058,0.0
2013,2014,US6174464486,3.3127807988956317e-14
2013,2014,US61945C1036,2.813748866050166e-15
2013,2014,US6200763075,0.0
2013,2014,US6293775085,0.0
2013,2014,US6311031081,0.0
2013,2014,US6365181022,2.4805593501516637e-14
2013,2014,US64110D1046,1.9120107193326563e-14
2013,2014,US6512291062,5.173001832108282e-15
2013,2014,US6516391066,0.02964162685141534
2013,2014,US65339F1012,5.733230084669619e-17
2013,2014,US6541061031,0.0
2013,2014,US65473P1057,0.0
2013,2014,US6556641008,0.0
2013,2014,US6558441084,8.109339307988796e-16
2013,2014,US6658591044,9.169205264002451e-15
2013,2014,US6668071029,8.011277955274615e-15
2013,2014,US6687711084,2.0617094228133034e-15
2013,2014,US67066G1040,5.742259324905543e-14
2013,2014,US6708371033,0.0
2013,2014,US67098H1041,0.0
2013,2014,US6745991058,8.674503675041173e-16
2013,2014,US6819191064,5.959229126406259e-15
2013,2014,US6826801036,2.2672190804951676e-15
2013,2014,US68389X1054,0.0
2013,2014,US6882392011,8.635049299853216e-16
2013,2014,US69331C1080,0.03558655655873122
2013,2014,US6934751057,0.0
2013,2014,US6935061076,2.482196859556095e-16
2013,2014,US69351T1060,0.02028601070626032
2013,2014,US6936561009,2.1749934378848356e-15
2013,2014,US6937181088,0.0
2013,2014,US7010941042,0.0
2013,2014,US70211M1099,4.836586802696086e-15
2013,2014,US7134481081,0.0
2013,2014,US7140461093,0.0
2013,2014,US7170811035,4.916419800279203e-15
2013,2014,US7234841010,4.8978274858483376e-18
2013,2014,US7244791007,0.0
2013,2014,US7310681025,0.0
2013,2014,US74144T1088,0.0
2013,2014,US74251V1026,0.0
2013,2014,US7427181091,0.0
2013,2014,US7433151039,0.0
2013,2014,US74340W1036,0.0
2013,2014,US7443201022,0.0
2013,2014,US7445731067,1.4918158380012928e-16
2013,2014,US7475251036,2.4258066764784185e-15
2013,2014,US74834L1008,0.05456887778227998
2013,2014,US75281A1097,0.014059605576879276
2013,2014,US75513E1010,0.0
2013,2014,US7588491032,0.0
2013,2014,US7739031091,1.1534024392855669e-14
2013,2014,US7835491082,0.0
2013,2014,US78409V1044,1.0654544707617974e-14
2013,2014,US78440X8873,1.495337446472129e-15
2013,2014,US8101861065,2.0134690837057152e-15
2013,2014,US81211K1007,9.628861331158066e-16
2013,2014,US8168511090,1.4024832342409818e-16
2013,2014,US8243481061,0.0
2013,2014,US8288061091,0.0
2013,2014,US8326964058,4.676566219974884e-16
2013,2014,US8354951027,1.1401115515049798e-15
2013,2014,US8425871071,0.017570770312297913
2013,2014,US84265V1052,2.5725170607003933e-15
2013,2014,US8447411088,0.0
2013,2014,US8545021011,0.0
2013,2014,US8552441094,6.999874386883306e-15
2013,2014,US8574771031,0.0
2013,2014,US8718291078,9.706781480495347e-16
2013,2014,US8725401090,0.03747245137822989
2013,2014,US87612E1064,0.0
2013,2014,US8807701029,4.2088269768888275e-14
2013,2014,US8816242098,0.050841040792101985
2013,2014,US8825081040,1.3899810153966949e-15
2013,2014,US8832031012,0.0
2013,2014,US88337F1057,4.517681507073169e-16
2013,2014,US8835561023,0.0
2013,2014,US88579Y1010,1.6953608432206694e-15
2013,2014,US89417E1091,0.0
2013,2014,US89832Q1094,0.0
2013,2014,US9024941034,0.0
2013,2014,US9029733048,0.0
2013,2014,US9078181081,2.1314863485519063e-15
2013,2014,US9111631035,0.0
2013,2014,US9113121068,0.0
2013,2014,US9129091081,0.0
2013,2014,US91529Y1064,0.0
2013,2014,US91913Y1001,3.664944037424293e-16
2013,2014,US92276F1003,0.0
2013,2014,US92343V1044,0.0
2013,2014,US9255501051,0.0
2013,2014,US9291601097,0.0
2013,2014,US92939U1060,0.010507711481700962
2013,2014,US9311421039,0.08741364123135131
2013,2014,US9314271084,0.0
2013,2014,US94106L1098,0.0
2013,2014,US9418481035,0.0
2013,2014,US9497461015,0.0
2013,2014,US95040Q1040,0.0
2013,2014,US9581021055,5.1093370332869955e-14
2013,2014,US9621661043,1.565641674135495e-15
2013,2014,US9633201069,0.0
2013,2014,US9694571004,2.0719987565819679e-16
2013,2014,US98389B1008,0.0
2013,2014,US9839191015,1.430004377563642e-14
2013,2014,US98421M1062,2.8713278374295907e-15
2013,2014,US9884981013,0.0
2013,2014,US98956P1021,0.0
2014,2015,AN8068571086,2.950623924635639e-16
2014,2015,AT0000652011,5.33825082748204e-16
2014,2015,AT0000720008,4.817588862400622e-16
2014,2015,AT0000743059,0.0
2014,2015,AT0000746409,6.73092100991201e-18
2014,2015,BE0003470755,0.0
2014,2015,BE0003565737,0.0
2014,2015,BE0003593044,0.0
2014,2015,BE0003735496,0.012738477382012794
2014,2015,BE0003739530,0.0
2014,2015,BE0003755692,0.0
2014,2015,BE0003810273,2.366524658034712e-16
2014,2015,BE0974258874,1.7673399357351514e-16
2014,2015,BE0974264930,3.5696535311533305e-15
2014,2015,BE0974293251,1.9793280401891593e-16
2014,2015,CA00208D4084,9.21250211908439e-17
2014,2015,CA0084741085,2.323946300769737e-16
2014,2015,CA05534B7604,3.0279013484822224e-16
2014,2015,CA0636711016,2.0540529373602582e-15
2014,2015,CA0641491075,1.1479035802437232e-15
2014,2015,CA0977518616,1.1671239738197757e-16
2014,2015,CA1247651088,1.0541344309441892e-15
2014,2015,CA12532H1047,1.6672683466742867e-15
2014,2015,CA13321L1085,9.016259280404503e-16
2014,2015,CA1360691010,0.0
2014,2015,CA1363751027,0.0
2014,2015,CA1363851017,2.0666471635395178e-17
2014,2015,CA13646K1084,0.0
2014,2015,CA1366812024,4.581904385675782e-16
2014,2015,CA1367178326,0.0
2014,2015,CA2849025093,3.751115476845058e-16
2014,2015,CA29250N1050,0.006046908444276544
2014,2015,CA2927661025,6.514797473380951e-18
2014,2015,CA3180714048,1.6643552047451141e-16
2014,2015,CA3359341052,0.0
2014,2015,CA3495531079,0.0
2014,2015,CA3759161035,7.13256911469258e-16
2014,2015,CA4495861060,3.444267267936916e-16
2014,2015,CA4530384086,2.125968517015483e-17
2014,2015,CA45823T1066,1.67444948400755e-15
2014,2015,CA4969024047,0.0
2014,2015,CA5394811015,0.0033679758588040284
2014,2015,CA5592224011,2.9131867938736723e-16
2014,2015,CA56501R1064,2.6322653895761183e-15
2014,2015,CA59151K1084,0.0
2014,2015,CA6744822033,0.0
2014,2015,CA7392391016,6.669575948909555e-16
2014,2015,CA7751092007,1.5135780552982233e-15
2014,2015,CA7800871021,0.0
2014,2015,CA8029121057,6.397625258161762e-17
2014,2015,CA85472N1096,1.0808591532436193e-15
2014,2015,CA8667961053,2.1557629014358152e-15
2014,2015,CA8672241079,6.030235543584938e-17
2014,2015,CA87807B1076,0.0
2014,2015,CA8787422044,6.320375316300369e-17
2014,2015,CA87971M1032,5.25655359100727e-16
2014,2015,CA8849038085,5.719510416614667e-16
2014,2015,CA8911605092,5.519939699793017e-16
2014,2015,CA89346D1078,0.0
2014,2015,CA8959451037,2.6131517285255526e-17
2014,2015,CA98462Y1007,6.465706286669955e-16
2014,2015,CH0008038389,0.0
2014,2015,CH0008742519,0.013556658199980764
2014,2015,CH0010570759,4.070644385682638e-16
2014,2015,CH0010645932,0.0
2014,2015,CH0011075394,0.0
2014,2015,CH0012005267,0.0
2014,2015,CH0012032048,0.0
2014,2015,CH0012138530,1.042944056778088e-15
2014,2015,CH0012138605,2.575450112582709e-16
2014,2015,CH0012142631,0.0
2014,2015,CH0012214059,0.0
2014,2015,CH0012221716,5.352683040516019e-16
2014,2015,CH0012549785,2.518071038499077e-16
2014,2015,CH0013841017,0.0
2014,2015,CH0014786500,0.049988948885438485
2014,2015,CH0014852781,2.192343057854936e-15
2014,2015,CH0018294154,0.0
2014,2015,CH0024638212,5.659065514959883e-17
2014,2015,CH0025238863,8.079057248954137e-16
2014,2015,CH0025751329,0.0
2014,2015,CH0030170408,0.0
2014,2015,CH0038388911,0.0
2014,2015,CH0038863350,4.1156722170087126e-17
2014,2015,CH0044328745,0.0
2014,2015,CH0048265513,6.674106622618492e-17
2014,2015,CH0126881561,9.436129732974974e-16
2014,2015,CH0210483332,1.8621479868982786e-16
2014,2015,CH0244767585,0.0
2014,2015,CH0319416936,8.527374058093956e-17
2014,2015,CH0418792922,1.3187291474723223e-16
2014,2015,CH1169151003,0.0
2014,2015,CH1175448666,0.0
2014,2015,CH1256740924,7.696187331382246e-16
2014,2015,DE0005140008,1.6220914593735697e-15
2014,2015,DE0005190003,0.0
2014,2015,DE0005200000,0.0
2014,2015,DE0005408884,9.075927233086358e-17
2014,2015,DE0005439004,0.0
2014,2015,DE0005552004,9.686420486448097e-17
2014,2015,DE0005557508,2.3488302318215887e-16
2014,2015,DE0005773303,5.758745671253949e-16
2014,2015,DE0005810055,6.635627740047092e-16
2014,2015,DE0005909006,2.627662961480942e-16
2014,2015,DE0006047004,0.0
2014,2015,DE0006048432,0.0
2014,2015,DE0006070006,0.0
2014,2015,DE0006202005,0.0
2014,2015,DE0006231004,1.123997428298407e-15
2014,2015,DE0006599905,3.5798578521200715e-16
2014,2015,DE0006602006,1.0782303177287601e-15
2014,2015,DE0006969603,1.0687167574916266e-15
2014,2015,DE0007037129,0.0
2014,2015,DE0007042301,0.0
2014,2015,DE0007100000,2.459914886772891e-16
2014,2015,DE0007164600,3.2597460101165303e-16
2014,2015,DE0007236101,1.3188859673384889e-16
2014,2015,DE0007257503,2.839420456134359e-16
2014,2015,DE0007500001,0.0
2014,2015,DE0007664039,3.4200411062208956e-17
2014,2015,DE0008232125,0.0
2014,2015,DE0008402215,2.981923575434018e-16
2014,2015,DE0008404005,7.722682299618715e-16
2014,2015,DE0008430026,0.0
2014,2015,DE000BASF111,2.0945713078695703e-17
2014,2015,DE000BAY0017,1.6684177501923225e-16
2014,2015,DE000CBK1001,1.1577746191674408e-15
2014,2015,DE000ENAG999,0.0
2014,2015,DE000KSAG888,9.159988275099437e-17
2014,2015,DE000TUAG505,0.0
2014,2015,DK0010181759,3.2168789297187553e-16
2014,2015,DK0010234467,7.391429362155653e-17
2014,2015,DK0010244508,0.0
2014,2015,DK0010274414,1.4634757500283888e-15
2014,2015,DK0010287663,5.0190423459985555e-17
2014,2015,DK0060079531,6.214422091479963e-16
2014,2015,DK0060336014,5.418880623251206e-16
2014,2015,DK0060448595,0.039145842051250886
2014,2015,DK0060477503,4.590590863495109e-16
2014,2015,DK0060738599,1.1945276746508742e-15
2014,2015,DK0061539921,1.797463879486611e-15
2014,2015,ES0109427734,2.0027381991270877e-16
2014,2015,ES0112501012,1.141658063425671e-16
2014,2015,ES0113211835,4.871323140301841e-17
2014,2015,ES0113679I37,0.0
2014,2015,ES0113860A34,5.961018028932564e-16
2014,2015,ES0113900J37,1.6123934013946068e-15
2014,2015,ES0116870314,0.0
2014,2015,ES0118594417,5.667929506441913e-16
2014,2015,ES0122060314,0.0
2014,2015,ES0124244E34,1.0450077401787036e-15
2014,2015,ES0125220311,2.5311688478218735e-16
2014,2015,ES0130670112,0.0
2014,2015,ES0130960018,1.7307377687399315e-17
2014,2015,ES0132105018,0.0
2014,2015,ES0144580Y14,0.0
2014,2015,ES0148396007,0.0
2014,2015,ES0152503035,1.2021053325284662e-15
2014,2015,ES0161560018,1.5695163542109002e-16
2014,2015,ES0167050915,0.0
2014,2015,ES0171743901,6.546399078628171e-16
2014,2015,ES0173093024,8.754771490878734e-16
2014,2015,ES0173516115,1.2178749986111085e-17
2014,2015,ES0178430E18,7.167979875089045e-16
2014,2015,ES0182870214,1.121925414735436e-16
2014,2015,FI0009000202,4.3878101036599904e-16
2014,2015,FI0009000277,3.663937425534684e-15
2014,2015,FI0009000459,1.2796714273668264e-16
2014,2015,FI0009000681,3.4650176548400408e-15
2014,2015,FI0009002158,0.0
2014,2015,FI0009002422,0.0
2014,2015,FI0009003727,6.016207614231029e-16
2014,2015,FI0009005318,1.3289120767766701e-15
2014,2015,FI0009005870,2.229889031380394e-17
2014,2015,FI0009005961,0.0
2014,2015,FI0009005987,0.0
2014,2015,FI0009007132,0.0
2014,2015,FI0009007694,4.524946770558858e-16
2014,2015,FI0009007884,0.0
2014,2015,FI0009013403,1.0190241863409107e-16
2014,2015,FI0009800643,5.9553658155047e-16
2014,2015,FI4000440664,0.0
2014,2015,FR0000035081,3.109777875407604e-15
2014,2015,FR0000039109,0.0
2014,2015,FR0000044448,1.7153236708416663e-16
2014,2015,FR0000045072,3.4015714982593465e-16
2014,2015,FR0000054900,0.0
2014,2015,FR0000064578,0.0
2014,2015,FR0000073272,2.696986337232432e-16
2014,2015,FR0000077919,0.0
2014,2015,FR0000120073,7.116497617768864e-18
2014,2015,FR0000120172,1.6983362445200247e-16
2014,2015,FR0000120222,9.659037140022768e-16
2014,2015,FR0000120271,2.303550977529244e-17
2014,2015,FR0000120321,0.0
2014,2015,FR0000120404,0.0
2014,2015,FR0000120503,5.2224081619693284e-17
2014,2015,FR0000120560,1.6815457431141226e-16
2014,2015,FR0000120578,0.0
2014,2015,FR0000120628,4.1401476658297164e-17
2014,2015,FR0000120644,4.7385739001240434e-17
2014,2015,FR0000120693,0.0
2014,2015,FR0000120859,0.0
2014,2015,FR0000120966,0.0023005336119799663
2014,2015,FR0000121014,5.32287424627735e-16
2014,2015,FR0000121121,1.7531614662748913e-15
2014,2015,FR0000121220,1.4729399031130818e-17
2014,2015,FR0000121329,3.2208542444272643e-16
2014,2015,FR0000121485,4.0867336560458296e-17
2014,2015,FR0000121667,8.904255072660266e-16
2014,2015,FR0000121964,0.0
2014,2015,FR0000121972,6.784237428975942e-16
2014,2015,FR0000124141,0.0
2014,2015,FR0000125007,0.0
2014,2015,FR0000125338,2.4713780162138734e-15
2014,2015,FR0000125486,1.2486097462883384e-16
2014,2015,FR0000127771,4.718118809428113e-16
2014,2015,FR0000130213,0.0
2014,2015,FR0000130395,2.0061576534698921e-16
2014,2015,FR0000130403,8.427578575508274e-16
2014,2015,FR0000130452,1.423592183173785e-16
2014,2015,FR0000130577,6.026518740861744e-16
2014,2015,FR0000130809,0.0
2014,2015,FR0000131104,1.8471775346440173e-15
2014,2015,FR0000131906,3.6273729773385076e-16
2014,2015,FR0000133308,0.0
2014,2015,FR0010040865,6.306046228593759e-16
2014,2015,FR0010220475,3.1038463569778576e-16
2014,2015,FR0013176526,0.0
2014,2015,FR0013280286,8.305564395620472e-16
2014,2015,FR0013326246,4.393900120591306e-16
2014,2015,FR0013505062,1.8641546432728161e-16
2014,2015,FR0013506730,6.115107356761221e-17
2014,2015,FR0014003TT8,0.0
2014,2015,FR001400AJ45,6.250879147450105e-17
2014,2015,GB0000163088,0.0
2014,2015,GB0000456144,2.4143347455213815e-16
2014,2015,GB0000536739,0.0
2014,2015,GB0000811801,0.0
2014,2015,GB0000904986,0.0
2014,2015,GB0000961622,1.588344582007232e-16
2014,2015,GB0001367019,0.0
2014,2015,GB0001500809,7.864531054602725e-17
2014,2015,GB0001638955,0.0
2014,2015,GB0001765816,0.0
2014,2015,GB0001826634,1.805820943641337e-17
2014,2015,GB0001859296,0.0
2014,2015,GB0002074580,2.4301274619836858e-17
2014,2015,GB0002148343,0.0
2014,2015,GB0002318888,0.0083974901947783
2014,2015,GB0002374006,7.630796430180275e-17
2014,2015,GB0002418548,0.0
2014,2015,GB0002634946,9.772158383729953e-17
2014,2015,GB0002652740,0.0
2014,2015,GB0002670437,0.009393048574664255
2014,2015,GB0002869419,0.0
2014,2015,GB0002875804,7.044262335500118e-16
2014,2015,GB0003096442,0.0
2014,2015,GB0003308607,0.0
2014,2015,GB0003452173,0.0
2014,2015,GB0003753778,8.96941864307164e-17
2014,2015,GB0004052071,0.0
2014,2015,GB0004082847,2.6637678518491837e-15
2014,2015,GB0004161021,2.2082059006477583e-16
2014,2015,GB0004478896,8.541515963756051e-16
2014,2015,GB0004544929,7.078806516855162e-16
2014,2015,GB0004657408,5.212453980397002e-16
2014,2015,GB0004726096,2.5639046224333535e-15
2014,2015,GB0004866223,0.0
2014,2015,GB0004915632,0.0
2014,2015,GB0005405286,0.0
2014,2015,GB0005576813,1.7255801900306456e-15
2014,2015,GB0005603997,0.0
2014,2015,GB0005746358,4.25311128334344e-16
2014,2015,GB0005758098,0.0
2014,2015,GB0006027295,0.0
2014,2015,GB0006215205,1.0521337597960937e-17
2014,2015,GB0006650450,0.0
2014,2015,GB0006731235,1.8548436251096254e-16
2014,2015,GB0006776081,0.0
2014,2015,GB0006825383,0.0
2014,2015,GB0006886666,1.7256186293599554e-15
2014,2015,GB0006928617,0.0
2014,2015,GB0007099541,0.0
2014,2015,GB0007188757,3.321999030060544e-17
2014,2015,GB0007323586,0.0
2014,2015,GB0007594764,1.092349679746273e-15
2014,2015,GB0007668071,3.6130859230761724e-16
2014,2015,GB0007669376,5.627661248540695e-16
2014,2015,GB0007908733,0.0
2014,2015,GB0007958233,0.0
2014,2015,GB0007973794,0.0
2014,2015,GB0007980591,3.7198087129701804e-18
2014,2015,GB0008025412,0.0
2014,2015,GB0008085614,2.8161245882231834e-16
2014,2015,GB0008220112,0.0
2014,2015,GB0008706128,0.0
2014,2015,GB0008782301,1.2843182078471837e-15
2014,2015,GB0008794710,0.02151494957256572
2014,2015,GB0009067447,0.02231076540079789
2014,2015,GB0009123323,3.72888592949224e-16
2014,2015,GB0009223206,0.0
2014,2015,GB0009292243,1.6186254269233197e-16
2014,2015,GB0009465807,1.0806668165428171e-15
2014,2015,GB0009633180,0.004500138617720179
2014,2015,GB0009697037,1.0579158821542024e-15
2014,2015,GB0009895292,0.0
2014,2015,GB0022569080,2.0291077505939145e-16
2014,2015,GB0030232317,0.0
2014,2015,GB0030913577,1.7858236802931036e-16
2014,2015,GB0031274896,9.690165133362063e-16
2014,2015,GB0031348658,0.0
2014,2015,GB0031638363,5.883559520836677e-16
2014,2015,GB0031743007,2.7928657138497907e-15
2014,2015,GB0032089863,1.243372157073618e-15
2014,2015,GB0033195214,1.9956345229876444e-16
2014,2015,GB0033986497,0.0
2014,2015,GB00B012BV22,0.0
2014,2015,GB00B012TP20,1.1682911739556906e-15
2014,2015,GB00B019KW72,5.276484334797683e-17
2014,2015,GB00B02J6398,0.0
2014,2015,GB00B033F229,0.0
2014,2015,GB00B03HDJ73,0.008150417376063807
2014,2015,GB00B04V1276,0.0
2014,2015,GB00B0744B38,1.2139787773152382e-16
2014,2015,GB00B082RF11,2.4489082134299094e-16
2014,2015,GB00B0FYMT95,0.0
2014,2015,GB00B0SWJX34,5.179436466010674e-16
2014,2015,GB00B0YG1K06,0.0
2014,2015,GB00B135BJ46,0.0
2014,2015,GB00B18P5K83,5.47800236848089e-16
2014,2015,GB00B19Z1432,1.1792504633047674e-17
2014,2015,GB00B1FH8J72,8.093359270897387e-17
2014,2015,GB00B1FP6H53,4.518420648018255e-17
2014,2015,GB00B1JQDM80,1.557010464429991e-16
2014,2015,GB00B1KJJ408,4.941689563164612e-16
2014,2015,GB00B1L5QH97,2.443800425803223e-16
2014,2015,GB00B1P6ZR11,0.0
2014,2015,GB00B1WY2338,0.0
2014,2015,GB00B1YW4409,5.007147390589263e-15
2014,2015,GB00B27YGJ97,5.152011378310829e-17
2014,2015,GB00B2B0DG97,1.2822023431270775e-15
2014,2015,GB00B2NGPM57,0.0
2014,2015,GB00B2PDGW16,4.366867526031823e-16
2014,2015,GB00B39J2M42,4.913854976504511e-16
2014,2015,GB00B3DGH821,0.014339528158646557
2014,2015,GB00B3FLWH99,2.6029339427908784e-17
2014,2015,GB00B41H7391,1.8748848656489013e-15
2014,2015,GB00B45C9X44,5.889425614070434e-16
2014,2015,GB00B572ZV91,0.012137075658692984
2014,2015,GB00B5N0P849,7.750829278048901e-16
2014,2015,GB00B5ZN1N88,0.0
2014,2015,GB00B61TVQ02,8.593174077742567e-16
2014,2015,GB00B63H8491,0.0
2014,2015,GB00B63QSB39,4.497645411695416e-16
2014,2015,GB00B67G5X01,0.0
2014,2015,GB00B6XZKY75,0.007481932695843732
2014,2015,GB00B6YTLS95,5.596257428006739e-17
2014,2015,GB00B7KR2P84,0.0
2014,2015,GB00B82YXW83,4.021009104141312e-18
2014,2015,GB00B8B4R053,0.0037848376350864722
2014,2015,GB00B8C3BL03,9.195971850858305e-16
2014,2015,GB00BD6K4575,1.664558734683251e-15
2014,2015,GB00BDCPN049,0.0
2014,2015,GB00BDR05C01,0.0
2014,2015,GB00BF044593,0.0
2014,2015,GB00BF5H9P87,1.2953243156732353e-16
2014,2015,GB00BG11K365,0.0
2014,2015,GB00BGLP8L22,0.0
2014,2015,GB00BH4HKS39,3.4343615617535627e-16
2014,2015,GB00BHJYC057,0.0
2014,2015,GB00BJFFLV09,1.852630400083028e-17
2014,2015,GB00BJQZC279,0.0
2014,2015,GB00BK9RKT01,6.955445306074541e-17
2014,2015,GB00BKP36R26,3.4178869488174338e-15
2014,2015,GB00BKY40Q38,0.0
2014,2015,GB00BL6XZ716,0.0
2014,2015,GB00BLGZ9862,1.736570122426131e-16
2014,2015,GB00BM8PJY71,0.0
2014,2015,GB00BM8Q5M07,1.7708428750283906e-16
2014,2015,GB00BMJ6DW54,2.282915526883608e-15
2014,2015,GB00BN7SWP63,1.6282993900777473e-16
2014,2015,GB00BNGDN821,0.0
2014,2015,GB00BNNTLN49,5.472989460161257e-17
2014,2015,GB00BNR4T868,1.4090740967106748e-17
2014,2015,GB00BP92CJ43,0.0
2014,2015,GB00BP9LHF23,6.943930643152037e-16
2014,2015,GB00BPQY8M80,3.4662737487612153e-16
2014,2015,GB00BRB37M78,0.02652216296049994
2014,2015,GB00BV9FP302,0.0
2014,2015,GB00BVFNZH21,1.3779436665249113e-15
2014,2015,GB00BWFGQN14,0.0
2014,2015,GB00BYQ0JC66,0.0
2014,2015,GB00BYT1DJ19,0.0
2014,2015,GB00BYW0PQ60,0.0
2014,2015,GB00BYYTFB60,0.0
2014,2015,GB00BZ4BQC70,3.053074181580455e-16
2014,2015,IE0001827041,0.0
2014,2015,IE0002424939,5.573808938045557e-16
2014,2015,IE0003864109,0.0
2014,2015,IE0004927939,0.0
2014,2015,IE00B4BNMY34,4.966746574459462e-17
2014,2015,IE00B8KQN827,4.740076624199122e-16
2014,2015,IE00BD1RP616,9.178423934459424e-15
2014,2015,IE00BF0L3536,4.48560786112792e-16
2014,2015,IE00BGH1M568,0.0
2014,2015,IE00BK9ZQ967,1.0424225645299956e-16
2014,2015,IE00BLP1HW54,0.0010162063360732384
2014,2015,IE00BTN1Y115,3.01312895711501e-16
2014,2015,IE00BY7QL619,4.2792825123592876e-17
2014,2015,IL0002810146,1.2524296770201194e-16
2014,2015,IL0006046119,1.05998705198039e-15
2014,2015,IL0006625771,1.6122294735578888e-15
2014,2015,IL0006954379,9.344345054006657e-17
2014,2015,IL0010811243,0.0
2014,2015,IT0000062072,1.1500011481187014e-15
2014,2015,IT0000062957,3.113676831282547e-15
2014,2015,IT0000072618,6.853684402761399e-16
2014,2015,IT0001137345,1.2976903039864254e-16
2014,2015,IT0001233417,0.0
2014,2015,IT0001347308,0.0
2014,2015,IT0001469383,1.3714791743595454e-15
2014,2015,IT0003128367,0.0
2014,2015,IT0003132476,0.0
2014,2015,IT0003153415,5.453788908059598e-18
2014,2015,IT0003242622,2.0551940174687639e-16
2014,2015,IT0003497168,2.814863436060034e-16
2014,2015,IT0003506190,1.3878648991087147e-15
2014,2015,IT0003856405,8.039527858859378e-17
2014,2015,IT0004810054,2.1179404919149348e-15
2014,2015,IT0004827447,2.4212372912538206e-15
2014,2015,IT0005239360,2.4342508043703737e-15
2014,2015,IT0005495657,2.822565825276004e-17
2014,2015,IT0005508921,0.0
2014,2015,JE00B8KF9B49,4.2649484832449806e-16
2014,2015,JE00BJ1DLW90,4.509461685677354e-15
2014,2015,LR0008862868,0.0
2014,2015,LU0075646355,4.677446037233081e-16
2014,2015,NL0000008977,1.888267352527932e-16
2014,2015,NL0000009082,2.0447463086344315e-15
2014,2015,NL0000009165,3.680781583517912e-16
2014,2015,NL0000009538,0.0
2014,2015,NL0000226223,0.0
2014,2015,NL0000235190,1.2800681884053304e-16
2014,2015,NL0000289213,0.0
2014,2015,NL0000337319,0.0
2014,2015,NL0000360618,0.0
2014,2015,NL0000379121,1.2055593539155424e-16
2014,2015,NL0000395903,3.9517660780815457e-16
2014,2015,NL0009432491,2.626440421004204e-16
2014,2015,NL0010273215,3.9326859663746923e-16
2014,2015,NL0010583399,0.0
2014,2015,NL0011794037,0.0
2014,2015,NL0011821202,2.069818902472447e-15
2014,2015,NL0013267909,0.0
2014,2015,NL00150001Q9,0.0
2014,2015,NL0015001FS8,1.8944581188601434e-16
2014,2015,NO0003028904,2.8651887408842754e-15
2014,2015,NO0003053605,7.032643284433402e-16
2014,2015,NO0003733800,8.183740339438328e-16
2014,2015,NO0005052605,0.0
2014,2015,NO0010063308,8.210343595990214e-16
2014,2015,NO0010096985,3.611346265998791e-17
2014,2015,NO0010199151,0.0
2014,2015,NO0010208051,1.2204929670918946e-17
2014,2015,NO0010861990,2.0822747531370715e-16
2014,2015,NO0012470089,0.0
2014,2015,PA1436583006,0.0
2014,2015,PTBCP0AM0015,4.721321813287676e-16
2014,2015,PTEDP0AM0009,0.0
2014,2015,PTJMT0AE0001,1.3450233679764096e-16
2014,2015,PTSON0AM0001,1.4804151288855825e-15
2014,2015,PTZON0AM0006,1.9103496048144915e-15
2014,2015,SE0000106270,2.071866883628286e-15
2014,2015,SE0000108227,0.0
2014,2015,SE0000108656,0.0
2014,2015,SE0000112724,1.0583868651601477e-16
2014,2015,SE0000113250,0.0
2014,2015,SE0000114837,2.3725753832666443e-16
2014,2015,SE0000148884,0.0
2014,2015,SE0000163594,0.0
2014,2015,SE0000163628,1.2704371227528219e-16
2014,2015,SE0000171100,0.0
2014,2015,SE0000190126,0.0
2014,2015,SE0000202624,0.0
2014,2015,SE0000242455,0.0
2014,2015,SE0000379190,0.0
2014,2015,SE0000667891,0.0
2014,2015,SE0000667925,0.0
2014,2015,SE0000695876,1.2937665865448754e-15
2014,2015,SE0000806994,0.0
2014,2015,SE0000862997,0.0
2014,2015,SE0000949331,6.902285887724516e-16
2014,2015,SE0003366871,0.0
2014,2015,SE0005190238,1.2354857716039136e-15
2014,2015,SE0006993770,8.290409164604174e-16
2014,2015,SE0007100581,0.0
2014,2015,SE0007100599,0.0
2014,2015,SE0011090018,0.0
2014,2015,SE0011166974,0.0
2014,2015,SE0015811955,0.0
2014,2015,SE0015812219,1.4679074399418792e-15
2014,2015,SE0015988019,8.505940624547308e-16
2014,2015,SE0016589188,0.0
2014,2015,SE0017486889,0.0
2014,2015,SE0018012494,2.268810027663447e-15
2014,2015,SE0020050417,0.0
2014,2015,US0010551028,0.0
2014,2015,US00130H1059,0.0
2014,2015,US00206R1023,0.0056797662688019245
2014,2015,US0028241000,0.006200650646056544
2014,2015,US0028962076,0.0
2014,2015,US00724F1012,3.67305415483366e-15
2014,2015,US0079031078,7.655572244603272e-16
2014,2015,US0082521081,0.0
2014,2015,US00846U1016,1.7074650188276961e-15
2014,2015,US0091581068,0.0
2014,2015,US00971T1016,1.051602581216596e-15
2014,2015,US0126531013,1.5300615334735e-17
2014,2015,US0185811082,5.390713584091901e-16
2014,2015,US0188021085,0.0
2014,2015,US0200021014,0.0
2014,2015,US02079K3059,1.745740902332663e-15
2014,2015,US02209S1033,0.02449579979581316
2014,2015,US0236081024,0.0
2014,2015,US0255371017,0.0
2014,2015,US0258161092,5.211201039832435e-16
2014,2015,US0268747849,0.0
2014,2015,US03027X1000,1.5560289382495734e-15
2014,2015,US0311621009,0.0
2014,2015,US0326541051,1.0970050759494394e-15
2014,2015,US0367521038,2.8209586278460136e-15
2014,2015,US03743Q1085,5.203003705496279e-17
2014,2015,US0378331005,3.827804129340071e-15
2014,2015,US0382221051,1.080235177725557e-15
2014,2015,US0383361039,4.1232304378640263e-16
2014,2015,US0441861046,3.8635291254493147e-16
2014,2015,US0527691069,0.0
2014,2015,US0530151036,6.204606786390822e-16
2014,2015,US0534841012,0.0
2014,2015,US0536111091,0.0
2014,2015,US0538071038,0.0
2014,2015,US0584981064,3.332711294717843e-17
2014,2015,US0605051046,0.0
2014,2015,US0640581007,0.0
2014,2015,US0708301041,7.031039928963529e-19
2014,2015,US0718131099,0.0015304923678801305
2014,2015,US0758871091,0.0
2014,2015,US0865161014,2.652562081646318e-16
2014,2015,US09062X1037,1.2373627454053102e-15
2014,2015,US0970231058,0.0
2014,2015,US1011371077,0.0
2014,2015,US1101221083,0.0
2014,2015,US1156372096,5.572871626444088e-17
2014,2015,US12504L1098,3.3981270072247624e-16
2014,2015,US1255231003,2.901463190960237e-15
2014,2015,US1258961002,0.0
2014,2015,US1264081035,0.0
2014,2015,US12653C1080,5.67617251234648e-18
2014,2015,US1266501006,1.567820021862762e-16
2014,2015,US1270551013,0.0
2014,2015,US1344291091,0.027482074892022975
2014,2015,US14040H1059,0.0
2014,2015,US14149Y1082,5.890202839192279e-16
2014,2015,US1491231015,0.0
2014,2015,US15189T1079,0.0
2014,2015,US1667641005,0.0
2014,2015,US1720621010,0.0
2014,2015,US17275R1023,2.240970930928949e-16
2014,2015,US1729674242,0.0
2014,2015,US1858991011,0.0
2014,2015,US1890541097,0.03799098232313082
2014,2015,US1912161007,2.4550113322959294e-16
2014,2015,US1924461023,1.9627584749046625e-15
2014,2015,US1941621039,0.0
2014,2015,US2003401070,0.0
2014,2015,US2058871029,0.0
2014,2015,US20825C1045,3.471182490246143e-18
2014,2015,US2091151041,0.0614572877244847
2014,2015,US21036P1084,0.0
2014,2015,US22160K1051,0.009302682488408664
2014,2015,US2283681060,8.7148289562913e-17
2014,2015,US2310211063,7.135648074485392e-16
2014,2015,US2333311072,0.0
2014,2015,US23355L1061,1.8000738155468378e-15
2014,2015,US2371941053,0.0
2014,2015,US2441991054,4.948555706505282e-16
2014,2015,US25179M1036,3.6629443091914445e-17
2014,2015,US2546871060,1.3742634294542012e-16
2014,2015,US25746U1097,0.0
2014,2015,US2600031080,0.0
2014,2015,US26441C2044,0.0
2014,2015,US26875P1012,1.3415296056866807e-15
2014,2015,US26884L1098,2.608903694598424e-16
2014,2015,US2774321002,0.0
2014,2015,US2786421030,3.0335130989458363e-16
2014,2015,US2788651006,0.0
2014,2015,US2810201077,1.7887365820021078e-16
2014,2015,US28176E1082,0.001138784752900512
2014,2015,US2910111044,5.076581473597075e-17
2014,2015,US29364G1031,0.0
2014,2015,US29444U7000,2.7490602668887642e-15
2014,2015,US29670G1022,0.04007557009123745
2014,2015,US30040W1080,4.346293671683979e-17
2014,2015,US30161N1019,3.00188880236182e-17
2014,2015,US3021301094,0.016584363012470182
2014,2015,US30231G1022,0.0
2014,2015,US3024913036,4.806006653011826e-16
2014,2015,US31428X1063,0.0
2014,2015,US3156161024,2.849544018743142e-15
2014,2015,US3167731005,0.0
2014,2015,US3379321074,0.0
2014,2015,US3434121022,2.0411418569887333e-15
2014,2015,US34354P1057,1.365438760721352e-15
2014,2015,US3453708600,3.44060017417658e-16
2014,2015,US3546131018,0.0
2014,2015,US35671D8570,1.1143506640219015e-16
2014,2015,US3647601083,0.0
2014,2015,US3703341046,0.05455516470279619
2014,2015,US3719011096,0.0
2014,2015,US37247D1063,1.9443373406950133e-15
2014,2015,US3755581036,0.0
2014,2015,US38141G1040,1.2684250297630168e-15
2014,2015,US3825501014,1.3468614289102386e-16
2014,2015,US3848021040,8.263097397470181e-16
2014,2015,US3976241071,0.0
2014,2015,US40434L1052,0.0
2014,2015,US4062161017,3.11981764552877e-17
2014,2015,US4128221086,0.0
2014,2015,US4165151048,0.0
2014,2015,US4180561072,4.3102877607923937e-16
2014,2015,US4198701009,0.0
2014,2015,US42250P1030,0.0
2014,2015,US4278661081,0.06489220761648723
2014,2015,US42809H1077,1.0895965866282697e-16
2014,2015,US4370761029,0.0
2014,2015,US4385161066,0.0
2014,2015,US4404521001,0.0
2014,2015,US44107P1049,0.0
2014,2015,US4448591028,1.8576504796863616e-15
2014,2015,US4456581077,7.928052594483629e-19
2014,2015,US4461501045,0.0
2014,2015,US45073V1089,1.7503921327145762e-17
2014,2015,US4523081093,0.0
2014,2015,US4581401001,5.613583602715836e-17
2014,2015,US4592001014,0.00950958798381541
2014,2015,US4595061015,0.0
2014,2015,US4601461035,0.0
2014,2015,US4606901001,0.0
2014,2015,US4612021034,0.0
2014,2015,US46284V1017,1.3123474343895685e-16
2014,2015,US4657411066,4.593332148194899e-16
2014,2015,US46625H1005,0.0
2014,2015,US4663131039,1.001544069787687e-15
2014,2015,US46982L1089,8.543330063527576e-16
2014,2015,US4781601046,0.0
2014,2015,US48020Q1076,4.818416171822997e-16
2014,2015,US48203R1041,2.0971233504002406e-15
2014,2015,US4824801009,2.2490680237023424e-15
2014,2015,US4878361082,7.74751683442318e-17
2014,2015,US4891701009,0.0
2014,2015,US4932671088,0.0
2014,2015,US4943681035,0.01826509301294409
2014,2015,US49446R1095,0.0
2014,2015,US4972661064,0.0
2014,2015,US5002551043,9.891784331914533e-17
2014,2015,US5010441013,4.381086311597596e-17
2014,2015,US5178341070,0.0
2014,2015,US5184391044,0.0
2014,2015,US5324571083,3.4299348729173933e-16
2014,2015,US5339001068,2.942097057563132e-17
2014,2015,US5341871094,2.651457277105242e-16
2014,2015,US5398301094,0.0
2014,2015,US5486611073,0.0
2014,2015,US5502411037,6.393832256954249e-16
2014,2015,US5526761086,0.0
2014,2015,US5529531015,0.0
2014,2015,US5635714059,1.8369900531118912e-16
2014,2015,US56418H1005,3.0751421058332997e-16
2014,2015,US5658491064,1.2577333534787665e-16
2014,2015,US5717481023,0.0
2014,2015,US5719032022,0.0
2014,2015,US5738741041,5.127168784035928e-15
2014,2015,US5745991068,0.0
2014,2015,US5770811025,0.0
2014,2015,US5797802064,0.0
2014,2015,US5801351017,0.02352892180604067
2014,2015,US58155Q1031,1.4633702436756604e-15
2014,2015,US58933Y1055,3.8408034710247643e-16
2014,2015,US59156R1086,0.0
2014,2015,US5926881054,1.285339874786489e-16
2014,2015,US5949181045,0.0
2014,2015,US5950171042,5.87245116696824e-17
2014,2015,US5951121038,5.648472424370873e-16
2014,2015,US6005441000,0.0
2014,2015,US6081901042,0.0
2014,2015,US60871R2094,3.1133021411660983e-16
2014,2015,US6092071058,0.0
2014,2015,US6174464486,1.7399661127546321e-15
2014,2015,US61945C1036,3.629902063266194e-16
2014,2015,US6200763075,7.36954457112265e-16
2014,2015,US6293775085,0.0
2014,2015,US6311031081,0.0
2014,2015,US6365181022,0.0
2014,2015,US64110D1046,2.246627032385901e-15
2014,2015,US6512291062,0.0
2014,2015,US6516391066,0.026687543391826586
2014,2015,US65339F1012,0.0
2014,2015,US6541061031,5.819860486869445e-16
2014,2015,US65473P1057,0.0
2014,2015,US6556641008,0.0
2014,2015,US6558441084,0.0
2014,2015,US6658591044,0.0
2014,2015,US6668071029,0.0
2014,2015,US6687711084,1.813165638884757e-15
2014,2015,US67066G1040,2.9569619145974008e-15
2014,2015,US6708371033,0.0
2014,2015,US67098H1041,0.0
2014,2015,US6745991058,9.435898180435807e-17
2014,2015,US6819191064,0.0
2014,2015,US6826801036,8.969227726574004e-17
2014,2015,US68389X1054,1.9759957003235737e-16
2014,2015,US6866881021,4.245269492084541e-15
2014,2015,US6882392011,0.0
2014,2015,US69331C1080,0.02194212435825758
2014,2015,US6934751057,0.0
2014,2015,US6935061076,0.0
2014,2015,US69351T1060,0.008525516555833838
2014,2015,US6936561009,3.3161862119342125e-17
2014,2015,US6937181088,2.981480656301147e-17
2014,2015,US7010941042,0.0
2014,2015,US70211M1099,3.110868715013145e-16
2014,2015,US7134481081,0.0
2014,2015,US7140461093,6.2406240138445285e-16
2014,2015,US7170811035,7.513677356475673e-18
2014,2015,US7234841010,0.0
2014,2015,US7244791007,0.0
2014,2015,US7310681025,0.0
2014,2015,US74144T1088,0.0
2014,2015,US74251V1026,0.0
2014,2015,US7427181091,5.09716462640862e-17
2014,2015,US7433151039,5.118546711483797e-16
2014,2015,US74340W1036,0.0
2014,2015,US7443201022,0.0
2014,2015,US7445731067,1.6009481937113722e-17
2014,2015,US7475251036,9.454270832857492e-16
2014,2015,US74834L1008,0.06323496855526681
2014,2015,US75281A1097,0.010029500058439583
2014,2015,US75513E1010,0.0
2014,2015,US7588491032,0.0
2014,2015,US7739031091,5.315940480506404e-16
2014,2015,US7835491082,0.0
2014,2015,US78409V1044,5.039452280770631e-16
2014,2015,US78440X8873,0.0
2014,2015,US78473E1038,9.443897706671817e-16
2014,2015,US79466L3024,0.0
2014,2015,US8101861065,0.0
2014,2015,US81211K1007,0.0
2014,2015,US8168511090,3.6195704751219357e-17
2014,2015,US8243481061,0.0
2014,2015,US8288061091,0.0
2014,2015,US8326964058,0.0
2014,2015,US8354951027,1.6223871336079778e-16
2014,2015,US8425871071,0.025991602473495114
2014,2015,US84265V1052,1.1847357810156753e-16
2014,2015,US8447411088,0.0
2014,2015,US8545021011,0.0
2014,2015,US8552441094,0.0
2014,2015,US8574771031,0.0
2014,2015,US8718291078,0.0
2014,2015,US8725401090,0.01222704856986912
2014,2015,US87612E1064,0.0
2014,2015,US8807701029,2.1736245284466437e-15
2014,2015,US8816242098,0.0720191104497181
2014,2015,US8825081040,6.273817197410295e-17
2014,2015,US8832031012,2.0728199099882484e-16
2014,2015,US88337F1057,1.767102602588327e-15
2014,2015,US8835561023,0.0
2014,2015,US88579Y1010,0.0
2014,2015,US89417E1091,0.0
2014,2015,US89832Q1094,0.0
2014,2015,US9024941034,3.249394532785194e-17
2014,2015,US9029733048,0.0
2014,2015,US9078181081,0.0
2014,2015,US9111631035,0.0
2014,2015,US9113121068,0.0
2014,2015,US9113631090,0.0
2014,2015,US9129091081,0.0
2014,2015,US91529Y1064,0.0
2014,2015,US91913Y1001,0.0
2014,2015,US92276F1003,0.0
2014,2015,US92343V1044,0.002408677160083041
2014,2015,US9255501051,0.0
2014,2015,US9291601097,0.0
2014,2015,US92939U1060,0.0
2014,2015,US9311421039,0.08755058132643855
2014,2015,US9314271084,4.897422622094601e-16
2014,2015,US94106L1098,0.0
2014,2015,US9418481035,9.821480307087321e-16
2014,2015,US9497461015,0.0
2014,2015,US95040Q1040,0.0
2014,2015,US95082P1057,1.0892036305622968e-16
2014,2015,US9581021055,2.1610441176796147e-15
2014,2015,US9621661043,0.0
2014,2015,US9633201069,0.0
2014,2015,US9694571004,2.1622031876578577e-17
2014,2015,US98389B1008,0.0
2014,2015,US9839191015,9.621203527591241e-16
2014,2015,US98421M1062,0.0
2014,2015,US9884981013,4.008976272978923e-16
2014,2015,US98956P1021,0.0
2015,2016,AN8068571086,1.2398183575842018e-16
2015,2016,AT00000VIE62,1.883982685524802e-16
2015,2016,AT0000606306,4.08709062245326e-16
2015,2016,AT0000652011,1.4527165141444317e-16
2015,2016,AT0000720008,1.4019241126611532e-16
2015,2016,AT0000743059,3.855851034840886e-19
2015,2016,AT0000746409,2.907641772864254e-18
2015,2016,BE0003470755,0.0
2015,2016,BE0003565737,0.0
2015,2016,BE0003593044,7.627674795502307e-18
2015,2016,BE0003735496,0.0
2015,2016,BE0003739530,0.0
2015,2016,BE0003755692,0.0
2015,2016,BE0003810273,2.200354680502475e-17
2015,2016,BE0974258874,1.7886914673612822e-17
2015,2016,BE0974264930,9.703907284274246e-16
2015,2016,BE0974293251,5.606272287414039e-17
2015,2016,CA00208D4084,3.04496459123207e-17
2015,2016,CA0084741085,8.696378159175402e-17
2015,2016,CA00900Q1037,6.039760088881488e-16
2015,2016,CA05534B7604,1.1883353297694558e-16
2015,2016,CA0636711016,5.966446216437596e-16
2015,2016,CA0641491075,4.377889042001803e-16
2015,2016,CA0977518616,8.543472973211201e-17
2015,2016,CA1247651088,2.936220515997859e-16
2015,2016,CA12532H1047,3.840842140854503e-16
2015,2016,CA13321L1085,2.239863148641881e-16
2015,2016,CA1360691010,0.0
2015,2016,CA1363751027,1.337954791198361e-17
2015,2016,CA1363851017,4.3173715571583705e-18
2015,2016,CA13646K1084,1.1283028887364596e-17
2015,2016,CA1366812024,1.5696794735292836e-16
2015,2016,CA1367178326,0.0
2015,2016,CA2849025093,1.1972424965628026e-16
2015,2016,CA29250N1050,5.832410942927321e-17
2015,2016,CA2927661025,0.0
2015,2016,CA3180714048,3.0009098296620026e-17
2015,2016,CA3359341052,0.0
2015,2016,CA3495531079,0.0
2015,2016,CA3759161035,2.0900910949152085e-16
2015,2016,CA39138C1068,3.2896645137823954e-16
2015,2016,CA4495861060,4.215356538708394e-16
2015,2016,CA4530384086,5.440915387217963e-18
2015,2016,CA45823T1066,5.136566571597361e-16
2015,2016,CA4969024047,0.0
2015,2016,CA5394811015,7.855190620720209e-17
2015,2016,CA5592224011,4.8487263723884507e-17
2015,2016,CA56501R1064,9.323913461418337e-16
2015,2016,CA59151K1084,0.0
2015,2016,CA6744822033,0.0
2015,2016,CA7392391016,3.1080540651882004e-16
2015,2016,CA7751092007,4.891734797654269e-16
2015,2016,CA7800871021,1.210940852545928e-16
2015,2016,CA8029121057,6.375797673127036e-17
2015,2016,CA8239011031,0.0
2015,2016,CA85472N1096,3.321268750814181e-16
2015,2016,CA8667961053,7.546494066690252e-16
2015,2016,CA8672241079,1.4825414727431235e-17
2015,2016,CA87807B1076,0.0
2015,2016,CA8787422044,0.0
2015,2016,CA87971M1032,1.23434294517265e-16
2015,2016,CA8849038085,4.495499515253099e-16
2015,2016,CA8911605092,2.281065072169897e-16
2015,2016,CA89346D1078,0.0
2015,2016,CA8959451037,0.0
2015,2016,CA98462Y1007,1.428323386875565e-16
2015,2016,CH0008038389,0.0
2015,2016,CH0008742519,0.006980884519460117
2015,2016,CH0010570759,1.6711740865263096e-16
2015,2016,CH0010645932,0.0
2015,2016,CH0011075394,0.0
2015,2016,CH0012005267,0.0
2015,2016,CH0012032048,9.24329034279567e-17
2015,2016,CH0012138530,3.1183761222466727e-16
2015,2016,CH0012138605,3.111759479060247e-17
2015,2016,CH0012142631,0.0
2015,2016,CH0012214059,0.0
2015,2016,CH0012221716,2.1800033456999057e-16
2015,2016,CH0012549785,4.978486578487392e-16
2015,2016,CH0013841017,9.321175357239254e-19
2015,2016,CH0014786500,0.06925116575620656
2015,2016,CH0014852781,7.890904201609749e-16
2015,2016,CH0018294154,0.0
2015,2016,CH0024638212,3.2006311444807746e-17
2015,2016,CH0025238863,2.4027470429169846e-16
2015,2016,CH0025751329,0.0
2015,2016,CH0030170408,2.6755456348345974e-17
2015,2016,CH0038388911,0.0
2015,2016,CH0038863350,2.789613397630096e-17
2015,2016,CH0044328745,0.0
2015,2016,CH0048265513,1.1107914628215087e-17
2015,2016,CH0126881561,5.750888141941781e-16
2015,2016,CH0210483332,1.4390337572979782e-16
2015,2016,CH0244767585,0.0
2015,2016,CH0319416936,6.896296730423462e-17
2015,2016,CH0418792922,3.382608750995956e-18
2015,2016,CH1169151003,0.0
2015,2016,CH1175448666,0.0
2015,2016,CH1256740924,2.2893226475418585e-16
2015,2016,DE0005140008,6.708562473346984e-16
2015,2016,DE0005190003,0.0
2015,2016,DE0005200000,1.7931184395230137e-16
2015,2016,DE0005408884,2.848527898648242e-17
2015,2016,DE0005439004,0.0
2015,2016,DE0005470405,4.959318428829015e-19
2015,2016,DE0005552004,2.1127362816965946e-17
2015,2016,DE0005557508,5.1871090269388604e-17
2015,2016,DE0005773303,1.4971258818629947e-16
2015,2016,DE0005810055,4.640566696714898e-16
2015,2016,DE0005909006,6.099122130597843e-17
2015,2016,DE0006047004,0.0
2015,2016,DE0006048432,0.0
2015,2016,DE0006070006,0.0
2015,2016,DE0006202005,0.0
2015,2016,DE0006231004,2.3361727447406346e-16
2015,2016,DE0006599905,1.2950251098984699e-16
2015,2016,DE0006602006,3.5919601820751034e-16
2015,2016,DE0006969603,2.0373587173082008e-16
2015,2016,DE0007030009,1.9269692975438465e-17
2015,2016,DE0007037129,0.0
2015,2016,DE0007042301,0.0
2015,2016,DE0007100000,3.0750465494449273e-17
2015,2016,DE0007164600,1.6063942396732742e-16
2015,2016,DE0007236101,4.3214693494007545e-17
2015,2016,DE0007257503,7.887301819087792e-17
2015,2016,DE0007500001,0.0
2015,2016,DE0007664039,0.0
2015,2016,DE0008232125,0.0
2015,2016,DE0008402215,2.3515541818156596e-16
2015,2016,DE0008404005,3.263618844571247e-16
2015,2016,DE0008430026,2.1191205231662657e-16
2015,2016,DE000A0D9PT0,0.0
2015,2016,DE000BASF111,1.2349457808910816e-17
2015,2016,DE000BAY0017,1.0994351535668816e-16
2015,2016,DE000CBK1001,3.122250668241587e-16
2015,2016,DE000ENAG999,0.0
2015,2016,DE000KSAG888,2.2084649896518962e-17
2015,2016,DE000PSM7770,0.0
2015,2016,DE000TUAG505,0.0
2015,2016,DK0010181759,7.32082025218898e-17
2015,2016,DK0010234467,1.4556758086564923e-17
2015,2016,DK0010244508,0.0
2015,2016,DK0010274414,3.8209944112380606e-16
2015,2016,DK0010287663,0.0
2015,2016,DK0060079531,1.528187702896094e-16
2015,2016,DK0060336014,1.3304637491366975e-16
2015,2016,DK0060448595,0.02759474599588328
2015,2016,DK0060477503,3.180316751591777e-16
2015,2016,DK0060636678,3.7739967767156535e-16
2015,2016,DK0060738599,7.075449967079268e-16
2015,2016,DK0061539921,4.510475469904176e-16
2015,2016,ES0109427734,1.0725238230355105e-17
2015,2016,ES0112501012,3.119843326600041e-17
2015,2016,ES0113211835,3.587192210858413e-16
2015,2016,ES0113679I37,0.0
2015,2016,ES0113860A34,1.455463874981533e-16
2015,2016,ES0113900J37,6.90477104762699e-16
2015,2016,ES0116870314,0.0
2015,2016,ES0118594417,3.0085141603614517e-16
2015,2016,ES0122060314,0.0
2015,2016,ES0124244E34,3.1216639212433163e-16
2015,2016,ES0125220311,1.018168790871317e-16
2015,2016,ES0130670112,0.0
2015,2016,ES0130960018,7.798213347120385e-17
2015,2016,ES0132105018,0.0
2015,2016,ES0144580Y14,0.0
2015,2016,ES0148396007,6.055957173980096e-17
2015,2016,ES0152503035,3.6357577071743316e-16
2015,2016,ES0161560018,9.364818968402262e-18
2015,2016,ES0167050915,0.0
2015,2016,ES0171743901,7.23099369117226e-17
2015,2016,ES0173093024,5.373655819482234e-16
2015,2016,ES0173516115,0.0
2015,2016,ES0178430E18,1.319243832802523e-16
2015,2016,ES0182870214,1.2093655494673526e-17
2015,2016,FI0009000202,7.940370071060548e-17
2015,2016,FI0009000277,5.861133111467476e-16
2015,2016,FI0009000459,8.481910539579136e-18
2015,2016,FI0009000681,9.64102926415073e-16
2015,2016,FI0009002158,0.0
2015,2016,FI0009002422,0.0
2015,2016,FI0009003727,1.3297185365055351e-16
2015,2016,FI0009005318,4.0171733057483617e-16
2015,2016,FI0009005870,4.0588248933949624e-18
2015,2016,FI0009005961,0.0
2015,2016,FI0009005987,0.0
2015,2016,FI0009007132,0.0
2015,2016,FI0009007694,0.0
2015,2016,FI0009007884,0.0
2015,2016,FI0009013296,0.0
2015,2016,FI0009013403,4.273344769497531e-17
2015,2016,FI0009800643,1.1971137437402226e-16
2015,2016,FI4000440664,0.0
2015,2016,FR0000035081,7.494923270513188e-16
2015,2016,FR0000039109,0.0
2015,2016,FR0000044448,3.3319003196973104e-17
2015,2016,FR0000045072,0.0
2015,2016,FR0000051070,5.20074968840451e-17
2015,2016,FR0000054900,0.0
2015,2016,FR0000064578,0.0
2015,2016,FR0000073272,7.791342924031682e-17
2015,2016,FR0000077919,0.0
2015,2016,FR0000120073,5.2872847150973474e-18
2015,2016,FR0000120172,4.520822483227574e-17
2015,2016,FR0000120222,3.9884318841099645e-16
2015,2016,FR0000120271,1.0718916474769433e-17
2015,2016,FR0000120321,8.458897149468089e-17
2015,2016,FR0000120404,0.0
2015,2016,FR0000120503,2.098634243875303e-17
2015,2016,FR0000120560,0.0
2015,2016,FR0000120578,1.0008842089870034e-17
2015,2016,FR0000120628,8.43498404445718e-17
2015,2016,FR0000120644,3.3183287712081344e-17
2015,2016,FR0000120693,1.0794172749281303e-17
2015,2016,FR0000120859,0.0
2015,2016,FR0000120966,0.0
2015,2016,FR0000121014,1.7734464231178742e-16
2015,2016,FR0000121121,2.3780187831735244e-16
2015,2016,FR0000121204,3.421712925609916e-17
2015,2016,FR0000121220,3.493694812675961e-18
2015,2016,FR0000121329,1.0758069863753141e-16
2015,2016,FR0000121485,1.8244452300968826e-17
2015,2016,FR0000121667,4.1712396357126723e-16
2015,2016,FR0000121964,0.0
2015,2016,FR0000121972,2.3718473665289116e-16
2015,2016,FR0000124141,0.0
2015,2016,FR0000125007,0.0
2015,2016,FR0000125338,6.564005602549963e-16
2015,2016,FR0000125486,5.325988745770084e-17
2015,2016,FR0000127771,3.2206705442852575e-16
2015,2016,FR0000130213,0.0
2015,2016,FR0000130395,4.237374250548902e-17
2015,2016,FR0000130403,2.0629701874433262e-16
2015,2016,FR0000130452,5.640283280264033e-17
2015,2016,FR0000130577,0.0
2015,2016,FR0000130809,1.4682701613025182e-18
2015,2016,FR0000131104,6.78455501266916e-16
2015,2016,FR0000131906,4.0973131737828484e-17
2015,2016,FR0000133308,0.0
2015,2016,FR0010040865,1.8224964120364544e-16
2015,2016,FR0010220475,3.899723631474832e-16
2015,2016,FR0010242511,0.0
2015,2016,FR0013176526,0.0
2015,2016,FR0013280286,2.2113278039618002e-16
2015,2016,FR0013326246,0.0
2015,2016,FR0013505062,0.0
2015,2016,FR0013506730,1.1308023690567084e-17
2015,2016,FR0014003TT8,0.0
2015,2016,FR001400AJ45,1.283854963310384e-17
2015,2016,GB0000163088,0.0
2015,2016,GB0000456144,6.22225668015318e-17
2015,2016,GB0000536739,0.0
2015,2016,GB0000811801,0.0
2015,2016,GB0000904986,0.0
2015,2016,GB0000961622,1.9079831338595387e-17
2015,2016,GB0001048619,2.9120843339881243e-16
2015,2016,GB0001367019,0.0
2015,2016,GB0001500809,3.996762235419321e-18
2015,2016,GB0001638955,0.0
2015,2016,GB0001765816,0.0
2015,2016,GB0001826634,0.0
2015,2016,GB0001859296,0.0
2015,2016,GB0002018363,5.326957545995159e-16
2015,2016,GB0002074580,8.556541099788665e-18
2015,2016,GB0002148343,0.0
2015,2016,GB0002318888,0.010043696949312729
2015,2016,GB0002374006,1.714775077676786e-17
2015,2016,GB0002418548,0.0
2015,2016,GB0002634946,2.984273653143372e-17
2015,2016,GB0002652740,0.0
2015,2016,GB0002670437,0.008520047832765313
2015,2016,GB0002869419,0.0
2015,2016,GB0002875804,2.648331126250986e-16
2015,2016,GB0003096442,0.0
2015,2016,GB0003308607,0.0
2015,2016,GB0003395000,9.101317226352436e-17
2015,2016,GB0003452173,0.0
2015,2016,GB0003753778,2.2938271608730518e-17
2015,2016,GB0004052071,0.0
2015,2016,GB0004082847,7.989365052004519e-16
2015,2016,GB0004161021,0.0
2015,2016,GB0004170089,0.0
2015,2016,GB0004270301,0.0
2015,2016,GB0004478896,1.255753312115713e-16
2015,2016,GB0004544929,3.2201805573116535e-16
2015,2016,GB0004657408,1.03727180064257e-16
2015,2016,GB0004726096,9.794770111334243e-17
2015,2016,GB0004866223,0.0
2015,2016,GB0004915632,0.0
2015,2016,GB0005405286,1.785214483107104e-16
2015,2016,GB0005576813,3.2766872924148474e-16
2015,2016,GB0005603997,8.665878456415558e-18
2015,2016,GB0005746358,1.0922787168440327e-16
2015,2016,GB0005758098,0.0
2015,2016,GB0006027295,0.0
2015,2016,GB0006215205,8.045909518262864e-18
2015,2016,GB0006650450,0.0
2015,2016,GB0006731235,5.3804458993739234e-17
2015,2016,GB0006776081,0.0
2015,2016,GB0006825383,0.0
2015,2016,GB0006886666,0.004034560627305484
2015,2016,GB0006928617,0.0
2015,2016,GB0007099541,5.191118488351264e-17
2015,2016,GB0007188757,4.918752739055888e-18
2015,2016,GB0007323586,0.0
2015,2016,GB0007594764,1.7016666876811818e-16
2015,2016,GB0007668071,0.0
2015,2016,GB0007669376,0.0
2015,2016,GB0007908733,0.0
2015,2016,GB0007958233,0.0
2015,2016,GB0007973794,5.737929675375925e-18
2015,2016,GB0007980591,4.3097824702352974e-18
2015,2016,GB0008025412,0.0
2015,2016,GB0008085614,6.055739866799551e-17
2015,2016,GB0008220112,0.0
2015,2016,GB0008706128,0.0
2015,2016,GB0008782301,1.1005320490539038e-16
2015,2016,GB0008794710,0.017831345952447755
2015,2016,GB0009067447,0.02760835452878511
2015,2016,GB0009123323,1.1437922260472246e-17
2015,2016,GB0009223206,0.0
2015,2016,GB0009292243,7.465930873051967e-17
2015,2016,GB0009465807,2.5705245312339556e-16
2015,2016,GB0009633180,0.00028880884036978173
2015,2016,GB0009697037,3.066096330080143e-16
2015,2016,GB0009895292,6.432503393693321e-17
2015,2016,GB0022569080,6.772946024950963e-17
2015,2016,GB0030232317,0.0
2015,2016,GB0030913577,0.0
2015,2016,GB0031274896,2.403853981910085e-16
2015,2016,GB0031348658,0.0
2015,2016,GB0031638363,1.350154259802327e-16
2015,2016,GB0031743007,4.304714073923033e-16
2015,2016,GB0032089863,2.0665728653199207e-16
2015,2016,GB0033195214,6.493190998421551e-17
2015,2016,GB0033986497,0.0
2015,2016,GB00B012BV22,0.0
2015,2016,GB00B012TP20,2.0223302828239785e-16
2015,2016,GB00B019KW72,0.0
2015,2016,GB00B01QGK86,0.023706592213551286
2015,2016,GB00B02J6398,0.0
2015,2016,GB00B033F229,0.0
2015,2016,GB00B03HDJ73,0.003707944267337117
2015,2016,GB00B04V1276,0.0
2015,2016,GB00B06QFB75,0.0
2015,2016,GB00B0744359,0.0
2015,2016,GB00B0744B38,1.7218295604804854e-17
2015,2016,GB00B082RF11,6.874494490005728e-17
2015,2016,GB00B0FYMT95,0.0
2015,2016,GB00B0KM9T71,0.0
2015,2016,GB00B0LCW083,2.1409144606817676e-16
2015,2016,GB00B0N8QD54,1.7317510675805377e-16
2015,2016,GB00B0SWJX34,1.4671574519131814e-16
2015,2016,GB00B0YG1K06,0.0
2015,2016,GB00B128J450,1.3610910137037063e-16
2015,2016,GB00B135BJ46,0.0
2015,2016,GB00B17MMZ46,3.160947804552331e-16
2015,2016,GB00B18P5K83,1.923293904622164e-16
2015,2016,GB00B19Z1432,2.1158569000171906e-17
2015,2016,GB00B1FH8J72,6.385909716571126e-17
2015,2016,GB00B1FP6H53,0.0
2015,2016,GB00B1JQDM80,4.188420003474771e-17
2015,2016,GB00B1KJJ408,8.623384336001554e-17
2015,2016,GB00B1L5QH97,0.0
2015,2016,GB00B1P6ZR11,0.0
2015,2016,GB00B1VNSX38,0.0
2015,2016,GB00B1WY2338,0.0
2015,2016,GB00B1YW4409,1.3663733339652657e-15
2015,2016,GB00B27YGJ97,2.889019094804926e-17
2015,2016,GB00B2B0DG97,3.845708189060181e-16
2015,2016,GB00B2NGPM57,0.0
2015,2016,GB00B2PDGW16,8.595505962891608e-17
2015,2016,GB00B39J2M42,1.8132767821022213e-16
2015,2016,GB00B3DGH821,0.01548304277785136
2015,2016,GB00B3FLWH99,0.0
2015,2016,GB00B41H7391,2.617378283216528e-16
2015,2016,GB00B45C9X44,1.3431577083184135e-16
2015,2016,GB00B572ZV91,0.004785980594123188
2015,2016,GB00B5N0P849,2.968454591842374e-16
2015,2016,GB00B5ZN1N88,0.0
2015,2016,GB00B61TVQ02,2.202328785669235e-16
2015,2016,GB00B63H8491,0.0
2015,2016,GB00B63QSB39,6.60216685838533e-17
2015,2016,GB00B67G5X01,0.0
2015,2016,GB00B6XZKY75,0.007582555141273733
2015,2016,GB00B6YTLS95,1.4878274272651788e-17
2015,2016,GB00B7KR2P84,0.0
2015,2016,GB00B82YXW83,5.933916770081102e-18
2015,2016,GB00B8B4R053,0.0021621655674521397
2015,2016,GB00B8C3BL03,2.0849494991888755e-16
2015,2016,GB00BD6K4575,5.30410310726937e-16
2015,2016,GB00BDCPN049,0.0
2015,2016,GB00BDR05C01,1.2312333128659531e-17
2015,2016,GB00BF044593,0.0
2015,2016,GB00BF5H9P87,5.485020309805329e-18
2015,2016,GB00BG11K365,0.0
2015,2016,GB00BGLP8L22,0.0
2015,2016,GB00BH4HKS39,3.9421585442169325e-17
2015,2016,GB00BHJYC057,0.0
2015,2016,GB00BJ1F4N75,6.001450984744327e-16
2015,2016,GB00BJFFLV09,0.0
2015,2016,GB00BJQZC279,0.0
2015,2016,GB00BK9RKT01,0.0
2015,2016,GB00BKP36R26,7.698031214455777e-16
2015,2016,GB00BKY40Q38,0.0
2015,2016,GB00BL6XZ716,0.0
2015,2016,GB00BLGZ9862,2.6092959535508908e-17
2015,2016,GB00BM8PJY71,0.0
2015,2016,GB00BM8Q5M07,0.0
2015,2016,GB00BMJ6DW54,6.390893338729856e-16
2015,2016,GB00BN7SWP63,3.563147354150015e-17
2015,2016,GB00BNGDN821,0.0
2015,2016,GB00BNNTLN49,1.907624650482829e-17
2015,2016,GB00BNR4T868,2.4005644311070536e-18
2015,2016,GB00BP6MXD84,0.0
2015,2016,GB00BP92CJ43,0.0
2015,2016,GB00BP9LHF23,3.1234590843661084e-16
2015,2016,GB00BPQY8M80,4.2977881557439633e-17
2015,2016,GB00BRB37M78,0.016674889347291246
2015,2016,GB00BV9FP302,0.0
2015,2016,GB00BVFNZH21,3.082201505947053e-16
2015,2016,GB00BWFGQN14,0.0
2015,2016,GB00BYQ0JC66,0.0
2015,2016,GB00BYT1DJ19,0.0
2015,2016,GB00BYW0PQ60,0.0
2015,2016,GB00BYYTFB60,7.226067595124812e-17
2015,2016,GB00BZ4BQC70,9.72833002344397e-17
2015,2016,IE0001827041,0.0
2015,2016,IE0002424939,1.6003826241730847e-16
2015,2016,IE0003864109,0.0
2015,2016,IE0004927939,0.0
2015,2016,IE00B4BNMY34,1.6272508217470214e-16
2015,2016,IE00B8KQN827,9.377823931486596e-17
2015,2016,IE00BD1RP616,2.151600233658489e-15
2015,2016,IE00BF0L3536,3.5490473448028837e-16
2015,2016,IE00BGH1M568,0.0
2015,2016,IE00BK9ZQ967,0.0
2015,2016,IE00BLP1HW54,0.0
2015,2016,IE00BLS09M33,7.978250789412906e-17
2015,2016,IE00BTN1Y115,0.0
2015,2016,IE00BY7QL619,1.443067524108395e-17
2015,2016,IL0002810146,2.7563731684857548e-17
2015,2016,IL0006046119,5.102364238694861e-16
2015,2016,IL0006625771,7.875268610597439e-16
2015,2016,IL0006954379,1.0806153232467064e-16
2015,2016,IL0010811243,4.093797971978916e-17
2015,2016,IT0000062072,6.911822768590882e-16
2015,2016,IT0000062957,9.96370859041755e-16
2015,2016,IT0000072618,2.6966926460493943e-16
2015,2016,IT0000784196,1.1393846608642468e-16
2015,2016,IT0001137345,4.2828360687839184e-17
2015,2016,IT0001233417,0.0
2015,2016,IT0001347308,0.0
2015,2016,IT0001469383,4.839426609523869e-16
2015,2016,IT0003128367,0.0
2015,2016,IT0003132476,0.0
2015,2016,IT0003153415,3.07294414474322e-17
2015,2016,IT0003242622,1.7155631045763768e-16
2015,2016,IT0003497168,1.2469095921704987e-16
2015,2016,IT0003506190,4.965543188166629e-16
2015,2016,IT0003856405,2.663016865606354e-18
2015,2016,IT0004810054,5.330466405322651e-16
2015,2016,IT0004827447,5.850404820441367e-16
2015,2016,IT0005218380,7.355374567123702e-16
2015,2016,IT0005239360,7.489739090854309e-16
2015,2016,IT0005495657,6.262457218473296e-18
2015,2016,IT0005508921,2.5258074838498668e-17
2015,2016,JE00B8KF9B49,0.0
2015,2016,JE00BJ1DLW90,1.2712228812955187e-15
2015,2016,LR0008862868,0.0
2015,2016,LU0075646355,8.097016074723107e-17
2015,2016,NL0000008977,8.554433797149065e-17
2015,2016,NL0000009082,1.745653304894367e-16
2015,2016,NL0000009165,1.4888359275898899e-16
2015,2016,NL0000009538,0.0
2015,2016,NL0000226223,0.0
2015,2016,NL0000235190,1.7672797823223092e-17
2015,2016,NL0000289213,0.0
2015,2016,NL0000337319,0.0
2015,2016,NL0000360618,0.0
2015,2016,NL0000379121,0.0
2015,2016,NL0000395903,2.6687383853590683e-16
2015,2016,NL0009432491,8.054737129163894e-17
2015,2016,NL0010273215,2.3270111334431695e-16
2015,2016,NL0010583399,0.0
2015,2016,NL0011794037,1.837583202007161e-17
2015,2016,NL0011821202,5.619978501985982e-16
2015,2016,NL0013267909,1.5521084976193558e-17
2015,2016,NL00150001Q9,0.0
2015,2016,NL0015001FS8,6.830589452046501e-17
2015,2016,NO0003028904,7.934905969192295e-16
2015,2016,NO0003053605,1.0733448436835957e-16
2015,2016,NO0003733800,2.418568584842194e-16
2015,2016,NO0005052605,0.0
2015,2016,NO0010063308,2.5498794922800973e-16
2015,2016,NO0010096985,1.0463209420651379e-17
2015,2016,NO0010199151,0.0
2015,2016,NO0010208051,4.2739675166864876e-18
2015,2016,NO0010861990,4.4668025170931366e-17
2015,2016,NO0012470089,0.0
2015,2016,PA1436583006,0.0
2015,2016,PTBCP0AM0015,1.714854999649431e-16
2015,2016,PTEDP0AM0009,0.0
2015,2016,PTJMT0AE0001,4.471108506775072e-17
2015,2016,PTSON0AM0001,4.3233936326657515e-16
2015,2016,PTZON0AM0006,5.520455500506397e-16
2015,2016,SE0000106270,5.306692491138423e-16
2015,2016,SE0000108227,0.0
2015,2016,SE0000108656,0.0
2015,2016,SE0000112724,3.1742905758674995e-17
2015,2016,SE0000113250,0.0
2015,2016,SE0000114837,1.984701938793395e-17
2015,2016,SE0000148884,0.0
2015,2016,SE0000163594,0.0
2015,2016,SE0000163628,5.54055188753586e-17
2015,2016,SE0000171100,0.0
2015,2016,SE0000190126,0.0
2015,2016,SE0000202624,0.0
2015,2016,SE0000242455,0.0
2015,2016,SE0000379190,0.0
2015,2016,SE0000667891,0.0
2015,2016,SE0000667925,1.3642375848846426e-16
2015,2016,SE0000695876,3.8183491807837574e-16
2015,2016,SE0000806994,0.0
2015,2016,SE0000862997,0.0
2015,2016,SE0000949331,7.539657121135193e-17
2015,2016,SE0003366871,0.0
2015,2016,SE0005190238,3.6964668376185136e-16
2015,2016,SE0006993770,2.500145419316689e-16
2015,2016,SE0007100581,0.0
2015,2016,SE0007100599,0.0
2015,2016,SE0011090018,0.0
2015,2016,SE0011166974,0.0
2015,2016,SE0015811955,0.0
2015,2016,SE0015812219,5.626088858177601e-16
2015,2016,SE0015988019,2.7491565972689683e-16
2015,2016,SE0016589188,0.0
2015,2016,SE0017486889,0.0
2015,2016,SE0018012494,8.361027136842302e-16
2015,2016,SE0018012635,0.0
2015,2016,SE0020050417,2.536812711874797e-17
2015,2016,US0010551028,2.0396951878144659e-16
2015,2016,US00130H1059,0.0
2015,2016,US00206R1023,0.014561294100419023
2015,2016,US0028241000,1.9455200182925998e-17
2015,2016,US0028962076,0.0
2015,2016,US00724F1012,8.655343309616476e-16
2015,2016,US0079031078,0.0
2015,2016,US0082521081,0.0
2015,2016,US00846U1016,2.538593639221271e-16
2015,2016,US0091581068,0.0
2015,2016,US00971T1016,5.012514378663743e-16
2015,2016,US0126531013,6.624799282549854e-18
2015,2016,US0185811082,4.2898317581001854e-16
2015,2016,US0188021085,0.0
2015,2016,US0200021014,5.814541236176756e-17
2015,2016,US02079K3059,7.311996694473168e-16
2015,2016,US02209S1033,0.012660089017669521
2015,2016,US0236081024,0.0
2015,2016,US0255371017,0.0
2015,2016,US0258161092,9.547523354148883e-18
2015,2016,US0268747849,0.0
2015,2016,US03027X1000,4.584279894295865e-16
2015,2016,US03073E1055,2.2867482663034108e-17
2015,2016,US0311621009,0.0
2015,2016,US0326541051,4.349523325260271e-16
2015,2016,US0367521038,8.284114980453436e-16
2015,2016,US03743Q1085,1.5338820803794652e-17
2015,2016,US0378331005,1.1013857585246285e-15
2015,2016,US0382221051,1.7884266653601267e-16
2015,2016,US0383361039,1.6375359985503595e-16
2015,2016,US0441861046,1.0853563008853948e-16
2015,2016,US0527691069,0.0
2015,2016,US0530151036,3.0747458914964024e-16
2015,2016,US0534841012,0.0
2015,2016,US0536111091,0.0
2015,2016,US0538071038,0.0
2015,2016,US0584981064,0.0
2015,2016,US0605051046,0.0
2015,2016,US0640581007,3.3378631523660284e-18
2015,2016,US0708301041,4.7437740666106365e-18
2015,2016,US0718131099,0.0055779676996546386
2015,2016,US0758871091,0.0
2015,2016,US0865161014,5.665136301150157e-17
2015,2016,US09062X1037,3.4980109839472124e-16
2015,2016,US0970231058,0.0
2015,2016,US0997241064,1.610562219148557e-16
2015,2016,US1011211018,0.0
2015,2016,US1011371077,0.0
2015,2016,US1101221083,0.0
2015,2016,US1124631045,0.0
2015,2016,US1156372096,6.382490860515535e-17
2015,2016,US12504L1098,1.4857088367896042e-16
2015,2016,US1255231003,4.0032854403881603e-16
2015,2016,US1258961002,0.0
2015,2016,US1264081035,0.0
2015,2016,US12653C1080,0.0
2015,2016,US1266501006,9.745536898158734e-17
2015,2016,US1270551013,0.0
2015,2016,US1307881029,0.008091966533250906
2015,2016,US1344291091,0.021999074387896493
2015,2016,US14040H1059,0.0
2015,2016,US14149Y1082,1.3590831887240612e-16
2015,2016,US1491231015,0.0
2015,2016,US1508701034,1.4740926420464404e-17
2015,2016,US15189T1079,0.0
2015,2016,US1667641005,0.0
2015,2016,US1717793095,2.513361160275401e-16
2015,2016,US1720621010,0.0
2015,2016,US17275R1023,0.0
2015,2016,US1729674242,0.0
2015,2016,US1858991011,0.0
2015,2016,US1890541097,0.03327142264130089
2015,2016,US1912161007,1.1792491088993238e-16
2015,2016,US1924461023,4.2243377958083146e-16
2015,2016,US1941621039,2.9450909523490683e-17
2015,2016,US2003401070,0.0
2015,2016,US2058871029,0.0
2015,2016,US20825C1045,3.4547134314317257e-18
2015,2016,US2091151041,0.06149984949758903
2015,2016,US21036P1084,0.0
2015,2016,US22160K1051,1.8762153049286905e-16
2015,2016,US2283681060,3.3973818802634276e-17
2015,2016,US2310211063,1.7816090839602283e-16
2015,2016,US2333311072,0.0
2015,2016,US23355L1061,3.6311385256870786e-16
2015,2016,US2371941053,0.0
2015,2016,US2441991054,1.2607800092115486e-16
2015,2016,US25179M1036,2.893424093082039e-18
2015,2016,US2533931026,0.0
2015,2016,US2546871060,5.823227902229738e-17
2015,2016,US25746U1097,0.0
2015,2016,US2600031080,0.0
2015,2016,US26441C2044,0.0
2015,2016,US26875P1012,3.234497074261654e-16
2015,2016,US26884L1098,3.616452576287383e-17
2015,2016,US2774321002,0.0
2015,2016,US2786421030,0.0
2015,2016,US2788651006,0.0
2015,2016,US2810201077,5.490001397061522e-17
2015,2016,US28176E1082,0.0
2015,2016,US2910111044,5.140415578329228e-17
2015,2016,US29364G1031,0.0
2015,2016,US29444U7000,9.621823841194109e-16
2015,2016,US29670G1022,0.04288638886148976
2015,2016,US30040W1080,3.3455678489458534e-17
2015,2016,US30161N1019,2.810097064037523e-17
2015,2016,US3021301094,0.02314996912485606
2015,2016,US30231G1022,0.012099513643151816
2015,2016,US3024913036,9.930370739658029e-17
2015,2016,US31428X1063,0.0
2015,2016,US3156161024,7.099993011550006e-16
2015,2016,US3167731005,0.0
2015,2016,US3379321074,0.0
2015,2016,US3434121022,7.00782008382225e-16
2015,2016,US34354P1057,3.441997897217603e-16
2015,2016,US3453708600,5.232882003062609e-17
2015,2016,US3546131018,5.892505644567747e-18
2015,2016,US35671D8570,2.7615645642332777e-18
2015,2016,US3647601083,0.0
2015,2016,US3703341046,0.06599277868963827
2015,2016,US3719011096,0.0
2015,2016,US37247D1063,8.798549293447971e-16
2015,2016,US3755581036,2.2469202349911e-17
2015,2016,US38141G1040,4.586742302479365e-16
2015,2016,US3825501014,4.862210525890733e-17
2015,2016,US3848021040,8.087492399779493e-17
2015,2016,US3976241071,0.0
2015,2016,US40434L1052,0.0
2015,2016,US4062161017,6.780895126124938e-17
2015,2016,US4128221086,0.0
2015,2016,US4165151048,0.0
2015,2016,US4180561072,0.0
2015,2016,US4198701009,0.0
2015,2016,US42250P1030,0.0
2015,2016,US4278661081,0.0717629823011775
2015,2016,US42809H1077,2.0713692236319824e-17
2015,2016,US4370761029,0.0
2015,2016,US4385161066,0.0
2015,2016,US4404521001,2.9336138545420145e-17
2015,2016,US44107P1049,0.0
2015,2016,US4448591028,5.38593849209019e-16
2015,2016,US4456581077,1.1642021098308874e-17
2015,2016,US4461501045,0.0
2015,2016,US4470111075,0.0
2015,2016,US45073V1089,2.1266836534423723e-18
2015,2016,US4523081093,0.0
2015,2016,US4581401001,1.0005628569909943e-16
2015,2016,US4592001014,0.006288083730596258
2015,2016,US4595061015,0.0
2015,2016,US4601461035,0.0
2015,2016,US4606901001,0.0
2015,2016,US4612021034,7.52800374352033e-17
2015,2016,US46284V1017,1.774028203213834e-16
2015,2016,US4657411066,2.9394381338887876e-16
2015,2016,US46625H1005,0.0
2015,2016,US4663131039,3.310948975183118e-16
2015,2016,US46982L1089,6.475956552758885e-16
2015,2016,US4781601046,2.980073669148771e-17
2015,2016,US48020Q1076,0.0
2015,2016,US48203R1041,5.19834444214328e-16
2015,2016,US4824801009,5.674163702061073e-16
2015,2016,US4878361082,1.6485726227997357e-17
2015,2016,US4891701009,0.0
2015,2016,US4932671088,0.0
2015,2016,US4943681035,0.011108267671764203
2015,2016,US49446R1095,0.0
2015,2016,US4972661064,0.0
2015,2016,US5002551043,0.0
2015,2016,US5010441013,4.343843610357374e-17
2015,2016,US5178341070,0.0
2015,2016,US5184391044,0.0
2015,2016,US5324571083,2.245548604263023e-16
2015,2016,US5339001068,2.95977074808554e-17
2015,2016,US5341871094,2.3011125274280283e-16
2015,2016,US5398301094,3.2377031121855265e-17
2015,2016,US5486611073,0.0
2015,2016,US5502411037,1.4999111015680015e-16
2015,2016,US5526761086,0.0
2015,2016,US5529531015,0.0
2015,2016,US5543821012,0.0
2015,2016,US5635714059,6.499596567059368e-17
2015,2016,US56418H1005,1.1651539611954063e-16
2015,2016,US5658491064,1.446827535590927e-17
2015,2016,US5717481023,0.0
2015,2016,US5719032022,0.0
2015,2016,US5738741041,1.0974083981442681e-15
2015,2016,US5745991068,0.0
2015,2016,US5770811025,0.0
2015,2016,US5797802064,0.00738619614032081
2015,2016,US5801351017,0.029383886109799348
2015,2016,US58155Q1031,3.715842057860232e-16
2015,2016,US58933Y1055,1.8183966997810055e-16
2015,2016,US59156R1086,0.0
2015,2016,US5926881054,1.3583171901887249e-17
2015,2016,US5949181045,7.78732197320495e-17
2015,2016,US5950171042,2.0841275271059613e-17
2015,2016,US5951121038,5.913193708089845e-17
2015,2016,US6005441000,0.0
2015,2016,US6081901042,0.0
2015,2016,US60871R2094,2.252389729210636e-16
2015,2016,US6092071058,0.0
2015,2016,US6174464486,4.722429988868059e-16
2015,2016,US61945C1036,5.546137272611468e-17
2015,2016,US6200763075,2.6412417228677206e-16
2015,2016,US6267171022,0.0
2015,2016,US6293775085,0.0
2015,2016,US6311031081,0.0
2015,2016,US6365181022,0.0
2015,2016,US64110D1046,5.69210510516806e-16
2015,2016,US6512291062,0.0
2015,2016,US6516391066,0.03069115128272907
2015,2016,US65339F1012,0.0
2015,2016,US6541061031,0.0028664718320361754
2015,2016,US65473P1057,0.0
2015,2016,US6556641008,0.0
2015,2016,US6558441084,0.0
2015,2016,US6658591044,0.0
2015,2016,US6668071029,1.6142337846902394e-17
2015,2016,US6687711084,8.462523828192591e-17
2015,2016,US67066G1040,9.060676617452104e-16
2015,2016,US6708371033,0.0
2015,2016,US67098H1041,0.0
2015,2016,US6745991058,3.291875948963913e-17
2015,2016,US6819191064,1.1007462918255207e-18
2015,2016,US6821891057,1.455845422048036e-17
2015,2016,US6826801036,1.2411791221480283e-17
2015,2016,US68389X1054,2.385229454954174e-16
2015,2016,US6866881021,1.4642010695419436e-15
2015,2016,US6882392011,0.0
2015,2016,US69331C1080,0.026690652644010836
2015,2016,US6934751057,0.0
2015,2016,US6935061076,0.0
2015,2016,US69351T1060,0.0009292693137124658
2015,2016,US6936561009,0.0
2015,2016,US6937181088,0.0
2015,2016,US7010941042,0.0
2015,2016,US70211M1099,8.27199571566505e-17
2015,2016,US7134481081,4.7384425683154586e-18
2015,2016,US7140461093,8.813742434919092e-17
2015,2016,US7170811035,3.024619034362277e-17
2015,2016,US7234841010,0.0
2015,2016,US7244791007,0.0
2015,2016,US7310681025,0.0
2015,2016,US74144T1088,3.2384728738005954e-16
2015,2016,US74251V1026,2.2543595401166424e-17
2015,2016,US7427181091,2.3526571591170944e-17
2015,2016,US7433151039,2.1163617276037766e-16
2015,2016,US74340W1036,0.0
2015,2016,US7443201022,0.0
2015,2016,US7445731067,7.888136966287015e-18
2015,2016,US7475251036,3.6469498285323126e-16
2015,2016,US74834L1008,0.06578040772868186
2015,2016,US75281A1097,0.018227253856745857
2015,2016,US75513E1010,0.0
2015,2016,US7588491032,0.0
2015,2016,US7607591002,0.0
2015,2016,US7739031091,7.883524181571295e-17
2015,2016,US7835491082,0.0
2015,2016,US78409V1044,7.609904539067385e-17
2015,2016,US78440X8873,0.0
2015,2016,US78473E1038,6.740873416730605e-17
2015,2016,US79466L3024,0.0
2015,2016,US8101861065,0.0
2015,2016,US81211K1007,0.0
2015,2016,US8168511090,9.729181740626847e-18
2015,2016,US8243481061,0.0
2015,2016,US8288061091,0.0
2015,2016,US8326964058,0.0
2015,2016,US8354951027,3.1553268627858354e-17
2015,2016,US8425871071,0.01896655382527562
2015,2016,US84265V1052,1.0351938325148485e-16
2015,2016,US8447411088,0.0
2015,2016,US8545021011,0.0
2015,2016,US8552441094,0.0
2015,2016,US8574771031,3.273657959985848e-16
2015,2016,US8676524064,1.0121646659180615e-15
2015,2016,US8718291078,0.0
2015,2016,US8725401090,0.016998753980325017
2015,2016,US87612E1064,0.0
2015,2016,US8807701029,3.2909259943520036e-16
2015,2016,US8816242098,0.05656112305551102
2015,2016,US8825081040,4.469459641110454e-17
2015,2016,US8832031012,1.0549787551184242e-16
2015,2016,US88337F1057,7.516058015187862e-16
2015,2016,US8835561023,0.0
2015,2016,US88579Y1010,0.0
2015,2016,US89417E1091,0.0
2015,2016,US89832Q1094,0.0
2015,2016,US9024941034,6.949114541821869e-18
2015,2016,US9029733048,0.0
2015,2016,US9078181081,5.763511190908386e-18
2015,2016,US9111631035,0.0015405467800254768
2015,2016,US9113121068,0.0
2015,2016,US9113631090,0.0
2015,2016,US9129091081,0.0
2015,2016,US91324P1021,5.245291838002187e-16
2015,2016,US91529Y1064,0.0
2015,2016,US91913Y1001,0.0
2015,2016,US92276F1003,0.0
2015,2016,US92343V1044,2.2865165473923653e-16
2015,2016,US9255501051,0.0
2015,2016,US92556V1061,0.0
2015,2016,US9291601097,0.0
2015,2016,US92939U1060,0.0
2015,2016,US9311421039,0.08677130463885789
2015,2016,US9314271084,4.1200776047332486e-17
2015,2016,US94106L1098,0.0
2015,2016,US9418481035,3.997417076019389e-16
2015,2016,US9427491025,0.0
2015,2016,US9497461015,0.0
2015,2016,US95040Q1040,0.0
2015,2016,US95082P1057,5.069353036522318e-18
2015,2016,US9581021055,6.636110714932567e-16
2015,2016,US9621661043,0.0
2015,2016,US9633201069,0.0
2015,2016,US9694571004,0.0
2015,2016,US98389B1008,0.0
2015,2016,US9839191015,2.8014776121671055e-16
2015,2016,US98421M1062,0.0
2015,2016,US9884981013,2.1093890839965946e-17
2015,2016,US98956P1021,0.0
2016,2017,AN8068571086,1.2058974921060778e-19
2016,2017,AT00000VIE62,4.452943428007715e-20
2016,2017,AT0000606306,2.824618515893232e-18
2016,2017,AT0000652011,1.716074646758525e-18
2016,2017,AT0000720008,1.9174479101817522e-19
2016,2017,AT0000743059,0.0
2016,2017,AT0000746409,0.0
2016,2017,AT0000938204,1.7850455265920982e-20
2016,2017,BE0003470755,0.0
2016,2017,BE0003565737,2.9482533869905145e-18
2016,2017,BE0003593044,0.0
2016,2017,BE0003735496,0.0
2016,2017,BE0003739530,0.0
2016,2017,BE0003755692,8.501248548027644e-20
2016,2017,BE0003810273,0.0
2016,2017,BE0974258874,1.7716442792241328e-19
2016,2017,BE0974264930,4.416812162948006e-19
2016,2017,BE0974293251,0.0
2016,2017,CA00208D4084,7.196033868856376e-20
2016,2017,CA0084741085,0.006901225664209728
2016,2017,CA00900Q1037,3.1255696259112346e-18
2016,2017,CA01626P1484,0.0
2016,2017,CA05534B7604,7.176040606555912e-20
2016,2017,CA0636711016,9.72620403685877e-19
2016,2017,CA0641491075,1.2384084290324034e-18
2016,2017,CA0977518616,2.3766914635622048e-19
2016,2017,CA1247651088,0.0
2016,2017,CA12532H1047,2.8582787762416677e-19
2016,2017,CA13321L1085,4.1310465680339987e-19
2016,2017,CA1360691010,5.528171329887398e-19
2016,2017,CA1363751027,0.0
2016,2017,CA1363851017,0.0
2016,2017,CA13646K1084,0.0
2016,2017,CA1366812024,0.0
2016,2017,CA1367178326,0.0
2016,2017,CA2849025093,3.687980779351284e-19
2016,2017,CA29250N1050,0.0
2016,2017,CA2927661025,0.0
2016,2017,CA3180714048,1.3303855500989918e-19
2016,2017,CA3359341052,1.4628110906566827e-19
2016,2017,CA3495531079,0.0
2016,2017,CA3759161035,3.815313203130092e-19
2016,2017,CA39138C1068,1.8127280477979553e-18
2016,2017,CA4495861060,2.9899788314920715e-19
2016,2017,CA4530384086,0.0
2016,2017,CA45823T1066,0.0
2016,2017,CA4969024047,0.0
2016,2017,CA5394811015,2.0791763614236005e-20
2016,2017,CA5592224011,2.2396454228230186e-19
2016,2017,CA56501R1064,2.8015504766357566e-18
2016,2017,CA59151K1084,0.0
2016,2017,CA6744822033,0.0
2016,2017,CA7392391016,8.615013923186306e-19
2016,2017,CA7751092007,1.1428789287863384e-19
2016,2017,CA7800871021,1.3775351836023806e-18
2016,2017,CA8029121057,0.013379582754419821
2016,2017,CA8239011031,0.0
2016,2017,CA85472N1096,3.5624767519963054e-19
2016,2017,CA8667961053,1.8456050075870823e-18
2016,2017,CA8672241079,2.105304913237516e-20
2016,2017,CA87807B1076,0.0
2016,2017,CA8787422044,1.3217474955074447e-19
2016,2017,CA87971M1032,4.824277250904602e-19
2016,2017,CA8849038085,6.572543301872979e-19
2016,2017,CA8911605092,1.027514898082615e-18
2016,2017,CA89346D1078,0.0
2016,2017,CA8959451037,9.067341723066189e-20
2016,2017,CA98462Y1007,0.0
2016,2017,CH0008038389,4.451897860780718e-19
2016,2017,CH0008742519,0.0
2016,2017,CH0010570759,8.669301429304364e-19
2016,2017,CH0010645932,1.7790987403218604e-19
2016,2017,CH0011075394,0.0
2016,2017,CH0012005267,5.532720271523777e-19
2016,2017,CH0012032048,0.0
2016,2017,CH0012138530,1.6068469742275748e-18
2016,2017,CH0012138605,7.771413602776668e-19
2016,2017,CH0012142631,7.946079140632223e-21
2016,2017,CH0012214059,0.0
2016,2017,CH0012221716,4.367574590789118e-19
2016,2017,CH0012549785,8.543807096530621e-19
2016,2017,CH0013841017,1.7855317980567398e-19
2016,2017,CH0014786500,0.07746721716337883
2016,2017,CH0014852781,1.9393110830409552e-18
2016,2017,CH0018294154,6.521658341235022e-19
2016,2017,CH0024608827,3.114240608922167e-19
2016,2017,CH0024638212,2.403758198112107e-19
2016,2017,CH0025238863,1.2256541737453848e-19
2016,2017,CH0025751329,2.7632333984628516e-18
2016,2017,CH0030170408,0.0
2016,2017,CH0038388911,8.818515785581207e-19
2016,2017,CH0038863350,2.698357825307897e-19
2016,2017,CH0044328745,1.4548077633676482e-19
2016,2017,CH0048265513,2.2611933103196425e-19
2016,2017,CH0126881561,0.0
2016,2017,CH0210483332,1.941750624743194e-18
2016,2017,CH0244767585,6.499943055810012e-19
2016,2017,CH0319416936,6.833606284544194e-19
2016,2017,CH0418792922,0.0
2016,2017,CH1169151003,2.22360335281364e-19
2016,2017,CH1175448666,9.674169814569423e-19
2016,2017,CH1256740924,1.1165194961092333e-20
2016,2017,DE0005089031,1.0933618793648857e-18
2016,2017,DE0005140008,7.730442553849874e-19
2016,2017,DE0005190003,1.7017531238334833e-19
2016,2017,DE0005200000,0.0
2016,2017,DE0005408884,4.457844022245958e-19
2016,2017,DE0005439004,5.112097419832827e-19
2016,2017,DE0005470405,3.023815951718132e-21
2016,2017,DE0005552004,9.827719725729616e-21
2016,2017,DE0005557508,0.0
2016,2017,DE0005773303,2.6628072501587046e-19
2016,2017,DE0005810055,0.0
2016,2017,DE0005909006,0.0
2016,2017,DE0006047004,0.0
2016,2017,DE0006048432,4.84298996923244e-20
2016,2017,DE0006070006,4.788880736150307e-20
2016,2017,DE0006202005,0.0
2016,2017,DE0006231004,8.207179298633769e-19
2016,2017,DE0006599905,0.0
2016,2017,DE0006602006,7.360293195166506e-19
2016,2017,DE0006969603,3.461603251646253e-19
2016,2017,DE0007030009,1.9475625366102093e-19
2016,2017,DE0007037129,0.0
2016,2017,DE0007042301,4.817768292681195e-20
2016,2017,DE0007100000,3.99139389095256e-19
2016,2017,DE0007164600,9.248896589048119e-19
2016,2017,DE0007236101,1.3752980658596524e-19
2016,2017,DE0007257503,0.0
2016,2017,DE0007500001,0.0
2016,2017,DE0007664039,0.0
2016,2017,DE0008232125,0.0
2016,2017,DE0008402215,0.0
2016,2017,DE0008404005,0.0
2016,2017,DE0008430026,0.0
2016,2017,DE000A0D9PT0,0.0
2016,2017,DE000BASF111,0.0
2016,2017,DE000BAY0017,2.9113441764808745e-20
2016,2017,DE000CBK1001,1.3179352832030891e-18
2016,2017,DE000CLS1001,5.174277353578371e-19
2016,2017,DE000ENAG999,0.0
2016,2017,DE000KSAG888,0.0
2016,2017,DE000PSM7770,1.0026605861429112e-18
2016,2017,DE000TUAG505,0.0
2016,2017,DK0010181759,1.1253834458189582e-19
2016,2017,DK0010234467,7.73148273107724e-19
2016,2017,DK0010244508,0.0
2016,2017,DK0010274414,2.233358842252476e-18
2016,2017,DK0010287663,7.01218560533964e-19
2016,2017,DK0060079531,2.1506201063078894e-19
2016,2017,DK0060336014,2.2539127322809343e-19
2016,2017,DK0060448595,0.023373014435326557
2016,2017,DK0060477503,5.295907025584676e-19
2016,2017,DK0060636678,8.297508203443219e-20
2016,2017,DK0060738599,0.0
2016,2017,DK0061539921,1.5956879283007788e-18
2016,2017,ES0109427734,8.682904574570018e-19
2016,2017,ES0112501012,0.0
2016,2017,ES0113211835,0.0
2016,2017,ES0113679I37,9.75541396242616e-19
2016,2017,ES0113860A34,2.2591772630328017e-18
2016,2017,ES0113900J37,0.0
2016,2017,ES0116870314,0.0
2016,2017,ES0118594417,4.1472671004809644e-19
2016,2017,ES0122060314,0.0
2016,2017,ES0124244E34,0.0
2016,2017,ES0125220311,8.024524743530158e-21
2016,2017,ES0130670112,0.0
2016,2017,ES0130960018,5.778567842716643e-20
2016,2017,ES0132105018,1.3010781864934286e-19
2016,2017,ES0144580Y14,0.0
2016,2017,ES0148396007,3.514306518337293e-19
2016,2017,ES0152503035,1.4935689032295734e-18
2016,2017,ES0161560018,1.3811341084649243e-19
2016,2017,ES0167050915,0.0
2016,2017,ES0171743901,0.0
2016,2017,ES0171996087,1.5477368482325252e-20
2016,2017,ES0173093024,4.7024324865435e-19
2016,2017,ES0173516115,0.0
2016,2017,ES0178430E18,9.277346921769814e-20
2016,2017,ES0182870214,0.0
2016,2017,FI0009000202,2.1051752588813601e-19
2016,2017,FI0009000277,3.477890633716118e-18
2016,2017,FI0009000459,2.5559895316685895e-19
2016,2017,FI0009000681,1.420198392619414e-18
2016,2017,FI0009002158,8.742722687282888e-20
2016,2017,FI0009002422,1.4941732663016458e-20
2016,2017,FI0009003727,5.680761084950966e-19
2016,2017,FI0009005318,9.041390124176655e-19
2016,2017,FI0009005870,2.8845296790949624e-19
2016,2017,FI0009005961,0.0
2016,2017,FI0009005987,0.0
2016,2017,FI0009007132,0.0
2016,2017,FI0009007694,1.9350593065112763e-18
2016,2017,FI0009007884,0.0
2016,2017,FI0009013296,2.2885989414118555e-20
2016,2017,FI0009013403,7.211946980129839e-19
2016,2017,FI0009800643,5.0077987838598665e-19
2016,2017,FI4000440664,1.0488444962259612e-18
2016,2017,FR0000035081,1.3582817136703766e-19
2016,2017,FR0000039109,0.0
2016,2017,FR0000044448,3.556232598238523e-19
2016,2017,FR0000045072,9.558670460994676e-19
2016,2017,FR0000051070,5.84384054518309e-19
2016,2017,FR0000054900,1.6857521117196145e-18
2016,2017,FR0000064578,2.8055199023335056e-19
2016,2017,FR0000073272,1.112709753060198e-19
2016,2017,FR0000077919,8.312486085209321e-19
2016,2017,FR0000120073,0.0
2016,2017,FR0000120172,0.0
2016,2017,FR0000120222,0.0
2016,2017,FR0000120271,0.0
2016,2017,FR0000120321,4.557981844381444e-19
2016,2017,FR0000120404,1.728688514118164e-19
2016,2017,FR0000120503,6.371261439101055e-20
2016,2017,FR0000120560,0.00800273603917395
2016,2017,FR0000120578,9.900325365501949e-20
2016,2017,FR0000120628,1.37960617217873e-19
2016,2017,FR0000120644,1.4571723517327977e-19
2016,2017,FR0000120693,1.1117293828914385e-19
2016,2017,FR0000120859,4.3931673145462475e-20
2016,2017,FR0000120966,1.16320517677332e-18
2016,2017,FR0000121014,2.123242777035457e-18
2016,2017,FR0000121121,1.9417844863551733e-18
2016,2017,FR0000121204,1.4736280125609775e-19
2016,2017,FR0000121220,1.5750565267459511e-19
2016,2017,FR0000121329,2.349940517717499e-19
2016,2017,FR0000121485,3.067415419178932e-18
2016,2017,FR0000121667,5.251838828735714e-19
2016,2017,FR0000121964,0.0
2016,2017,FR0000121972,1.2671713698337963e-19
2016,2017,FR0000124141,0.0
2016,2017,FR0000125007,0.0
2016,2017,FR0000125338,1.1718491633419034e-18
2016,2017,FR0000125486,2.311873886323548e-19
2016,2017,FR0000127771,4.226086339065833e-19
2016,2017,FR0000130213,5.362937945060506e-19
2016,2017,FR0000130395,1.0191595867353115e-18
2016,2017,FR0000130403,1.4657069808498465e-18
2016,2017,FR0000130452,3.125162623514726e-19
2016,2017,FR0000130577,1.1623955327403659e-18
2016,2017,FR0000130809,1.169555648538385e-18
2016,2017,FR0000131104,1.1165875865394014e-18
2016,2017,FR0000131906,5.616820992057437e-19
2016,2017,FR0000133308,2.879209502797164e-19
2016,2017,FR0010040865,1.1605269471754053e-18
2016,2017,FR0010220475,7.855151684108166e-19
2016,2017,FR0010242511,0.0
2016,2017,FR0010307819,3.3986806596461845e-20
2016,2017,FR0010313833,0.0
2016,2017,FR0010340141,8.625098522172333e-19
2016,2017,FR0013176526,9.859142716816194e-19
2016,2017,FR0013280286,6.2570335954623765e-19
2016,2017,FR0013326246,4.646575404128005e-19
2016,2017,FR0013505062,7.217532241177074e-19
2016,2017,FR0013506730,7.165144645872585e-20
2016,2017,FR0014003TT8,3.5921849672993245e-19
2016,2017,FR001400AJ45,2.350234451365222e-19
2016,2017,GB0000163088,8.002045109597497e-19
2016,2017,GB0000456144,2.0301185985783647e-19
2016,2017,GB0000536739,0.0
2016,2017,GB0000811801,1.7087416083961141e-18
2016,2017,GB0000904986,1.0011852619372121e-18
2016,2017,GB0000961622,0.0004069511036147616
2016,2017,GB0001048619,0.0
2016,2017,GB0001367019,2.868005474505947e-19
2016,2017,GB0001500809,1.6606760316931398e-19
2016,2017,GB0001638955,2.693023352812076e-19
2016,2017,GB0001765816,1.480727325053275e-19
2016,2017,GB0001826634,1.0407849458799211e-18
2016,2017,GB0001859296,1.1641433445894295e-18
2016,2017,GB0002018363,6.577271773806561e-19
2016,2017,GB0002074580,1.3122393531963438e-19
2016,2017,GB0002148343,1.3405317273944025e-18
2016,2017,GB0002318888,0.01323557684268289
2016,2017,GB0002374006,0.0
2016,2017,GB0002418548,1.2300976219344725e-21
2016,2017,GB0002634946,0.0
2016,2017,GB0002652740,6.610565535109873e-20
2016,2017,GB0002670437,9.475641944948644e-20
2016,2017,GB0002869419,5.274082580167436e-19
2016,2017,GB0002875804,6.803351811904298e-19
2016,2017,GB0003096442,8.21909606529036e-20
2016,2017,GB0003308607,2.3053949654745205e-19
2016,2017,GB0003395000,1.567560097737154e-19
2016,2017,GB0003452173,0.0
2016,2017,GB0003753778,0.0
2016,2017,GB0004052071,0.0
2016,2017,GB0004082847,2.238526406164859e-18
2016,2017,GB0004161021,1.2721625159188445e-18
2016,2017,GB0004170089,6.657490161249733e-20
2016,2017,GB0004270301,6.095724228330734e-20
2016,2017,GB0004478896,1.3733241323582852e-18
2016,2017,GB0004544929,4.2496446294419965e-19
2016,2017,GB0004657408,1.935726788490018e-19
2016,2017,GB0004726096,4.48923436540039e-18
2016,2017,GB0004866223,1.5944706624395313e-19
2016,2017,GB0004915632,4.4705143589278256e-20
2016,2017,GB0005405286,1.457401044986097e-18
2016,2017,GB0005576813,1.3386391310511302e-18
2016,2017,GB0005603997,3.7066841036014967e-19
2016,2017,GB0005746358,3.7251600115886265e-19
2016,2017,GB0005758098,0.0
2016,2017,GB0006027295,1.0009934842662422e-19
2016,2017,GB0006215205,1.713961388000282e-20
2016,2017,GB0006650450,0.0
2016,2017,GB0006731235,1.0767672017914171e-19
2016,2017,GB0006776081,2.2905982761873767e-19
2016,2017,GB0006825383,1.3165481029953241e-18
2016,2017,GB0006886666,0.008311203317472466
2016,2017,GB0006928617,0.0
2016,2017,GB0007099541,2.9218524076690744e-19
2016,2017,GB0007188757,2.359732631224789e-20
2016,2017,GB0007323586,2.3224339245254813e-19
2016,2017,GB0007594764,6.002908119100394e-19
2016,2017,GB0007668071,9.363660814951466e-19
2016,2017,GB0007669376,1.0212099161391492e-18
2016,2017,GB0007908733,0.0
2016,2017,GB0007958233,3.9903798975227313e-19
2016,2017,GB0007973794,0.0
2016,2017,GB0007980591,7.109314112005011e-21
2016,2017,GB0008025412,2.9586365089444582e-19
2016,2017,GB0008085614,0.011703926647470811
2016,2017,GB0008220112,0.0
2016,2017,GB0008706128,3.3611249867722947e-18
2016,2017,GB0008782301,1.9870933972589472e-18
2016,2017,GB0008794710,0.0284557140672517
2016,2017,GB0009067447,0.024150378180587708
2016,2017,GB0009123323,0.003190202418365533
2016,2017,GB0009223206,9.017736333547625e-19
2016,2017,GB0009292243,4.124685029800388e-19
2016,2017,GB0009465807,6.83067735629304e-19
2016,2017,GB0009633180,0.0
2016,2017,GB0009697037,0.0
2016,2017,GB0009895292,1.876136244645026e-19
2016,2017,GB0022569080,4.656626964554572e-19
2016,2017,GB0030232317,2.626853525469612e-18
2016,2017,GB0030913577,3.176576524978735e-19
2016,2017,GB0031274896,1.5421278360085874e-19
2016,2017,GB0031348658,2.979015468865573e-18
2016,2017,GB0031638363,5.043793729254483e-19
2016,2017,GB0031743007,2.3117956235756168e-18
2016,2017,GB0032089863,4.791206241278636e-19
2016,2017,GB0033195214,0.0
2016,2017,GB0033986497,2.354520871452673e-19
2016,2017,GB00B012BV22,5.78777084761333e-20
2016,2017,GB00B012TP20,2.537704029675659e-19
2016,2017,GB00B019KW72,0.0
2016,2017,GB00B01QGK86,0.018261976111146477
2016,2017,GB00B02J6398,1.265962004727245e-18
2016,2017,GB00B033F229,0.0
2016,2017,GB00B03HDJ73,4.386551297412394e-20
2016,2017,GB00B04V1276,0.0
2016,2017,GB00B06QFB75,0.0
2016,2017,GB00B0744359,0.0
2016,2017,GB00B0744B38,1.9558518917433065e-19
2016,2017,GB00B082RF11,6.067190915626368e-19
2016,2017,GB00B0FYMT95,9.307966386257589e-19
2016,2017,GB00B0KM9T71,1.7114834422499116e-18
2016,2017,GB00B0LCW083,4.040110700534436e-19
2016,2017,GB00B0N8QD54,5.205383686697524e-19
2016,2017,GB00B0SWJX34,0.0
2016,2017,GB00B0WMWD03,0.004592745604834236
2016,2017,GB00B0YG1K06,3.8287238127061904e-19
2016,2017,GB00B128J450,0.0
2016,2017,GB00B132NW22,0.0
2016,2017,GB00B135BJ46,1.2559892653902993e-18
2016,2017,GB00B17MMZ46,1.3670993403447492e-19
2016,2017,GB00B18P5K83,8.829403833792153e-19
2016,2017,GB00B19Z1432,0.0
2016,2017,GB00B1FH8J72,0.0
2016,2017,GB00B1FP6H53,1.8822102651769325e-19
2016,2017,GB00B1FW5029,4.394660702894886e-19
2016,2017,GB00B1JQDM80,1.8201632565844062e-19
2016,2017,GB00B1KJJ408,0.0
2016,2017,GB00B1L5QH97,2.0118961449998888e-19
2016,2017,GB00B1P6ZR11,2.690955380363788e-19
2016,2017,GB00B1VNSX38,0.0
2016,2017,GB00B1WY2338,6.078048791640874e-19
2016,2017,GB00B1YW4409,2.4838633576255033e-18
2016,2017,GB00B27YGJ97,2.1489852064975653e-19
2016,2017,GB00B2B0DG97,7.31218112548044e-19
2016,2017,GB00B2NGPM57,1.380423293936049e-18
2016,2017,GB00B2PDGW16,0.0
2016,2017,GB00B39J2M42,0.0
2016,2017,GB00B3DGH821,0.010398061380472707
2016,2017,GB00B3FLWH99,1.629452433404969e-19
2016,2017,GB00B41H7391,1.4096578081106088e-19
2016,2017,GB00B45C9X44,1.9576807242294575e-20
2016,2017,GB00B572ZV91,0.004574350132607165
2016,2017,GB00B5N0P849,1.2875140977572024e-18
2016,2017,GB00B5ZN1N88,3.6757020094583945e-19
2016,2017,GB00B61TVQ02,1.401974618005985e-18
2016,2017,GB00B63H8491,1.253809061568378e-19
2016,2017,GB00B63QSB39,0.0
2016,2017,GB00B67G5X01,0.0
2016,2017,GB00B6XZKY75,6.345642256840154e-19
2016,2017,GB00B6YTLS95,0.0
2016,2017,GB00B7KR2P84,0.0
2016,2017,GB00B82YXW83,5.80003431134576e-20
2016,2017,GB00B8B4R053,0.0015913938410565018
2016,2017,GB00B8C3BL03,9.650222872020124e-19
2016,2017,GB00BD6K4575,0.0
2016,2017,GB00BDCPN049,0.0
2016,2017,GB00BDR05C01,0.0
2016,2017,GB00BF044593,0.0
2016,2017,GB00BF5H9P87,4.3054030700959253e-19
2016,2017,GB00BF8Q6K64,1.4623829251654523e-18
2016,2017,GB00BG11K365,6.386598898485e-19
2016,2017,GB00BGDT3G23,1.274396163657612e-18
2016,2017,GB00BGLP8L22,1.1987398468927434e-18
2016,2017,GB00BH4HKS39,3.5873994651130636e-20
2016,2017,GB00BHJYC057,6.23522353619246e-20
2016,2017,GB00BJ1F4N75,2.714832485764047e-19
2016,2017,GB00BJFFLV09,0.0
2016,2017,GB00BJQZC279,1.520501864468343e-18
2016,2017,GB00BK9RKT01,6.731237241165911e-19
2016,2017,GB00BKP36R26,1.429828074373014e-18
2016,2017,GB00BKY40Q38,3.8660002665144326e-19
2016,2017,GB00BL6XZ716,1.010315673864542e-18
2016,2017,GB00BLGZ9862,0.0
2016,2017,GB00BM8PJY71,3.966955909781152e-18
2016,2017,GB00BM8Q5M07,1.2920940203689838e-18
2016,2017,GB00BMJ6DW54,6.834393994271914e-19
2016,2017,GB00BN7SWP63,4.943980281974057e-21
2016,2017,GB00BNGDN821,1.7322697915076173e-18
2016,2017,GB00BNNTLN49,0.0
2016,2017,GB00BNR4T868,2.6342843594479444e-21
2016,2017,GB00BP6MXD84,0.0
2016,2017,GB00BP92CJ43,0.0
2016,2017,GB00BP9LHF23,2.162659812144247e-18
2016,2017,GB00BPQY8M80,1.2116584531245942e-18
2016,2017,GB00BRB37M78,0.02434297761894944
2016,2017,GB00BV9FP302,5.407929273997986e-19
2016,2017,GB00BVFNZH21,1.2818222081317297e-18
2016,2017,GB00BWFGQN14,8.485632936578201e-19
2016,2017,GB00BYQ0JC66,0.0
2016,2017,GB00BYT1DJ19,6.03631475073454e-20
2016,2017,GB00BYW0PQ60,0.0
2016,2017,GB00BYYTFB60,4.62750330091224e-19
2016,2017,GB00BZ4BQC70,9.688278092722895e-20
2016,2017,IE0001827041,0.0
2016,2017,IE0002424939,1.6293956384866563e-19
2016,2017,IE0003864109,1.8213570141988017e-19
2016,2017,IE0004927939,2.182044456644819e-18
2016,2017,IE00B00MZ448,2.968086852402387e-19
2016,2017,IE00B4BNMY34,0.0
2016,2017,IE00B8KQN827,0.0
2016,2017,IE00BD1RP616,6.810477516134688e-18
2016,2017,IE00BF0L3536,4.301539314570404e-18
2016,2017,IE00BGH1M568,0.0
2016,2017,IE00BK9ZQ967,1.9995109274897074e-19
2016,2017,IE00BLP1HW54,3.9634571196631264e-19
2016,2017,IE00BLS09M33,1.446759799308454e-19
2016,2017,IE00BTN1Y115,0.0
2016,2017,IE00BWT6H894,0.0
2016,2017,IE00BY7QL619,5.030553806219932e-20
2016,2017,IL0002810146,1.5096815020472498e-20
2016,2017,IL0006046119,2.1852717268372344e-18
2016,2017,IL0006625771,2.087623262966481e-18
2016,2017,IL0006954379,1.3691572354959877e-18
2016,2017,IL0010811243,3.0582051973481757e-19
2016,2017,IT0000062072,0.0
2016,2017,IT0000062957,1.7225595975214785e-18
2016,2017,IT0000066123,4.706832261481669e-19
2016,2017,IT0000072618,1.9681353203621828e-20
2016,2017,IT0000784154,2.8255992166068886e-19
2016,2017,IT0000784196,0.0
2016,2017,IT0001137345,1.5645154613663102e-19
2016,2017,IT0001233417,0.0
2016,2017,IT0001347308,0.0
2016,2017,IT0001469383,5.304180526459243e-19
2016,2017,IT0003128367,0.0
2016,2017,IT0003132476,0.0
2016,2017,IT0003153415,0.0
2016,2017,IT0003242622,9.500198136453759e-20
2016,2017,IT0003497168,4.675200073439139e-19
2016,2017,IT0003506190,0.0
2016,2017,IT0003856405,1.6359398096579668e-19
2016,2017,IT0004810054,6.6785754150408475e-19
2016,2017,IT0004827447,2.326834060503104e-18
2016,2017,IT0005218380,7.470125489857491e-19
2016,2017,IT0005239360,8.029178591498438e-19
2016,2017,IT0005495657,1.5079619289584596e-19
2016,2017,JE00B8KF9B49,5.697695991085984e-19
2016,2017,JE00BJ1DLW90,0.0
2016,2017,LR0008862868,0.0
2016,2017,LU0075646355,4.2744922692735707e-19
2016,2017,NL0000008977,9.697182818013791e-20
2016,2017,NL0000009082,0.0
2016,2017,NL0000009165,1.5732328134654077e-19
2016,2017,NL0000009538,1.266148429786433e-18
2016,2017,NL0000226223,3.691402589431343e-19
2016,2017,NL0000235190,9.603733762815511e-20
2016,2017,NL0000289213,6.04690974281678e-19
2016,2017,NL0000337319,6.801481113261994e-20
2016,2017,NL0000360618,0.0
2016,2017,NL0000379121,1.1742308443352568e-18
2016,2017,NL0000395903,0.0
2016,2017,NL0009432491,0.0
2016,2017,NL0010273215,2.0796942989107978e-18
2016,2017,NL0010583399,0.0
2016,2017,NL0011794037,0.0
2016,2017,NL0011821202,1.7824934889983147e-18
2016,2017,NL0013267909,1.7737724379790799e-19
2016,2017,NL00150001Q9,1.2507180428902747e-19
2016,2017,NL0015001FS8,0.0
2016,2017,NO0003028904,7.580938256655998e-19
2016,2017,NO0003053605,5.245924148226629e-19
2016,2017,NO0003733800,6.109046598984634e-19
2016,2017,NO0005052605,0.0
2016,2017,NO0010063308,2.0171231513229928e-19
2016,2017,NO0010096985,4.697026376489024e-20
2016,2017,NO0010199151,5.78332977468625e-20
2016,2017,NO0010208051,0.0
2016,2017,NO0010861990,3.575233166467218e-20
2016,2017,NO0012470089,4.99140423571556e-19
2016,2017,PA1436583006,0.0
2016,2017,PTBCP0AM0015,1.14704100256818e-19
2016,2017,PTEDP0AM0009,0.0
2016,2017,PTJMT0AE0001,0.0
2016,2017,PTSON0AM0001,1.0257892659848207e-18
2016,2017,PTZON0AM0006,0.0
2016,2017,SE0000106270,1.8526283442511093e-18
2016,2017,SE0000108227,0.0
2016,2017,SE0000108656,6.832681585303926e-19
2016,2017,SE0000112724,6.231828716579149e-19
2016,2017,SE0000113250,0.0
2016,2017,SE0000114837,2.931311281932863e-19
2016,2017,SE0000148884,2.1362813952125785e-18
2016,2017,SE0000163594,2.837870006983801e-19
2016,2017,SE0000163628,0.0
2016,2017,SE0000171100,0.0
2016,2017,SE0000190126,1.6254316454573253e-18
2016,2017,SE0000202624,4.0497562716159465e-19
2016,2017,SE0000242455,1.7055130116442388e-18
2016,2017,SE0000379190,1.3880972821694282e-18
2016,2017,SE0000667891,7.488175350246677e-19
2016,2017,SE0000667925,6.39133971974715e-19
2016,2017,SE0000695876,9.261973070064688e-19
2016,2017,SE0000806994,0.0
2016,2017,SE0000862997,2.7353765915422165e-19
2016,2017,SE0000949331,9.172022242990614e-19
2016,2017,SE0001662230,8.495838484654263e-19
2016,2017,SE0003366871,0.0
2016,2017,SE0005190238,5.918467435546712e-19
2016,2017,SE0006993770,5.538989279388778e-19
2016,2017,SE0007100581,6.423461495163589e-20
2016,2017,SE0007100599,1.9179863175327126e-18
2016,2017,SE0011090018,2.2558694646775466e-20
2016,2017,SE0011166974,2.0492236940529444e-18
2016,2017,SE0015811955,1.308323959016705e-18
2016,2017,SE0015812219,5.94829510421069e-19
2016,2017,SE0015988019,0.0
2016,2017,SE0016589188,2.635578642320627e-19
2016,2017,SE0017486889,3.2755551239966445e-19
2016,2017,SE0018012494,2.509993709024707e-18
2016,2017,SE0018012635,4.958159356288684e-19
2016,2017,SE0020050417,3.316775976465557e-19
2016,2017,US0010551028,9.202954398048632e-20
2016,2017,US00130H1059,0.0
2016,2017,US00206R1023,7.189826351129096e-19
2016,2017,US0028241000,0.0
2016,2017,US0028962076,1.1116029147309865e-18
2016,2017,US00724F1012,1.3703101356541518e-18
2016,2017,US0079031078,3.7894341360493094e-18
2016,2017,US0082521081,0.0
2016,2017,US00846U1016,5.399366024832832e-20
2016,2017,US0091581068,0.0
2016,2017,US00971T1016,0.004115981271992224
2016,2017,US0126531013,1.1358151413076426e-19
2016,2017,US0185811082,0.0
2016,2017,US0188021085,0.0
2016,2017,US0200021014,1.147905194175695e-19
2016,2017,US02079K3059,0.0
2016,2017,US02209S1033,0.013236603587475596
2016,2017,US0236081024,0.0
2016,2017,US0255371017,0.0
2016,2017,US0258161092,4.629422394023137e-19
2016,2017,US0268747849,0.0
2016,2017,US03027X1000,0.0
2016,2017,US03073E1055,0.0
2016,2017,US0311621009,2.0405890308952279e-19
2016,2017,US0326541051,0.0
2016,2017,US0367521038,0.0
2016,2017,US03743Q1085,1.77562334334837e-20
2016,2017,US0378331005,1.209609902482637e-18
2016,2017,US0382221051,1.5077842832636374e-18
2016,2017,US0383361039,0.0
2016,2017,US0394831020,0.0
2016,2017,US0441861046,1.4044912421774278e-19
2016,2017,US0495601058,0.0
2016,2017,US0527691069,0.0
2016,2017,US0530151036,0.0
2016,2017,US0534841012,0.0
2016,2017,US0536111091,1.0070543229599069e-19
2016,2017,US0538071038,0.0
2016,2017,US0584981064,0.0
2016,2017,US0605051046,1.8377060640972015e-18
2016,2017,US0640581007,0.0
2016,2017,US0708301041,1.8618507470329973e-18
2016,2017,US0718131099,0.00853887792648675
2016,2017,US0758871091,0.0
2016,2017,US0844231029,0.03940969365286292
2016,2017,US0865161014,0.0
2016,2017,US09062X1037,1.3443202422154116e-18
2016,2017,US0970231058,0.0
2016,2017,US0997241064,4.2703356022950766e-19
2016,2017,US1011211018,0.0
2016,2017,US1011371077,0.0
2016,2017,US1101221083,0.0
2016,2017,US1124631045,0.0
2016,2017,US1156372096,1.6369503237117984e-19
2016,2017,US12504L1098,2.930322772790434e-19
2016,2017,US1252691001,0.0
2016,2017,US1255231003,0.0
2016,2017,US1258961002,0.0
2016,2017,US1264081035,0.0
2016,2017,US12653C1080,0.0
2016,2017,US1266501006,1.3430132852475221e-19
2016,2017,US1270551013,0.0
2016,2017,US1307881029,0.002632147334116985
2016,2017,US1344291091,0.026313404203935433
2016,2017,US14040H1059,1.2210436642018189e-18
2016,2017,US14149Y1082,0.0
2016,2017,US1491231015,1.4318493226898485e-19
2016,2017,US1508701034,0.0
2016,2017,US15189T1079,0.0
2016,2017,US1667641005,0.0
2016,2017,US1717793095,3.690556470669801e-18
2016,2017,US1720621010,0.0
2016,2017,US17275R1023,1.3072583847402093e-18
2016,2017,US1729674242,0.0
2016,2017,US1858991011,0.0
2016,2017,US1890541097,0.04201867367577688
2016,2017,US1912161007,1.4098722667121292e-19
2016,2017,US1924461023,6.392836872652637e-19
2016,2017,US1941621039,0.0
2016,2017,US2003401070,4.639825118684955e-19
2016,2017,US2058871029,0.0023145289551830487
2016,2017,US20825C1045,0.0
2016,2017,US2091151041,0.05553012393407864
2016,2017,US21036P1084,0.0
2016,2017,US22160K1051,5.1803412819623637e-20
2016,2017,US2283681060,0.0
2016,2017,US2310211063,2.0238657957215893e-19
2016,2017,US2333311072,0.0
2016,2017,US23355L1061,2.0874049419624913e-18
2016,2017,US2371941053,0.0014651750126585747
2016,2017,US2441991054,0.0
2016,2017,US25179M1036,0.0
2016,2017,US2533931026,1.288649521669374e-18
2016,2017,US2546871060,0.0
2016,2017,US25746U1097,0.0
2016,2017,US2576511099,0.0
2016,2017,US2600031080,0.0
2016,2017,US26441C2044,0.0
2016,2017,US26875P1012,0.0
2016,2017,US26884L1098,2.6888595481040345e-20
2016,2017,US2774321002,0.0
2016,2017,US2786421030,9.39779816826164e-19
2016,2017,US2788651006,3.917875927087598e-20
2016,2017,US2810201077,0.0
2016,2017,US28176E1082,0.0
2016,2017,US2910111044,0.0
2016,2017,US29364G1031,0.0
2016,2017,US29444U7000,1.466628135763827e-18
2016,2017,US29670G1022,0.03193022262444773
2016,2017,US2971781057,0.0
2016,2017,US30034W1062,0.0
2016,2017,US30040W1080,0.0
2016,2017,US30161N1019,0.0
2016,2017,US3021301094,0.016258034515920085
2016,2017,US30231G1022,0.0247187128304761
2016,2017,US3024913036,1.321636081722493e-19
2016,2017,US31428X1063,0.0
2016,2017,US3156161024,1.0048761069048728e-19
2016,2017,US3167731005,1.9440501640148793e-18
2016,2017,US3379321074,0.0
2016,2017,US3434121022,2.2840999339807413e-18
2016,2017,US34354P1057,8.198044006684794e-19
2016,2017,US3453708600,4.521606777856603e-19
2016,2017,US3546131018,1.138202769434735e-18
2016,2017,US35671D8570,5.643732803582181e-20
2016,2017,US3647601083,1.404416638303291e-18
2016,2017,US3703341046,0.04612890002378723
2016,2017,US3719011096,4.5157103608853234e-20
2016,2017,US37247D1063,0.0
2016,2017,US3755581036,1.0338644000656442e-19
2016,2017,US38141G1040,2.048069748872694e-18
2016,2017,US3825501014,1.0944161920983122e-19
2016,2017,US3848021040,0.0
2016,2017,US3976241071,1.3189955964327978e-20
2016,2017,US40434L1052,0.0
2016,2017,US4062161017,1.1635498313327009e-19
2016,2017,US4128221086,0.0
2016,2017,US4165151048,0.0
2016,2017,US4180561072,2.3244019224315397e-19
2016,2017,US4198701009,0.0
2016,2017,US42250P1030,0.0
2016,2017,US4278661081,0.05484477436889919
2016,2017,US42809H1077,0.0
2016,2017,US4370761029,0.0
2016,2017,US4385161066,0.0
2016,2017,US4404521001,0.0
2016,2017,US44107P1049,3.358564035441882e-19
2016,2017,US4448591028,0.0
2016,2017,US4456581077,0.0
2016,2017,US4461501045,0.0
2016,2017,US4470111075,2.6750970666825218e-19
2016,2017,US45073V1089,0.0
2016,2017,US4523081093,0.0
2016,2017,US4581401001,3.071520958863781e-19
2016,2017,US4592001014,0.0029931884771973796
2016,2017,US4595061015,2.0198657666113777e-19
2016,2017,US4601461035,0.0
2016,2017,US4606901001,1.3629705434713178e-18
2016,2017,US4612021034,6.01612271227779e-20
2016,2017,US46284V1017,0.0
2016,2017,US4657411066,0.0
2016,2017,US46625H1005,3.4598891741159594e-19
2016,2017,US4663131039,2.758132247204621e-19
2016,2017,US46982L1089,1.386258249189378e-21
2016,2017,US4781601046,0.0
2016,2017,US48020Q1076,6.239370691461809e-19
2016,2017,US48203R1041,2.01029552495119e-18
2016,2017,US48242W1062,1.8060667284599573e-18
2016,2017,US4824801009,1.069539201223872e-18
2016,2017,US4878361082,6.075176653586893e-20
2016,2017,US4891701009,2.1159757542757042e-19
2016,2017,US4932671088,0.0
2016,2017,US4943681035,0.002803678669291303
2016,2017,US49446R1095,0.0
2016,2017,US4972661064,0.0
2016,2017,US5002551043,8.189876487546081e-19
2016,2017,US5010441013,0.0
2016,2017,US5178341070,1.0540777326741628e-20
2016,2017,US5184391044,0.0
2016,2017,US5324571083,0.0
2016,2017,US5339001068,1.3686150924604933e-20
2016,2017,US5341871094,8.496854142476851e-19
2016,2017,US5398301094,0.0
2016,2017,US5486611073,0.0
2016,2017,US5502411037,5.270066174408883e-20
2016,2017,US5526761086,4.652532062295739e-19
2016,2017,US5529531015,6.932164903513057e-19
2016,2017,US5543821012,4.782469689701018e-19
2016,2017,US5635714059,2.274935322143822e-19
2016,2017,US56418H1005,5.833729370655845e-19
2016,2017,US5658491064,0.0
2016,2017,US5717481023,0.0
2016,2017,US5719032022,6.155589419300319e-20
2016,2017,US5738741041,2.0998407251015218e-18
2016,2017,US5745991068,4.2346810411220835e-19
2016,2017,US57636Q1040,8.166000149797557e-20
2016,2017,US5770811025,0.0
2016,2017,US5797802064,0.0012841828839859524
2016,2017,US5801351017,0.037427894136242444
2016,2017,US58155Q1031,0.0
2016,2017,US58933Y1055,0.0
2016,2017,US59156R1086,0.0
2016,2017,US5926881054,0.0
2016,2017,US5949181045,4.922828614075195e-19
2016,2017,US5950171042,8.846905883372954e-21
2016,2017,US5951121038,1.2624567791085715e-19
2016,2017,US6005441000,9.346009740176928e-20
2016,2017,US6081901042,0.0
2016,2017,US60871R2094,1.940163809731656e-19
2016,2017,US6092071058,0.0
2016,2017,US6153691059,0.0
2016,2017,US6174464486,1.1247693764026296e-18
2016,2017,US61945C1036,5.039140403971933e-20
2016,2017,US6200763075,7.750036028357995e-19
2016,2017,US6267171022,0.0
2016,2017,US6293775085,0.0
2016,2017,US6311031081,0.0
2016,2017,US6365181022,0.0
2016,2017,US64110D1046,7.753705688549253e-19
2016,2017,US6512291062,1.180848141916735e-18
2016,2017,US6516391066,0.027559990110531177
2016,2017,US65339F1012,0.0
2016,2017,US6541061031,6.744487145260656e-19
2016,2017,US65473P1057,0.0
2016,2017,US6556641008,3.905713805503753e-19
2016,2017,US6558441084,0.0
2016,2017,US6658591044,6.729116643316751e-19
2016,2017,US6668071029,0.0
2016,2017,US6687711084,4.082255709026206e-19
2016,2017,US67066G1040,1.8738304235658164e-18
2016,2017,US6708371033,0.0
2016,2017,US67098H1041,0.0
2016,2017,US6745991058,0.0
2016,2017,US6819191064,0.0
2016,2017,US6821891057,0.0
2016,2017,US6826801036,0.0
2016,2017,US68389X1054,1.0040835238653504e-19
2016,2017,US6866881021,0.0
2016,2017,US6882392011,2.2388439989061685e-19
2016,2017,US69331C1080,0.028068663862401068
2016,2017,US6934751057,0.0
2016,2017,US6935061076,1.0450273332301963e-19
2016,2017,US69351T1060,0.0
2016,2017,US6936561009,1.4399114005602683e-19
2016,2017,US6937181088,2.384281233008025e-19
2016,2017,US6951561090,0.0
2016,2017,US7010941042,0.0
2016,2017,US70211M1099,1.9214738574633258e-19
2016,2017,US7134481081,0.0
2016,2017,US7140461093,4.666495497351163e-19
2016,2017,US7170811035,0.0
2016,2017,US7234841010,0.0
2016,2017,US7244791007,0.0
2016,2017,US7310681025,2.1682167053397588e-19
2016,2017,US74144T1088,0.0
2016,2017,US74251V1026,0.0
2016,2017,US7427181091,0.00899906235364939
2016,2017,US7433151039,1.7977784325717252e-19
2016,2017,US74340W1036,0.0
2016,2017,US7443201022,0.0
2016,2017,US7445731067,0.0
2016,2017,US7475251036,2.3658934282626127e-19
2016,2017,US74834L1008,0.04626450524804226
2016,2017,US75281A1097,0.00583742630308468
2016,2017,US75513E1010,0.0
2016,2017,US7588491032,0.0
2016,2017,US75886F1075,1.7730305106314394e-18
2016,2017,US7607591002,0.0
2016,2017,US7739031091,2.7594169605555053e-19
2016,2017,US7835491082,0.0
2016,2017,US78409V1044,0.0
2016,2017,US78440X8873,0.0
2016,2017,US78473E1038,0.0
2016,2017,US79466L3024,9.596436567560835e-19
2016,2017,US8101861065,0.006808872389660537
2016,2017,US81211K1007,0.0
2016,2017,US8168511090,0.0
2016,2017,US8243481061,2.1892719076142587e-19
2016,2017,US8288061091,0.0
2016,2017,US8326964058,0.0
2016,2017,US8354951027,0.0
2016,2017,US8425871071,0.01419194810422363
2016,2017,US84265V1052,7.831756825210638e-21
2016,2017,US8447411088,0.0
2016,2017,US8545021011,0.0
2016,2017,US8552441094,3.7456769120840723e-19
2016,2017,US8574771031,1.0520161544432758e-18
2016,2017,US8676524064,3.062522345646022e-18
2016,2017,US8718291078,1.339089995729597e-20
2016,2017,US8725401090,0.026085849051188225
2016,2017,US8760301072,4.494285405253986e-19
2016,2017,US87612E1064,4.664423983204468e-19
2016,2017,US8807701029,1.8461284141800656e-18
2016,2017,US8816242098,0.05301327928627636
2016,2017,US8825081040,0.0
2016,2017,US8832031012,3.1299142368206175e-19
2016,2017,US88337F1057,2.568462258750931e-18
2016,2017,US8835561023,0.0
2016,2017,US88579Y1010,1.348271421031169e-20
2016,2017,US89417E1091,0.0
2016,2017,US89832Q1094,0.0
2016,2017,US9024941034,0.0
2016,2017,US9029733048,0.0
2016,2017,US9078181081,0.0
2016,2017,US9111631035,1.1349459518830143e-19
2016,2017,US9113121068,0.0
2016,2017,US9113631090,0.0
2016,2017,US9129091081,0.0
2016,2017,US91324P1021,0.0
2016,2017,US91529Y1064,0.0
2016,2017,US91913Y1001,0.0
2016,2017,US92276F1003,0.0
2016,2017,US92343V1044,2.5026295183598037e-19
2016,2017,US9255501051,0.0
2016,2017,US92556V1061,1.524296571432833e-20
2016,2017,US9290421091,0.0
2016,2017,US9291601097,0.0
2016,2017,US92939U1060,0.0
2016,2017,US9311421039,0.0868663718831066
2016,2017,US9314271084,4.968838106825513e-20
2016,2017,US94106L1098,0.0
2016,2017,US9418481035,0.0
2016,2017,US9427491025,0.0
2016,2017,US9497461015,0.0
2016,2017,US95040Q1040,0.0
2016,2017,US95082P1057,0.0
2016,2017,US9581021055,3.398565053945705e-19
2016,2017,US9604131022,0.0
2016,2017,US9621661043,6.494035442179426e-20
2016,2017,US9633201069,3.8074295588863496e-19
2016,2017,US9694571004,0.0
2016,2017,US98389B1008,0.0
2016,2017,US9839191015,7.907165561164665e-19
2016,2017,US98421M1062,0.0
2016,2017,US9884981013,0.0
2016,2017,US98956P1021,0.0
2017,2018,AN8068571086,3.892429310094581e-06
2017,2018,AT000000STR1,0.0
2017,2018,AT00000VIE62,3.3586203239566712e-06
2017,2018,AT0000606306,7.31264934838115e-07
2017,2018,AT0000652011,0.0
2017,2018,AT0000720008,2.377515283430045e-06
2017,2018,AT0000730007,0.0
2017,2018,AT0000743059,4.159986219173387e-07
2017,2018,AT0000746409,2.8223675057447287e-07
2017,2018,AT0000938204,2.437561425277489e-07
2017,2018,BE0003470755,3.2778627166614183e-07
2017,2018,BE0003565737,1.1084563605218176e-05
2017,2018,BE0003593044,0.0
2017,2018,BE0003735496,0.0
2017,2018,BE0003739530,4.5830125124191664e-07
2017,2018,BE0003755692,3.012119915291238e-06
2017,2018,BE0003810273,8.178888063786245e-07
2017,2018,BE0974258874,1.558967054403705e-06
2017,2018,BE0974264930,6.187509470197439e-06
2017,2018,BE0974293251,0.0
2017,2018,BE0974320526,5.89454938913965e-07
2017,2018,CA00208D4084,4.998753865121984e-07
2017,2018,CA0084741085,0.0
2017,2018,CA00900Q1037,0.0
2017,2018,CA01626P1484,0.0
2017,2018,CA05534B7604,5.020286222983791e-07
2017,2018,CA0636711016,2.4157679266976962e-05
2017,2018,CA0641491075,9.707779895121311e-06
2017,2018,CA0977518616,4.7678825409799505e-06
2017,2018,CA1247651088,0.0
2017,2018,CA12532H1047,6.687969576486463e-06
2017,2018,CA13321L1085,5.558767936411111e-06
2017,2018,CA1360691010,9.529498854876288e-06
2017,2018,CA1363751027,9.185598559075228e-07
2017,2018,CA1363851017,5.086582956286443e-07
2017,2018,CA13646K1084,1.2433929186463655e-06
2017,2018,CA1366812024,2.3421237882325295e-06
2017,2018,CA1367178326,6.329296065542419e-08
2017,2018,CA2849025093,0.0
2017,2018,CA29250N1050,4.215866809732918e-07
2017,2018,CA2927661025,7.748633441669317e-07
2017,2018,CA3180714048,1.3252117766752513e-06
2017,2018,CA3359341052,1.2877714403079275e-06
2017,2018,CA3495531079,1.8534148017643417e-07
2017,2018,CA3518581051,0.01574003450642172
2017,2018,CA3759161035,8.46134382428045e-06
2017,2018,CA39138C1068,2.2401938059950702e-05
2017,2018,CA4495861060,1.2736253941833702e-05
2017,2018,CA4530384086,3.3065304105784386e-07
2017,2018,CA45823T1066,3.5604060449848225e-06
2017,2018,CA4969024047,2.198814330909933e-07
2017,2018,CA5394811015,2.4048160137033183e-06
2017,2018,CA5592224011,1.2847973045541363e-06
2017,2018,CA56501R1064,1.0360967995128553e-05
2017,2018,CA59151K1084,1.7737920830070136e-07
2017,2018,CA6744822033,8.181444870794141e-08
2017,2018,CA7392391016,1.3370416457188753e-05
2017,2018,CA7751092007,5.6822118687225325e-06
2017,2018,CA7800871021,9.348283429093357e-06
2017,2018,CA8029121057,0.007509151020513045
2017,2018,CA8239011031,6.88398598862301e-08
2017,2018,CA85472N1096,4.4979966285499506e-06
2017,2018,CA8667961053,1.943859637776346e-05
2017,2018,CA8672241079,8.498749379958837e-07
2017,2018,CA87807B1076,2.8299150888861426e-07
2017,2018,CA8787422044,1.4141338121518378e-06
2017,2018,CA87971M1032,1.4082292651293115e-06
2017,2018,CA8849038085,4.478127960704149e-06
2017,2018,CA8911605092,1.4087892906717785e-05
2017,2018,CA89346D1078,1.2065409800954587e-08
2017,2018,CA8959451037,3.361270708261634e-07
2017,2018,CA98462Y1007,6.185641549142404e-07
2017,2018,CH0008038389,0.0
2017,2018,CH0008742519,0.0
2017,2018,CH0010570759,4.950118306888008e-06
2017,2018,CH0010645932,0.0
2017,2018,CH0011075394,3.2498936310970245e-06
2017,2018,CH0012005267,0.0
2017,2018,CH0012032048,0.0
2017,2018,CH0012138530,1.997102920086516e-05
2017,2018,CH0012138605,8.489912005308294e-06
2017,2018,CH0012142631,5.185027932414613e-07
2017,2018,CH0012214059,4.938159859712626e-08
2017,2018,CH0012221716,0.0
2017,2018,CH0012549785,0.0
2017,2018,CH0013841017,0.0
2017,2018,CH0014786500,0.07144296479943127
2017,2018,CH0014852781,1.8413582331279416e-06
2017,2018,CH0018294154,0.0
2017,2018,CH0024608827,1.2803632236964124e-06
2017,2018,CH0024638212,0.0
2017,2018,CH0025238863,4.417943030511104e-07
2017,2018,CH0025751329,3.251456493373372e-06
2017,2018,CH0030170408,0.0
2017,2018,CH0038388911,0.0
2017,2018,CH0038863350,0.0
2017,2018,CH0044328745,8.214802459266262e-06
2017,2018,CH0048265513,1.6715956861477046e-06
2017,2018,CH0126881561,1.8522103858404027e-05
2017,2018,CH0210483332,1.5752141147415642e-05
2017,2018,CH0244767585,3.303059825203978e-05
2017,2018,CH0319416936,2.4771066695697545e-06
2017,2018,CH0418792922,0.0
2017,2018,CH1169151003,1.7283144761521117e-06
2017,2018,CH1175448666,0.0
2017,2018,CH1256740924,0.0
2017,2018,DE0005089031,5.764815928650237e-07
2017,2018,DE0005140008,1.668911361765865e-05
2017,2018,DE0005190003,0.0
2017,2018,DE0005200000,0.0
2017,2018,DE0005408884,0.0
2017,2018,DE0005439004,2.203830389186564e-06
2017,2018,DE0005470405,0.0
2017,2018,DE0005552004,4.586519577032316e-07
2017,2018,DE0005557508,1.8074682051515448e-06
2017,2018,DE0005773303,1.104670371747453e-06
2017,2018,DE0005785604,1.136178364157329e-06
2017,2018,DE0005785802,4.2166568255734397e-07
2017,2018,DE0005810055,1.6081150562559793e-05
2017,2018,DE0005909006,1.8376413013727966e-06
2017,2018,DE0006047004,5.340156644935294e-08
2017,2018,DE0006048432,0.0
2017,2018,DE0006070006,4.791955410684765e-07
2017,2018,DE0006202005,1.0107485155064345e-07
2017,2018,DE0006231004,1.5201270945379453e-05
2017,2018,DE0006569908,3.851528119442197e-06
2017,2018,DE0006599905,0.0
2017,2018,DE0006602006,2.9251791060878765e-06
2017,2018,DE0006969603,0.0
2017,2018,DE0007030009,6.288893770829726e-07
2017,2018,DE0007037129,1.6528401554877463e-08
2017,2018,DE0007042301,0.0
2017,2018,DE0007100000,3.861921088472583e-07
2017,2018,DE0007164600,1.8206012415704906e-06
2017,2018,DE0007236101,1.2445435234844605e-07
2017,2018,DE0007257503,1.0238970886926121e-06
2017,2018,DE0007500001,9.116531865917619e-08
2017,2018,DE0007664039,0.0
2017,2018,DE0008232125,7.35690239324333e-08
2017,2018,DE0008402215,0.0
2017,2018,DE0008404005,4.5473945117963814e-07
2017,2018,DE0008430026,2.5123265144407683e-06
2017,2018,DE000A0D9PT0,1.7902979610858664e-06
2017,2018,DE000A0S8488,2.5979733580912886e-06
2017,2018,DE000A1EWWW0,0.0
2017,2018,DE000BASF111,4.6436945592514264e-08
2017,2018,DE000BAY0017,6.842931021150696e-08
2017,2018,DE000CBK1001,1.1035393557875488e-05
2017,2018,DE000CLS1001,3.7068504479253542e-06
2017,2018,DE000ENAG999,6.222094054561166e-07
2017,2018,DE000KSAG888,2.3823670747006672e-07
2017,2018,DE000PSM7770,2.950313289561897e-05
2017,2018,DE000TUAG505,7.550692021726314e-07
2017,2018,DK0010181759,0.0
2017,2018,DK0010234467,1.896591386782589e-06
2017,2018,DK0010244508,5.8718229118506573e-08
2017,2018,DK0010274414,2.3875652851852878e-05
2017,2018,DK0010287663,6.8110058312783e-06
2017,2018,DK0010311471,9.481627016787371e-06
2017,2018,DK0060079531,7.79309711610186e-06
2017,2018,DK0060336014,0.0
2017,2018,DK0060448595,0.023211565683109968
2017,2018,DK0060477503,0.0
2017,2018,DK0060636678,0.0
2017,2018,DK0060738599,0.0
2017,2018,DK0061539921,2.6423516198370005e-06
2017,2018,ES0109427734,3.792253899733425e-05
2017,2018,ES0112501012,4.806031315736979e-07
2017,2018,ES0113211835,5.932429510323307e-06
2017,2018,ES0113679I37,1.913944914181015e-05
2017,2018,ES0113860A34,3.973406539443566e-06
2017,2018,ES0113900J37,1.124276687064429e-05
2017,2018,ES0116870314,1.8249318967084074e-07
2017,2018,ES0118594417,0.0
2017,2018,ES0122060314,1.3811022912321867e-07
2017,2018,ES0124244E34,1.315177275568933e-05
2017,2018,ES0125220311,4.037537029261477e-07
2017,2018,ES0130670112,1.0526652362674189e-07
2017,2018,ES0130960018,6.814518823449532e-07
2017,2018,ES0132105018,6.943047765387991e-07
2017,2018,ES0144580Y14,1.380351668267362e-07
2017,2018,ES0148396007,0.0
2017,2018,ES0152503035,3.4719874501845644e-05
2017,2018,ES0161560018,6.044849455987379e-06
2017,2018,ES0167050915,6.613452876248022e-07
2017,2018,ES0171996087,1.9800184268877721e-07
2017,2018,ES0173093024,3.930090150711329e-06
2017,2018,ES0173516115,1.4680556642702535e-07
2017,2018,ES0178430E18,0.0
2017,2018,ES0182870214,1.5319977995204239e-06
2017,2018,FI0009000202,6.695419700220836e-07
2017,2018,FI0009000277,0.0
2017,2018,FI0009000459,1.3098508912493023e-06
2017,2018,FI0009000681,1.2063896898671022e-05
2017,2018,FI0009002158,0.0
2017,2018,FI0009002422,8.668805553045778e-07
2017,2018,FI0009003727,1.0504537408228896e-06
2017,2018,FI0009005318,7.018543944419025e-07
2017,2018,FI0009005870,0.0
2017,2018,FI0009005961,1.2803269718443014e-06
2017,2018,FI0009005987,1.4521845043208696e-06
2017,2018,FI0009007132,1.346613029605138e-07
2017,2018,FI0009007694,5.2027006141429555e-06
2017,2018,FI0009007884,0.0
2017,2018,FI0009013296,6.08396798382354e-07
2017,2018,FI0009013403,0.0
2017,2018,FI0009800643,0.0
2017,2018,FI4000440664,0.0
2017,2018,FR0000035081,0.0
2017,2018,FR0000039109,3.368446283259019e-08
2017,2018,FR0000044448,2.7683984844242445e-06
2017,2018,FR0000045072,2.5446975691099715e-05
2017,2018,FR0000051070,0.0
2017,2018,FR0000054900,2.4308031226119917e-05
2017,2018,FR0000064578,7.3383287736233356e-06
2017,2018,FR0000073272,4.9819291289258e-06
2017,2018,FR0000077919,8.5004769529633e-06
2017,2018,FR0000120073,9.599539830759498e-08
2017,2018,FR0000120172,1.0725800697192433e-06
2017,2018,FR0000120222,1.2484051162419798e-05
2017,2018,FR0000120271,6.277239845080245e-07
2017,2018,FR0000120321,0.0
2017,2018,FR0000120404,2.7639366154471325e-06
2017,2018,FR0000120503,1.5141923804859559e-06
2017,2018,FR0000120560,0.0
2017,2018,FR0000120578,2.568060200592825e-06
2017,2018,FR0000120628,1.8553479727232287e-05
2017,2018,FR0000120644,0.0
2017,2018,FR0000120693,0.0
2017,2018,FR0000120859,3.2236312721069113e-07
2017,2018,FR0000120966,0.0
2017,2018,FR0000121014,0.0
2017,2018,FR0000121121,2.398015407761234e-05
2017,2018,FR0000121204,2.56993320872704e-06
2017,2018,FR0000121220,0.0
2017,2018,FR0000121329,6.504169306172377e-06
2017,2018,FR0000121485,0.0
2017,2018,FR0000121667,0.0
2017,2018,FR0000121964,0.0
2017,2018,FR0000121972,0.0
2017,2018,FR0000124141,7.781678537361108e-08
2017,2018,FR0000125007,2.8185958886693187e-07
2017,2018,FR0000125338,3.2568156994600805e-06
2017,2018,FR0000125486,2.043813278242146e-06
2017,2018,FR0000127771,2.6302316262799338e-06
2017,2018,FR0000130213,5.677745125574264e-06
2017,2018,FR0000130395,0.0
2017,2018,FR0000130403,3.1658233840364016e-06
2017,2018,FR0000130452,1.3043032007543027e-06
2017,2018,FR0000130577,2.9311486875721876e-06
2017,2018,FR0000130809,3.1546120470052614e-05
2017,2018,FR0000131104,3.258121169874077e-05
2017,2018,FR0000131906,3.280221178757938e-06
2017,2018,FR0000133308,1.128703139264915e-06
2017,2018,FR0010040865,9.661215456947593e-06
2017,2018,FR0010220475,0.0
2017,2018,FR0010242511,2.1237088377450042e-07
2017,2018,FR0010307819,0.0
2017,2018,FR0010313833,1.8533865036823735e-07
2017,2018,FR0010340141,5.7779737013140084e-06
2017,2018,FR0010533075,1.413360274903632e-06
2017,2018,FR0013176526,1.6156831813918568e-06
2017,2018,FR0013280286,0.0030811133673728434
2017,2018,FR0013326246,0.0
2017,2018,FR0013505062,8.28785515668256e-06
2017,2018,FR0013506730,3.5970742827737505e-06
2017,2018,FR0014003TT8,0.0
2017,2018,FR001400AJ45,6.602179786508038e-07
2017,2018,GB0000163088,1.0442352852086616e-06
2017,2018,GB0000456144,3.5127919210054247e-06
2017,2018,GB0000536739,2.0496310527084027e-06
2017,2018,GB0000811801,2.3781881376458618e-06
2017,2018,GB0000904986,3.1527174111286627e-06
2017,2018,GB0000961622,8.744128665675823e-07
2017,2018,GB0001048619,7.154971512245762e-06
2017,2018,GB0001367019,4.24640581647211e-07
2017,2018,GB0001500809,1.9463542067272319e-07
2017,2018,GB0001638955,7.777192040934305e-07
2017,2018,GB0001765816,1.771522601433121e-05
2017,2018,GB0001826634,5.230423013671147e-06
2017,2018,GB0001859296,1.529010272062823e-06
2017,2018,GB0002018363,0.0
2017,2018,GB0002074580,0.0
2017,2018,GB0002148343,0.0
2017,2018,GB0002318888,3.2811287139974076e-06
2017,2018,GB0002374006,0.0
2017,2018,GB0002418548,4.468110762332195e-07
2017,2018,GB0002634946,1.6027220283335503e-06
2017,2018,GB0002652740,0.0
2017,2018,GB0002670437,0.0
2017,2018,GB0002869419,3.1645808425457322e-06
2017,2018,GB0002875804,0.0
2017,2018,GB0003096442,1.5090828871835894e-05
2017,2018,GB0003308607,8.428572545994542e-07
2017,2018,GB0003395000,6.311164296210779e-07
2017,2018,GB0003452173,1.1549931056319441e-07
2017,2018,GB0003753778,3.504088726354997e-07
2017,2018,GB0004052071,0.0
2017,2018,GB0004082847,7.953979779468722e-06
2017,2018,GB0004161021,1.1960722045100783e-05
2017,2018,GB0004170089,6.861551426075989e-07
2017,2018,GB0004270301,3.6635597192251184e-07
2017,2018,GB0004478896,3.4171825200041464e-06
2017,2018,GB0004544929,0.0
2017,2018,GB0004657408,2.176557253429618e-06
2017,2018,GB0004726096,2.0164061616017995e-05
2017,2018,GB0004866223,6.447575797225005e-07
2017,2018,GB0004915632,1.8323331548009126e-06
2017,2018,GB0005405286,1.285373381717704e-05
2017,2018,GB0005576813,8.459126561747622e-06
2017,2018,GB0005603997,2.0346963833579834e-05
2017,2018,GB0005746358,3.329728471796547e-06
2017,2018,GB0005758098,1.7102949778714453e-06
2017,2018,GB0006027295,3.751169462772043e-07
2017,2018,GB0006215205,1.271181059840707e-06
2017,2018,GB0006650450,0.0
2017,2018,GB0006731235,8.123098445863379e-07
2017,2018,GB0006776081,9.266951225624344e-07
2017,2018,GB0006825383,5.868647292403545e-06
2017,2018,GB0006886666,0.0027415823266627322
2017,2018,GB0006928617,2.130517871719467e-06
2017,2018,GB0007099541,6.78405232184e-06
2017,2018,GB0007188757,7.358065904685662e-07
2017,2018,GB0007323586,7.630043469491351e-06
2017,2018,GB0007594764,0.0
2017,2018,GB0007668071,2.045133290043429e-05
2017,2018,GB0007669376,6.224938469781142e-06
2017,2018,GB0007908733,8.025797440931024e-08
2017,2018,GB0007958233,0.0
2017,2018,GB0007973794,6.030567406227409e-07
2017,2018,GB0007980591,6.725983239704682e-07
2017,2018,GB0008025412,0.0
2017,2018,GB0008085614,3.5509879307009257e-06
2017,2018,GB0008220112,1.0502828941299702e-07
2017,2018,GB0008706128,2.1046278974186862e-05
2017,2018,GB0008782301,9.05115087005552e-06
2017,2018,GB0008794710,0.020832846603695648
2017,2018,GB0009067447,0.028039884122888062
2017,2018,GB0009123323,1.5068635112914429e-06
2017,2018,GB0009223206,1.3740119305452537e-05
2017,2018,GB0009292243,0.0
2017,2018,GB0009465807,0.0
2017,2018,GB0009633180,0.0
2017,2018,GB0009697037,0.0
2017,2018,GB0009895292,0.0
2017,2018,GB0022569080,6.236692390623992e-06
2017,2018,GB0030232317,1.5075148543730226e-05
2017,2018,GB0030329360,3.018114149857685e-07
2017,2018,GB0030913577,0.0
2017,2018,GB0031274896,1.9462040372271334e-06
2017,2018,GB0031348658,2.9991119016769992e-05
2017,2018,GB0031638363,0.0
2017,2018,GB0031743007,1.6496210294922062e-06
2017,2018,GB0032089863,6.223278970853319e-06
2017,2018,GB0033195214,3.696430230267871e-07
2017,2018,GB0033986497,2.958550686336911e-05
2017,2018,GB00B012BV22,0.0
2017,2018,GB00B012TP20,1.902714146343152e-06
2017,2018,GB00B019KW72,0.0
2017,2018,GB00B01QGK86,0.022213341264765908
2017,2018,GB00B02J6398,1.5611363249278245e-05
2017,2018,GB00B033F229,2.648371086913866e-07
2017,2018,GB00B03HDJ73,8.711117646954887e-07
2017,2018,GB00B04V1276,0.0
2017,2018,GB00B06QFB75,5.320941951637136e-06
2017,2018,GB00B0744359,0.0
2017,2018,GB00B0744B38,0.0
2017,2018,GB00B082RF11,1.7031542038488687e-06
2017,2018,GB00B0FYMT95,1.5413584455657028e-05
2017,2018,GB00B0KM9T71,1.3782318673452475e-05
2017,2018,GB00B0LCW083,2.0613610836939896e-06
2017,2018,GB00B0N8QD54,4.79673605326834e-06
2017,2018,GB00B0SWJX34,1.995603871434333e-06
2017,2018,GB00B0WMWD03,0.004488601296375328
2017,2018,GB00B0YG1K06,9.761928837078453e-07
2017,2018,GB00B128J450,0.0
2017,2018,GB00B132NW22,0.0
2017,2018,GB00B135BJ46,0.0
2017,2018,GB00B17MMZ46,3.172878305307361e-06
2017,2018,GB00B18P5K83,4.286067455710428e-06
2017,2018,GB00B19Z1432,0.0
2017,2018,GB00B1FH8J72,1.1616055418182939e-06
2017,2018,GB00B1FP6H53,0.0
2017,2018,GB00B1FW5029,0.0
2017,2018,GB00B1JQDM80,0.0
2017,2018,GB00B1KJJ408,3.6599589855498712e-06
2017,2018,GB00B1L5QH97,0.0
2017,2018,GB00B1P6ZR11,1.1720547372141924e-05
2017,2018,GB00B1VNSX38,3.97564674805627e-08
2017,2018,GB00B1WY2338,2.6745095450203743e-06
2017,2018,GB00B1XH2C03,2.6732593900652573e-06
2017,2018,GB00B1YW4409,2.3126714218930622e-05
2017,2018,GB00B27YGJ97,5.555961021896981e-06
2017,2018,GB00B2B0DG97,6.40466731253686e-06
2017,2018,GB00B2NGPM57,4.595980950036011e-07
2017,2018,GB00B2PDGW16,7.501335060748111e-06
2017,2018,GB00B39J2M42,1.7011880354375364e-06
2017,2018,GB00B3DGH821,0.007742374144054849
2017,2018,GB00B3FLWH99,7.022779549581234e-07
2017,2018,GB00B41H7391,2.0444405925537893e-05
2017,2018,GB00B45C9X44,1.1126631419762755e-06
2017,2018,GB00B572ZV91,0.0017055022536387801
2017,2018,GB00B5N0P849,7.26744834441092e-06
2017,2018,GB00B5ZN1N88,7.065173188285122e-06
2017,2018,GB00B61TVQ02,3.307637491889948e-08
2017,2018,GB00B63H8491,2.445282739482285e-06
2017,2018,GB00B63QSB39,2.2423626832750568e-06
2017,2018,GB00B67G5X01,1.2691980578914875e-05
2017,2018,GB00B6XZKY75,0.0040299441199788235
2017,2018,GB00B6YTLS95,1.9163891985510958e-07
2017,2018,GB00B7KR2P84,2.7606676540061585e-07
2017,2018,GB00B82YXW83,7.879384307047768e-07
2017,2018,GB00B8B4R053,0.0
2017,2018,GB00B8C3BL03,8.159483617304932e-06
2017,2018,GB00BD6K4575,2.1496447398949444e-06
2017,2018,GB00BDCPN049,0.0
2017,2018,GB00BDR05C01,1.6139520600733504e-07
2017,2018,GB00BF044593,9.363559371009253e-06
2017,2018,GB00BF5H9P87,9.248058776815734e-06
2017,2018,GB00BF8Q6K64,1.7015494441277206e-05
2017,2018,GB00BG11K365,2.016810365980868e-05
2017,2018,GB00BGDT3G23,3.353454201626923e-06
2017,2018,GB00BGLP8L22,8.396967971563501e-07
2017,2018,GB00BH4HKS39,3.329610550059953e-07
2017,2018,GB00BHJYC057,6.564303656362649e-07
2017,2018,GB00BJ1F4N75,1.7952796692524605e-05
2017,2018,GB00BJFFLV09,0.0
2017,2018,GB00BJQZC279,2.0759850832863046e-05
2017,2018,GB00BK9RKT01,2.406221342541568e-06
2017,2018,GB00BKP36R26,1.6624988030471568e-05
2017,2018,GB00BKY40Q38,1.9705898411760945e-06
2017,2018,GB00BL6XZ716,9.263946706007098e-06
2017,2018,GB00BLGZ9862,4.387582298671902e-07
2017,2018,GB00BM8PJY71,8.884043422789786e-06
2017,2018,GB00BM8Q5M07,1.9587609418976038e-05
2017,2018,GB00BMJ6DW54,2.144755467906658e-06
2017,2018,GB00BN7SWP63,0.0
2017,2018,GB00BNGDN821,1.211063791057803e-07
2017,2018,GB00BNNTLN49,1.5713699326134232e-07
2017,2018,GB00BNR4T868,7.157043222413069e-07
2017,2018,GB00BP6MXD84,4.1686023206077915e-07
2017,2018,GB00BP92CJ43,0.0
2017,2018,GB00BP9LHF23,1.5665190563085927e-05
2017,2018,GB00BPQY8M80,1.872067651610632e-05
2017,2018,GB00BRB37M78,0.03361333458072343
2017,2018,GB00BV9FP302,1.068191536311199e-05
2017,2018,GB00BVFNZH21,0.0
2017,2018,GB00BWFGQN14,0.0
2017,2018,GB00BYQ0JC66,5.773895422417089e-06
2017,2018,GB00BYT1DJ19,2.943540624044173e-05
2017,2018,GB00BYW0PQ60,3.69333283587443e-06
2017,2018,GB00BYYTFB60,0.0
2017,2018,GB00BZ4BQC70,0.0
2017,2018,IE0001827041,1.2694629213954559e-07
2017,2018,IE0002424939,1.1730713052967366e-06
2017,2018,IE0003864109,1.2047457421181761e-06
2017,2018,IE0004906560,0.0
2017,2018,IE0004927939,1.2916719242821266e-05
2017,2018,IE00B00MZ448,3.294667208258248e-06
2017,2018,IE00B4BNMY34,5.546207047820684e-07
2017,2018,IE00B8KQN827,2.051591311754794e-06
2017,2018,IE00BD1RP616,8.68673588015854e-05
2017,2018,IE00BF0L3536,6.25918668840782e-05
2017,2018,IE00BGH1M568,7.101180081694718e-07
2017,2018,IE00BK9ZQ967,1.2878985040181291e-06
2017,2018,IE00BLP1HW54,0.0013661329770077218
2017,2018,IE00BLS09M33,2.3612909051523953e-06
2017,2018,IE00BTN1Y115,6.662046713766951e-06
2017,2018,IE00BWT6H894,0.0036336566774275996
2017,2018,IE00BY7QL619,8.658057750073242e-07
2017,2018,IL0002300114,3.5590603938292268e-06
2017,2018,IL0002810146,3.712826888406939e-07
2017,2018,IL0006046119,1.3653147840264168e-05
2017,2018,IL0006625771,7.86680155918234e-06
2017,2018,IL0006954379,8.924004146558988e-06
2017,2018,IL0010811243,2.9621804430314767e-06
2017,2018,IT0000062072,2.06029331645577e-05
2017,2018,IT0000062957,3.086098338258594e-05
2017,2018,IT0000066123,1.5490099810800076e-05
2017,2018,IT0000072618,1.9300087550289035e-05
2017,2018,IT0000784154,2.4378249746832155e-05
2017,2018,IT0000784196,7.779703875951275e-06
2017,2018,IT0001137345,6.3957361405396725e-06
2017,2018,IT0001233417,2.163363400010524e-07
2017,2018,IT0001347308,4.1277969553068364e-08
2017,2018,IT0001469383,2.0157909678636167e-05
2017,2018,IT0003128367,1.1880936300571072e-07
2017,2018,IT0003132476,2.8471580544776004e-07
2017,2018,IT0003153415,6.448083599563726e-08
2017,2018,IT0003242622,1.5708490521290217e-06
2017,2018,IT0003497168,3.2884477372123926e-06
2017,2018,IT0003506190,4.561788106298848e-06
2017,2018,IT0003856405,2.176585358801613e-06
2017,2018,IT0004810054,3.6997701445210264e-05
2017,2018,IT0004827447,6.15776871660716e-05
2017,2018,IT0005218380,2.6715456678900554e-05
2017,2018,IT0005239360,3.274262632983523e-05
2017,2018,IT0005495657,3.8408304305601467e-07
2017,2018,JE00B8KF9B49,5.268511658891813e-06
2017,2018,JE00BJ1DLW90,1.645529188117226e-05
2017,2018,LR0008862868,1.0391756188035596e-06
2017,2018,LU0075646355,3.2274742618290332e-06
2017,2018,NL0000008977,1.4197727372308634e-07
2017,2018,NL0000009082,3.514942292265968e-06
2017,2018,NL0000009165,0.0
2017,2018,NL0000009538,3.705884025905361e-06
2017,2018,NL0000226223,5.156728297266428e-06
2017,2018,NL0000235190,6.10179779879147e-06
2017,2018,NL0000289213,2.361662239289522e-06
2017,2018,NL0000337319,0.0
2017,2018,NL0000360618,1.4832238640751586e-07
2017,2018,NL0000379121,1.0368201089977768e-05
2017,2018,NL0000395903,9.412039734095458e-07
2017,2018,NL0009432491,0.0
2017,2018,NL0010273215,1.4229661383336402e-05
2017,2018,NL0010583399,0.0
2017,2018,NL0011794037,4.378565226200523e-07
2017,2018,NL0011821202,2.1919127138495523e-05
2017,2018,NL0013267909,6.229274687600182e-07
2017,2018,NL00150001Q9,2.0709381738926116e-06
2017,2018,NL00150003E1,1.2637931575522538e-06
2017,2018,NL0015001FS8,1.4963602550279696e-06
2017,2018,NL0015435975,0.0
2017,2018,NO0003028904,1.8632823474009685e-05
2017,2018,NO0003053605,0.0
2017,2018,NO0003733800,0.0
2017,2018,NO0005052605,4.3190306337224265e-07
2017,2018,NO0010063308,0.0
2017,2018,NO0010096985,8.296211612908937e-07
2017,2018,NO0010199151,3.690492437017189e-07
2017,2018,NO0010208051,2.1946863783274975e-07
2017,2018,NO0010215684,3.7128594182386737e-07
2017,2018,NO0010861990,3.8586608716968515e-07
2017,2018,NO0012470089,0.0
2017,2018,PA1436583006,2.619114494805434e-08
2017,2018,PTBCP0AM0015,1.1574558972709444e-05
2017,2018,PTEDP0AM0009,8.526156686792746e-08
2017,2018,PTJMT0AE0001,0.0
2017,2018,PTSON0AM0001,3.272658656665185e-06
2017,2018,PTZON0AM0006,7.377801941775319e-06
2017,2018,SE0000106270,3.7790368682936215e-06
2017,2018,SE0000108227,0.0
2017,2018,SE0000108656,0.0
2017,2018,SE0000112724,1.061420500661032e-06
2017,2018,SE0000113250,4.0606637070400714e-08
2017,2018,SE0000114837,1.2252164809740796e-06
2017,2018,SE0000148884,0.0
2017,2018,SE0000163594,4.783627866248535e-07
2017,2018,SE0000163628,4.771636503240728e-06
2017,2018,SE0000171100,3.5500611170403236e-08
2017,2018,SE0000190126,0.0
2017,2018,SE0000202624,0.0
2017,2018,SE0000242455,1.5410946216737707e-05
2017,2018,SE0000379190,0.0
2017,2018,SE0000667891,0.0
2017,2018,SE0000667925,0.0
2017,2018,SE0000695876,0.0
2017,2018,SE0000806994,0.0
2017,2018,SE0000862997,7.024276614595175e-06
2017,2018,SE0000949331,3.6124160279939493e-06
2017,2018,SE0001662230,5.285358950541491e-06
2017,2018,SE0003366871,4.388459714900329e-08
2017,2018,SE0005190238,0.0
2017,2018,SE0006993770,0.0
2017,2018,SE0007100581,0.0
2017,2018,SE0007100599,3.4399212820308208e-06
2017,2018,SE0011090018,2.18833183871539e-06
2017,2018,SE0011166974,0.0
2017,2018,SE0015811955,8.288487532749393e-08
2017,2018,SE0015812219,0.0
2017,2018,SE0015988019,0.0
2017,2018,SE0016589188,9.66634684298537e-07
2017,2018,SE0017486889,0.0
2017,2018,SE0018012494,3.6275284710605294e-06
2017,2018,SE0018012635,0.0
2017,2018,SE0020050417,0.0
2017,2018,US0010551028,2.165687226954436e-05
2017,2018,US0010841023,8.539981833733332e-06
2017,2018,US00130H1059,2.2617183125337608e-08
2017,2018,US00206R1023,0.0
2017,2018,US0028241000,2.390429619545844e-07
2017,2018,US0028962076,0.0
2017,2018,US00724F1012,7.603668747851488e-06
2017,2018,US0079031078,6.338404755550055e-05
2017,2018,US0082521081,0.0
2017,2018,US00846U1016,1.563399457465348e-05
2017,2018,US0091581068,2.4691806475925684e-07
2017,2018,US00971T1016,0.017166017696796567
2017,2018,US0126531013,1.224422590552658e-06
2017,2018,US0185811082,1.7253571781903965e-05
2017,2018,US0188021085,8.605362210431114e-08
2017,2018,US0200021014,0.0
2017,2018,US02079K3059,1.1055487727976013e-05
2017,2018,US02209S1033,0.004977620217224479
2017,2018,US0236081024,7.694384503903188e-08
2017,2018,US0255371017,5.393316330896113e-08
2017,2018,US0258161092,2.499861778836847e-05
2017,2018,US0268747849,2.3140791343888142e-05
2017,2018,US03027X1000,0.0
2017,2018,US03073E1055,1.232194931029784e-06
2017,2018,US0311621009,0.0
2017,2018,US0320951017,2.819923125693444e-06
2017,2018,US0326541051,9.564751897756814e-06
2017,2018,US0367521038,1.8137338404800885e-05
2017,2018,US03743Q1085,4.842100775717762e-07
2017,2018,US0378331005,4.223840119404379e-06
2017,2018,US0382221051,1.3363561171098284e-05
2017,2018,US0383361039,0.0
2017,2018,US0394831020,2.66205467165245e-07
2017,2018,US0441861046,2.8733846655199936e-06
2017,2018,US04621X1081,0.0
2017,2018,US0495601058,3.357603103441482e-07
2017,2018,US0527691069,1.717626878146823e-06
2017,2018,US0528001094,3.938374376808692e-06
2017,2018,US0530151036,4.792154617831658e-06
2017,2018,US0534841012,0.0
2017,2018,US0536111091,3.626712234772569e-08
2017,2018,US0538071038,5.395936958352394e-06
2017,2018,US0584981064,0.0
2017,2018,US0605051046,2.857851776193994e-05
2017,2018,US0640581007,1.910172572769393e-05
2017,2018,US0708301041,0.0
2017,2018,US0718131099,0.02299255629891778
2017,2018,US0758871091,2.1455255951708574e-06
2017,2018,US0844231029,0.03465731617375488
2017,2018,US0865161014,9.153054408848234e-07
2017,2018,US09062X1037,0.0016278731699560264
2017,2018,US0970231058,8.617653146118574e-06
2017,2018,US09857L1089,1.1702493109663873e-05
2017,2018,US0997241064,6.419641384221021e-06
2017,2018,US1011211018,3.434083158201349e-07
2017,2018,US1011371077,9.949475904419231e-06
2017,2018,US1101221083,6.6133594475589046e-06
2017,2018,US1124631045,2.240829628708515e-06
2017,2018,US1156372096,0.0
2017,2018,US12504L1098,1.1188996176727891e-05
2017,2018,US1252691001,1.4109590882735835e-07
2017,2018,US1255231003,0.0
2017,2018,US1258961002,6.503353442201491e-08
2017,2018,US1264081035,9.289999980679232e-07
2017,2018,US12653C1080,4.27914350372762e-07
2017,2018,US1266501006,7.178997882831144e-07
2017,2018,US1270551013,2.328594654040813e-07
2017,2018,US1307881029,0.008852079581542901
2017,2018,US1344291091,1.0734095734330687e-06
2017,2018,US14040H1059,2.293821069447515e-05
2017,2018,US14149Y1082,1.9850014713513476e-06
2017,2018,US1491231015,0.0
2017,2018,US1508701034,1.630970649088443e-07
2017,2018,US15189T1079,7.30770816998565e-08
2017,2018,US1667641005,3.572776787142641e-07
2017,2018,US1717793095,4.003380960618372e-05
2017,2018,US1720621010,2.8993184673038733e-07
2017,2018,US17275R1023,6.736775491825953e-06
2017,2018,US1729674242,2.564736149844485e-05
2017,2018,US1858991011,1.3086594129867957e-07
2017,2018,US1890541097,0.04893528865976912
2017,2018,US1912161007,0.0
2017,2018,US1924461023,1.6335484128941233e-05
2017,2018,US1941621039,0.0
2017,2018,US2003401070,1.9113094937734728e-05
2017,2018,US2058871029,0.0
2017,2018,US20825C1045,3.512319985959874e-07
2017,2018,US2091151041,0.05126147091895846
2017,2018,US21036P1084,0.0
2017,2018,US22160K1051,8.965438359254485e-07
2017,2018,US2283681060,0.0
2017,2018,US2310211063,1.5720706368249541e-06
2017,2018,US2333311072,8.45716821346672e-08
2017,2018,US23355L1061,3.6683890569438827e-06
2017,2018,US2371941053,0.0065252257240264325
2017,2018,US2441991054,4.314936695301654e-06
2017,2018,US2473617023,0.00025031804597213894
2017,2018,US25179M1036,2.5840913118496557e-06
2017,2018,US2533931026,0.0
2017,2018,US2546871060,8.840461025561685e-06
2017,2018,US25746U1097,1.4553889628386026e-07
2017,2018,US2576511099,8.004899231869234e-06
2017,2018,US25960P1093,0.0
2017,2018,US2600031080,8.031751339147232e-07
2017,2018,US26441C2044,5.907585716353088e-08
2017,2018,US26875P1012,1.3538097574179793e-05
2017,2018,US26884L1098,7.588874187416894e-07
2017,2018,US2774321002,4.625359101563242e-07
2017,2018,US2786421030,0.0
2017,2018,US2788651006,0.0
2017,2018,US2810201077,4.6273842539538887e-07
2017,2018,US28176E1082,0.0
2017,2018,US2910111044,4.4939583721779555e-06
2017,2018,US29364G1031,6.506480774740213e-08
2017,2018,US29444U7000,1.0115227381158146e-05
2017,2018,US29476L1070,1.2604070794973998e-06
2017,2018,US29670G1022,0.02607523478091301
2017,2018,US2971781057,2.859762461698797e-06
2017,2018,US30034W1062,5.08683891120573e-08
2017,2018,US30040W1080,0.0
2017,2018,US30161N1019,6.818202204545229e-08
2017,2018,US3021301094,0.014294191042740797
2017,2018,US30231G1022,0.021308544606166296
2017,2018,US3024913036,4.081745133757012e-06
2017,2018,US31428X1063,6.044916027534568e-07
2017,2018,US3156161024,2.6787043356877885e-05
2017,2018,US3167731005,3.2624572091422505e-05
2017,2018,US3379321074,4.845300483803423e-08
2017,2018,US3434121022,1.3079606352352605e-05
2017,2018,US34354P1057,8.89327728157319e-06
2017,2018,US3453708600,5.671911899505403e-06
2017,2018,US3546131018,1.1647449795306408e-06
2017,2018,US35671D8570,1.7848313170887852e-06
2017,2018,US3647601083,4.113175952483895e-06
2017,2018,US3703341046,0.0531845946763122
2017,2018,US3719011096,2.545787892439417e-06
2017,2018,US37247D1063,3.0594930786661375e-05
2017,2018,US3755581036,0.007376699175098479
2017,2018,US38141G1040,2.0779559755948745e-05
2017,2018,US3825501014,1.6482992066657957e-06
2017,2018,US3848021040,0.0
2017,2018,US3976241071,1.0290758442966323e-07
2017,2018,US40434L1052,8.415118618217641e-06
2017,2018,US4062161017,1.147918505509619e-06
2017,2018,US4103451021,4.914281575148608e-06
2017,2018,US4128221086,0.0
2017,2018,US4165151048,0.0
2017,2018,US4180561072,2.342227993272313e-06
2017,2018,US4198701009,2.8053050869833253e-07
2017,2018,US42250P1030,0.0
2017,2018,US4278661081,0.05096401132530626
2017,2018,US42809H1077,1.1669264625603517e-06
2017,2018,US4370761029,3.739466765203875e-06
2017,2018,US4385161066,5.851317528110443e-07
2017,2018,US4404521001,0.0
2017,2018,US44107P1049,1.669158292982341e-05
2017,2018,US4448591028,1.4003215439035641e-05
2017,2018,US4456581077,9.396146456903617e-07
2017,2018,US4461501045,4.4113993676280015e-05
2017,2018,US4470111075,6.773247987859293e-06
2017,2018,US45073V1089,6.7200466174423215e-06
2017,2018,US4523081093,0.0
2017,2018,US4581401001,0.0
2017,2018,US4592001014,0.011093357746254738
2017,2018,US4595061015,0.0
2017,2018,US4601461035,5.44820544643727e-07
2017,2018,US4606901001,1.3434749680244428e-05
2017,2018,US4612021034,0.0
2017,2018,US46284V1017,0.0
2017,2018,US4657411066,1.0944274368413923e-05
2017,2018,US46625H1005,1.977286316489058e-05
2017,2018,US4663131039,9.66264388281647e-06
2017,2018,US46982L1089,1.0223887944941026e-05
2017,2018,US4781601046,3.876240433611048e-07
2017,2018,US48020Q1076,7.775049753215104e-06
2017,2018,US48203R1041,3.291512180267238e-05
2017,2018,US48242W1062,1.5486497679536634e-05
2017,2018,US4824801009,1.8433759533886433e-05
2017,2018,US4878361082,0.0
2017,2018,US4891701009,1.623292378168416e-06
2017,2018,US4932671088,9.545144131798055e-06
2017,2018,US4943681035,0.009342414439948233
2017,2018,US49446R1095,3.0033528315093573e-06
2017,2018,US4972661064,0.0
2017,2018,US5002551043,1.0205589833479366e-06
2017,2018,US5010441013,7.989078186311111e-07
2017,2018,US5178341070,1.9968982553235553e-05
2017,2018,US5184391044,0.0
2017,2018,US5261071071,1.3672763706280362e-06
2017,2018,US5324571083,0.0
2017,2018,US5339001068,3.1112076777594643e-06
2017,2018,US5341871094,4.061373559347779e-05
2017,2018,US5398301094,6.488770913839106e-06
2017,2018,US5486611073,5.200507017650797e-06
2017,2018,US5502411037,0.0
2017,2018,US55261F1049,6.9609271677423165e-06
2017,2018,US5526761086,2.2853743794571865e-06
2017,2018,US5529531015,1.6452416844541863e-05
2017,2018,US5543821012,1.5023412646162313e-05
2017,2018,US55616P1049,0.0
2017,2018,US5635714059,4.850682021202046e-06
2017,2018,US56418H1005,1.841603562009649e-05
2017,2018,US5658491064,5.299110969359258e-07
2017,2018,US5717481023,2.0323990860088334e-06
2017,2018,US5719032022,3.320590711345267e-06
2017,2018,US5738741041,1.9745936570049486e-05
2017,2018,US5745991068,3.54024898404113e-06
2017,2018,US57636Q1040,0.0
2017,2018,US5770811025,1.2281552813467666e-06
2017,2018,US5797802064,0.0
2017,2018,US5801351017,0.05203051230499159
2017,2018,US58155Q1031,3.2754778871194496e-06
2017,2018,US58933Y1055,1.1448003983120107e-07
2017,2018,US59156R1086,1.4085540394344481e-05
2017,2018,US5926881054,6.744655293520394e-06
2017,2018,US5949181045,1.6999381365214314e-06
2017,2018,US5950171042,0.0
2017,2018,US5951121038,7.156868776555573e-06
2017,2018,US6005441000,8.710804613750635e-06
2017,2018,US6081901042,2.03572132637948e-07
2017,2018,US60871R2094,0.0
2017,2018,US6092071058,4.208669260592796e-07
2017,2018,US6153691059,2.4802468888426053e-06
2017,2018,US6174464486,2.2913543972845754e-05
2017,2018,US61945C1036,8.932049741950736e-07
2017,2018,US6200763075,5.824374306382294e-06
2017,2018,US6267171022,4.003456690661984e-07
2017,2018,US6293775085,3.628091765109646e-08
2017,2018,US6311031081,1.4250799556721037e-05
2017,2018,US6365181022,6.2084752648923585e-06
2017,2018,US64110D1046,1.2492827520645354e-05
2017,2018,US6512291062,2.0311678212943945e-05
2017,2018,US6516391066,0.01854254717140894
2017,2018,US65339F1012,1.1908408701775433e-07
2017,2018,US6541061031,3.4115840407244107e-06
2017,2018,US65473P1057,1.0272257521402014e-07
2017,2018,US6556641008,0.0
2017,2018,US6558441084,2.827227814191292e-07
2017,2018,US6658591044,6.198317298800337e-06
2017,2018,US6668071029,3.497275145633237e-06
2017,2018,US6687711084,0.0
2017,2018,US6703461052,2.744235085246549e-07
2017,2018,US67066G1040,3.612633168099008e-05
2017,2018,US6708371033,6.399737993095473e-08
2017,2018,US67098H1041,2.3299928696507298e-07
2017,2018,US6745991058,7.099854256399618e-07
2017,2018,US6819191064,1.0747492103808262e-05
2017,2018,US6821891057,2.2878760327406228e-06
2017,2018,US6826801036,1.0881457005927896e-06
2017,2018,US68389X1054,6.253903711849822e-06
2017,2018,US6866881021,1.1899403459444279e-05
2017,2018,US6882392011,3.9743247798066045e-06
2017,2018,US69331C1080,0.053334317377667945
2017,2018,US6934751057,2.0153791459315544e-05
2017,2018,US6935061076,1.4620174119927689e-06
2017,2018,US69351T1060,1.1786931043261577e-07
2017,2018,US6936561009,0.0
2017,2018,US6937181088,1.338541689278679e-06
2017,2018,US6951561090,6.789464264599657e-07
2017,2018,US7010941042,4.616270494602869e-06
2017,2018,US70211M1099,2.573527867520977e-06
2017,2018,US7134481081,0.0
2017,2018,US7140461093,7.645605740104056e-06
2017,2018,US7170811035,1.5227226715550529e-06
2017,2018,US7234841010,1.0116598848981638e-07
2017,2018,US7244791007,3.312212023932775e-07
2017,2018,US7310681025,3.726688602977821e-06
2017,2018,US74144T1088,1.570377063882471e-05
2017,2018,US74251V1026,2.1570111977603193e-05
2017,2018,US7427181091,0.01691790631655242
2017,2018,US7433151039,9.282911129842604e-06
2017,2018,US74340W1036,0.0
2017,2018,US7443201022,1.8497550892123883e-05
2017,2018,US7445731067,2.2893879891199174e-07
2017,2018,US7475251036,1.2178047702829104e-05
2017,2018,US74834L1008,0.03463304617188373
2017,2018,US75281A1097,0.016303129907035026
2017,2018,US75513E1010,4.736074474195036e-06
2017,2018,US7588491032,0.0
2017,2018,US75886F1075,9.806662177826962e-06
2017,2018,US7607591002,2.850937057882463e-07
2017,2018,US7739031091,6.178450320701763e-06
2017,2018,US7835491082,0.0
2017,2018,US78409V1044,6.362897460906441e-06
2017,2018,US78410G1040,0.0
2017,2018,US78440X8873,1.668731645123192e-05
2017,2018,US78473E1038,6.745004415627637e-07
2017,2018,US79466L3024,0.0
2017,2018,US8101861065,0.020295700823742175
2017,2018,US81211K1007,3.3177709846086936e-06
2017,2018,US8168511090,0.0
2017,2018,US8243481061,9.419159295991554e-07
2017,2018,US8288061091,5.132270790553818e-07
2017,2018,US8326964058,0.0
2017,2018,US8354951027,1.0597412946475898e-06
2017,2018,US8425871071,0.021928639943047477
2017,2018,US84265V1052,1.2223288502212968e-07
2017,2018,US8447411088,4.328821174995195e-07
2017,2018,US8454671095,2.673711994323426e-07
2017,2018,US8545021011,7.68565672301891e-07
2017,2018,US8552441094,4.231637608110023e-06
2017,2018,US8574771031,1.3862905061421392e-05
2017,2018,US8676524064,2.3705390390254517e-05
2017,2018,US8718291078,0.0
2017,2018,US8725401090,0.024767422436727783
2017,2018,US8760301072,7.86406348397553e-06
2017,2018,US87612E1064,1.2093822372364364e-06
2017,2018,US8807701029,1.9827562180730836e-05
2017,2018,US8807791038,5.5497416556598145e-06
2017,2018,US8816242098,0.019988569034602322
2017,2018,US8825081040,2.6460059486536656e-06
2017,2018,US8832031012,8.56177070343781e-06
2017,2018,US88337F1057,6.515195784409133e-05
2017,2018,US8835561023,0.0
2017,2018,US88579Y1010,1.9047917147343375e-06
2017,2018,US89417E1091,0.0
2017,2018,US89832Q1094,2.2832982309018846e-05
2017,2018,US9024941034,0.0
2017,2018,US9026811052,2.6751941523983934e-07
2017,2018,US9029733048,2.8811739405846844e-06
2017,2018,US9078181081,1.2961059722027897e-06
2017,2018,US9111631035,9.448680351016651e-07
2017,2018,US9113121068,1.2388383628472826e-07
2017,2018,US9113631090,4.1471666258160174e-07
2017,2018,US9129091081,6.640540526339911e-08
2017,2018,US91324P1021,1.1946064526178778e-05
2017,2018,US91529Y1064,1.153655901696984e-05
2017,2018,US91913Y1001,3.6775280529428514e-07
2017,2018,US92276F1003,0.0
2017,2018,US92343V1044,0.0
2017,2018,US92532F1003,0.0043866749417215195
2017,2018,US9255501051,4.259465450900111e-05
2017,2018,US92556V1061,0.0
2017,2018,US9290421091,1.0774922164784823e-05
2017,2018,US9291601097,5.960244903357754e-07
2017,2018,US92939U1060,7.773032457225897e-08
2017,2018,US9297401088,1.433454450415401e-06
2017,2018,US9311421039,0.070200633077692
2017,2018,US9314271084,2.8995834500593483e-06
2017,2018,US94106L1098,2.9893856071326666e-07
2017,2018,US9418481035,0.0
2017,2018,US9427491025,2.9642719801429365e-06
2017,2018,US9497461015,2.4595015430796012e-05
2017,2018,US95040Q1040,0.0
2017,2018,US95082P1057,2.4678896406991107e-06
2017,2018,US9581021055,9.606585864950236e-06
2017,2018,US9604131022,4.578850218049741e-07
2017,2018,US9621661043,1.3796263550319055e-06
2017,2018,US9633201069,3.1590671049349123e-06
2017,2018,US9694571004,3.72281538345674e-07
2017,2018,US98389B1008,4.66205823893547e-08
2017,2018,US9839191015,7.454967938341925e-07
2017,2018,US98421M1062,0.0
2017,2018,US9884981013,0.0
2017,2018,US98956P1021,0.0
2018,2019,AN8068571086,0.0
2018,2019,AT000000STR1,0.0
2018,2019,AT00000VIE62,5.518995945004705e-16
2018,2019,AT0000606306,4.570959635705884e-16
2018,2019,AT0000652011,3.2617794417787784e-16
2018,2019,AT0000720008,9.813986929097613e-16
2018,2019,AT0000730007,2.426091656997758e-16
2018,2019,AT0000743059,6.542621688410355e-18
2018,2019,AT0000746409,7.295985010516698e-17
2018,2019,AT0000937503,0.0
2018,2019,AT0000938204,3.484914218994803e-17
2018,2019,AT0000A21KS2,2.8187005635364805e-15
2018,2019,BE0003470755,0.0
2018,2019,BE0003565737,1.246925897629374e-15
2018,2019,BE0003593044,2.191304259872216e-16
2018,2019,BE0003735496,4.330256470075131e-17
2018,2019,BE0003739530,4.585311186905467e-16
2018,2019,BE0003755692,9.874578260472815e-17
2018,2019,BE0003810273,3.65190411305537e-16
2018,2019,BE0974258874,4.5083529807635575e-17
2018,2019,BE0974264930,1.8820920891567197e-15
2018,2019,BE0974293251,1.4225157889179184e-16
2018,2019,BE0974320526,0.0
2018,2019,CA00208D4084,0.0
2018,2019,CA0084741085,0.016464856146825024
2018,2019,CA00900Q1037,3.644444272764267e-16
2018,2019,CA01626P1484,8.315675786871421e-16
2018,2019,CA05534B7604,1.469907888541193e-16
2018,2019,CA0636711016,2.181593527144196e-16
2018,2019,CA0641491075,0.0
2018,2019,CA0977518616,0.0
2018,2019,CA1247651088,1.018129668450561e-16
2018,2019,CA12532H1047,7.645317959386137e-16
2018,2019,CA13321L1085,1.3955653644197682e-16
2018,2019,CA1360691010,0.0
2018,2019,CA1363751027,0.0
2018,2019,CA1363851017,0.0
2018,2019,CA13646K1084,5.892265212234005e-18
2018,2019,CA1366812024,0.0
2018,2019,CA1367178326,0.0
2018,2019,CA2849025093,0.0
2018,2019,CA29250N1050,1.6829216966944302e-17
2018,2019,CA2927661025,0.0
2018,2019,CA3180714048,0.0
2018,2019,CA3359341052,0.0
2018,2019,CA3495531079,0.0
2018,2019,CA3518581051,8.745394895417224e-16
2018,2019,CA3759161035,3.3614759897508316e-16
2018,2019,CA39138C1068,0.0
2018,2019,CA4495861060,0.0
2018,2019,CA4530384086,0.0
2018,2019,CA45823T1066,0.0038717573379011784
2018,2019,CA4969024047,0.0
2018,2019,CA5394811015,1.1996912632209564e-16
2018,2019,CA5592224011,0.0
2018,2019,CA56501R1064,0.0
2018,2019,CA59151K1084,0.0
2018,2019,CA6744822033,0.0
2018,2019,CA7392391016,0.0
2018,2019,CA7751092007,0.0
2018,2019,CA7800871021,2.8453905756516475e-16
2018,2019,CA8029121057,0.0
2018,2019,CA8239011031,0.0
2018,2019,CA85472N1096,4.112556112223049e-16
2018,2019,CA8667961053,0.0
2018,2019,CA8672241079,0.0
2018,2019,CA87807B1076,0.0
2018,2019,CA8787422044,0.0
2018,2019,CA87971M1032,1.7290962328635783e-16
2018,2019,CA8849038085,3.0427665001440095e-16
2018,2019,CA8911605092,2.99566022355251e-17
2018,2019,CA89346D1078,0.0
2018,2019,CA8959451037,0.0
2018,2019,CA98462Y1007,0.0
2018,2019,CH0008038389,2.9230824792313994e-16
2018,2019,CH0008742519,7.60500640838515e-16
2018,2019,CH0010570759,0.0
2018,2019,CH0010645932,0.0
2018,2019,CH0011075394,7.961610242697662e-17
2018,2019,CH0012005267,0.0
2018,2019,CH0012032048,4.341165178036777e-16
2018,2019,CH0012138530,6.015872599805293e-17
2018,2019,CH0012138605,1.96973689471948e-16
2018,2019,CH0012142631,0.0
2018,2019,CH0012214059,0.0
2018,2019,CH0012221716,0.0
2018,2019,CH0012549785,1.6084880978984086e-18
2018,2019,CH0013841017,0.0
2018,2019,CH0014786500,0.05047490293865943
2018,2019,CH0014852781,8.642178301057793e-16
2018,2019,CH0018294154,1.7601744321299205e-16
2018,2019,CH0024608827,0.0
2018,2019,CH0024638212,0.0
2018,2019,CH0025238863,0.0
2018,2019,CH0025751329,0.0
2018,2019,CH0030170408,1.969679606390442e-16
2018,2019,CH0038388911,0.0
2018,2019,CH0038863350,8.507012108280962e-17
2018,2019,CH0044328745,0.0
2018,2019,CH0048265513,0.0
2018,2019,CH0126881561,2.8730737987024807e-16
2018,2019,CH0210483332,1.5772588699123538e-17
2018,2019,CH0244767585,0.0
2018,2019,CH0319416936,0.0
2018,2019,CH0418792922,0.0
2018,2019,CH1169151003,0.0
2018,2019,CH1175448666,0.0
2018,2019,CH1256740924,1.7330645470095964e-16
2018,2019,DE0005089031,7.886973809707573e-16
2018,2019,DE0005140008,2.0952617826034227e-16
2018,2019,DE0005190003,0.0
2018,2019,DE0005200000,4.1701876176307153e-16
2018,2019,DE0005408884,0.0
2018,2019,DE0005439004,0.0
2018,2019,DE0005470405,0.0
2018,2019,DE0005552004,1.3538353448886116e-17
2018,2019,DE0005557508,0.0
2018,2019,DE0005773303,0.0
2018,2019,DE0005785604,0.0
2018,2019,DE0005785802,0.0
2018,2019,DE0005810055,2.968983932173994e-16
2018,2019,DE0005909006,0.0
2018,2019,DE0006047004,0.0
2018,2019,DE0006048432,0.0
2018,2019,DE0006070006,0.0
2018,2019,DE0006202005,0.0
2018,2019,DE0006231004,0.0
2018,2019,DE0006569908,0.0
2018,2019,DE0006599905,0.0
2018,2019,DE0006602006,0.0
2018,2019,DE0006969603,1.3397532822605802e-16
2018,2019,DE0007030009,0.0
2018,2019,DE0007037129,0.0
2018,2019,DE0007042301,0.0025138798141699204
2018,2019,DE0007100000,0.0
2018,2019,DE0007164600,7.73550809830272e-17
2018,2019,DE0007236101,0.0
2018,2019,DE0007257503,7.026162002736328e-17
2018,2019,DE0007314007,0.0
2018,2019,DE0007500001,0.0
2018,2019,DE0007664039,0.0
2018,2019,DE0008232125,0.0
2018,2019,DE0008402215,0.0
2018,2019,DE0008404005,2.0295607934058325e-16
2018,2019,DE0008430026,0.0
2018,2019,DE000A0D6554,1.8782624793516972e-16
2018,2019,DE000A0D9PT0,0.0
2018,2019,DE000A0S8488,3.552547207793223e-17
2018,2019,DE000A0WMPJ6,0.0
2018,2019,DE000A1EWWW0,0.0
2018,2019,DE000A2GS401,1.6750316587705207e-15
2018,2019,DE000BASF111,0.0
2018,2019,DE000BAY0017,0.0
2018,2019,DE000CBK1001,0.0
2018,2019,DE000CLS1001,0.0
2018,2019,DE000ENAG999,1.4453974602788263e-17
2018,2019,DE000KSAG888,0.0
2018,2019,DE000PSM7770,1.9869840985754374e-15
2018,2019,DE000TUAG505,0.0
2018,2019,DK0010181759,1.5776449812779255e-16
2018,2019,DK0010234467,0.0
2018,2019,DK0010244508,0.0
2018,2019,DK0010274414,3.0843545277222987e-15
2018,2019,DK0010287663,1.4785099249916984e-16
2018,2019,DK0010311471,1.3146708030956998e-15
2018,2019,DK0060079531,0.0
2018,2019,DK0060336014,5.987693814755676e-16
2018,2019,DK0060448595,1.1830162399958265e-16
2018,2019,DK0060477503,6.969190589289983e-16
2018,2019,DK0060636678,5.11680166269005e-16
2018,2019,DK0060738599,0.0
2018,2019,DK0061539921,0.0
2018,2019,ES0109427734,1.3119087774148863e-15
2018,2019,ES0112501012,8.072917307854899e-17
2018,2019,ES0113211835,7.459955100824537e-16
2018,2019,ES0113679I37,2.079287112848482e-15
2018,2019,ES0113860A34,1.7379221963894058e-15
2018,2019,ES0113900J37,6.06028290006839e-16
2018,2019,ES0116870314,0.0
2018,2019,ES0118594417,6.367493055954519e-16
2018,2019,ES0122060314,2.2644058483639656e-18
2018,2019,ES0124244E34,7.941347873375536e-16
2018,2019,ES0125220311,2.1923752421175915e-16
2018,2019,ES0130670112,0.0
2018,2019,ES0130960018,8.454810379991666e-17
2018,2019,ES0132105018,0.0
2018,2019,ES0142090317,1.1109324397243968e-18
2018,2019,ES0144580Y14,1.55193832935738e-17
2018,2019,ES0148396007,0.0
2018,2019,ES0152503035,5.411105427228181e-16
2018,2019,ES0161560018,4.950843514317537e-18
2018,2019,ES0167050915,6.071625134945057e-18
2018,2019,ES0171996087,0.0
2018,2019,ES0173093024,4.824935527165223e-16
2018,2019,ES0173516115,0.0
2018,2019,ES0178430E18,3.769068431806966e-16
2018,2019,ES0182870214,1.562580984841972e-17
2018,2019,FI0009000202,3.7309730258215935e-16
2018,2019,FI0009000277,6.257263300340521e-16
2018,2019,FI0009000459,9.601170633542976e-17
2018,2019,FI0009000681,5.200020178858808e-16
2018,2019,FI0009002158,2.2854635949547637e-16
2018,2019,FI0009002422,0.0
2018,2019,FI0009003727,1.0660779025649923e-16
2018,2019,FI0009005318,0.0
2018,2019,FI0009005870,0.0
2018,2019,FI0009005961,0.0
2018,2019,FI0009005987,0.0
2018,2019,FI0009007132,0.0
2018,2019,FI0009007694,7.759484400463117e-17
2018,2019,FI0009007884,6.966699551124091e-16
2018,2019,FI0009013296,9.754453507908391e-17
2018,2019,FI0009013403,0.0
2018,2019,FI0009800643,0.0
2018,2019,FI4000440664,0.0
2018,2019,FR0000035081,7.159668603090803e-17
2018,2019,FR0000039109,0.0
2018,2019,FR0000044448,0.0
2018,2019,FR0000045072,1.5250404080560224e-15
2018,2019,FR0000051070,1.1705177009350455e-16
2018,2019,FR0000052292,0.0
2018,2019,FR0000054900,2.3702324214651864e-16
2018,2019,FR0000064578,6.347609145569781e-16
2018,2019,FR0000073272,1.9176394466579732e-17
2018,2019,FR0000077919,2.61257886117908e-16
2018,2019,FR0000120073,0.0
2018,2019,FR0000120172,5.2713620063473134e-17
2018,2019,FR0000120222,4.904446080051176e-16
2018,2019,FR0000120271,1.120635946646652e-17
2018,2019,FR0000120321,3.809070337142483e-16
2018,2019,FR0000120404,0.0
2018,2019,FR0000120503,3.051999154412438e-17
2018,2019,FR0000120560,0.013124503010380727
2018,2019,FR0000120578,5.936119003004276e-17
2018,2019,FR0000120628,7.164586038386401e-17
2018,2019,FR0000120644,0.0
2018,2019,FR0000120693,1.2348740352554517e-17
2018,2019,FR0000120859,0.0
2018,2019,FR0000120966,0.0
2018,2019,FR0000121014,4.600936811828433e-16
2018,2019,FR0000121121,3.294644137240013e-17
2018,2019,FR0000121204,0.0
2018,2019,FR0000121220,4.532178556799203e-17
2018,2019,FR0000121329,6.008710580523264e-16
2018,2019,FR0000121485,0.0
2018,2019,FR0000121667,0.0
2018,2019,FR0000121964,5.869084757083129e-16
2018,2019,FR0000121972,0.0
2018,2019,FR0000124141,0.0
2018,2019,FR0000125007,0.0
2018,2019,FR0000125338,0.0
2018,2019,FR0000125486,9.475237460319023e-17
2018,2019,FR0000127771,6.60157937112621e-16
2018,2019,FR0000130213,1.8856206371570576e-17
2018,2019,FR0000130395,0.0
2018,2019,FR0000130403,5.480952164285288e-16
2018,2019,FR0000130452,1.8198124980886884e-16
2018,2019,FR0000130577,5.815566957654102e-16
2018,2019,FR0000130809,1.192390826346153e-15
2018,2019,FR0000131104,1.261706946592259e-15
2018,2019,FR0000131757,0.0
2018,2019,FR0000131906,1.8820739568047492e-17
2018,2019,FR0000133308,1.6747558038946886e-16
2018,2019,FR0010040865,1.6292120080771982e-15
2018,2019,FR0010220475,0.0
2018,2019,FR0010242511,3.81142673367132e-19
2018,2019,FR0010307819,5.863164084568226e-17
2018,2019,FR0010313833,0.0
2018,2019,FR0010340141,2.1028931859392107e-16
2018,2019,FR0010533075,5.908882135693118e-16
2018,2019,FR0013176526,0.0
2018,2019,FR0013280286,0.0
2018,2019,FR0013326246,1.1320738006266693e-15
2018,2019,FR0013505062,6.390706751573136e-17
2018,2019,FR0013506730,0.0
2018,2019,FR0014003TT8,0.0
2018,2019,FR001400AJ45,0.0
2018,2019,GB0000163088,0.0
2018,2019,GB0000456144,0.0
2018,2019,GB0000536739,0.0
2018,2019,GB0000811801,3.4773308698556454e-16
2018,2019,GB0000904986,1.356861299964873e-16
2018,2019,GB0000961622,0.0018765150296668792
2018,2019,GB0001048619,0.0
2018,2019,GB0001367019,0.0
2018,2019,GB0001500809,1.633200213338567e-17
2018,2019,GB0001638955,0.0
2018,2019,GB0001765816,3.4726549292573713e-16
2018,2019,GB0001826634,5.96882728700047e-16
2018,2019,GB0001859296,1.830390603387954e-17
2018,2019,GB0002018363,6.9446442472780595e-16
2018,2019,GB0002074580,0.0
2018,2019,GB0002148343,0.0
2018,2019,GB0002318888,0.011831341227741257
2018,2019,GB0002374006,6.556213309689298e-17
2018,2019,GB0002418548,9.563241830375786e-17
2018,2019,GB0002634946,0.0
2018,2019,GB0002652740,1.46139675841671e-16
2018,2019,GB0002670437,4.7426673200123035e-17
2018,2019,GB0002869419,0.0
2018,2019,GB0002875804,0.0
2018,2019,GB0003096442,0.0
2018,2019,GB0003308607,0.0
2018,2019,GB0003395000,1.1919891193124765e-16
2018,2019,GB0003452173,0.0
2018,2019,GB0003718474,0.015759385683826642
2018,2019,GB0003753778,0.0
2018,2019,GB0004052071,0.0
2018,2019,GB0004082847,1.1456678828999151e-15
2018,2019,GB0004161021,9.723238931320545e-17
2018,2019,GB0004170089,1.3595285986082886e-16
2018,2019,GB0004270301,0.0
2018,2019,GB0004478896,0.0
2018,2019,GB0004544929,1.0995758242522567e-16
2018,2019,GB0004657408,6.77327153099351e-17
2018,2019,GB0004726096,9.042081814291392e-16
2018,2019,GB0004866223,0.0
2018,2019,GB0004915632,1.1845591640872633e-17
2018,2019,GB0005405286,6.357921501705072e-16
2018,2019,GB0005576813,8.133757351426707e-17
2018,2019,GB0005603997,0.0
2018,2019,GB0005746358,2.2766954689196476e-19
2018,2019,GB0005758098,0.0
2018,2019,GB0005790059,3.456611965369462e-18
2018,2019,GB0006027295,0.0
2018,2019,GB0006215205,0.0
2018,2019,GB0006640972,1.0699136376256632e-15
2018,2019,GB0006650450,0.0
2018,2019,GB0006731235,0.0
2018,2019,GB0006776081,8.876328480414801e-16
2018,2019,GB0006825383,3.4661771685721865e-16
2018,2019,GB0006886666,0.007703654980139998
2018,2019,GB0006928617,1.6363072376084623e-15
2018,2019,GB0007099541,9.496397310795753e-16
2018,2019,GB0007188757,1.4653342651719854e-19
2018,2019,GB0007323586,0.0
2018,2019,GB0007594764,0.0
2018,2019,GB0007668071,6.945338511578003e-16
2018,2019,GB0007669376,9.82317765627041e-18
2018,2019,GB0007908733,0.0
2018,2019,GB0007958233,0.0
2018,2019,GB0007973794,4.3480756199600816e-17
2018,2019,GB0007980591,0.0
2018,2019,GB0008025412,0.0
2018,2019,GB0008085614,0.0
2018,2019,GB0008220112,0.0
2018,2019,GB0008481250,4.75856314855674e-16
2018,2019,GB0008706128,0.0
2018,2019,GB0008782301,2.8158427140282114e-16
2018,2019,GB0008794710,0.04646626197841725
2018,2019,GB0009067447,0.012533131296186878
2018,2019,GB0009123323,0.00734453979891628
2018,2019,GB0009223206,0.003144564080164875
2018,2019,GB0009292243,0.0
2018,2019,GB0009465807,2.5155747101011198e-17
2018,2019,GB0009633180,0.0018093909360036005
2018,2019,GB0009697037,2.170262285099199e-18
2018,2019,GB0009895292,1.9660370903854772e-16
2018,2019,GB0022569080,3.6431584248353754e-16
2018,2019,GB0030232317,0.0
2018,2019,GB0030329360,0.0
2018,2019,GB0030913577,0.0
2018,2019,GB0031274896,0.0
2018,2019,GB0031348658,0.0
2018,2019,GB0031638363,2.7942739877027793e-16
2018,2019,GB0031743007,1.0353465223943082e-15
2018,2019,GB0032089863,0.0
2018,2019,GB0033195214,4.5276267181771446e-17
2018,2019,GB0033986497,0.0
2018,2019,GB00B012BV22,1.1976472776649433e-16
2018,2019,GB00B012TP20,1.2968600039974592e-16
2018,2019,GB00B019KW72,0.0
2018,2019,GB00B01QGK86,0.007042103875948152
2018,2019,GB00B02J6398,9.230727261577403e-16
2018,2019,GB00B033F229,0.0009645959999393286
2018,2019,GB00B03HDJ73,1.0866258526214176e-16
2018,2019,GB00B04V1276,5.911700511629549e-17
2018,2019,GB00B06QFB75,0.0
2018,2019,GB00B0744359,6.72012784753514e-17
2018,2019,GB00B0744B38,9.202448993852421e-17
2018,2019,GB00B082RF11,1.0771756703429888e-17
2018,2019,GB00B0FYMT95,6.986307604142603e-16
2018,2019,GB00B0KM9T71,9.003024303257127e-17
2018,2019,GB00B0LCW083,4.466285054097599e-16
2018,2019,GB00B0N8QD54,2.6993970156891328e-17
2018,2019,GB00B0SWJX34,3.8794341111220456e-16
2018,2019,GB00B0WMWD03,0.011999280584066283
2018,2019,GB00B0YG1K06,1.9125305482674092e-16
2018,2019,GB00B128J450,9.125327574107928e-16
2018,2019,GB00B132NW22,5.957544301546791e-16
2018,2019,GB00B135BJ46,0.0
2018,2019,GB00B17MMZ46,1.3389210956557362e-16
2018,2019,GB00B18P5K83,5.442023867352527e-16
2018,2019,GB00B19Z1432,1.238627651712691e-16
2018,2019,GB00B1FH8J72,0.0
2018,2019,GB00B1FP6H53,4.5986489812551254e-17
2018,2019,GB00B1FW5029,1.6030520046147982e-16
2018,2019,GB00B1G5HX72,4.222542630395475e-16
2018,2019,GB00B1JQDM80,7.524544044073236e-17
2018,2019,GB00B1KJJ408,3.094583610329715e-16
2018,2019,GB00B1L5QH97,0.0
2018,2019,GB00B1P6ZR11,1.8020248612005853e-17
2018,2019,GB00B1VNSX38,0.0
2018,2019,GB00B1WY2338,0.0
2018,2019,GB00B1XH2C03,2.9942196169653123e-18
2018,2019,GB00B1YW4409,7.793861785059191e-16
2018,2019,GB00B27YGJ97,0.0
2018,2019,GB00B2B0DG97,8.817788190940982e-16
2018,2019,GB00B2NGPM57,0.0
2018,2019,GB00B2PDGW16,2.3224147671714946e-16
2018,2019,GB00B39J2M42,1.0743015211062458e-16
2018,2019,GB00B3DGH821,0.0043700578815997855
2018,2019,GB00B3FLWH99,1.6755948008017307e-17
2018,2019,GB00B41H7391,9.632086406263066e-16
2018,2019,GB00B45C9X44,0.0041409048945391545
2018,2019,GB00B572ZV91,0.0
2018,2019,GB00B5N0P849,3.780317631931825e-17
2018,2019,GB00B5ZN1N88,6.143420736371472e-16
2018,2019,GB00B61TVQ02,6.274657514379696e-16
2018,2019,GB00B63H8491,6.319519479473843e-17
2018,2019,GB00B63QSB39,2.0690494352783093e-16
2018,2019,GB00B64NSP76,7.15654289372275e-17
2018,2019,GB00B67G5X01,0.0
2018,2019,GB00B6XZKY75,1.1049219380538108e-17
2018,2019,GB00B6YTLS95,0.0
2018,2019,GB00B7KR2P84,0.0
2018,2019,GB00B82YXW83,2.7303455614942506e-17
2018,2019,GB00B8B4R053,0.001606599978545701
2018,2019,GB00B8C3BL03,2.384795196781403e-16
2018,2019,GB00BD6K4575,3.8476204038239105e-16
2018,2019,GB00BDCPN049,0.0
2018,2019,GB00BDFBVT43,0.01912738239866516
2018,2019,GB00BDR05C01,3.327122742959652e-17
2018,2019,GB00BF044593,3.5069392631959707e-16
2018,2019,GB00BF5H9P87,0.0
2018,2019,GB00BF8Q6K64,6.984426353717898e-16
2018,2019,GB00BG11K365,1.0314287550879757e-16
2018,2019,GB00BGDT3G23,9.842503893847e-16
2018,2019,GB00BGLP8L22,1.5985080458504166e-16
2018,2019,GB00BH4HKS39,0.0
2018,2019,GB00BHJYC057,0.0
2018,2019,GB00BJ1F4N75,2.0648034404782182e-15
2018,2019,GB00BJFFLV09,0.0
2018,2019,GB00BJQZC279,1.8831223639259765e-17
2018,2019,GB00BK9RKT01,6.771759631754129e-17
2018,2019,GB00BKP36R26,8.710594142239769e-16
2018,2019,GB00BKY40Q38,0.0
2018,2019,GB00BL6XZ716,4.633599202826734e-16
2018,2019,GB00BLGZ9862,4.375316932063153e-17
2018,2019,GB00BM8PJY71,0.0
2018,2019,GB00BM8Q5M07,0.0
2018,2019,GB00BMJ6DW54,6.806939885085525e-16
2018,2019,GB00BN7SWP63,7.042234363792212e-18
2018,2019,GB00BNGDN821,4.494209247944782e-16
2018,2019,GB00BNNTLN49,0.0
2018,2019,GB00BNR4T868,0.0
2018,2019,GB00BP6MXD84,0.0
2018,2019,GB00BP92CJ43,0.0
2018,2019,GB00BP9LHF23,2.9833061308438993e-16
2018,2019,GB00BPQY8M80,0.0
2018,2019,GB00BRB37M78,0.026710115723934676
2018,2019,GB00BV9FP302,3.2200287947440237e-16
2018,2019,GB00BVFNZH21,0.0
2018,2019,GB00BWFGQN14,0.0
2018,2019,GB00BYQ0JC66,0.0
2018,2019,GB00BYT1DJ19,0.0
2018,2019,GB00BYW0PQ60,0.0
2018,2019,GB00BYYTFB60,0.0
2018,2019,GB00BYZN9041,0.003933706978587176
2018,2019,GB00BZ4BQC70,0.0
2018,2019,IE0001827041,0.0
2018,2019,IE0002424939,0.0
2018,2019,IE0003864109,8.952520303509876e-17
2018,2019,IE0004906560,1.0569829436342887e-16
2018,2019,IE0004927939,4.4365947150708715e-16
2018,2019,IE00B00MZ448,0.0
2018,2019,IE00B4BNMY34,0.0
2018,2019,IE00B8KQN827,0.0
2018,2019,IE00BD1RP616,6.235144065341966e-15
2018,2019,IE00BF0L3536,5.318437147136999e-15
2018,2019,IE00BGH1M568,3.5422730283880015e-17
2018,2019,IE00BK9ZQ967,0.0
2018,2019,IE00BLP1HW54,0.0
2018,2019,IE00BLS09M33,0.0
2018,2019,IE00BTN1Y115,7.329938075267866e-16
2018,2019,IE00BWT6H894,0.02108714734064535
2018,2019,IE00BY7QL619,6.800942930543109e-19
2018,2019,IL0002300114,1.7925392314236597e-16
2018,2019,IL0002810146,2.5717381572036587e-17
2018,2019,IL0006046119,4.698630660455658e-16
2018,2019,IL0006625771,0.0
2018,2019,IL0006954379,0.0
2018,2019,IL0010811243,1.557129071446122e-16
2018,2019,IT0000062072,8.0981390087331e-16
2018,2019,IT0000062957,1.0761767346953083e-15
2018,2019,IT0000066123,7.614501917888326e-16
2018,2019,IT0000072618,1.6120791663917574e-15
2018,2019,IT0000784154,0.0
2018,2019,IT0000784196,5.0799549668575555e-17
2018,2019,IT0001137345,3.6241342923790833e-16
2018,2019,IT0001233417,0.0
2018,2019,IT0001347308,0.0
2018,2019,IT0001469383,8.354465649282913e-16
2018,2019,IT0003128367,0.0
2018,2019,IT0003132476,0.0
2018,2019,IT0003153415,1.0889188358153191e-16
2018,2019,IT0003242622,5.500932792498082e-16
2018,2019,IT0003497168,1.202083590515999e-16
2018,2019,IT0003506190,1.8107130602139177e-16
2018,2019,IT0003856405,1.2160026569638449e-16
2018,2019,IT0004810054,1.3841971419505446e-15
2018,2019,IT0004827447,1.7147677996736294e-15
2018,2019,IT0005218380,6.170992731134018e-16
2018,2019,IT0005239360,4.761871541887612e-16
2018,2019,IT0005495657,0.0
2018,2019,JE00B8KF9B49,2.694525981858718e-16
2018,2019,JE00BJ1DLW90,0.0
2018,2019,LR0008862868,0.0
2018,2019,LU0075646355,0.0
2018,2019,NL0000008977,5.894902096796756e-17
2018,2019,NL0000009082,1.0137569620186159e-15
2018,2019,NL0000009165,1.1406996437225987e-16
2018,2019,NL0000009538,0.0
2018,2019,NL0000226223,0.0
2018,2019,NL0000235190,0.0
2018,2019,NL0000289213,8.890935383185084e-16
2018,2019,NL0000337319,9.429136842088977e-18
2018,2019,NL0000360618,0.0
2018,2019,NL0000379121,5.238602301468597e-16
2018,2019,NL0000395903,2.859727787359261e-16
2018,2019,NL0006237562,1.1843353962590538e-16
2018,2019,NL0009432491,1.8901953285080802e-16
2018,2019,NL0010273215,0.0
2018,2019,NL0010583399,4.9577536323980105e-17
2018,2019,NL0011794037,7.377946093450547e-17
2018,2019,NL0011821202,0.0
2018,2019,NL0013267909,3.907347741165584e-17
2018,2019,NL00150001Q9,1.0033112119740963e-16
2018,2019,NL00150003E1,0.0
2018,2019,NL0015001FS8,1.6430589870986231e-16
2018,2019,NL0015435975,1.5327453659235355e-16
2018,2019,NO0003028904,1.9791866366338587e-16
2018,2019,NO0003053605,0.0
2018,2019,NO0003078800,9.154922209976517e-16
2018,2019,NO0003733800,2.4426851733648905e-16
2018,2019,NO0005052605,0.0
2018,2019,NO0010063308,7.005544656625736e-16
2018,2019,NO0010096985,2.631660417462667e-17
2018,2019,NO0010199151,0.0
2018,2019,NO0010208051,0.0
2018,2019,NO0010215684,2.6612433367322828e-17
2018,2019,NO0010861990,6.885912247326524e-18
2018,2019,NO0012470089,6.552600168626115e-16
2018,2019,PA1436583006,0.0
2018,2019,PTBCP0AM0015,0.0
2018,2019,PTEDP0AM0009,0.0
2018,2019,PTJMT0AE0001,3.9106670788256734e-17
2018,2019,PTSON0AM0001,3.8448392222961923e-16
2018,2019,PTZON0AM0006,1.7235806610227148e-15
2018,2019,SE0000106270,0.0
2018,2019,SE0000108227,0.0
2018,2019,SE0000108656,2.8623593059051424e-16
2018,2019,SE0000112724,1.9633365916570565e-16
2018,2019,SE0000113250,5.271116440125788e-17
2018,2019,SE0000114837,0.0
2018,2019,SE0000148884,5.296066687957147e-16
2018,2019,SE0000163594,0.0
2018,2019,SE0000163628,9.129492213126637e-16
2018,2019,SE0000171100,0.0
2018,2019,SE0000190126,0.0
2018,2019,SE0000202624,3.168080558875165e-16
2018,2019,SE0000242455,1.0922042475764451e-16
2018,2019,SE0000379190,1.4205950326041362e-16
2018,2019,SE0000667891,0.0
2018,2019,SE0000667925,9.601569776250888e-16
2018,2019,SE0000695876,0.0
2018,2019,SE0000806994,1.4190374637477574e-15
2018,2019,SE0000862997,4.3612248823101494e-17
2018,2019,SE0000949331,3.367375522732249e-16
2018,2019,SE0001662230,2.760644134095303e-16
2018,2019,SE0003366871,0.0
2018,2019,SE0005190238,1.512618055218436e-16
2018,2019,SE0006993770,2.6877665719271063e-16
2018,2019,SE0007100581,0.0
2018,2019,SE0007100599,2.741270578121332e-16
2018,2019,SE0011090018,6.487804232905653e-17
2018,2019,SE0011166974,4.785224664108956e-16
2018,2019,SE0015811955,0.0
2018,2019,SE0015812219,0.0
2018,2019,SE0015988019,0.0
2018,2019,SE0016589188,4.586156637295807e-17
2018,2019,SE0017486889,0.0
2018,2019,SE0018012494,1.0103592172558876e-15
2018,2019,SE0018012635,4.3649786795760626e-16
2018,2019,SE0020050417,1.0724391003066681e-16
2018,2019,US0010551028,0.0
2018,2019,US0010841023,0.0
2018,2019,US00130H1059,0.0
2018,2019,US00206R1023,0.009298070073197502
2018,2019,US0028241000,2.9558045358018446e-16
2018,2019,US0028962076,0.0
2018,2019,US00724F1012,4.576414394844033e-16
2018,2019,US0079031078,8.301278386764476e-16
2018,2019,US0082521081,0.0
2018,2019,US00846U1016,8.744134191891245e-17
2018,2019,US0091581068,0.0
2018,2019,US00971T1016,0.028026851630316475
2018,2019,US0126531013,0.0
2018,2019,US0152711091,4.970949206347818e-16
2018,2019,US01741R1023,0.0
2018,2019,US0185811082,3.433044522993714e-16
2018,2019,US0188021085,0.0
2018,2019,US0200021014,3.0234467340561596e-16
2018,2019,US02079K3059,5.470259005106936e-16
2018,2019,US02209S1033,3.4740987715870685e-16
2018,2019,US0231351067,0.0
2018,2019,US0236081024,0.0
2018,2019,US0255371017,0.0
2018,2019,US0258161092,0.0
2018,2019,US0268747849,6.245972988805052e-15
2018,2019,US03027X1000,0.024329109009927245
2018,2019,US03073E1055,3.8081022062634163e-16
2018,2019,US0311621009,1.3305011570122027e-16
2018,2019,US0320951017,2.1435273317084554e-16
2018,2019,US0326541051,5.130914640244863e-16
2018,2019,US0367521038,9.941581812517346e-16
2018,2019,US03743Q1085,0.0
2018,2019,US0378331005,4.542974674845135e-16
2018,2019,US0382221051,0.0
2018,2019,US0383361039,0.0
2018,2019,US0394831020,0.0
2018,2019,US0441861046,3.745178547449515e-18
2018,2019,US04621X1081,0.0
2018,2019,US0495601058,4.692809108622239e-17
2018,2019,US0527691069,2.3907779943390645e-16
2018,2019,US0528001094,0.0
2018,2019,US0530151036,2.9035836777634606e-16
2018,2019,US0534841012,2.315129608070364e-16
2018,2019,US0536111091,0.0
2018,2019,US0537741052,0.0
2018,2019,US0538071038,6.43940306319532e-16
2018,2019,US0584981064,0.015942537103598418
2018,2019,US0605051046,0.0
2018,2019,US0640581007,2.375095758811729e-16
2018,2019,US0708301041,0.0
2018,2019,US0718131099,0.006838911927021591
2018,2019,US0758871091,2.856505479150757e-16
2018,2019,US0844231029,1.2442998280914427e-16
2018,2019,US0865161014,1.0320487824412603e-17
2018,2019,US09062X1037,1.1904342756812606e-15
2018,2019,US0970231058,1.2150891014751053e-16
2018,2019,US09857L1089,0.0
2018,2019,US0997241064,0.0
2018,2019,US1011211018,0.0
2018,2019,US1011371077,1.529256299165621e-15
2018,2019,US1053682035,0.0
2018,2019,US1101221083,3.642561294967683e-16
2018,2019,US1124631045,3.223943762933628e-16
2018,2019,US1156372096,0.0
2018,2019,US12504L1098,0.0
2018,2019,US1252691001,0.0
2018,2019,US12541W2098,0.0
2018,2019,US1255231003,0.0007216999387824522
2018,2019,US1258961002,0.015765538641602694
2018,2019,US1264081035,0.0
2018,2019,US12653C1080,1.8760514755249752e-17
2018,2019,US1266501006,8.762175886509063e-17
2018,2019,US1270551013,0.0
2018,2019,US1273871087,0.0
2018,2019,US1307881029,0.013108727208578632
2018,2019,US1344291091,0.0
2018,2019,US14040H1059,0.0
2018,2019,US14149Y1082,0.006853150844392334
2018,2019,US1491231015,0.0
2018,2019,US1508701034,0.0
2018,2019,US15189T1079,3.1282759986064317e-18
2018,2019,US1567821046,6.840365491982881e-16
2018,2019,US1598641074,8.835618979962845e-17
2018,2019,US1667641005,0.0
2018,2019,US1713401024,0.03370579167012912
2018,2019,US1717793095,3.6722338032827334e-16
2018,2019,US1720621010,0.0
2018,2019,US17275R1023,1.552182706272151e-16
2018,2019,US1729674242,5.703714556111991e-16
2018,2019,US1858991011,0.0
2018,2019,US1890541097,0.014345550956137647
2018,2019,US1912161007,0.0
2018,2019,US1924461023,8.946334537730993e-16
2018,2019,US1941621039,9.406968788500517e-17
2018,2019,US2003401070,0.0
2018,2019,US2017231034,0.0
2018,2019,US2058871029,0.0
2018,2019,US20825C1045,0.0
2018,2019,US2091151041,0.039747545507805716
2018,2019,US21036P1084,0.0
2018,2019,US22160K1051,0.0
2018,2019,US2283681060,0.0
2018,2019,US2310211063,0.0
2018,2019,US2333311072,0.0
2018,2019,US23355L1061,6.405419264340788e-16
2018,2019,US2358511028,0.0
2018,2019,US2371941053,0.016476490459296566
2018,2019,US23918K1088,0.0
2018,2019,US2441991054,1.2041411855024377e-17
2018,2019,US2473617023,0.0
2018,2019,US25179M1036,0.0
2018,2019,US2533931026,0.0
2018,2019,US2546871060,0.0
2018,2019,US25525P1075,8.426672148589954e-16
2018,2019,US25746U1097,0.0
2018,2019,US2576511099,1.7261958877150596e-16
2018,2019,US25960P1093,0.0
2018,2019,US2600031080,0.0
2018,2019,US26441C2044,0.0045069568337548745
2018,2019,US26875P1012,0.0
2018,2019,US26884L1098,2.0223098121824612e-17
2018,2019,US2774321002,0.0
2018,2019,US2786421030,0.0
2018,2019,US2788651006,7.179162441626707e-17
2018,2019,US2810201077,1.2584190300097074e-16
2018,2019,US28176E1082,0.005405618911975404
2018,2019,US2910111044,0.0
2018,2019,US29364G1031,0.0
2018,2019,US29444U7000,3.653968294647114e-16
2018,2019,US29476L1070,3.7607591234484534e-17
2018,2019,US29670G1022,0.005175644721213223
2018,2019,US2971781057,6.119592000437006e-16
2018,2019,US30034W1062,0.0
2018,2019,US30040W1080,2.5003550915274405e-16
2018,2019,US30161N1019,6.620325835736592e-18
2018,2019,US3021301094,0.0
2018,2019,US30231G1022,0.0
2018,2019,US3024913036,1.3763774630293571e-16
2018,2019,US3029411093,0.0353614442071763
2018,2019,US31428X1063,0.0
2018,2019,US3156161024,4.0292727415709386e-16
2018,2019,US3167731005,0.0
2018,2019,US3379321074,0.021097428109907695
2018,2019,US3434121022,0.0
2018,2019,US34354P1057,2.8941673708107223e-16
2018,2019,US3453708600,0.0
2018,2019,US3546131018,0.0
2018,2019,US35671D8570,0.0
2018,2019,US3647601083,2.600260329046369e-16
2018,2019,US3703341046,0.004747084182478023
2018,2019,US3719011096,4.908323975071808e-16
2018,2019,US37247D1063,5.365349151181501e-15
2018,2019,US3755581036,1.5757471948273067e-16
2018,2019,US38141G1040,0.0
2018,2019,US3825501014,0.0
2018,2019,US3848021040,0.0
2018,2019,US3976241071,0.0
2018,2019,US40434L1052,0.0
2018,2019,US4062161017,0.0
2018,2019,US4103451021,0.0
2018,2019,US4108671052,0.0
2018,2019,US4128221086,0.0
2018,2019,US4158641070,0.0
2018,2019,US4165151048,9.944873468433887e-16
2018,2019,US4180561072,0.0
2018,2019,US4198701009,0.0
2018,2019,US42250P1030,4.353914672710636e-16
2018,2019,US4234521015,0.0
2018,2019,US4278661081,0.0435947342767363
2018,2019,US42809H1077,0.0
2018,2019,US4370761029,0.0
2018,2019,US4385161066,9.278441405439154e-18
2018,2019,US4404521001,0.026139444320042816
2018,2019,US44107P1049,0.0
2018,2019,US4448591028,9.258006127166004e-16
2018,2019,US4456581077,0.0
2018,2019,US4461501045,0.0
2018,2019,US4470111075,3.729551088630002e-17
2018,2019,US45073V1089,0.0
2018,2019,US45167R1041,0.0
2018,2019,US4523081093,0.0
2018,2019,US4523271090,0.0034430634673534733
2018,2019,US4581401001,0.0
2018,2019,US4592001014,0.016510629277336458
2018,2019,US4595061015,0.0
2018,2019,US4601461035,0.0
2018,2019,US4606901001,0.0
2018,2019,US4612021034,7.08600651170018e-16
2018,2019,US46284V1017,0.0
2018,2019,US4657411066,7.734995743006375e-16
2018,2019,US46625H1005,0.0
2018,2019,US4663131039,3.4536864962376046e-16
2018,2019,US46982L1089,0.0
2018,2019,US4781601046,1.9543500057335272e-16
2018,2019,US48020Q1076,1.8167718716721596e-16
2018,2019,US48203R1041,0.0
2018,2019,US48242W1062,0.0
2018,2019,US4824801009,0.0
2018,2019,US4878361082,0.0
2018,2019,US4891701009,0.0
2018,2019,US4932671088,0.0
2018,2019,US4943681035,0.010186296069784615
2018,2019,US49446R1095,2.0465911325200734e-16
2018,2019,US4972661064,0.0
2018,2019,US5002551043,0.025756118389509586
2018,2019,US5010441013,5.202802235108624e-18
2018,2019,US5178341070,2.756230582293649e-16
2018,2019,US5184391044,0.0
2018,2019,US5261071071,0.0
2018,2019,US5324571083,2.575803498271657e-16
2018,2019,US5339001068,0.0
2018,2019,US5341871094,0.0
2018,2019,US5398301094,0.0030015978074736257
2018,2019,US5486611073,0.0
2018,2019,US5502411037,2.5989307321884463e-16
2018,2019,US55261F1049,0.0
2018,2019,US5526761086,9.079922057969129e-17
2018,2019,US5529531015,0.0
2018,2019,US5543821012,0.0
2018,2019,US55616P1049,0.0
2018,2019,US5635714059,0.0
2018,2019,US56418H1005,0.0
2018,2019,US5658491064,0.0
2018,2019,US5717481023,0.0
2018,2019,US5719032022,0.0
2018,2019,US5732841060,0.0
2018,2019,US5738741041,1.5219056312559736e-15
2018,2019,US5745991068,0.0
2018,2019,US57636Q1040,0.0
2018,2019,US5770811025,0.0
2018,2019,US5797802064,0.032175648693007715
2018,2019,US5801351017,0.045947914863174025
2018,2019,US58155Q1031,2.1439952365286436e-16
2018,2019,US58933Y1055,3.207190636235665e-16
2018,2019,US59156R1086,0.0
2018,2019,US5926881054,0.0
2018,2019,US5949181045,0.0
2018,2019,US5950171042,0.0
2018,2019,US5951121038,1.7536888940342082e-16
2018,2019,US6005441000,0.0
2018,2019,US6081901042,0.0
2018,2019,US60871R2094,0.0
2018,2019,US6092071058,0.0
2018,2019,US6153691059,6.089411374510589e-16
2018,2019,US6174464486,1.482300528444038e-15
2018,2019,US61945C1036,0.0
2018,2019,US6200763075,0.0
2018,2019,US6267171022,0.0
2018,2019,US6293775085,0.0
2018,2019,US62955J1034,8.1213309403442e-18
2018,2019,US6311031081,0.0
2018,2019,US6365181022,0.0
2018,2019,US64110D1046,0.0
2018,2019,US6512291062,0.0
2018,2019,US6516391066,0.03407001312954027
2018,2019,US65339F1012,6.150220915623537e-18
2018,2019,US6541061031,0.0
2018,2019,US65473P1057,0.0
2018,2019,US6556641008,8.639922325619165e-17
2018,2019,US6558441084,0.0
2018,2019,US6658591044,0.007142759764803243
2018,2019,US6668071029,3.6981244849764265e-16
2018,2019,US6687711084,5.946422183893413e-16
2018,2019,US6703461052,0.0
2018,2019,US67066G1040,0.0
2018,2019,US6708371033,0.0
2018,2019,US67098H1041,0.0
2018,2019,US6745991058,0.0
2018,2019,US6819191064,0.0
2018,2019,US6821891057,1.4833165539103691e-18
2018,2019,US6826801036,3.3773131443885464e-17
2018,2019,US68389X1054,3.3393729626443443e-16
2018,2019,US6866881021,1.9076349005036702e-16
2018,2019,US6882392011,1.51191886735664e-16
2018,2019,US69331C1080,0.03497422537096981
2018,2019,US6934751057,0.0
2018,2019,US6935061076,0.0
2018,2019,US69351T1060,0.0
2018,2019,US6936561009,0.0
2018,2019,US6937181088,0.0
2018,2019,US6951561090,1.1864061679063128e-17
2018,2019,US7010941042,0.0
2018,2019,US70211M1099,1.8200127346981383e-16
2018,2019,US7043261079,3.0801909019457943e-16
2018,2019,US7134481081,0.0015102372237472978
2018,2019,US7140461093,0.0
2018,2019,US7170811035,4.604294885967384e-16
2018,2019,US7234841010,0.0
2018,2019,US7244791007,6.628750527368491e-17
2018,2019,US7310681025,0.0
2018,2019,US74144T1088,0.0
2018,2019,US74251V1026,0.0
2018,2019,US7427181091,0.012374601880324045
2018,2019,US7433151039,2.987146367175178e-17
2018,2019,US74340W1036,2.57853101077874e-16
2018,2019,US7443201022,0.0
2018,2019,US7445731067,1.1364007487929595e-17
2018,2019,US7475251036,0.0
2018,2019,US74834L1008,0.018596324953852054
2018,2019,US75281A1097,2.5257962329479586e-17
2018,2019,US75513E1010,8.087704715795612e-17
2018,2019,US7588491032,0.0
2018,2019,US75886F1075,1.7818837929821318e-16
2018,2019,US7591EP1005,0.0
2018,2019,US7607591002,0.0
2018,2019,US7739031091,0.0
2018,2019,US7835491082,0.0
2018,2019,US78409V1044,4.688942421310133e-16
2018,2019,US78410G1040,8.701972461809301e-16
2018,2019,US78440X8873,0.0
2018,2019,US78473E1038,0.0
2018,2019,US79466L3024,1.6296294624884868e-16
2018,2019,US8101861065,1.6124125225116547e-17
2018,2019,US81211K1007,0.0
2018,2019,US8168511090,3.334059998082064e-17
2018,2019,US8243481061,0.0
2018,2019,US8288061091,3.642226156324078e-17
2018,2019,US8326964058,3.730421164744318e-18
2018,2019,US8354951027,0.0
2018,2019,US8425871071,0.015697713368651087
2018,2019,US84265V1052,1.8309912202781587e-18
2018,2019,US8447411088,0.0
2018,2019,US8454671095,3.489457036221451e-17
2018,2019,US8485741099,2.2153638931241504e-16
2018,2019,US8545021011,0.0
2018,2019,US8552441094,5.482207509381303e-16
2018,2019,US8574771031,1.5171845788432875e-16
2018,2019,US8581191009,0.0
2018,2019,US8676524064,6.122663685833981e-16
2018,2019,US8716071076,0.008173247920666302
2018,2019,US8718291078,2.2301389082822394e-17
2018,2019,US8725401090,0.017895162277015673
2018,2019,US8760301072,0.0
2018,2019,US87612E1064,0.0
2018,2019,US8803491054,0.0
2018,2019,US8807701029,0.0
2018,2019,US8807791038,0.0
2018,2019,US8816242098,0.0
2018,2019,US8825081040,1.4835079894548273e-16
2018,2019,US8832031012,0.0
2018,2019,US88337F1057,3.325962028069827e-16
2018,2019,US8835561023,0.0
2018,2019,US88579Y1010,0.0
2018,2019,US8873891043,0.0
2018,2019,US89417E1091,1.9155522368412277e-16
2018,2019,US8962391004,0.0
2018,2019,US89832Q1094,0.0
2018,2019,US9024941034,0.0037724483606785954
2018,2019,US9026531049,5.249953994783289e-16
2018,2019,US9026811052,3.0564245235636374e-17
2018,2019,US9029733048,0.0
2018,2019,US9078181081,0.0
2018,2019,US9111631035,0.0
2018,2019,US9113121068,0.0
2018,2019,US9113631090,0.0
2018,2019,US9129091081,0.0
2018,2019,US91324P1021,1.3806359595328192e-15
2018,2019,US91529Y1064,0.0
2018,2019,US91913Y1001,0.0
2018,2019,US92276F1003,5.59470767498141e-16
2018,2019,US92343V1044,0.0022674362505607434
2018,2019,US92532F1003,0.0008234512565030187
2018,2019,US9255501051,1.868283173646432e-16
2018,2019,US92556V1061,2.1258442167157174e-16
2018,2019,US9282981086,0.0
2018,2019,US9290421091,0.0
2018,2019,US9291601097,0.0
2018,2019,US92922P1066,0.0
2018,2019,US92939U1060,0.007185458279076431
2018,2019,US9297401088,0.0
2018,2019,US9311421039,0.03140674094624265
2018,2019,US9314271084,1.6603493500612803e-16
2018,2019,US94106L1098,0.0
2018,2019,US9418481035,0.0
2018,2019,US9427491025,0.0
2018,2019,US9497461015,0.0
2018,2019,US95040Q1040,4.786218494120478e-16
2018,2019,US95082P1057,0.0
2018,2019,US9581021055,1.0192603252264223e-15
2018,2019,US9604131022,0.0
2018,2019,US9621661043,0.0
2018,2019,US9633201069,0.0
2018,2019,US9694571004,0.0
2018,2019,US9699041011,6.189395563815732e-17
2018,2019,US98389B1008,0.0
2018,2019,US9839191015,3.6059510892926092e-16
2018,2019,US98421M1062,0.0
2018,2019,US9884981013,0.0
2018,2019,US98956P1021,0.0
2019,2020,AN8068571086,4.8779332739563934e-17
2019,2020,AT000000STR1,2.3307427592167104e-17
2019,2020,AT00000VIE62,0.0
2019,2020,AT0000606306,1.235171960811159e-16
2019,2020,AT0000652011,2.0214912124485843e-16
2019,2020,AT0000720008,0.0
2019,2020,AT0000730007,0.0
2019,2020,AT0000743059,5.2882509671080246e-18
2019,2020,AT0000746409,0.0
2019,2020,AT0000908504,0.0
2019,2020,AT0000937503,3.363340683703478e-18
2019,2020,AT0000938204,8.930223970865761e-18
2019,2020,AT0000A21KS2,1.145438999540456e-16
2019,2020,BE0003470755,4.507556083939273e-18
2019,2020,BE0003565737,0.0
2019,2020,BE0003593044,0.0
2019,2020,BE0003735496,1.0095080866400988e-16
2019,2020,BE0003739530,4.2721095987677045e-17
2019,2020,BE0003755692,5.311131356988055e-17
2019,2020,BE0003797140,8.562459366882589e-17
2019,2020,BE0003810273,0.0
2019,2020,BE0003822393,0.0009700735499790143
2019,2020,BE0974258874,2.179613115519658e-17
2019,2020,BE0974264930,0.0
2019,2020,BE0974293251,4.8371751138122923e-17
2019,2020,BE0974320526,3.4338423537947983e-17
2019,2020,BMG850801025,2.26731368993246e-18
2019,2020,CA00208D4084,2.878847004203437e-17
2019,2020,CA0084741085,0.03281071499469
2019,2020,CA00900Q1037,0.0
2019,2020,CA01626P1484,0.0
2019,2020,CA05534B7604,3.702021612625557e-17
2019,2020,CA0636711016,5.501288074096096e-17
2019,2020,CA0641491075,1.9913629739555572e-19
2019,2020,CA0977518616,0.0
2019,2020,CA1247651088,1.3577092110033873e-16
2019,2020,CA12532H1047,4.518587574759852e-17
2019,2020,CA13321L1085,0.0
2019,2020,CA1360691010,2.3671935169460768e-17
2019,2020,CA1363751027,1.2523302049900943e-17
2019,2020,CA1363851017,7.216411429050168e-18
2019,2020,CA13646K1084,0.0
2019,2020,CA1366812024,6.00416232746297e-17
2019,2020,CA1367178326,2.996646458300542e-18
2019,2020,CA2849025093,6.963647557448579e-17
2019,2020,CA2918434077,0.042236321213169566
2019,2020,CA29250N1050,0.0
2019,2020,CA2927661025,8.735768658830318e-18
2019,2020,CA3180714048,0.0
2019,2020,CA3359341052,3.808574488151738e-18
2019,2020,CA3495531079,3.390812669369233e-18
2019,2020,CA3518581051,3.2502230023846263e-16
2019,2020,CA3759161035,0.0
2019,2020,CA39138C1068,0.0
2019,2020,CA4495861060,1.0529954009109168e-16
2019,2020,CA4530384086,6.671348436175347e-18
2019,2020,CA45823T1066,0.0
2019,2020,CA4969024047,9.987609916095134e-18
2019,2020,CA5394811015,0.0
2019,2020,CA5592224011,0.0
2019,2020,CA56501R1064,0.0
2019,2020,CA59151K1084,3.93091630425831e-19
2019,2020,CA6744822033,2.5843306617404853e-18
2019,2020,CA6837151068,1.9348723586589521e-16
2019,2020,CA7392391016,0.0
2019,2020,CA74022D4075,3.831967838399777e-17
2019,2020,CA7669101031,0.0
2019,2020,CA7751092007,2.9823632889527646e-18
2019,2020,CA7800871021,2.066740977888071e-18
2019,2020,CA8029121057,0.0
2019,2020,CA82028K2002,8.216086345548019e-17
2019,2020,CA8239011031,4.096219879261375e-19
2019,2020,CA85472N1096,0.0
2019,2020,CA8667961053,0.0
2019,2020,CA8672241079,4.305133182715507e-18
2019,2020,CA87807B1076,5.032746461796027e-18
2019,2020,CA8787422044,0.0
2019,2020,CA87971M1032,0.0
2019,2020,CA8849038085,0.0
2019,2020,CA8911605092,1.231383127732184e-16
2019,2020,CA89346D1078,1.2370083036156375e-18
2019,2020,CA8959451037,3.0527902511947246e-18
2019,2020,CA9611485090,2.0115337677338092e-16
2019,2020,CA98462Y1007,0.0
2019,2020,CH0000816824,1.8305235226929192e-17
2019,2020,CH0008038389,6.236928321838639e-17
2019,2020,CH0008742519,9.810934766550933e-17
2019,2020,CH0010570759,0.0
2019,2020,CH0010645932,5.4118672464352815e-17
2019,2020,CH0011075394,0.0
2019,2020,CH0012005267,8.618505208476962e-17
2019,2020,CH0012032048,6.871383653580647e-17
2019,2020,CH0012138530,2.5856605733828798e-17
2019,2020,CH0012138605,0.0
2019,2020,CH0012142631,0.0
2019,2020,CH0012214059,2.881346848496706e-18
2019,2020,CH0012221716,0.0
2019,2020,CH0012255151,1.1346108454592345e-16
2019,2020,CH0012549785,2.3956473128140655e-16
2019,2020,CH0013841017,2.4069140194174593e-17
2019,2020,CH0014786500,0.05462241288898336
2019,2020,CH0014852781,0.0
2019,2020,CH0018294154,3.083830388678334e-17
2019,2020,CH0024608827,1.9836409828968737e-16
2019,2020,CH0024638212,5.090318723463698e-17
2019,2020,CH0025238863,1.2450646811678482e-16
2019,2020,CH0025751329,3.7926319956055854e-17
2019,2020,CH0030170408,8.535408403499319e-17
2019,2020,CH0038388911,1.8868670323104841e-16
2019,2020,CH0038863350,3.2300514394074197e-17
2019,2020,CH0044328745,1.0238779601513793e-16
2019,2020,CH0048265513,1.0777686967045586e-17
2019,2020,CH0102484968,0.0
2019,2020,CH0126881561,0.0
2019,2020,CH0210483332,2.242400482745289e-16
2019,2020,CH0244767585,0.0
2019,2020,CH0319416936,1.5118911911581824e-17
2019,2020,CH0418792922,1.0931795152597631e-16
2019,2020,CH1169151003,0.0
2019,2020,CH1175448666,3.5956342431124736e-16
2019,2020,CH1256740924,1.0555164449772039e-16
2019,2020,DE0005089031,0.0
2019,2020,DE0005140008,0.0
2019,2020,DE0005190003,6.818593287820585e-17
2019,2020,DE0005200000,2.7202102663959048e-17
2019,2020,DE0005408884,1.5343495004767043e-17
2019,2020,DE0005439004,7.469758830744441e-17
2019,2020,DE0005470405,2.5399539960641874e-17
2019,2020,DE0005552004,0.0
2019,2020,DE0005557508,0.0
2019,2020,DE0005773303,3.0918163602317815e-17
2019,2020,DE0005785604,6.04904407874846e-17
2019,2020,DE0005785802,7.591833977596631e-17
2019,2020,DE0005810055,0.0
2019,2020,DE0005909006,1.0813824844874047e-17
2019,2020,DE0006047004,2.2636656973233373e-18
2019,2020,DE0006048432,2.93920694889838e-17
2019,2020,DE0006070006,3.557982751593677e-17
2019,2020,DE0006202005,1.5774835126990434e-18
2019,2020,DE0006231004,1.2129360807318215e-16
2019,2020,DE0006569908,0.0
2019,2020,DE0006599905,0.0
2019,2020,DE0006602006,1.008254666004938e-16
2019,2020,DE0006969603,1.3640938137011874e-16
2019,2020,DE0007030009,1.2999092316238279e-18
2019,2020,DE0007037129,2.188157250489161e-18
2019,2020,DE0007042301,0.0
2019,2020,DE0007100000,7.306348849606232e-17
2019,2020,DE0007164600,0.0
2019,2020,DE0007236101,1.0114381521678177e-16
2019,2020,DE0007257503,9.972245363856556e-17
2019,2020,DE0007297004,4.873852412605392e-18
2019,2020,DE0007314007,2.945359786838681e-19
2019,2020,DE0007500001,3.8938970557791456e-18
2019,2020,DE0007507501,0.008482413211521706
2019,2020,DE0007664039,2.0638663466016907e-17
2019,2020,DE0008232125,3.059814481945229e-18
2019,2020,DE0008402215,0.0
2019,2020,DE0008404005,0.0
2019,2020,DE0008430026,0.0
2019,2020,DE000A0D6554,1.1890513967184178e-16
2019,2020,DE000A0D9PT0,8.228470097404128e-19
2019,2020,DE000A0S8488,0.0
2019,2020,DE000A0WMPJ6,1.617370086819088e-16
2019,2020,DE000A1EWWW0,5.747145761444919e-16
2019,2020,DE000A2GS401,1.1619123034085479e-17
2019,2020,DE000BASF111,9.124564422099062e-18
2019,2020,DE000BAY0017,3.1930986890446953e-17
2019,2020,DE000CBK1001,1.5117671334168367e-16
2019,2020,DE000CLS1001,0.0
2019,2020,DE000ENAG999,7.042475567526106e-19
2019,2020,DE000KSAG888,7.324468832818931e-18
2019,2020,DE000PSM7770,6.913840923847964e-17
2019,2020,DE000TUAG505,4.692892531539097e-18
2019,2020,DK0010181759,2.1539087591899133e-17
2019,2020,DK0010234467,0.0
2019,2020,DK0010244508,2.3372827956682623e-18
2019,2020,DK0010272632,5.789208641145861e-17
2019,2020,DK0010274414,0.0
2019,2020,DK0010287663,1.0649103049943212e-16
2019,2020,DK0010307958,4.592832166391612e-17
2019,2020,DK0010311471,4.367310575874405e-18
2019,2020,DK0060079531,1.9602421809046148e-16
2019,2020,DK0060336014,1.569137511996019e-17
2019,2020,DK0060448595,6.082948791154655e-17
2019,2020,DK0060477503,0.0
2019,2020,DK0060636678,0.0
2019,2020,DK0060738599,2.557678015640121e-16
2019,2020,DK0061539921,3.6846281976971465e-16
2019,2020,ES0109427734,0.0
2019,2020,ES0112501012,2.1053913812407943e-18
2019,2020,ES0113211835,0.0
2019,2020,ES0113679I37,0.0
2019,2020,ES0113860A34,0.0
2019,2020,ES0113900J37,0.0
2019,2020,ES0116870314,3.555079017326882e-18
2019,2020,ES0117160111,0.0
2019,2020,ES0118594417,7.961737279855632e-17
2019,2020,ES0122060314,1.792173793421282e-18
2019,2020,ES0124244E34,0.0
2019,2020,ES0125220311,1.8204618149625993e-17
2019,2020,ES0130670112,1.0784785228774229e-18
2019,2020,ES0130960018,0.0
2019,2020,ES0132105018,1.6548853167210997e-18
2019,2020,ES0134950F36,0.0
2019,2020,ES0142090317,2.0526706817744528e-18
2019,2020,ES0144580Y14,0.0
2019,2020,ES0148396007,0.0
2019,2020,ES0152503035,0.0
2019,2020,ES0161560018,0.0
2019,2020,ES0167050915,0.0
2019,2020,ES0171996087,6.634906052375698e-17
2019,2020,ES0173093024,0.0
2019,2020,ES0173516115,5.39856572679815e-18
2019,2020,ES0178430E18,0.0
2019,2020,ES0182870214,1.4192147617710534e-17
2019,2020,ES0184933812,0.0
2019,2020,FI0009000202,7.868940529367767e-17
2019,2020,FI0009000277,0.0
2019,2020,FI0009000459,0.0
2019,2020,FI0009000681,0.0
2019,2020,FI0009002158,9.34582708290615e-17
2019,2020,FI0009002422,8.775351286883815e-18
2019,2020,FI0009003727,0.0
2019,2020,FI0009005318,2.7309630830424056e-17
2019,2020,FI0009005870,0.0
2019,2020,FI0009005961,0.0
2019,2020,FI0009005987,0.0
2019,2020,FI0009007132,6.121714940735584e-18
2019,2020,FI0009007694,1.0545431744661668e-17
2019,2020,FI0009007884,9.469147901369378e-17
2019,2020,FI0009013296,0.0
2019,2020,FI0009013403,5.78044422981627e-17
2019,2020,FI0009800643,6.74793646100262e-17
2019,2020,FI4000440664,1.3139808066427011e-16
2019,2020,FR0000035081,4.199777846130166e-17
2019,2020,FR0000039109,5.353886923365431e-18
2019,2020,FR0000044448,7.190661640553946e-17
2019,2020,FR0000045072,0.0
2019,2020,FR0000051070,0.0
2019,2020,FR0000052292,1.5102359293490045e-16
2019,2020,FR0000054900,0.0
2019,2020,FR0000064578,4.9719030734263897e-17
2019,2020,FR0000073272,0.0
2019,2020,FR0000077919,0.0
2019,2020,FR0000120073,3.2970199005435688e-18
2019,2020,FR0000120172,3.686783968783326e-17
2019,2020,FR0000120222,0.0
2019,2020,FR0000120271,2.9160418801794877e-18
2019,2020,FR0000120321,0.0
2019,2020,FR0000120404,0.0
2019,2020,FR0000120503,0.0
2019,2020,FR0000120560,0.024991979646119118
2019,2020,FR0000120578,0.0
2019,2020,FR0000120628,0.0
2019,2020,FR0000120644,3.8592327660153366e-17
2019,2020,FR0000120693,0.0
2019,2020,FR0000120859,1.2907916453357486e-18
2019,2020,FR0000120966,0.0
2019,2020,FR0000121014,1.8817497894084572e-16
2019,2020,FR0000121121,0.0
2019,2020,FR0000121204,0.0
2019,2020,FR0000121220,9.513483152928987e-17
2019,2020,FR0000121329,0.0
2019,2020,FR0000121485,1.8834767520387873e-16
2019,2020,FR0000121667,0.0
2019,2020,FR0000121964,1.6553168572090958e-16
2019,2020,FR0000121972,6.75840802706768e-17
2019,2020,FR0000124141,4.430217038239053e-18
2019,2020,FR0000125007,5.798956755440398e-18
2019,2020,FR0000125338,2.4979936326417483e-17
2019,2020,FR0000125486,0.0
2019,2020,FR0000127771,0.0
2019,2020,FR0000130213,0.0
2019,2020,FR0000130395,0.0
2019,2020,FR0000130403,1.9947248066462173e-16
2019,2020,FR0000130452,0.0
2019,2020,FR0000130577,0.0
2019,2020,FR0000130809,0.0
2019,2020,FR0000131104,0.0
2019,2020,FR0000131757,3.5326960000360387e-19
2019,2020,FR0000131906,4.1655089844744664e-18
2019,2020,FR0000133308,0.0
2019,2020,FR0010040865,2.3169228351470124e-16
2019,2020,FR0010220475,4.56404264195567e-17
2019,2020,FR0010242511,1.3998138900540027e-18
2019,2020,FR0010307819,0.0
2019,2020,FR0010313833,1.404650943743008e-17
2019,2020,FR0010340141,0.0
2019,2020,FR0010411983,0.0
2019,2020,FR0010533075,0.0
2019,2020,FR0013176526,8.991552222770856e-18
2019,2020,FR0013280286,3.7280549650963764e-17
2019,2020,FR0013326246,1.5338550289827258e-16
2019,2020,FR0013505062,1.1178268729066235e-16
2019,2020,FR0013506730,4.723120696933459e-18
2019,2020,FR0014003TT8,8.075065816062789e-17
2019,2020,FR001400AJ45,2.1615758186443227e-17
2019,2020,GB0000163088,0.0
2019,2020,GB0000456144,0.0
2019,2020,GB0000536739,0.0
2019,2020,GB0000811801,0.0
2019,2020,GB0000904986,0.0
2019,2020,GB0000961622,0.0
2019,2020,GB0001048619,2.338099651969759e-16
2019,2020,GB0001110096,0.0
2019,2020,GB0001367019,0.0
2019,2020,GB0001500809,0.0
2019,2020,GB0001638955,3.238472327819132e-17
2019,2020,GB0001667087,4.193862810683617e-18
2019,2020,GB0001765816,0.0
2019,2020,GB0001826634,0.0
2019,2020,GB0001859296,0.0
2019,2020,GB0002018363,3.0691477051528184e-16
2019,2020,GB0002074580,3.827182044604978e-17
2019,2020,GB0002148343,0.0
2019,2020,GB0002318888,7.990617972549454e-18
2019,2020,GB0002374006,0.0
2019,2020,GB0002418548,0.0
2019,2020,GB0002634946,5.1997609036003777e-17
2019,2020,GB0002652740,0.0
2019,2020,GB0002670437,7.057971725191414e-18
2019,2020,GB0002869419,0.0
2019,2020,GB0002875804,2.740562343217314e-16
2019,2020,GB0003096442,0.0
2019,2020,GB0003308607,0.0
2019,2020,GB0003395000,0.0
2019,2020,GB0003452173,9.128347811620836e-18
2019,2020,GB0003718474,0.005032276499270111
2019,2020,GB0003753778,2.1948231698935414e-19
2019,2020,GB0004052071,4.0185139506648435e-17
2019,2020,GB0004082847,0.0
2019,2020,GB0004161021,0.0
2019,2020,GB0004170089,0.0
2019,2020,GB0004270301,0.0
2019,2020,GB0004478896,3.5279179437469134e-17
2019,2020,GB0004544929,1.3224252841873726e-16
2019,2020,GB0004657408,2.6974881376196082e-17
2019,2020,GB0004726096,1.3578470284533843e-16
2019,2020,GB0004866223,5.040226398151402e-18
2019,2020,GB0004915632,0.0
2019,2020,GB0005405286,0.0
2019,2020,GB0005576813,0.0
2019,2020,GB0005603997,0.0
2019,2020,GB0005630420,0.0
2019,2020,GB0005746358,7.727893969595596e-17
2019,2020,GB0005758098,3.5788573818695766e-17
2019,2020,GB0005790059,0.0
2019,2020,GB0006027295,0.0
2019,2020,GB0006215205,6.6650603643865606e-18
2019,2020,GB0006449366,0.0
2019,2020,GB0006640972,0.0
2019,2020,GB0006650450,3.5442108875936585e-16
2019,2020,GB0006731235,1.4012796936429323e-17
2019,2020,GB0006776081,0.0
2019,2020,GB0006825383,0.0
2019,2020,GB0006886666,0.04417227435563179
2019,2020,GB0006928617,5.286471160481597e-17
2019,2020,GB0007099541,0.0
2019,2020,GB0007188757,2.7884799783616116e-18
2019,2020,GB0007323586,1.0187643540319517e-16
2019,2020,GB0007594764,8.924524908119942e-17
2019,2020,GB0007668071,0.0
2019,2020,GB0007669376,0.0
2019,2020,GB0007689002,2.611785302649768e-16
2019,2020,GB0007908733,2.8844284118046704e-18
2019,2020,GB0007958233,2.49621936402406e-17
2019,2020,GB0007973794,6.3356862058207874e-18
2019,2020,GB0007980591,6.830922334467786e-18
2019,2020,GB0008025412,0.0
2019,2020,GB0008085614,6.275623959538371e-17
2019,2020,GB0008220112,1.2035955076246913e-17
2019,2020,GB0008475088,0.0
2019,2020,GB0008481250,8.155375458931089e-17
2019,2020,GB0008706128,1.3829984866038027e-17
2019,2020,GB0008782301,0.0
2019,2020,GB0008794710,0.027323155801507053
2019,2020,GB0009067447,0.006722538444513287
2019,2020,GB0009123323,2.863499292798549e-17
2019,2020,GB0009223206,0.0
2019,2020,GB0009286963,0.0
2019,2020,GB0009292243,0.0
2019,2020,GB0009465807,6.453731176300051e-17
2019,2020,GB0009633180,1.2738395608572838e-16
2019,2020,GB0009697037,7.609822456413846e-18
2019,2020,GB0009895292,2.6769805599576477e-16
2019,2020,GB0022569080,7.166413881025545e-17
2019,2020,GB0030181522,0.0
2019,2020,GB0030232317,0.0
2019,2020,GB0030329360,8.704466938786929e-18
2019,2020,GB0030913577,5.058287353557846e-18
2019,2020,GB0031274896,9.625013171197836e-17
2019,2020,GB0031348658,1.900389869117398e-17
2019,2020,GB0031638363,0.0
2019,2020,GB0031743007,7.08031739369442e-17
2019,2020,GB0032089863,3.992995178971882e-16
2019,2020,GB0033195214,9.054437044201033e-18
2019,2020,GB0033986497,0.0
2019,2020,GB00B00FPT80,0.0
2019,2020,GB00B012BV22,0.0
2019,2020,GB00B012TP20,0.0
2019,2020,GB00B019KW72,2.1042083375495012e-17
2019,2020,GB00B01QGK86,5.39612514900579e-18
2019,2020,GB00B02J6398,0.0
2019,2020,GB00B033F229,4.1057309310920515e-18
2019,2020,GB00B03HDJ73,5.019300654670703e-17
2019,2020,GB00B04V1276,0.0
2019,2020,GB00B06QFB75,1.7850528965696783e-16
2019,2020,GB00B0744359,6.61206078372583e-17
2019,2020,GB00B0744B38,3.260749216086521e-17
2019,2020,GB00B082RF11,0.0
2019,2020,GB00B0FYMT95,0.0
2019,2020,GB00B0KM9T71,0.0
2019,2020,GB00B0LCW083,0.0
2019,2020,GB00B0N8QD54,0.0
2019,2020,GB00B0SWJX34,0.0
2019,2020,GB00B0WMWD03,7.95677261747472e-17
2019,2020,GB00B0YG1K06,0.0
2019,2020,GB00B128J450,0.0
2019,2020,GB00B132NW22,2.865223134573944e-16
2019,2020,GB00B135BJ46,0.0
2019,2020,GB00B17MMZ46,2.5982506802104027e-17
2019,2020,GB00B18P5K83,0.0
2019,2020,GB00B19Z1432,0.0
2019,2020,GB00B1FH8J72,0.0
2019,2020,GB00B1FP6H53,6.192698130376027e-18
2019,2020,GB00B1FW5029,0.0
2019,2020,GB00B1G5HX72,0.0
2019,2020,GB00B1JQDM80,0.0
2019,2020,GB00B1KJJ408,0.0
2019,2020,GB00B1L5QH97,7.024363830791349e-17
2019,2020,GB00B1P6ZR11,0.0
2019,2020,GB00B1VNSX38,4.9548269844875625e-18
2019,2020,GB00B1WY2338,0.0
2019,2020,GB00B1XH2C03,1.2365490107181806e-18
2019,2020,GB00B1YW4409,0.0
2019,2020,GB00B27YGJ97,1.566683433698894e-17
2019,2020,GB00B2B0DG97,0.0
2019,2020,GB00B2NGPM57,0.0
2019,2020,GB00B2PDGW16,1.0113636033318835e-16
2019,2020,GB00B39J2M42,0.0
2019,2020,GB00B3DGH821,0.0
2019,2020,GB00B3FLWH99,0.0
2019,2020,GB00B41H7391,0.0
2019,2020,GB00B45C9X44,1.2214713128922327e-16
2019,2020,GB00B572ZV91,2.145816532559681e-18
2019,2020,GB00B5N0P849,8.134985892599506e-17
2019,2020,GB00B5ZN1N88,9.066833443570695e-17
2019,2020,GB00B61TVQ02,9.99083547517023e-17
2019,2020,GB00B63H8491,0.0
2019,2020,GB00B63QSB39,0.0
2019,2020,GB00B64NSP76,4.383930513771113e-17
2019,2020,GB00B67G5X01,0.0
2019,2020,GB00B6XZKY75,0.0
2019,2020,GB00B6YTLS95,5.710781027321931e-18
2019,2020,GB00B7KR2P84,2.8771807016789375e-18
2019,2020,GB00B82YXW83,0.0
2019,2020,GB00B8B4R053,0.0
2019,2020,GB00B8C3BL03,3.307309565501449e-17
2019,2020,GB00BD6K4575,0.0
2019,2020,GB00BDCPN049,3.962902419719754e-17
2019,2020,GB00BDFBVT43,0.016711491679484727
2019,2020,GB00BDR05C01,6.1314998068657546e-18
2019,2020,GB00BF044593,0.0
2019,2020,GB00BF5H9P87,0.0
2019,2020,GB00BF8Q6K64,0.0
2019,2020,GB00BG11K365,0.0
2019,2020,GB00BGDT3G23,2.6865591835138493e-17
2019,2020,GB00BGLP8L22,0.0
2019,2020,GB00BH4HKS39,1.9456483750675805e-17
2019,2020,GB00BHJYC057,1.9997110485294925e-17
2019,2020,GB00BJ1F4N75,0.0
2019,2020,GB00BJFFLV09,6.516668001162851e-17
2019,2020,GB00BJQZC279,6.817802839993528e-17
2019,2020,GB00BK9RKT01,0.0
2019,2020,GB00BKP36R26,0.0
2019,2020,GB00BKY40Q38,0.0
2019,2020,GB00BL6XZ716,0.0
2019,2020,GB00BLGZ9862,4.425112805748063e-17
2019,2020,GB00BM8PJY71,0.0
2019,2020,GB00BM8Q5M07,9.129198172133854e-16
2019,2020,GB00BMJ6DW54,0.0
2019,2020,GB00BN7SWP63,1.3411668005307e-16
2019,2020,GB00BNGDN821,6.42335426349129e-17
2019,2020,GB00BNNTLN49,8.987116537376141e-18
2019,2020,GB00BNR4T868,3.271718447530057e-18
2019,2020,GB00BP6MXD84,5.2394877167963345e-18
2019,2020,GB00BP92CJ43,5.57470857350719e-18
2019,2020,GB00BP9LHF23,0.0
2019,2020,GB00BPQY8M80,0.0
2019,2020,GB00BRB37M78,0.03056040666742245
2019,2020,GB00BV9FP302,4.1440864866127125e-16
2019,2020,GB00BVFNZH21,0.0
2019,2020,GB00BWFGQN14,1.27137681511335e-16
2019,2020,GB00BYQ0JC66,0.0
2019,2020,GB00BYRJ5J14,0.01566216976258597
2019,2020,GB00BYT1DJ19,0.0
2019,2020,GB00BYW0PQ60,0.0
2019,2020,GB00BYYTFB60,5.716767453152151e-16
2019,2020,GB00BYZN9041,0.0
2019,2020,GB00BZ4BQC70,6.034302308770136e-17
2019,2020,IE0001827041,4.94301523395413e-18
2019,2020,IE0002424939,8.190143284445709e-18
2019,2020,IE0003864109,4.30178297231931e-17
2019,2020,IE0004906560,2.1843931229580624e-17
2019,2020,IE0004927939,0.0
2019,2020,IE00B00MZ448,0.0
2019,2020,IE00B4BNMY34,0.0
2019,2020,IE00B8KQN827,5.870101828283199e-17
2019,2020,IE00BD1RP616,0.0
2019,2020,IE00BDB6Q211,0.0
2019,2020,IE00BF0L3536,0.0
2019,2020,IE00BGH1M568,6.259078188045861e-17
2019,2020,IE00BJ3V9050,2.6806884764125397e-16
2019,2020,IE00BK9ZQ967,0.0
2019,2020,IE00BLP1HW54,8.019169048428089e-18
2019,2020,IE00BLS09M33,2.7455132555651636e-17
2019,2020,IE00BTN1Y115,2.279417628075705e-17
2019,2020,IE00BWT6H894,0.043458017516458586
2019,2020,IE00BY7QL619,0.0
2019,2020,IL0002300114,0.0
2019,2020,IL0002810146,0.0
2019,2020,IL0006046119,0.0
2019,2020,IL0006625771,4.303145237717289e-17
2019,2020,IL0006954379,3.974890074089317e-16
2019,2020,IL0010811243,0.0
2019,2020,IT0000062072,0.0
2019,2020,IT0000062957,0.0
2019,2020,IT0000066123,0.0
2019,2020,IT0000072618,0.0
2019,2020,IT0000784154,5.734546350477422e-17
2019,2020,IT0000784196,2.8723779437208165e-17
2019,2020,IT0001137345,3.449243246324619e-17
2019,2020,IT0001233417,2.9600666827452974e-18
2019,2020,IT0001347308,2.470451792853102e-18
2019,2020,IT0001469383,0.0
2019,2020,IT0003128367,1.47591776846142e-18
2019,2020,IT0003132476,3.0376307390037053e-18
2019,2020,IT0003153415,1.2867887105969327e-17
2019,2020,IT0003242622,0.0
2019,2020,IT0003497168,0.0
2019,2020,IT0003506190,7.990663865357873e-17
2019,2020,IT0003856405,0.0
2019,2020,IT0004810054,0.0
2019,2020,IT0004827447,0.0
2019,2020,IT0005218380,0.0
2019,2020,IT0005239360,0.0
2019,2020,IT0005495657,1.106042754859718e-17
2019,2020,JE00B8KF9B49,1.9470188899728005e-17
2019,2020,JE00BJ1DLW90,6.696691445878995e-17
2019,2020,LR0008862868,1.4616146676480985e-18
2019,2020,LU0075646355,1.658273620989348e-17
2019,2020,NL0000008977,0.0
2019,2020,NL0000009082,3.2141649889134174e-17
2019,2020,NL0000009165,0.0
2019,2020,NL0000009538,0.0
2019,2020,NL0000226223,1.943965719189142e-17
2019,2020,NL0000235190,3.556267120673996e-17
2019,2020,NL0000289213,0.0
2019,2020,NL0000337319,0.0
2019,2020,NL0000360618,5.147928390107841e-18
2019,2020,NL0000379121,0.0
2019,2020,NL0000395903,0.0
2019,2020,NL0006237562,0.0
2019,2020,NL0009432491,0.0
2019,2020,NL0010273215,0.0
2019,2020,NL0010583399,4.1998928769185874e-17
2019,2020,NL0011794037,1.38997630523832e-17
2019,2020,NL0011821202,8.296161771953986e-17
2019,2020,NL0013267909,0.0
2019,2020,NL00150001Q9,5.524213625647873e-17
2019,2020,NL00150003E1,4.9763732773480665e-17
2019,2020,NL0015001FS8,0.0
2019,2020,NL0015435975,1.0949535621767542e-17
2019,2020,NO0003028904,0.0
2019,2020,NO0003053605,0.0
2019,2020,NO0003078800,3.0403464877165673e-16
2019,2020,NO0003733800,0.0
2019,2020,NO0005052605,2.3372669519040113e-18
2019,2020,NO0010063308,0.0
2019,2020,NO0010096985,0.0
2019,2020,NO0010199151,2.2830937788482754e-17
2019,2020,NO0010208051,1.499533757219094e-18
2019,2020,NO0010215684,0.0
2019,2020,NO0012470089,0.0
2019,2020,PA1436583006,3.686048648503368e-18
2019,2020,PTBCP0AM0015,8.913888088006465e-17
2019,2020,PTEDP0AM0009,4.781258354003096e-18
2019,2020,PTJMT0AE0001,1.1214511686295816e-16
2019,2020,PTSON0AM0001,0.0
2019,2020,PTZON0AM0006,0.0
2019,2020,SE0000106270,2.8329397458342e-17
2019,2020,SE0000108227,4.616243775385482e-17
2019,2020,SE0000108656,0.0
2019,2020,SE0000112724,0.0
2019,2020,SE0000113250,9.879982200888481e-18
2019,2020,SE0000114837,1.6137641986124732e-17
2019,2020,SE0000148884,0.0
2019,2020,SE0000163594,7.050057348248862e-18
2019,2020,SE0000163628,6.732112672051443e-16
2019,2020,SE0000171100,1.138132862823563e-18
2019,2020,SE0000190126,4.669743152905396e-17
2019,2020,SE0000202624,3.3332405422773157e-16
2019,2020,SE0000242455,0.0
2019,2020,SE0000379190,1.0458148062992229e-16
2019,2020,SE0000667891,4.560049762829942e-17
2019,2020,SE0000667925,0.0
2019,2020,SE0000695876,1.0736908503883934e-16
2019,2020,SE0000806994,0.0
2019,2020,SE0000862997,0.0
2019,2020,SE0000949331,0.0
2019,2020,SE0001662230,4.789177143209755e-17
2019,2020,SE0003366871,1.5980428798082957e-18
2019,2020,SE0005190238,1.329055317024595e-16
2019,2020,SE0006993770,0.0
2019,2020,SE0007100581,3.647305450395782e-17
2019,2020,SE0007100599,0.0
2019,2020,SE0011090018,0.0
2019,2020,SE0011166974,4.3783532134836e-16
2019,2020,SE0015811955,0.0
2019,2020,SE0015812219,4.863637929626447e-16
2019,2020,SE0015988019,2.3640828453391627e-16
2019,2020,SE0016589188,0.0
2019,2020,SE0017486889,3.941877370945569e-17
2019,2020,SE0018012494,0.0
2019,2020,SE0018012635,1.2246092522217035e-16
2019,2020,SE0020050417,0.0
2019,2020,US0010551028,0.0
2019,2020,US0010841023,7.092850928115259e-18
2019,2020,US00130H1059,2.441901953897796e-18
2019,2020,US00206R1023,1.4626036881618776e-17
2019,2020,US0028241000,0.0
2019,2020,US0028962076,8.171613123618148e-17
2019,2020,US00724F1012,0.0
2019,2020,US00751Y1064,0.0
2019,2020,US0079031078,7.113152498578205e-16
2019,2020,US0082521081,0.0
2019,2020,US00846U1016,6.443725392874863e-17
2019,2020,US0091581068,4.41500414965552e-18
2019,2020,US00971T1016,0.01059747292516889
2019,2020,US0126531013,1.0645816152601095e-17
2019,2020,US0152711091,4.498062703671854e-18
2019,2020,US01741R1023,0.0
2019,2020,US0185811082,0.0
2019,2020,US0188021085,3.646758557899699e-18
2019,2020,US0200021014,0.0
2019,2020,US02079K3059,2.962931605104106e-16
2019,2020,US02209S1033,1.1414606705007006e-16
2019,2020,US0231351067,1.2854912011841066e-16
2019,2020,US0236081024,2.9600344593750853e-18
2019,2020,US0255371017,3.140434710379941e-18
2019,2020,US02553E1064,0.0
2019,2020,US0258161092,0.0
2019,2020,US0268747849,1.248549087522207e-16
2019,2020,US03027X1000,0.03032266928803195
2019,2020,US03073E1055,0.0
2019,2020,US03076C1062,0.0
2019,2020,US0311001004,0.0
2019,2020,US0311621009,0.0
2019,2020,US0320951017,1.2889170391213934e-16
2019,2020,US0326541051,0.0
2019,2020,US0367521038,0.0
2019,2020,US03743Q1085,6.599166497808286e-18
2019,2020,US0378331005,6.7231962706041005e-18
2019,2020,US0382221051,1.0369851519073114e-16
2019,2020,US0383361039,8.088358124801428e-17
2019,2020,US0394831020,0.0
2019,2020,US0441861046,0.0
2019,2020,US0454871056,0.0
2019,2020,US04621X1081,2.3271780221208353e-16
2019,2020,US0495601058,0.0
2019,2020,US0527691069,0.0
2019,2020,US0528001094,5.873129382576184e-17
2019,2020,US0530151036,0.0
2019,2020,US0533321024,0.0068141610574964364
2019,2020,US0534841012,2.621132346250062e-16
2019,2020,US0536111091,1.6507281861879507e-17
2019,2020,US0537741052,2.9017103253626334e-18
2019,2020,US0538071038,0.0
2019,2020,US0584981064,0.0
2019,2020,US0605051046,0.0
2019,2020,US0640581007,0.0
2019,2020,US0708301041,2.918181860255826e-16
2019,2020,US0718131099,1.1049930598617662e-16
2019,2020,US0758871091,8.78356618752251e-17
2019,2020,US0844231029,0.0
2019,2020,US0865161014,5.3335264217675846e-17
2019,2020,US09062X1037,0.0
2019,2020,US0970231058,0.0
2019,2020,US09857L1089,1.5058999674936872e-16
2019,2020,US0997241064,9.770949316566254e-17
2019,2020,US1011211018,1.3129167678066686e-16
2019,2020,US1011371077,4.445169648946357e-17
2019,2020,US1053682035,1.2824249862513529e-18
2019,2020,US1096411004,0.0
2019,2020,US1101221083,0.0
2019,2020,US1124631045,2.3503290188542137e-17
2019,2020,US1156372096,0.0
2019,2020,US12504L1098,0.0
2019,2020,US1252691001,3.2461847313077743e-19
2019,2020,US12541W2098,0.01519608768820726
2019,2020,US1255231003,0.022820013420055296
2019,2020,US1258961002,2.481036486106606e-18
2019,2020,US1264081035,0.0
2019,2020,US12653C1080,0.0
2019,2020,US1266501006,0.0
2019,2020,US1270551013,3.8905277305417375e-18
2019,2020,US1270971039,0.0
2019,2020,US1273871087,1.0317467795961126e-16
2019,2020,US1307881029,0.0
2019,2020,US1331311027,7.499624449672469e-17
2019,2020,US1344291091,1.883756362110146e-17
2019,2020,US14040H1059,0.0
2019,2020,US14149Y1082,3.909370493078345e-17
2019,2020,US1423391002,0.0
2019,2020,US1431301027,2.596531535848808e-17
2019,2020,US1491231015,1.8458846261508032e-17
2019,2020,US1508701034,6.603955928006157e-19
2019,2020,US15189T1079,5.30340412508667e-19
2019,2020,US1567821046,0.0
2019,2020,US1598641074,3.2449887249425135e-17
2019,2020,US1667641005,0.0
2019,2020,US1713401024,0.044775901306220146
2019,2020,US1717793095,0.0
2019,2020,US1720621010,0.0
2019,2020,US17275R1023,0.0
2019,2020,US1729081059,0.0
2019,2020,US1729674242,1.504234111940734e-16
2019,2020,US1773761002,0.0
2019,2020,US1858991011,0.0
2019,2020,US1890541097,0.0
2019,2020,US1912161007,7.116898835239715e-17
2019,2020,US1924461023,2.4403388821383863e-17
2019,2020,US1941621039,5.230455768946703e-17
2019,2020,US20030N1019,0.0
2019,2020,US2003401070,0.0
2019,2020,US2017231034,0.0
2019,2020,US2058871029,3.600493009122621e-17
2019,2020,US20825C1045,0.0
2019,2020,US2091151041,0.04557215049316835
2019,2020,US21036P1084,0.0
2019,2020,US22160K1051,5.917203505616195e-17
2019,2020,US22822V1017,0.033011309179070705
2019,2020,US2283681060,4.708635207280164e-17
2019,2020,US2310211063,2.936354670093836e-17
2019,2020,US23331A1097,2.870174235194016e-17
2019,2020,US2333311072,2.319431961653918e-18
2019,2020,US23355L1061,0.0
2019,2020,US2358511028,5.754382549494476e-17
2019,2020,US2371941053,0.01657829939234374
2019,2020,US23918K1088,0.0
2019,2020,US2441991054,0.0
2019,2020,US2473617023,1.1570320568421722e-18
2019,2020,US24906P1093,3.814803512204858e-16
2019,2020,US25179M1036,0.0
2019,2020,US2533931026,1.0999365091732669e-16
2019,2020,US2546871060,0.0
2019,2020,US25525P1075,6.395864767091625e-17
2019,2020,US25659T1079,0.0
2019,2020,US25746U1097,9.45371923847578e-19
2019,2020,US2576511099,0.0
2019,2020,US25960P1093,1.625990882952912e-17
2019,2020,US2600031080,1.9285138399675023e-16
2019,2020,US26441C2044,0.008851540151318577
2019,2020,US26875P1012,0.0
2019,2020,US26884L1098,5.0670259234934634e-18
2019,2020,US2774321002,3.562712271824582e-18
2019,2020,US2786421030,1.1705507758022996e-16
2019,2020,US2788651006,0.0
2019,2020,US2810201077,0.0
2019,2020,US28176E1082,3.072668936427581e-16
2019,2020,US2910111044,0.0
2019,2020,US29364G1031,2.7292630402082767e-18
2019,2020,US2944291051,0.0
2019,2020,US29444U7000,1.3644688778942056e-16
2019,2020,US29476L1070,5.736805884522653e-17
2019,2020,US29670G1022,0.0
2019,2020,US2971781057,1.0052979354779428e-17
2019,2020,US30034W1062,2.3311276117867286e-18
2019,2020,US30040W1080,0.0
2019,2020,US30161N1019,0.0
2019,2020,US30212P3038,4.763787663601229e-17
2019,2020,US3021301094,1.841224326176035e-16
2019,2020,US30231G1022,3.9868731292061195e-18
2019,2020,US3024913036,0.0
2019,2020,US3029411093,0.04921370764243336
2019,2020,US3030751057,0.0
2019,2020,US3119001044,0.0
2019,2020,US3137451015,1.1700303875407777e-16
2019,2020,US31428X1063,0.0
2019,2020,US3156161024,0.0
2019,2020,US31620M1062,0.0
2019,2020,US3167731005,0.0
2019,2020,US3205171057,0.0
2019,2020,US3377381088,1.0951002434769932e-17
2019,2020,US3379321074,0.02308673677601031
2019,2020,US3434121022,2.102366746813954e-17
2019,2020,US34354P1057,0.0
2019,2020,US3453708600,6.449993560526054e-17
2019,2020,US3546131018,0.0
2019,2020,US35671D8570,0.0
2019,2020,US3614481030,0.0
2019,2020,US3635761097,0.0
2019,2020,US3647601083,1.6598325582289379e-16
2019,2020,US3703341046,7.521051795263923e-17
2019,2020,US3719011096,0.0
2019,2020,US37247D1063,0.0
2019,2020,US3755581036,0.0
2019,2020,US38141G1040,0.0
2019,2020,US3825501014,5.305864959330849e-18
2019,2020,US3848021040,0.0
2019,2020,US3976241071,5.311404030539766e-18
2019,2020,US40434L1052,6.761444814583013e-18
2019,2020,US4062161017,1.5490100410914247e-17
2019,2020,US4103451021,1.5742471086862802e-16
2019,2020,US4108671052,0.0
2019,2020,US4128221086,1.8282812976410453e-16
2019,2020,US4158641070,0.0
2019,2020,US4165151048,0.0
2019,2020,US4180561072,2.698459806395614e-16
2019,2020,US4198701009,0.0277411941559651
2019,2020,US42250P1030,0.0
2019,2020,US42330P1075,2.4134945839768024e-18
2019,2020,US4234521015,1.6767998207599659e-18
2019,2020,US4278661081,0.0396036982955697
2019,2020,US42809H1077,4.415154009829187e-18
2019,2020,US4370761029,0.0
2019,2020,US4385161066,2.7445669598920357e-17
2019,2020,US4404521001,0.009973802711143918
2019,2020,US44107P1049,0.0
2019,2020,US4435106079,0.0
2019,2020,US4448591028,0.0
2019,2020,US4456581077,0.0
2019,2020,US4461501045,0.0
2019,2020,US4470111075,0.0
2019,2020,US45073V1089,0.0
2019,2020,US45167R1041,4.431655699835092e-17
2019,2020,US45168D1046,3.16842124243263e-16
2019,2020,US4523081093,7.513701575461179e-17
2019,2020,US4523271090,2.0081475369795957e-16
2019,2020,US4581401001,0.0
2019,2020,US4592001014,2.1996774688333672e-16
2019,2020,US4595061015,1.368846283082072e-16
2019,2020,US4601461035,7.093492146696593e-18
2019,2020,US4606901001,1.550594881044713e-16
2019,2020,US4612021034,0.0
2019,2020,US46284V1017,0.0
2019,2020,US4657411066,0.0
2019,2020,US46625H1005,0.0
2019,2020,US4663131039,0.0
2019,2020,US46982L1089,0.0
2019,2020,US4781601046,5.641480144530562e-17
2019,2020,US48020Q1076,0.0
2019,2020,US48203R1041,0.0
2019,2020,US48242W1062,0.0
2019,2020,US4824801009,0.0
2019,2020,US4878361082,2.7615712892281677e-17
2019,2020,US4891701009,0.0
2019,2020,US4932671088,0.0
2019,2020,US4943681035,0.015456772844005049
2019,2020,US49446R1095,2.2777298780692325e-16
2019,2020,US4972661064,1.4318594330791595e-17
2019,2020,US5002551043,0.013399705891893298
2019,2020,US5010441013,0.0
2019,2020,US5018892084,2.869066250358934e-17
2019,2020,US5178341070,1.7843219593205405e-16
2019,2020,US5184391044,1.6508277371486317e-19
2019,2020,US5218652049,6.688844565560048e-18
2019,2020,US5246601075,4.040589951899713e-17
2019,2020,US5261071071,0.0
2019,2020,US5324571083,2.0889311069604428e-17
2019,2020,US5339001068,0.0
2019,2020,US5341871094,0.0
2019,2020,US5370081045,0.0
2019,2020,US5398301094,0.026363837371346788
2019,2020,US5486611073,0.0
2019,2020,US5502411037,0.0008535741411168001
2019,2020,US55261F1049,0.01998505634303599
2019,2020,US5526761086,0.0
2019,2020,US5529531015,8.9590915981222e-17
2019,2020,US5543821012,6.870861014241463e-17
2019,2020,US5544891048,3.455621350765021e-17
2019,2020,US55616P1049,8.374735118584409e-17
2019,2020,US5635714059,0.0
2019,2020,US56418H1005,0.0
2019,2020,US5658491064,0.0
2019,2020,US5717481023,2.862025382225586e-17
2019,2020,US5719032022,0.0
2019,2020,US5732841060,2.075083685315455e-18
2019,2020,US5738741041,3.3226613862470895e-16
2019,2020,US5745991068,0.0
2019,2020,US57636Q1040,0.0
2019,2020,US5770811025,3.550721353141003e-16
2019,2020,US5797802064,0.017712193111727503
2019,2020,US5801351017,0.04811567840092404
2019,2020,US58155Q1031,0.0
2019,2020,US58933Y1055,0.012232998702033161
2019,2020,US59156R1086,0.0
2019,2020,US5926881054,2.732063459070601e-16
2019,2020,US5949181045,0.0
2019,2020,US5950171042,0.0
2019,2020,US5951121038,0.0
2019,2020,US6005441000,1.7741593111568706e-17
2019,2020,US6081901042,0.0
2019,2020,US60871R2094,2.5695465714596403e-17
2019,2020,US6092071058,1.115431071156042e-16
2019,2020,US6153691059,1.7272920668638093e-16
2019,2020,US6174464486,0.0
2019,2020,US61945C1036,8.800892770620678e-19
2019,2020,US6200763075,0.0
2019,2020,US6267171022,4.097605116605997e-18
2019,2020,US62886E1082,2.0881560817561803e-17
2019,2020,US6293775085,1.0157529505903116e-18
2019,2020,US62955J1034,3.019744501327714e-17
2019,2020,US6311031081,0.0
2019,2020,US6361801011,0.0
2019,2020,US6365181022,0.0
2019,2020,US64110D1046,0.0
2019,2020,US6501111073,1.8306609352378225e-16
2019,2020,US6512291062,1.2676170229274048e-16
2019,2020,US6516391066,0.01699207812651588
2019,2020,US65339F1012,3.0535962804254318e-18
2019,2020,US6541061031,1.718276489149239e-16
2019,2020,US65473P1057,2.9017946867643264e-18
2019,2020,US6556641008,0.0
2019,2020,US6558441084,0.0
2019,2020,US6658591044,0.0
2019,2020,US6668071029,0.0
2019,2020,US6687711084,1.3133250973333972e-16
2019,2020,US6703461052,2.9127533832181864e-18
2019,2020,US67066G1040,0.0
2019,2020,US6708371033,2.323357692067123e-18
2019,2020,US67098H1041,3.0638205654428786e-18
2019,2020,US6745991058,2.4953236159536505e-18
2019,2020,US6819191064,1.4828783918899858e-17
2019,2020,US6821891057,2.2518119556796267e-18
2019,2020,US6826801036,0.0
2019,2020,US68389X1054,0.0
2019,2020,US6866881021,0.0
2019,2020,US6882392011,0.0
2019,2020,US69331C1080,0.0
2019,2020,US6934751057,0.0
2019,2020,US6935061076,0.0
2019,2020,US69351T1060,3.56661421985729e-18
2019,2020,US6936561009,2.1664894863627668e-16
2019,2020,US6937181088,2.7609884657009037e-17
2019,2020,US6951561090,0.0
2019,2020,US7010941042,0.0
2019,2020,US70211M1099,8.406688641328074e-17
2019,2020,US7043261079,4.942774288529294e-17
2019,2020,US7134481081,2.0525924674293952e-17
2019,2020,US7140461093,0.0
2019,2020,US7170811035,0.0
2019,2020,US7234841010,2.1581569666031603e-18
2019,2020,US7237871071,0.0
2019,2020,US7244791007,8.050657830749256e-17
2019,2020,US7310681025,0.0
2019,2020,US74144T1088,0.0
2019,2020,US74251V1026,1.101591549387948e-18
2019,2020,US7427181091,0.025382819632165567
2019,2020,US7433151039,1.8174739201275642e-18
2019,2020,US74340W1036,0.0
2019,2020,US7443201022,0.0
2019,2020,US7445731067,0.0
2019,2020,US74460D1090,0.0
2019,2020,US7475251036,0.0
2019,2020,US74762E1029,0.0
2019,2020,US74834L1008,0.005808114623110792
2019,2020,US7509171069,1.9480312611074784e-16
2019,2020,US75281A1097,6.135424879686885e-18
2019,2020,US75513E1010,1.5969477405381973e-17
2019,2020,US7588491032,0.0
2019,2020,US75886F1075,1.4121823290440748e-16
2019,2020,US7591EP1005,0.0
2019,2020,US7593516047,0.0
2019,2020,US7595091023,0.0
2019,2020,US7607591002,6.756763671875047e-18
2019,2020,US7703231032,0.0
2019,2020,US7739031091,0.0
2019,2020,US7782961038,1.0743841047129232e-16
2019,2020,US7835491082,1.118748113432889e-17
2019,2020,US78409V1044,0.0
2019,2020,US78410G1040,6.26764976926241e-17
2019,2020,US7841171033,0.0
2019,2020,US78440X8873,2.0931144088120405e-17
2019,2020,US78454L1008,0.0
2019,2020,US78473E1038,0.0
2019,2020,US79466L3024,0.0
2019,2020,US8064071025,9.348173554141557e-17
2019,2020,US8101861065,1.107898919614681e-16
2019,2020,US81211K1007,1.421906803035817e-17
2019,2020,US8168511090,0.0
2019,2020,US8243481061,0.0
2019,2020,US8288061091,9.296607885433552e-17
2019,2020,US8326964058,9.173705012301668e-17
2019,2020,US8354951027,0.0
2019,2020,US8425871071,0.003429051649586054
2019,2020,US84265V1052,0.0
2019,2020,US8447411088,2.4470772560621378e-18
2019,2020,US8454671095,0.0
2019,2020,US8485741099,0.0
2019,2020,US8545021011,7.754247867752913e-17
2019,2020,US8552441094,0.0
2019,2020,US8574771031,0.0
2019,2020,US8581191009,0.0
2019,2020,US8636671013,0.0
2019,2020,US8676524064,0.0
2019,2020,US8716071076,0.0
2019,2020,US87161C5013,0.0
2019,2020,US8718291078,0.0
2019,2020,US8725401090,0.01412858097455225
2019,2020,US8760301072,6.368653573445218e-16
2019,2020,US87612E1064,0.009740133832148069
2019,2020,US8803491054,2.8649919401066057e-18
2019,2020,US8807701029,1.5530208609088421e-16
2019,2020,US8807791038,0.0
2019,2020,US8816242098,1.3949438678746535e-16
2019,2020,US8825081040,0.0
2019,2020,US8832031012,3.937539560446811e-17
2019,2020,US88337F1057,0.0
2019,2020,US8835561023,1.1981458115436837e-16
2019,2020,US8851601018,1.1058130709231652e-16
2019,2020,US88579Y1010,0.0
2019,2020,US8873891043,3.4098623107920205e-18
2019,2020,US8910921084,2.2156281611377205e-17
2019,2020,US89417E1091,0.0
2019,2020,US8962391004,0.0
2019,2020,US8965221091,5.144993015061047e-17
2019,2020,US89832Q1094,0.0
2019,2020,US9024941034,1.3750866748677745e-17
2019,2020,US9026531049,1.4500379532668155e-16
2019,2020,US9026811052,0.0
2019,2020,US9029733048,8.103102851323568e-17
2019,2020,US9078181081,1.6524922190468255e-17
2019,2020,US9111631035,5.823916881794555e-18
2019,2020,US9113121068,1.9058870120231818e-18
2019,2020,US9113631090,0.0
2019,2020,US9129091081,7.441111494596482e-19
2019,2020,US91324P1021,0.014545679723548909
2019,2020,US91529Y1064,0.0
2019,2020,US91913Y1001,4.408364135526074e-18
2019,2020,US92276F1003,0.0
2019,2020,US92343V1044,0.0
2019,2020,US92532F1003,0.0
2019,2020,US9255501051,0.0
2019,2020,US92556V1061,0.0
2019,2020,US9282981086,6.417209236439392e-17
2019,2020,US9290421091,0.0
2019,2020,US9291601097,1.4792955470572306e-17
2019,2020,US92922P1066,1.7696526173343353e-17
2019,2020,US92939U1060,1.994798971443109e-18
2019,2020,US9297401088,0.0
2019,2020,US9311421039,0.017938733918709964
2019,2020,US9314271084,6.52971919936779e-17
2019,2020,US94106L1098,1.358418105399432e-18
2019,2020,US9418481035,4.3112833363380776e-16
2019,2020,US9427491025,3.7659373767420115e-18
2019,2020,US9497461015,0.0
2019,2020,US95040Q1040,2.3241623710610862e-17
2019,2020,US95058W1009,0.0
2019,2020,US95082P1057,0.0
2019,2020,US9581021055,2.9820449153206144e-17
2019,2020,US9604131022,9.353272902336228e-18
2019,2020,US9621661043,0.0
2019,2020,US9633201069,9.159224222064074e-18
2019,2020,US9694571004,5.916292545527429e-18
2019,2020,US9699041011,1.1725645330028366e-17
2019,2020,US9831341071,4.649799376767146e-17
2019,2020,US98389B1008,2.9201690815562023e-18
2019,2020,US9839191015,0.0
2019,2020,US98421M1062,1.8772408041494436e-16
2019,2020,US9884981013,1.236940829888136e-16
2019,2020,US98956P1021,3.088899735367091e-17
2020,2021,AN8068571086,5.827459144436351e-06
2020,2021,AT000000STR1,2.9900134992913917e-06
2020,2021,AT00000VIE62,1.8862943818282643e-05
2020,2021,AT0000606306,8.402282639242601e-05
2020,2021,AT0000652011,5.945426790734693e-05
2020,2021,AT0000720008,1.0401557636759111e-05
2020,2021,AT0000730007,6.229319182026208e-06
2020,2021,AT0000743059,6.146533943184993e-07
2020,2021,AT0000746409,1.561182206824606e-05
2020,2021,AT0000831706,9.99320689293556e-07
2020,2021,AT0000908504,1.620243657887599e-05
2020,2021,AT0000937503,2.1015663898603678e-07
2020,2021,AT0000938204,2.447725216897747e-06
2020,2021,AT0000A21KS2,5.6116389345626245e-05
2020,2021,AU000000JHX1,7.992393172349091e-06
2020,2021,BE0003470755,7.334373520017777e-07
2020,2021,BE0003565737,3.48801273388994e-05
2020,2021,BE0003593044,1.553680838844444e-05
2020,2021,BE0003735496,0.006165422829392443
2020,2021,BE0003739530,5.136391004055682e-06
2020,2021,BE0003755692,3.973928549173873e-06
2020,2021,BE0003797140,2.8903321870736913e-05
2020,2021,BE0003810273,0.0
2020,2021,BE0003822393,0.0008567886984338357
2020,2021,BE0974258874,4.931738680608792e-06
2020,2021,BE0974264930,2.1457528246236685e-05
2020,2021,BE0974293251,1.2759938391499608e-06
2020,2021,BE0974320526,6.2332711623699335e-06
2020,2021,BMG850801025,2.0580690974299634e-07
2020,2021,CA00208D4084,2.2398724030998545e-06
2020,2021,CA0084741085,6.798398371265608e-06
2020,2021,CA00900Q1037,2.337304840763735e-05
2020,2021,CA01626P1484,6.44769574870836e-06
2020,2021,CA05534B7604,0.0038850224866511913
2020,2021,CA0636711016,2.6152008040043145e-05
2020,2021,CA0641491075,2.4469888524785993e-05
2020,2021,CA0977518616,5.310159268241492e-07
2020,2021,CA1247651088,1.9238395716640826e-05
2020,2021,CA12532H1047,2.588046343983543e-05
2020,2021,CA13321L1085,2.340621085026317e-06
2020,2021,CA1360691010,2.768658040449382e-05
2020,2021,CA1363751027,1.5930698240989684e-06
2020,2021,CA1363851017,5.07718657956115e-07
2020,2021,CA13646K1084,6.127916090381246e-06
2020,2021,CA1366812024,7.424097904611536e-06
2020,2021,CA1367178326,3.46532442836525e-07
2020,2021,CA2849025093,9.292317142529298e-06
2020,2021,CA2918434077,0.036533419464931806
2020,2021,CA29250N1050,3.212889556325118e-07
2020,2021,CA2927661025,9.716390889507325e-07
2020,2021,CA3180714048,1.6233961015414398e-05
2020,2021,CA3359341052,3.0776358667587622e-06
2020,2021,CA3495531079,1.612299428874903e-07
2020,2021,CA3518581051,3.424839832112195e-05
2020,2021,CA3759161035,7.954774588182234e-06
2020,2021,CA39138C1068,2.7851428068751613e-05
2020,2021,CA4495861060,4.288962823764853e-05
2020,2021,CA4530384086,3.2417887123084445e-07
2020,2021,CA45823T1066,1.4181992769893793e-05
2020,2021,CA4969024047,6.197763736813487e-06
2020,2021,CA5394811015,0.02702570738125974
2020,2021,CA5592224011,6.996497483249788e-06
2020,2021,CA56501R1064,4.461141700659225e-06
2020,2021,CA59151K1084,2.888105029531326e-07
2020,2021,CA59162N1096,0.02142847514384787
2020,2021,CA6744822033,6.787222452378493e-08
2020,2021,CA6837151068,2.0379338290880327e-05
2020,2021,CA7392391016,1.550082166412227e-05
2020,2021,CA74022D4075,1.9276236694841766e-05
2020,2021,CA7669101031,0.0
2020,2021,CA7751092007,6.11731652747696e-06
2020,2021,CA7800871021,1.966547515824911e-05
2020,2021,CA8029121057,0.0
2020,2021,CA82028K2002,5.4929690923227245e-06
2020,2021,CA8239011031,1.5612043944771968e-08
2020,2021,CA85472N1096,8.517998084587643e-06
2020,2021,CA8667961053,5.858067299407253e-06
2020,2021,CA8672241079,4.585779224107571e-07
2020,2021,CA87807B1076,2.5513157148342353e-07
2020,2021,CA8787422044,3.838232046098937e-06
2020,2021,CA87971M1032,1.2891302151993266e-05
2020,2021,CA8849038085,2.079781519865028e-05
2020,2021,CA8911605092,1.1329462555781576e-05
2020,2021,CA89346D1078,1.2716436316204858e-08
2020,2021,CA8959451037,1.4595678815593012e-06
2020,2021,CA9611485090,0.0
2020,2021,CA98462Y1007,2.339431360941697e-05
2020,2021,CH0000816824,2.0136554309506588e-05
2020,2021,CH0008038389,2.0944174412932503e-06
2020,2021,CH0008742519,0.0042274518188159475
2020,2021,CH0010570759,1.0603708458481922e-06
2020,2021,CH0010645932,2.0861505089089147e-05
2020,2021,CH0011075394,0.0
2020,2021,CH0012005267,3.891137469350239e-06
2020,2021,CH0012032048,5.668700444853243e-06
2020,2021,CH0012138530,3.920698973290027e-05
2020,2021,CH0012138605,2.7875842098557874e-05
2020,2021,CH0012142631,1.0632578896193285e-05
2020,2021,CH0012214059,7.505042825839602e-08
2020,2021,CH0012221716,2.9890070716602557e-05
2020,2021,CH0012255151,4.3138310898967736e-05
2020,2021,CH0012549785,2.4538861592632036e-05
2020,2021,CH0013841017,1.7314099991699193e-05
2020,2021,CH0014786500,0.008019552679251916
2020,2021,CH0014852781,4.4319554028132684e-05
2020,2021,CH0018294154,0.0009989502771339833
2020,2021,CH0024608827,2.749599271835441e-05
2020,2021,CH0024638212,9.812526972868003e-06
2020,2021,CH0025238863,1.9814927501185962e-05
2020,2021,CH0025751329,3.0138799959946855e-05
2020,2021,CH0030170408,2.1334848479930426e-05
2020,2021,CH0038388911,2.7236766062313087e-05
2020,2021,CH0038863350,7.116346773202143e-06
2020,2021,CH0044328745,4.145668701129575e-06
2020,2021,CH0048265513,3.453345720288367e-08
2020,2021,CH0102484968,1.9439664208397404e-05
2020,2021,CH0126881561,6.228331863588501e-06
2020,2021,CH0210483332,3.269481241388429e-05
2020,2021,CH0244767585,3.372232762008487e-05
2020,2021,CH0319416936,1.4806175551917487e-05
2020,2021,CH0418792922,2.6602152570936906e-05
2020,2021,CH1169151003,2.2797765536530735e-05
2020,2021,CH1175448666,3.5495798884198416e-05
2020,2021,CH1256740924,1.3450829412698761e-05
2020,2021,DE0005089031,4.835938213847935e-05
2020,2021,DE0005140008,2.426280772743013e-05
2020,2021,DE0005190003,1.4600944067712357e-05
2020,2021,DE0005200000,1.3881454462374717e-05
2020,2021,DE0005408884,9.507878753852366e-06
2020,2021,DE0005439004,1.0383864091293522e-05
2020,2021,DE0005470405,4.148982614719537e-06
2020,2021,DE0005552004,4.511878665978935e-06
2020,2021,DE0005557508,1.5373228098494957e-05
2020,2021,DE0005773303,1.7116398711039397e-05
2020,2021,DE0005785604,4.599864957382284e-06
2020,2021,DE0005785802,3.0119405769473985e-08
2020,2021,DE0005810055,2.101015086273071e-05
2020,2021,DE0005909006,7.512165204411198e-06
2020,2021,DE0006047004,4.525882142591169e-08
2020,2021,DE0006048432,8.540807718734632e-06
2020,2021,DE0006070006,6.879935380587208e-06
2020,2021,DE0006202005,6.141405158415729e-08
2020,2021,DE0006231004,2.1040983883151402e-05
2020,2021,DE0006569908,1.9594511525755607e-05
2020,2021,DE0006599905,3.1683629628831726e-06
2020,2021,DE0006602006,3.713017114319177e-05
2020,2021,DE0006969603,2.7888965299090394e-05
2020,2021,DE0007030009,1.3718270170613268e-05
2020,2021,DE0007037129,1.542719396517385e-07
2020,2021,DE0007042301,0.04258465684972777
2020,2021,DE0007100000,1.7384551120182194e-05
2020,2021,DE0007164600,3.31941685887425e-05
2020,2021,DE0007236101,2.676393159915649e-05
2020,2021,DE0007257503,2.3616784417698364e-05
2020,2021,DE0007297004,2.3998254893048664e-07
2020,2021,DE0007314007,5.398008030743884e-06
2020,2021,DE0007500001,1.1467214975928992e-07
2020,2021,DE0007507501,7.741092992408222e-06
2020,2021,DE0007664039,7.409782387462351e-06
2020,2021,DE0008232125,2.297396610000434e-07
2020,2021,DE0008402215,8.340674458866428e-06
2020,2021,DE0008404005,2.8305717763278996e-05
2020,2021,DE0008430026,2.551995128750703e-05
2020,2021,DE000A0D6554,3.730427736290636e-05
2020,2021,DE000A0D9PT0,8.788857644119466e-06
2020,2021,DE000A0S8488,8.805331498022434e-06
2020,2021,DE000A0WMPJ6,4.80713550639389e-05
2020,2021,DE000A1EWWW0,6.978031619951458e-05
2020,2021,DE000A2GS401,6.40412740902497e-05
2020,2021,DE000BASF111,2.0549714035201552e-06
2020,2021,DE000BAY0017,8.176660195481555e-06
2020,2021,DE000CBK1001,2.5482449327949283e-05
2020,2021,DE000CLS1001,1.7766359217977865e-05
2020,2021,DE000ENAG999,2.1647886964810623e-06
2020,2021,DE000KSAG888,3.0648405371532135e-07
2020,2021,DE000PSM7770,7.466007280843127e-05
2020,2021,DE000TUAG505,8.789686077553607e-08
2020,2021,DK0010181759,9.34655480971646e-06
2020,2021,DK0010234467,2.840434862542006e-05
2020,2021,DK0010244508,3.3892304574021516e-07
2020,2021,DK0010272632,3.670566739913332e-05
2020,2021,DK0010274414,1.9167260237919635e-05
2020,2021,DK0010287663,1.55030788879593e-05
2020,2021,DK0010307958,3.80586352828364e-05
2020,2021,DK0010311471,2.97286542714345e-05
2020,2021,DK0060079531,3.521757210655463e-05
2020,2021,DK0060336014,1.2311735190938215e-05
2020,2021,DK0060448595,1.8559934881662054e-05
2020,2021,DK0060477503,9.562292281119293e-06
2020,2021,DK0060636678,7.785772300411278e-06
2020,2021,DK0060738599,5.3949544083522086e-05
2020,2021,DK0061539921,0.00010199825572018878
2020,2021,ES0109427734,6.5537132805397035e-06
2020,2021,ES0112501012,4.943033686745159e-06
2020,2021,ES0113211835,1.842109311607616e-05
2020,2021,ES0113679I37,4.065853721801915e-05
2020,2021,ES0113860A34,5.174640994992129e-06
2020,2021,ES0113900J37,1.269172964000278e-05
2020,2021,ES0116870314,6.50885263108589e-07
2020,2021,ES0117160111,4.8111142645632754e-05
2020,2021,ES0118594417,5.4228289005942655e-05
2020,2021,ES0122060314,3.276068622213506e-07
2020,2021,ES0124244E34,2.80253925850156e-05
2020,2021,ES0125220311,6.730079310229291e-06
2020,2021,ES0130670112,1.2272000115797913e-06
2020,2021,ES0130960018,3.994567111764737e-06
2020,2021,ES0132105018,2.243321546824329e-06
2020,2021,ES0134950F36,2.405027430774681e-05
2020,2021,ES0142090317,1.265580516539681e-06
2020,2021,ES0144580Y14,2.7416284013888937e-06
2020,2021,ES0148396007,0.0
2020,2021,ES0152503035,1.381568347166778e-05
2020,2021,ES0161560018,0.0
2020,2021,ES0167050915,2.0462663088026327e-06
2020,2021,ES0171996087,1.9071092089094297e-06
2020,2021,ES0173093024,1.1935704985057462e-05
2020,2021,ES0173516115,1.1855079921128009e-07
2020,2021,ES0178430E18,1.3661815714016187e-06
2020,2021,ES0182870214,9.538652486914788e-06
2020,2021,ES0184933812,3.133253001730844e-06
2020,2021,FI0009000202,2.805424388464143e-05
2020,2021,FI0009000277,2.298313687833047e-05
2020,2021,FI0009000459,7.870424205558327e-06
2020,2021,FI0009000681,3.851372561541936e-06
2020,2021,FI0009002158,4.781720227160368e-05
2020,2021,FI0009002422,8.704183473070376e-07
2020,2021,FI0009003727,8.673142235661769e-06
2020,2021,FI0009005318,1.452634821364009e-05
2020,2021,FI0009005870,2.451151235023704e-05
2020,2021,FI0009005961,3.053030462711634e-06
2020,2021,FI0009005987,2.407421410761318e-06
2020,2021,FI0009007132,1.4091151802039773e-07
2020,2021,FI0009007694,3.2824376479646404e-05
2020,2021,FI0009007884,0.0
2020,2021,FI0009013296,6.308862696604416e-06
2020,2021,FI0009013403,3.0880909386935915e-05
2020,2021,FI0009800643,1.600649753146034e-05
2020,2021,FI4000440664,2.1276098008082398e-05
2020,2021,FR0000035081,1.7948964392749552e-05
2020,2021,FR0000039109,2.1335800797944595e-07
2020,2021,FR0000044448,1.3215413071002816e-05
2020,2021,FR0000045072,7.130605163539104e-05
2020,2021,FR0000051070,5.560555177817068e-07
2020,2021,FR0000052292,2.7481587689460766e-05
2020,2021,FR0000054900,3.2635976643313804e-05
2020,2021,FR0000064578,3.623098071727523e-05
2020,2021,FR0000073272,1.771717565528598e-05
2020,2021,FR0000077919,0.0
2020,2021,FR0000120073,8.001725889181668e-07
2020,2021,FR0000120172,3.2269204964227764e-06
2020,2021,FR0000120222,3.1918482464667855e-05
2020,2021,FR0000120271,2.0846562533296365e-07
2020,2021,FR0000120321,1.1096337822095029e-05
2020,2021,FR0000120404,5.519081839909323e-06
2020,2021,FR0000120503,3.0883425140556945e-06
2020,2021,FR0000120560,0.018294528081331786
2020,2021,FR0000120578,5.900346417954458e-06
2020,2021,FR0000120628,1.5892686304567274e-05
2020,2021,FR0000120644,4.49214917021579e-06
2020,2021,FR0000120693,1.0247950846478607e-05
2020,2021,FR0000120859,1.7989533124986518e-06
2020,2021,FR0000120966,0.0
2020,2021,FR0000121014,3.239370458792893e-05
2020,2021,FR0000121121,6.641356140497823e-05
2020,2021,FR0000121204,1.2933134707551422e-05
2020,2021,FR0000121220,3.1686220007692823e-06
2020,2021,FR0000121329,6.985494795220776e-06
2020,2021,FR0000121485,3.211103371415292e-05
2020,2021,FR0000121667,2.1123855088060638e-05
2020,2021,FR0000121964,1.1251801610943143e-06
2020,2021,FR0000121972,2.5279962925283577e-05
2020,2021,FR0000124141,1.608699956854616e-07
2020,2021,FR0000125007,1.8421083807686007e-06
2020,2021,FR0000125338,5.530037934305677e-05
2020,2021,FR0000125486,6.4090568383944765e-06
2020,2021,FR0000127771,2.523861150949636e-05
2020,2021,FR0000130213,4.855916649714844e-05
2020,2021,FR0000130395,3.65179340987092e-05
2020,2021,FR0000130403,3.8095836348057155e-05
2020,2021,FR0000130452,1.1009825915358178e-05
2020,2021,FR0000130577,2.4380969327388244e-05
2020,2021,FR0000130809,3.68306190609892e-05
2020,2021,FR0000131104,4.806894928082531e-05
2020,2021,FR0000131757,1.4363060226821752e-07
2020,2021,FR0000131906,8.021014909647906e-06
2020,2021,FR0000133308,0.0
2020,2021,FR0010040865,4.833644960627529e-05
2020,2021,FR0010220475,2.842899485842651e-05
2020,2021,FR0010242511,9.884092990315116e-07
2020,2021,FR0010307819,2.6916260967062492e-05
2020,2021,FR0010313833,3.1421355691935226e-06
2020,2021,FR0010340141,1.0456953490895212e-06
2020,2021,FR0010411983,2.7770109536259373e-05
2020,2021,FR0010533075,3.3691403582488927e-06
2020,2021,FR0013176526,1.2767433872788328e-05
2020,2021,FR0013280286,2.0417908355961505e-05
2020,2021,FR0013326246,0.0
2020,2021,FR0013506730,7.825624195849963e-09
2020,2021,FR0014003TT8,1.1223539952353714e-05
2020,2021,FR001400AJ45,4.764655853222425e-06
2020,2021,GB0000163088,3.130445330918949e-06
2020,2021,GB0000365774,3.049844665387823e-08
2020,2021,GB0000456144,8.407553222404335e-06
2020,2021,GB0000536739,2.3934276026786494e-06
2020,2021,GB0000811801,7.692361577733727e-06
2020,2021,GB0000904986,0.0
2020,2021,GB0000961622,0.0
2020,2021,GB0001048619,3.3426559495885035e-05
2020,2021,GB0001110096,1.3907329696172855e-05
2020,2021,GB0001367019,5.724891572438232e-07
2020,2021,GB0001500809,8.601341733982633e-08
2020,2021,GB0001570810,0.00024411217216106256
2020,2021,GB0001638955,1.9977292111212097e-06
2020,2021,GB0001667087,0.0
2020,2021,GB0001765816,4.089174295800483e-05
2020,2021,GB0001795680,5.167701784522359e-06
2020,2021,GB0001826634,2.1003211820192004e-05
2020,2021,GB0001859296,0.0
2020,2021,GB0002015021,5.9388204037091235e-06
2020,2021,GB0002018363,1.508362678571693e-05
2020,2021,GB0002074580,1.3269303614756275e-06
2020,2021,GB0002148343,2.1087922535236215e-05
2020,2021,GB0002318888,0.0
2020,2021,GB0002374006,2.126510907529037e-06
2020,2021,GB0002418548,3.4209279122514804e-06
2020,2021,GB0002634946,3.1801762328147113e-06
2020,2021,GB0002652740,3.5215601357280238e-06
2020,2021,GB0002670437,2.8626619551702717e-06
2020,2021,GB0002869419,3.352966160616225e-05
2020,2021,GB0002875804,0.0
2020,2021,GB0003062816,0.0
2020,2021,GB0003096442,3.966134765085102e-05
2020,2021,GB0003308607,2.9006100307731315e-05
2020,2021,GB0003395000,1.8680282781981422e-06
2020,2021,GB0003452173,6.285157901900326e-07
2020,2021,GB0003718474,0.00010244661114846329
2020,2021,GB0003753778,5.119160222509324e-07
2020,2021,GB0004052071,3.632933201497309e-05
2020,2021,GB0004082847,4.266356474786687e-05
2020,2021,GB0004161021,1.6955448522962633e-05
2020,2021,GB0004170089,0.0
2020,2021,GB0004270301,3.6837241502409603e-06
2020,2021,GB0004478896,1.1642396416843061e-05
2020,2021,GB0004544929,0.0
2020,2021,GB0004657408,0.0
2020,2021,GB0004726096,1.7900494269638135e-05
2020,2021,GB0004866223,2.629589598182111e-06
2020,2021,GB0004915632,8.45429738047862e-07
2020,2021,GB0005405286,0.0
2020,2021,GB0005576813,0.0
2020,2021,GB0005603997,0.0
2020,2021,GB0005630420,0.0
2020,2021,GB0005746358,9.464671748855522e-06
2020,2021,GB0005758098,7.553288673894603e-06
2020,2021,GB0005790059,2.9681996870346776e-06
2020,2021,GB0006027295,7.062277233012613e-06
2020,2021,GB0006215205,2.2192162433993738e-08
2020,2021,GB0006449366,0.00011626239640569782
2020,2021,GB0006640972,7.977952075310419e-06
2020,2021,GB0006650450,7.989803006485218e-05
2020,2021,GB0006731235,0.0
2020,2021,GB0006776081,0.016660611024699155
2020,2021,GB0006825383,7.888841252414994e-06
2020,2021,GB0006886666,0.0
2020,2021,GB0006928617,2.282186371470449e-05
2020,2021,GB0006963689,1.1516526744410327e-06
2020,2021,GB0007099541,6.106448948255915e-06
2020,2021,GB0007188757,3.354826047798101e-06
2020,2021,GB0007323586,7.197169855768558e-05
2020,2021,GB0007370074,2.6331087098761673e-08
2020,2021,GB0007388407,2.0280600797098543e-05
2020,2021,GB0007594764,1.4673478377696068e-05
2020,2021,GB0007668071,0.0
2020,2021,GB0007669376,4.3317339641220705e-05
2020,2021,GB0007689002,2.1515306270131414e-05
2020,2021,GB0007908733,0.0
2020,2021,GB0007958233,6.199670254275007e-06
2020,2021,GB0007973794,4.1119869854629385e-06
2020,2021,GB0007980591,1.6638664958263624e-07
2020,2021,GB0008025412,5.933574968563501e-06
2020,2021,GB0008085614,7.783301152932627e-06
2020,2021,GB0008220112,1.5303988935640014e-06
2020,2021,GB0008475088,5.745662220351606e-05
2020,2021,GB0008481250,4.595407134985089e-05
2020,2021,GB0008706128,0.0
2020,2021,GB0008711763,4.8297005464735064e-05
2020,2021,GB0008782301,0.0
2020,2021,GB0008794710,0.014090082572771065
2020,2021,GB0009067447,0.0042989685818488116
2020,2021,GB0009123323,2.908490954699678e-05
2020,2021,GB0009223206,2.416752794075881e-05
2020,2021,GB0009286963,0.0
2020,2021,GB0009292243,1.2916081519514615e-05
2020,2021,GB0009296665,1.4648945380490979e-05
2020,2021,GB0009465807,3.28627869142757e-05
2020,2021,GB0009633180,3.8588363007765015e-06
2020,2021,GB0009692319,0.0
2020,2021,GB0009697037,0.0
2020,2021,GB0009895292,1.5417089412114677e-05
2020,2021,GB0022569080,1.6656101502832209e-06
2020,2021,GB0030181522,0.0
2020,2021,GB0030232317,1.8262213718290483e-05
2020,2021,GB0030329360,6.659828656138778e-07
2020,2021,GB0030913577,2.0963961425392857e-06
2020,2021,GB0031274896,1.6293310818001435e-06
2020,2021,GB0031348658,1.5575036372421858e-05
2020,2021,GB0031638363,1.533827258699808e-05
2020,2021,GB0031743007,2.015854755863839e-05
2020,2021,GB0032089863,0.0
2020,2021,GB0033195214,4.834482564286778e-06
2020,2021,GB0033986497,6.4196503942125705e-06
2020,2021,GB00B00FPT80,4.860974856547636e-06
2020,2021,GB00B012BV22,0.0
2020,2021,GB00B012TP20,1.9292873328177764e-05
2020,2021,GB00B019KW72,1.6818879814424268e-06
2020,2021,GB00B01QGK86,0.0
2020,2021,GB00B02J6398,2.693088929549713e-05
2020,2021,GB00B033F229,4.978174386858701e-07
2020,2021,GB00B03HDJ73,2.8711213787453553e-06
2020,2021,GB00B04V1276,4.9039568407958325e-05
2020,2021,GB00B06QFB75,0.002196720405986475
2020,2021,GB00B0744359,0.0
2020,2021,GB00B0744B38,5.166548881683316e-06
2020,2021,GB00B082RF11,1.3794364235725835e-05
2020,2021,GB00B0FYMT95,1.634750199609847e-05
2020,2021,GB00B0KM9T71,0.0
2020,2021,GB00B0LCW083,1.86640785142571e-05
2020,2021,GB00B0N8QD54,6.582641760282442e-06
2020,2021,GB00B0SWJX34,2.2480942086083645e-05
2020,2021,GB00B0WMWD03,0.0014158070989615933
2020,2021,GB00B0YG1K06,7.242498659211221e-07
2020,2021,GB00B128J450,0.0
2020,2021,GB00B132NW22,5.554454462799898e-05
2020,2021,GB00B135BJ46,6.304665383745779e-06
2020,2021,GB00B17MMZ46,1.15841668554442e-06
2020,2021,GB00B18P5K83,0.0
2020,2021,GB00B19Z1432,7.742324135178714e-06
2020,2021,GB00B1FH8J72,2.8314983951871524e-07
2020,2021,GB00B1FP6H53,5.4774151196167e-07
2020,2021,GB00B1FW5029,2.2700164304419584e-05
2020,2021,GB00B1G5HX72,8.454153370809441e-06
2020,2021,GB00B1JQDM80,3.1784519623176625e-06
2020,2021,GB00B1KJJ408,0.0
2020,2021,GB00B1L5QH97,0.0
2020,2021,GB00B1P6ZR11,2.560202811666727e-05
2020,2021,GB00B1VNSX38,3.720851035971625e-07
2020,2021,GB00B1WY2338,1.6248835509529222e-05
2020,2021,GB00B1XH2C03,4.934232852357298e-06
2020,2021,GB00B1YW4409,3.276577706623565e-05
2020,2021,GB00B27YGJ97,9.483549237845243e-06
2020,2021,GB00B2B0DG97,7.658215463887651e-06
2020,2021,GB00B2NGPM57,0.0
2020,2021,GB00B2PDGW16,0.0
2020,2021,GB00B39J2M42,0.0
2020,2021,GB00B3CX3644,0.015035471232008876
2020,2021,GB00B3DGH821,1.4365759915105909e-05
2020,2021,GB00B3FLWH99,8.330587944354186e-06
2020,2021,GB00B41H7391,2.4258821570668817e-05
2020,2021,GB00B45C9X44,0.003124899489465161
2020,2021,GB00B572ZV91,5.31900368392922e-08
2020,2021,GB00B5N0P849,9.41422059008358e-06
2020,2021,GB00B5ZN1N88,3.96271794316844e-05
2020,2021,GB00B61TVQ02,1.8498590011819503e-05
2020,2021,GB00B63H8491,0.0
2020,2021,GB00B63QSB39,0.0
2020,2021,GB00B64NSP76,6.597741238142902e-06
2020,2021,GB00B67G5X01,4.2036557994180645e-06
2020,2021,GB00B6XZKY75,0.0
2020,2021,GB00B6YTLS95,0.0
2020,2021,GB00B7KR2P84,0.0
2020,2021,GB00B82YXW83,3.987166966319283e-06
2020,2021,GB00B8B4R053,3.2965330266031646e-05
2020,2021,GB00B8C3BL03,1.7259942806146164e-05
2020,2021,GB00BD6K4575,5.579423904023398e-06
2020,2021,GB00BDCPN049,8.282493799000777e-06
2020,2021,GB00BDFBVT43,7.331596612207003e-05
2020,2021,GB00BDR05C01,0.0
2020,2021,GB00BF044593,1.780745236644956e-05
2020,2021,GB00BF5H9P87,3.6902997970291757e-06
2020,2021,GB00BF8Q6K64,0.0
2020,2021,GB00BG11K365,1.2555556012710217e-05
2020,2021,GB00BGDT3G23,3.503974191558974e-05
2020,2021,GB00BGLP8L22,4.885410657318503e-05
2020,2021,GB00BH4HKS39,0.0
2020,2021,GB00BHJYC057,0.0
2020,2021,GB00BJ1F4N75,0.0
2020,2021,GB00BJFFLV09,1.563277849042752e-05
2020,2021,GB00BJQZC279,1.0259251525557523e-05
2020,2021,GB00BJT0FF39,4.063231593640998e-05
2020,2021,GB00BK9RKT01,4.573794407730614e-06
2020,2021,GB00BKP36R26,6.758225000666075e-05
2020,2021,GB00BKY40Q38,0.0
2020,2021,GB00BL6XZ716,0.0
2020,2021,GB00BLGZ9862,0.0
2020,2021,GB00BM8PJY71,1.79603627497908e-05
2020,2021,GB00BM8Q5M07,5.792720830603494e-05
2020,2021,GB00BMJ6DW54,9.461049065454993e-06
2020,2021,GB00BN7SWP63,3.8939823029256485e-06
2020,2021,GB00BNGDN821,1.095445889153793e-05
2020,2021,GB00BNNTLN49,0.0
2020,2021,GB00BNR4T868,2.6977899129041834e-07
2020,2021,GB00BP6MXD84,4.718731909706025e-08
2020,2021,GB00BP92CJ43,0.0
2020,2021,GB00BP9LHF23,2.417797273674763e-05
2020,2021,GB00BPQY8M80,1.749863455996202e-05
2020,2021,GB00BRB37M78,4.076038455354622e-06
2020,2021,GB00BRKD9Z53,7.69046539886064e-06
2020,2021,GB00BV9FP302,2.1188459682340903e-05
2020,2021,GB00BVFNZH21,4.517453400795211e-05
2020,2021,GB00BWFGQN14,2.1620615047572584e-05
2020,2021,GB00BYQ0JC66,0.0
2020,2021,GB00BYRJ5J14,0.0603812329091413
2020,2021,GB00BYT1DJ19,2.3312639916196604e-05
2020,2021,GB00BYW0PQ60,1.0574515012108864e-05
2020,2021,GB00BYYTFB60,1.6504130737290446e-05
2020,2021,GB00BYZN9041,2.590480062912258e-05
2020,2021,GB00BZ4BQC70,8.912122763016624e-06
2020,2021,IE0001827041,3.307712311156942e-07
2020,2021,IE0002424939,6.174331789539487e-06
2020,2021,IE0003864109,2.679925837656136e-07
2020,2021,IE0004906560,1.8119997509254825e-06
2020,2021,IE0004927939,0.01356152031155562
2020,2021,IE00B00MZ448,1.0466726276657544e-05
2020,2021,IE00B4BNMY34,2.44447041718586e-05
2020,2021,IE00B8KQN827,1.7940801287593885e-05
2020,2021,IE00BD1RP616,5.0631130359743023e-05
2020,2021,IE00BDB6Q211,8.94943349545034e-06
2020,2021,IE00BF0L3536,4.482701435742372e-05
2020,2021,IE00BGH1M568,0.0
2020,2021,IE00BJ3V9050,6.655740839626585e-06
2020,2021,IE00BK9ZQ967,8.822176726348815e-06
2020,2021,IE00BLP1HW54,1.759564372658006e-05
2020,2021,IE00BLS09M33,6.610454665427937e-06
2020,2021,IE00BTN1Y115,1.951499839283201e-05
2020,2021,IE00BWT6H894,0.031237936190384258
2020,2021,IE00BY7QL619,2.706617806402822e-06
2020,2021,IL0002300114,1.6680483096688825e-05
2020,2021,IL0002730112,1.1478899975356987e-05
2020,2021,IL0002810146,8.35645496852369e-07
2020,2021,IL0005930388,2.603896485353391e-05
2020,2021,IL0006046119,2.6239071850134126e-05
2020,2021,IL0006625771,3.9021488023889825e-05
2020,2021,IL0006954379,1.0084408733951753e-05
2020,2021,IL0010811243,7.107768597031195e-06
2020,2021,IT0000062072,2.3362269927860565e-05
2020,2021,IT0000062957,6.048215761336099e-05
2020,2021,IT0000066123,1.236010054118702e-05
2020,2021,IT0000072618,2.0626650640508486e-05
2020,2021,IT0000784154,5.3719020351257556e-05
2020,2021,IT0000784196,1.2320570956248627e-05
2020,2021,IT0001137345,6.235705062099605e-06
2020,2021,IT0001233417,3.609271294630952e-07
2020,2021,IT0001347308,4.092695078109753e-08
2020,2021,IT0001469383,4.295442667373592e-05
2020,2021,IT0003128367,8.495610990340787e-07
2020,2021,IT0003132476,1.5071230207392757e-07
2020,2021,IT0003153415,3.048768769755611e-06
2020,2021,IT0003242622,8.620576549066287e-06
2020,2021,IT0003497168,0.0
2020,2021,IT0003506190,7.062939438956009e-06
2020,2021,IT0003856405,1.7018071703357282e-06
2020,2021,IT0004810054,1.705804897206982e-05
2020,2021,IT0004827447,3.849517201979762e-05
2020,2021,IT0005218380,3.252868634301146e-05
2020,2021,IT0005239360,3.107825609783604e-05
2020,2021,IT0005495657,1.5116463439977188e-06
2020,2021,JE00B8KF9B49,1.995526054629176e-05
2020,2021,JE00BJ1DLW90,7.136048894697294e-05
2020,2021,LR0008862868,5.238319793016647e-06
2020,2021,LU0075646355,5.943926643889932e-06
2020,2021,NL0000008977,1.1262187059661894e-06
2020,2021,NL0000009082,0.008875504874389567
2020,2021,NL0000009165,2.7005821144602956e-06
2020,2021,NL0000009538,3.241908930897535e-05
2020,2021,NL0000226223,0.0
2020,2021,NL0000235190,7.375685785376508e-06
2020,2021,NL0000289213,1.4158343969937627e-05
2020,2021,NL0000337319,2.4014972644029243e-06
2020,2021,NL0000360618,2.0948683411791605e-07
2020,2021,NL0000379121,1.879141091802944e-05
2020,2021,NL0000395903,4.044595762129901e-05
2020,2021,NL0006237562,5.835442663318582e-06
2020,2021,NL0009432491,0.031736112992945556
2020,2021,NL0010273215,0.0
2020,2021,NL0010583399,7.118182089183831e-06
2020,2021,NL0011794037,2.5427297643218287e-06
2020,2021,NL0011821202,3.896307764778086e-05
2020,2021,NL0013267909,2.5121338164369034e-05
2020,2021,NL0013332471,6.838579935137074e-05
2020,2021,NL00150001Q9,1.0421774670143243e-05
2020,2021,NL00150003E1,2.2031070096480937e-06
2020,2021,NL0015001FS8,3.047477985658454e-06
2020,2021,NL0015435975,2.458232272299953e-05
2020,2021,NO0003028904,8.803368803964089e-05
2020,2021,NO0003053605,9.668002246152511e-05
2020,2021,NO0003078800,5.705596705532532e-05
2020,2021,NO0003733800,1.0313497528681403e-05
2020,2021,NO0005052605,6.989495101134694e-07
2020,2021,NO0010063308,1.9824561952235354e-05
2020,2021,NO0010096985,1.7520666231194936e-06
2020,2021,NO0010199151,3.502771345265803e-07
2020,2021,NO0010208051,2.1214124291513103e-07
2020,2021,NO0010215684,2.969626789586524e-06
2020,2021,NO0012470089,4.189047661187449e-05
2020,2021,PA1436583006,1.9913307664560523e-07
2020,2021,PTBCP0AM0015,3.576509197384689e-05
2020,2021,PTEDP0AM0009,6.397713735381756e-07
2020,2021,PTJMT0AE0001,1.9071436290710306e-06
2020,2021,PTSON0AM0001,4.263863055866822e-06
2020,2021,PTZON0AM0006,2.335473421116482e-05
2020,2021,SE0000106270,2.5918038553993546e-05
2020,2021,SE0000108227,2.1151011602082103e-05
2020,2021,SE0000108656,1.610353680486338e-05
2020,2021,SE0000112724,5.594037385480095e-06
2020,2021,SE0000113250,5.345847114808461e-06
2020,2021,SE0000114837,2.856986858530844e-05
2020,2021,SE0000148884,4.016720813205201e-05
2020,2021,SE0000163594,1.1401868888750291e-05
2020,2021,SE0000163628,1.532662258811148e-05
2020,2021,SE0000171100,2.4187078965246694e-08
2020,2021,SE0000190126,4.9888770506104856e-05
2020,2021,SE0000202624,1.6116072834529003e-05
2020,2021,SE0000242455,5.997656747185752e-05
2020,2021,SE0000379190,4.010416727276676e-05
2020,2021,SE0000667891,1.8644746048612102e-05
2020,2021,SE0000667925,2.1724452416243737e-05
2020,2021,SE0000695876,4.2663411497888594e-05
2020,2021,SE0000806994,6.535105106418748e-05
2020,2021,SE0000862997,4.644926103196764e-06
2020,2021,SE0000949331,3.235151598226442e-05
2020,2021,SE0001662230,4.5832719441548224e-05
2020,2021,SE0005190238,2.471083769486681e-05
2020,2021,SE0006993770,1.08307663393583e-05
2020,2021,SE0007100581,6.900015856664819e-06
2020,2021,SE0007100599,1.9837982920947054e-05
2020,2021,SE0011090018,7.178251497835678e-06
2020,2021,SE0011166974,5.153287966169776e-05
2020,2021,SE0015811955,4.634915473562055e-05
2020,2021,SE0015812219,0.0015202997937994595
2020,2021,SE0015961909,7.301306387368938e-05
2020,2021,SE0015988019,2.941617903280121e-05
2020,2021,SE0016589188,1.306086256317717e-05
2020,2021,SE0017486889,2.8215024318368317e-05
2020,2021,SE0018012494,6.373433166199005e-05
2020,2021,SE0018012635,3.822795658032604e-05
2020,2021,SE0020050417,8.79190510538932e-06
2020,2021,US0010551028,1.5646150109708106e-05
2020,2021,US0010841023,2.1660375605027715e-05
2020,2021,US00130H1059,7.260913635880743e-08
2020,2021,US00206R1023,0.0
2020,2021,US0028241000,1.0749646123088856e-05
2020,2021,US0028962076,0.0
2020,2021,US00724F1012,1.0926366430389522e-05
2020,2021,US00751Y1064,0.0
2020,2021,US0079031078,0.00010382540152162896
2020,2021,US0082521081,8.062111440966965e-06
2020,2021,US00846U1016,3.857922667585264e-05
2020,2021,US0091581068,6.952227230091819e-07
2020,2021,US00971T1016,0.0021597715242330094
2020,2021,US0126531013,7.054023039339581e-06
2020,2021,US0152711091,7.846683986014217e-06
2020,2021,US01741R1023,1.81722934893535e-06
2020,2021,US0185811082,0.0
2020,2021,US0188021085,0.0
2020,2021,US0200021014,0.0
2020,2021,US02079K3059,1.7327892891436395e-05
2020,2021,US02209S1033,0.0
2020,2021,US0231351067,1.1850157309527512e-05
2020,2021,US0236081024,0.0
2020,2021,US0255371017,0.0
2020,2021,US02553E1064,0.0
2020,2021,US0258161092,1.6080640406424364e-05
2020,2021,US0268747849,3.513137658812512e-05
2020,2021,US03027X1000,0.026896048729857364
2020,2021,US03073E1055,0.011730202361683886
2020,2021,US03076C1062,2.122915764941315e-05
2020,2021,US0311001004,2.06185549974296e-05
2020,2021,US0311621009,2.6862596515084156e-05
2020,2021,US0320951017,6.790372716463285e-06
2020,2021,US0326541051,0.0
2020,2021,US0367521038,0.0
2020,2021,US03743Q1085,9.837049142065666e-07
2020,2021,US0378331005,0.0
2020,2021,US0382221051,0.0
2020,2021,US0383361039,1.069421725268112e-05
2020,2021,US0394831020,2.1783707821687496e-07
2020,2021,US0441861046,3.951225651141829e-06
2020,2021,US0454871056,6.728513858515757e-06
2020,2021,US04621X1081,2.4987211436283402e-05
2020,2021,US0495601058,0.0
2020,2021,US0527691069,3.100061802921754e-05
2020,2021,US0528001094,7.502444344672949e-06
2020,2021,US0530151036,1.4837026791823888e-06
2020,2021,US0533321024,0.0
2020,2021,US0534841012,7.04227026747454e-07
2020,2021,US0536111091,5.027575612244997e-06
2020,2021,US0537741052,1.4996909388248245e-07
2020,2021,US0538071038,0.0
2020,2021,US0565251081,8.750089025298671e-06
2020,2021,US0584981064,7.859435854860206e-06
2020,2021,US0605051046,3.106862581532287e-05
2020,2021,US0640581007,9.197835437679857e-06
2020,2021,US0708301041,0.0
2020,2021,US0718131099,4.612118041981346e-06
2020,2021,US0758871091,1.4616374430295624e-05
2020,2021,US0758961009,0.0
2020,2021,US0844231029,0.0
2020,2021,US0865161014,1.0201909971562897e-05
2020,2021,US0893021032,8.19075530752226e-07
2020,2021,US09061G1013,0.0
2020,2021,US09062X1037,0.002789082874372521
2020,2021,US0970231058,5.491633898177125e-06
2020,2021,US09857L1089,4.7017266868272076e-05
2020,2021,US0997241064,1.375745939197507e-05
2020,2021,US1011211018,0.0
2020,2021,US1011371077,4.8950856242943576e-05
2020,2021,US1053682035,9.172353978989486e-06
2020,2021,US1096411004,1.0841880765181649e-05
2020,2021,US1101221083,0.002431499506145993
2020,2021,US1124631045,3.3005899801342093e-06
2020,2021,US1156372096,0.0
2020,2021,US12504L1098,7.135304944827096e-06
2020,2021,US1252691001,6.822394337585637e-08
2020,2021,US12541W2098,0.005671050792575214
2020,2021,US1255231003,0.014893415543486319
2020,2021,US12572Q1058,0.036166826005468986
2020,2021,US1258961002,0.006933771891771408
2020,2021,US1264081035,2.426288093266056e-06
2020,2021,US12653C1080,6.071007768813998e-06
2020,2021,US1266501006,1.4882485252513042e-05
2020,2021,US1270551013,4.3153847219184934e-07
2020,2021,US1270971039,1.2196447215172179e-06
2020,2021,US1273871087,9.162576274791898e-06
2020,2021,US1307881029,0.016913530762081665
2020,2021,US1331311027,4.01717510740434e-06
2020,2021,US1344291091,0.0
2020,2021,US14040H1059,3.134066116512559e-05
2020,2021,US14149Y1082,3.2386996486928014e-07
2020,2021,US1423391002,1.0169517629401582e-05
2020,2021,US1431301027,1.039283333530756e-05
2020,2021,US1491231015,1.5259394744991537e-05
2020,2021,US1508701034,5.039248816064571e-06
2020,2021,US15189T1079,0.0
2020,2021,US1567821046,1.0570096194869187e-05
2020,2021,US1598641074,2.049527270844464e-05
2020,2021,US1667641005,5.353381997796402e-07
2020,2021,US1713401024,0.007747798873227093
2020,2021,US1717793095,0.0
2020,2021,US1720621010,1.8546667839701196e-06
2020,2021,US17275R1023,0.0
2020,2021,US1729081059,6.531116371120678e-06
2020,2021,US1729674242,4.40473869477047e-05
2020,2021,US1773761002,4.292326240192419e-06
2020,2021,US1858991011,7.650881849252405e-08
2020,2021,US1890541097,0.035777162045953076
2020,2021,US1912161007,1.1685120949149908e-06
2020,2021,US1924461023,1.4575435335742298e-05
2020,2021,US1941621039,4.133738896762768e-06
2020,2021,US20030N1019,3.456437126349613e-06
2020,2021,US2003401070,1.5207480412624672e-05
2020,2021,US2017231034,6.948835257845183e-07
2020,2021,US2058871029,0.0
2020,2021,US20825C1045,6.456219370376344e-07
2020,2021,US2091151041,0.0433066133823784
2020,2021,US21036P1084,1.3529488967226284e-05
2020,2021,US2193501051,4.739015640727524e-06
2020,2021,US22160K1051,0.0
2020,2021,US22410J1060,1.0960028851400814e-06
2020,2021,US22822V1017,0.02482384913888998
2020,2021,US2283681060,8.343619839576829e-06
2020,2021,US2310211063,1.753237736824714e-05
2020,2021,US23331A1097,4.5943613580504395e-05
2020,2021,US2333311072,1.0237637451318542e-08
2020,2021,US23355L1061,8.97001351080026e-06
2020,2021,US2358511028,2.3654286322766157e-05
2020,2021,US2371941053,6.6618038527685675e-06
2020,2021,US23918K1088,4.3669341377609085e-06
2020,2021,US2441991054,1.2452065426021882e-05
2020,2021,US2473617023,0.0
2020,2021,US24906P1093,1.4725809367230958e-05
2020,2021,US25179M1036,7.920396441481626e-07
2020,2021,US2533931026,6.949632972110337e-06
2020,2021,US2546871060,2.2511802821799286e-05
2020,2021,US25525P1075,0.0
2020,2021,US25659T1079,1.809871394014406e-05
2020,2021,US2566771059,0.0
2020,2021,US25746U1097,0.026064752200794197
2020,2021,US2576511099,4.834310007450831e-06
2020,2021,US25960P1093,0.0
2020,2021,US2600031080,2.3247075830881572e-05
2020,2021,US26441C2044,0.0
2020,2021,US26875P1012,2.434199399687381e-06
2020,2021,US26884L1098,3.5487931972285994e-06
2020,2021,US2774321002,1.1924919752733594e-06
2020,2021,US2786421030,1.1755308293724891e-05
2020,2021,US2788651006,6.929316260548369e-06
2020,2021,US2810201077,0.0
2020,2021,US28176E1082,0.0
2020,2021,US2910111044,1.249270388752744e-05
2020,2021,US29364G1031,0.0
2020,2021,US2944291051,1.5690744601284822e-05
2020,2021,US29444U7000,3.1154648747674736e-06
2020,2021,US29476L1070,0.0
2020,2021,US29670G1022,0.0
2020,2021,US2971781057,0.0
2020,2021,US30034W1062,0.0
2020,2021,US30040W1080,0.0
2020,2021,US30161N1019,0.011914953230626722
2020,2021,US30212P3038,2.0665292606223135e-05
2020,2021,US3021301094,2.6497051337528616e-05
2020,2021,US30231G1022,0.0
2020,2021,US3024913036,5.713571504755647e-06
2020,2021,US3029411093,0.035386351647628406
2020,2021,US3030751057,0.0
2020,2021,US3119001044,4.25947571060758e-06
2020,2021,US3137451015,0.0
2020,2021,US31428X1063,2.0687012852766487e-06
2020,2021,US3156161024,1.2981890527612599e-05
2020,2021,US31620M1062,5.9620202584192655e-06
2020,2021,US3167731005,2.5494324551277543e-05
2020,2021,US3205171057,3.4828436897992843e-06
2020,2021,US3377381088,6.954633045503506e-07
2020,2021,US3379321074,0.03304293969992908
2020,2021,US3434121022,1.7126303783014184e-05
2020,2021,US34354P1057,2.32908181326533e-05
2020,2021,US3448491049,0.0
2020,2021,US3453708600,5.166873148361405e-06
2020,2021,US3546131018,1.8262804474281484e-05
2020,2021,US35671D8570,7.7864478770907e-06
2020,2021,US3614481030,0.0
2020,2021,US3635761097,3.930711972644975e-06
2020,2021,US3647601083,6.631097873367687e-06
2020,2021,US3703341046,0.0
2020,2021,US37045V1008,6.431314039856813e-06
2020,2021,US3719011096,0.0
2020,2021,US37247D1063,4.896733017596196e-05
2020,2021,US3755581036,0.005028576471878505
2020,2021,US37940X1028,1.6063562523888447e-05
2020,2021,US38141G1040,3.237297102676232e-05
2020,2021,US3825501014,9.685705589407708e-07
2020,2021,US3841091040,2.4229879119678175e-05
2020,2021,US3848021040,1.0309375616956305e-05
2020,2021,US3976241071,6.009727062685577e-07
2020,2021,US40434L1052,9.749597004169463e-06
2020,2021,US4062161017,6.206732413816162e-06
2020,2021,US4103451021,1.050591882390329e-05
2020,2021,US4108671052,0.0
2020,2021,US4128221086,1.330552641264473e-06
2020,2021,US4158641070,4.67026471029454e-06
2020,2021,US4165151048,3.642010753502397e-05
2020,2021,US4180561072,2.1862503548684027e-05
2020,2021,US4198701009,0.018427340570335182
2020,2021,US42250P1030,6.95071684735723e-07
2020,2021,US42330P1075,2.610370730583201e-06
2020,2021,US4234521015,1.277832292572116e-06
2020,2021,US4278661081,0.016406098801177306
2020,2021,US42809H1077,2.592430413205006e-06
2020,2021,US4370761029,2.3397529626818457e-06
2020,2021,US4385161066,4.4181596344647265e-06
2020,2021,US4404521001,0.02704071201124003
2020,2021,US44107P1049,0.0
2020,2021,US4435106079,1.122386011403658e-05
2020,2021,US4448591028,1.055921457699268e-05
2020,2021,US4456581077,9.06049852585794e-07
2020,2021,US4461501045,0.0
2020,2021,US4470111075,8.381585856085839e-06
2020,2021,US45073V1089,8.123139255752745e-06
2020,2021,US45167R1041,3.390395259370257e-05
2020,2021,US45168D1046,2.3168502163902023e-05
2020,2021,US4523081093,1.1683256335348897e-05
2020,2021,US4523271090,4.173005119962922e-05
2020,2021,US4581401001,0.0
2020,2021,US45866F1049,5.485589245534908e-06
2020,2021,US4592001014,0.0
2020,2021,US4595061015,4.908411064586967e-06
2020,2021,US4601461035,6.375951726752192e-07
2020,2021,US4606901001,0.0
2020,2021,US4612021034,3.5917256846676333e-06
2020,2021,US46284V1017,4.861183602344569e-06
2020,2021,US4657411066,2.747387968415619e-05
2020,2021,US46625H1005,3.1306752612559494e-05
2020,2021,US4663131039,0.0
2020,2021,US46982L1089,1.0710101328166697e-05
2020,2021,US4781601046,1.9923991758476804e-05
2020,2021,US48020Q1076,2.17159418546763e-06
2020,2021,US48203R1041,0.0
2020,2021,US48242W1062,4.095422998234099e-05
2020,2021,US4824801009,0.0
2020,2021,US4878361082,0.0
2020,2021,US4891701009,1.527839168404893e-05
2020,2021,US4932671088,4.73307253385847e-06
2020,2021,US4943681035,0.0
2020,2021,US49446R1095,8.87191668828285e-06
2020,2021,US4972661064,1.9576803603119356e-07
2020,2021,US5002551043,0.0
2020,2021,US5010441013,0.0
2020,2021,US5018892084,4.118953971276503e-06
2020,2021,US5178341070,1.891682560672267e-05
2020,2021,US5184391044,3.59455147539168e-05
2020,2021,US5218652049,8.470874817252015e-07
2020,2021,US5246601075,4.872345177345259e-07
2020,2021,US5261071071,7.775819429442958e-06
2020,2021,US5324571083,0.02124612015091591
2020,2021,US5339001068,4.540054020211811e-06
2020,2021,US5341871094,3.34455397173348e-05
2020,2021,US5370081045,7.932355316965866e-07
2020,2021,US5398301094,6.245959297688384e-06
2020,2021,US5486611073,1.5047884999389158e-05
2020,2021,US5502411037,4.359177883233498e-06
2020,2021,US55261F1049,0.0
2020,2021,US5526761086,6.09902405244958e-05
2020,2021,US5529531015,2.463946213466694e-05
2020,2021,US5543821012,3.832095769438315e-06
2020,2021,US5544891048,0.0
2020,2021,US55616P1049,0.0
2020,2021,US5635714059,6.47691723537471e-06
2020,2021,US56418H1005,2.3041712189450983e-05
2020,2021,US5658491064,6.098225604095741e-07
2020,2021,US5717481023,8.375209895236864e-06
2020,2021,US5719032022,4.334907074131036e-07
2020,2021,US5732841060,5.84166477377003e-07
2020,2021,US5738741041,0.0
2020,2021,US5745991068,1.400712165744558e-05
2020,2021,US57636Q1040,2.3573997318322893e-05
2020,2021,US5770811025,0.0
2020,2021,US5797802064,5.493739833771744e-06
2020,2021,US5801351017,9.289002214477906e-06
2020,2021,US58155Q1031,5.102319768990147e-06
2020,2021,US58933Y1055,0.0
2020,2021,US59156R1086,3.524139879117156e-05
2020,2021,US5926881054,1.2415867925433762e-05
2020,2021,US5949181045,2.3455720015943997e-05
2020,2021,US5950171042,0.0
2020,2021,US5951121038,0.0
2020,2021,US6005441000,0.0
2020,2021,US6081901042,4.439607827443159e-07
2020,2021,US60871R2094,0.0
2020,2021,US6092071058,1.5310138677587696e-06
2020,2021,US61174X1090,0.0
2020,2021,US6153691059,3.118550020311897e-05
2020,2021,US6174464486,5.31142724554795e-05
2020,2021,US61945C1036,9.19902555813416e-07
2020,2021,US6200763075,0.0166154398802207
2020,2021,US6267171022,1.8151716688208274e-06
2020,2021,US62886E1082,3.586215722229578e-06
2020,2021,US6293775085,9.748369670975733e-08
2020,2021,US62955J1034,2.304498637426873e-06
2020,2021,US6311031081,6.775087203410816e-08
2020,2021,US6361801011,8.714863831451561e-07
2020,2021,US6365181022,0.0
2020,2021,US64110D1046,0.0
2020,2021,US6501111073,1.3739116963046216e-05
2020,2021,US6512291062,2.975656012880215e-05
2020,2021,US6516391066,0.03029949890763991
2020,2021,US65339F1012,0.007234310467785656
2020,2021,US6541061031,0.0
2020,2021,US65473P1057,0.004522396123939793
2020,2021,US6556641008,0.0
2020,2021,US6558441084,4.3526922242340865e-06
2020,2021,US6658591044,0.0
2020,2021,US6668071029,3.987671873738766e-06
2020,2021,US6687711084,3.125587052478482e-05
2020,2021,US6703461052,1.738958881018476e-07
2020,2021,US67066G1040,0.0
2020,2021,US6708371033,3.179100356933547e-08
2020,2021,US67098H1041,1.302495290258556e-07
2020,2021,US6745991058,1.7386655992894857e-07
2020,2021,US6780261052,2.0816996287015183e-05
2020,2021,US6819191064,0.0
2020,2021,US6821891057,0.0
2020,2021,US6826801036,1.5374200428200797e-06
2020,2021,US68389X1054,1.1200040288877462e-05
2020,2021,US6866881021,3.0439375641383794e-06
2020,2021,US6882392011,1.1562320849750321e-05
2020,2021,US69331C1080,0.0
2020,2021,US6934751057,0.0
2020,2021,US6935061076,4.94244184863938e-06
2020,2021,US69351T1060,0.0
2020,2021,US6936561009,1.706940627812184e-05
2020,2021,US6937181088,2.0503681958379768e-05
2020,2021,US6951561090,2.096062701029409e-06
2020,2021,US7010941042,2.1360876713826356e-05
2020,2021,US70211M1099,3.8376652343951535e-05
2020,2021,US7043261079,0.0
2020,2021,US7134481081,3.759525477573982e-09
2020,2021,US7140461093,4.084937224990843e-05
2020,2021,US7170811035,3.7213616968325894e-06
2020,2021,US7234841010,0.0
2020,2021,US7237871071,6.645563796734909e-06
2020,2021,US7244791007,2.1251948924575934e-05
2020,2021,US7310681025,1.4094091278725332e-05
2020,2021,US74144T1088,1.127434252429589e-05
2020,2021,US74251V1026,2.7025090350380128e-05
2020,2021,US7427181091,0.00451461105428623
2020,2021,US7433151039,0.01964694266373559
2020,2021,US74340W1036,2.8001287557338023e-05
2020,2021,US7443201022,2.323381168077479e-05
2020,2021,US7445731067,0.0
2020,2021,US74460D1090,0.009418781103852953
2020,2021,US7458671010,7.381235850836396e-05
2020,2021,US7475251036,1.5146695827189557e-05
2020,2021,US74762E1029,0.006417209964013775
2020,2021,US74834L1008,3.0573222311073633e-06
2020,2021,US7509171069,0.0
2020,2021,US7512121010,0.0
2020,2021,US75281A1097,1.0338069485620767e-05
2020,2021,US75513E1010,0.0
2020,2021,US7588491032,0.0
2020,2021,US75886F1075,0.016568157654560333
2020,2021,US7591EP1005,2.838285297014254e-05
2020,2021,US7593516047,2.570915267813044e-05
2020,2021,US7595091023,5.755701581976704e-06
2020,2021,US7607591002,1.6987000834953408e-07
2020,2021,US7703231032,0.0
2020,2021,US7739031091,2.3933081950027445e-05
2020,2021,US7782961038,0.0
2020,2021,US7802871084,2.599543028225016e-05
2020,2021,US7835491082,2.2449015899955395e-06
2020,2021,US78409V1044,2.1976656427224356e-05
2020,2021,US78410G1040,0.003322628421414428
2020,2021,US7841171033,7.792589860613976e-06
2020,2021,US78440X8873,2.426632370544383e-05
2020,2021,US78454L1008,2.280692959181206e-06
2020,2021,US78473E1038,1.3048525583865263e-05
2020,2021,US79466L3024,5.436087590399488e-05
2020,2021,US8064071025,1.5752253265061854e-05
2020,2021,US8101861065,9.512610932019634e-06
2020,2021,US81211K1007,7.006520490559607e-06
2020,2021,US8168511090,0.0
2020,2021,US8243481061,2.5803712542547443e-06
2020,2021,US8288061091,3.0334554588395555e-07
2020,2021,US8326964058,0.019555133548112492
2020,2021,US8354951027,0.0
2020,2021,US8425871071,0.0
2020,2021,US84265V1052,5.793572831649646e-06
2020,2021,US8447411088,0.0
2020,2021,US8454671095,9.877118542939445e-07
2020,2021,US8485741099,0.0
2020,2021,US8545021011,1.6752453312649128e-05
2020,2021,US8552441094,0.0
2020,2021,US8574771031,5.947334104714453e-06
2020,2021,US8581191009,9.019462354755622e-07
2020,2021,US8589121081,9.66734768596434e-07
2020,2021,US8636671013,1.5180199180309462e-05
2020,2021,US8676524064,0.000220141599072248
2020,2021,US8716071076,1.1214982845729932e-05
2020,2021,US87161C5013,3.6319473025482766e-05
2020,2021,US8718291078,2.1304213401418665e-06
2020,2021,US8725401090,0.0
2020,2021,US8760301072,5.137474512828862e-06
2020,2021,US87612E1064,7.334040621619274e-06
2020,2021,US8803491054,1.3958913676308436e-06
2020,2021,US8807701029,0.0
2020,2021,US8807791038,2.7760520535419664e-05
2020,2021,US8816242098,5.684967325270625e-06
2020,2021,US8825081040,8.70783470406448e-07
2020,2021,US8832031012,0.0
2020,2021,US88337F1057,1.3515135186166369e-05
2020,2021,US8835561023,3.848793849130722e-05
2020,2021,US8851601018,2.086321069247509e-06
2020,2021,US88579Y1010,9.399359453207672e-07
2020,2021,US88642R1095,1.1157605192950205e-07
2020,2021,US8873891043,7.808590353809022e-06
2020,2021,US8910921084,0.0
2020,2021,US89417E1091,3.643123224845546e-06
2020,2021,US8962391004,0.0
2020,2021,US8965221091,1.2105691263728144e-05
2020,2021,US89832Q1094,2.0148855133917157e-06
2020,2021,US9024941034,0.0
2020,2021,US9026531049,0.0
2020,2021,US9026811052,3.2470895303451253e-07
2020,2021,US9029733048,0.0
2020,2021,US9078181081,1.0379053528334577e-06
2020,2021,US9111631035,0.0
2020,2021,US9113121068,2.328202082505647e-06
2020,2021,US9113631090,5.170575410029766e-06
2020,2021,US9129091081,1.7543516694408614e-08
2020,2021,US91324P1021,0.0
2020,2021,US91529Y1064,4.91612261804777e-06
2020,2021,US91822M5022,1.1217336762880914e-05
2020,2021,US91913Y1001,3.1298797208914567e-07
2020,2021,US92276F1003,6.821446912074594e-06
2020,2021,US92343V1044,0.01224738843342161
2020,2021,US92532F1003,0.0
2020,2021,US9255501051,0.0
2020,2021,US92556V1061,5.5241730376861356e-06
2020,2021,US9282981086,8.806191212640568e-06
2020,2021,US9290421091,1.0106079878643876e-06
2020,2021,US9291601097,1.4246067426526353e-06
2020,2021,US92922P1066,6.699354606253451e-07
2020,2021,US92939U1060,0.002667245955303979
2020,2021,US9297401088,7.525613750674389e-06
2020,2021,US9311421039,0.026190805998711656
2020,2021,US9314271084,2.178189384526037e-06
2020,2021,US94106L1098,2.4679994779701113e-07
2020,2021,US9418481035,0.0
2020,2021,US9427491025,4.2726182372254365e-06
2020,2021,US9497461015,0.0
2020,2021,US95040Q1040,4.097953398023071e-06
2020,2021,US95058W1009,1.3920171525809803e-05
2020,2021,US95082P1057,1.3752674968278062e-05
2020,2021,US9581021055,3.6101829103730806e-06
2020,2021,US9604131022,9.82139971147449e-07
2020,2021,US9621661043,8.622455332834315e-06
2020,2021,US9633201069,1.0444303736492033e-05
2020,2021,US9682232064,0.0
2020,2021,US9694571004,6.510464460596948e-07
2020,2021,US9699041011,1.2031926124544916e-05
2020,2021,US9831341071,1.2261575339975518e-05
2020,2021,US98389B1008,0.0
2020,2021,US9839191015,0.0
2020,2021,US98421M1062,5.304677360256614e-06
2020,2021,US9884981013,1.550568754558934e-05
2020,2021,US9892071054,0.0
2020,2021,US98956P1021,3.56393716542918e-05
2021,2022,AN8068571086,0.0
2021,2022,AT000000STR1,0.0
2021,2022,AT00000VIE62,0.0
2021,2022,AT0000606306,0.0
2021,2022,AT0000652011,0.0
2021,2022,AT0000720008,5.07896742293004e-19
2021,2022,AT0000730007,6.241880171745807e-21
2021,2022,AT0000743059,0.0
2021,2022,AT0000746409,3.3295295884209596e-20
2021,2022,AT0000831706,0.0
2021,2022,AT0000908504,0.0
2021,2022,AT0000937503,0.0
2021,2022,AT0000938204,0.0
2021,2022,AT0000A21KS2,0.0
2021,2022,AU000000JHX1,0.0
2021,2022,BE0003470755,0.0
2021,2022,BE0003565737,0.0
2021,2022,BE0003593044,4.551716390038822e-19
2021,2022,BE0003717312,0.0
2021,2022,BE0003735496,0.011722197670637768
2021,2022,BE0003739530,9.76086296969388e-19
2021,2022,BE0003755692,0.0
2021,2022,BE0003797140,0.0
2021,2022,BE0003810273,1.520048582858524e-19
2021,2022,BE0003822393,0.019297500152417102
2021,2022,BE0974258874,0.0
2021,2022,BE0974264930,0.0
2021,2022,BE0974293251,0.0
2021,2022,BE0974320526,0.0
2021,2022,BMG850801025,0.0
2021,2022,CA00208D4084,0.0
2021,2022,CA0084741085,1.5731309824181115e-19
2021,2022,CA00900Q1037,0.0
2021,2022,CA01626P1484,0.0
2021,2022,CA05534B7604,0.01424983428713847
2021,2022,CA0636711016,0.0
2021,2022,CA0641491075,0.0
2021,2022,CA0977518616,0.0
2021,2022,CA1247651088,0.0
2021,2022,CA12532H1047,3.5526362493706565e-19
2021,2022,CA13321L1085,0.0
2021,2022,CA1360691010,0.0
2021,2022,CA1363751027,1.91083310675048e-20
2021,2022,CA1363851017,0.0
2021,2022,CA13646K1084,0.0
2021,2022,CA1366812024,0.0
2021,2022,CA1367178326,0.0
2021,2022,CA2849025093,0.0
2021,2022,CA2918434077,0.031860758736581896
2021,2022,CA29250N1050,0.0
2021,2022,CA2927661025,0.0
2021,2022,CA3180714048,0.0
2021,2022,CA3359341052,0.0
2021,2022,CA3495531079,0.0
2021,2022,CA3518581051,6.972358628907665e-19
2021,2022,CA3759161035,0.0
2021,2022,CA39138C1068,9.904299417289029e-21
2021,2022,CA4495861060,0.0
2021,2022,CA4530384086,0.0
2021,2022,CA45823T1066,9.935432783765675e-20
2021,2022,CA4969024047,7.807733636480487e-20
2021,2022,CA5394811015,0.0082401687315595
2021,2022,CA5592224011,0.0
2021,2022,CA56501R1064,0.0
2021,2022,CA59151K1084,0.0
2021,2022,CA59162N1096,0.02593840416225836
2021,2022,CA6744822033,0.0
2021,2022,CA68272K1030,0.0
2021,2022,CA6837151068,6.605053242989108e-19
2021,2022,CA7392391016,1.6020335993742082e-19
2021,2022,CA74022D4075,0.0
2021,2022,CA7669101031,0.0
2021,2022,CA7751092007,0.0
2021,2022,CA7800871021,0.0
2021,2022,CA8029121057,0.0
2021,2022,CA82028K2002,5.380159610626705e-19
2021,2022,CA8239011031,0.0
2021,2022,CA85472N1096,0.0
2021,2022,CA8667961053,2.922445889873194e-19
2021,2022,CA8672241079,0.0
2021,2022,CA87807B1076,0.0
2021,2022,CA8787422044,0.0
2021,2022,CA87971M1032,3.426740842647492e-20
2021,2022,CA8849038085,0.012324691926813697
2021,2022,CA8911605092,0.0
2021,2022,CA89346D1078,0.0
2021,2022,CA8959451037,0.0
2021,2022,CA9611485090,0.0
2021,2022,CA98462Y1007,4.109504955304021e-20
2021,2022,CH0000816824,0.0
2021,2022,CH0008038389,2.1217506568625856e-19
2021,2022,CH0008742519,0.022312697619963483
2021,2022,CH0010570759,6.732255057701077e-20
2021,2022,CH0010645932,6.478754973762694e-19
2021,2022,CH0011075394,6.886620799393714e-19
2021,2022,CH0012005267,0.0
2021,2022,CH0012032048,0.0
2021,2022,CH0012138530,0.0
2021,2022,CH0012138605,0.0
2021,2022,CH0012142631,0.0
2021,2022,CH0012214059,0.0
2021,2022,CH0012221716,3.0018983445534966e-19
2021,2022,CH0012255151,0.0
2021,2022,CH0012549785,1.06737662207785e-18
2021,2022,CH0013841017,8.96367199642548e-19
2021,2022,CH0014786500,0.0
2021,2022,CH0014852781,0.0
2021,2022,CH0018294154,0.00021269289215467018
2021,2022,CH0024608827,8.758576375979735e-20
2021,2022,CH0024638212,0.0
2021,2022,CH0025238863,0.0
2021,2022,CH0025751329,0.0
2021,2022,CH0030170408,5.538641936247285e-19
2021,2022,CH0038388911,0.0
2021,2022,CH0038863350,3.1578744897926624e-20
2021,2022,CH0044328745,5.986105818451722e-19
2021,2022,CH0048265513,0.0
2021,2022,CH0102484968,0.0
2021,2022,CH0126881561,9.4018901311604e-20
2021,2022,CH0210483332,0.0
2021,2022,CH0244767585,0.0
2021,2022,CH0319416936,0.0
2021,2022,CH0418792922,1.060926390894329e-18
2021,2022,CH1169151003,0.0
2021,2022,CH1175448666,3.611862029175808e-19
2021,2022,CH1256740924,4.5165128416524744e-20
2021,2022,DE0005089031,8.156906415532065e-19
2021,2022,DE0005140008,0.0
2021,2022,DE0005190003,0.0
2021,2022,DE0005200000,2.437810223303192e-19
2021,2022,DE0005408884,9.353975140612581e-20
2021,2022,DE0005439004,0.0
2021,2022,DE0005470405,0.0
2021,2022,DE0005552004,0.0
2021,2022,DE0005557508,0.0
2021,2022,DE0005773303,0.0
2021,2022,DE0005785604,0.0
2021,2022,DE0005785802,0.0
2021,2022,DE0005810055,0.0
2021,2022,DE0005909006,0.0
2021,2022,DE0006047004,0.0
2021,2022,DE0006048432,0.0
2021,2022,DE0006070006,0.0
2021,2022,DE0006202005,0.0
2021,2022,DE0006231004,0.0
2021,2022,DE0006569908,0.0
2021,2022,DE0006599905,1.6434837851760867e-19
2021,2022,DE0006602006,2.190019585863932e-19
2021,2022,DE0006969603,3.191171204771921e-19
2021,2022,DE0007030009,0.0
2021,2022,DE0007037129,0.0
2021,2022,DE0007042301,0.0480184166411251
2021,2022,DE0007100000,0.0
2021,2022,DE0007164600,2.801318598016119e-19
2021,2022,DE0007236101,3.7813332662276854e-19
2021,2022,DE0007257503,0.0
2021,2022,DE0007297004,0.0
2021,2022,DE0007314007,6.973278691880109e-19
2021,2022,DE0007500001,0.0
2021,2022,DE0007507501,4.857758051799963e-20
2021,2022,DE0007664039,0.0
2021,2022,DE0008232125,0.0
2021,2022,DE0008402215,0.0
2021,2022,DE0008404005,0.0
2021,2022,DE0008430026,0.0
2021,2022,DE000A0D6554,6.921007927174062e-20
2021,2022,DE000A0D9PT0,0.0
2021,2022,DE000A0S8488,0.0
2021,2022,DE000A0WMPJ6,1.0202404050419866e-18
2021,2022,DE000A1EWWW0,0.0
2021,2022,DE000A2GS401,3.934119887206677e-19
2021,2022,DE000BASF111,0.0
2021,2022,DE000BAY0017,0.0
2021,2022,DE000CBK1001,0.0
2021,2022,DE000CLS1001,0.006999258867748995
2021,2022,DE000ENAG999,1.4194412917405942e-19
2021,2022,DE000KSAG888,0.0
2021,2022,DE000PSM7770,0.0
2021,2022,DE000TUAG505,0.0
2021,2022,DK0010181759,0.0
2021,2022,DK0010234467,0.0
2021,2022,DK0010244508,0.0
2021,2022,DK0010272632,5.410681204129207e-19
2021,2022,DK0010274414,7.049098950905193e-19
2021,2022,DK0010287663,1.0481676398947504e-19
2021,2022,DK0010307958,0.0
2021,2022,DK0010311471,0.0
2021,2022,DK0060079531,0.0
2021,2022,DK0060336014,2.311401536934579e-19
2021,2022,DK0060448595,1.0074397856497642e-18
2021,2022,DK0060477503,0.0070552419192666995
2021,2022,DK0060636678,2.635563113602005e-19
2021,2022,DK0060738599,7.105966103685322e-19
2021,2022,DK0061539921,2.250330210711727e-18
2021,2022,ES0109427734,7.420675116077643e-19
2021,2022,ES0112501012,0.013535161768799216
2021,2022,ES0113211835,0.0
2021,2022,ES0113679I37,0.0
2021,2022,ES0113860A34,0.0
2021,2022,ES0113900J37,0.0
2021,2022,ES0116870314,0.0
2021,2022,ES0117160111,0.0
2021,2022,ES0118594417,2.6894285102744523e-19
2021,2022,ES0122060314,0.0
2021,2022,ES0124244E34,0.0
2021,2022,ES0125220311,4.1713569032905915e-19
2021,2022,ES0130670112,0.0
2021,2022,ES0130960018,1.2296342290024903e-19
2021,2022,ES0132105018,0.0
2021,2022,ES0134950F36,0.0
2021,2022,ES0142090317,0.0
2021,2022,ES0144580Y14,3.860873657073032e-21
2021,2022,ES0148396007,0.0
2021,2022,ES0152503035,0.0
2021,2022,ES0161560018,0.0
2021,2022,ES0167050915,0.0
2021,2022,ES0171996087,3.4620019718786694e-20
2021,2022,ES0173093024,8.997548850374946e-19
2021,2022,ES0173516115,0.0
2021,2022,ES0178430E18,0.0
2021,2022,ES0182870214,2.0879557144953902e-20
2021,2022,ES0184933812,0.0
2021,2022,FI0009000202,3.8893562839600146e-19
2021,2022,FI0009000277,5.285391724762811e-19
2021,2022,FI0009000459,1.7153371425399473e-19
2021,2022,FI0009000681,0.0
2021,2022,FI0009002158,1.15878813704647e-18
2021,2022,FI0009002422,0.0
2021,2022,FI0009003727,0.0
2021,2022,FI0009005318,0.0
2021,2022,FI0009005870,0.0
2021,2022,FI0009005961,0.0
2021,2022,FI0009005987,0.0
2021,2022,FI0009007132,0.0
2021,2022,FI0009007694,1.3294975339585308e-18
2021,2022,FI0009007884,4.9041807334818574e-20
2021,2022,FI0009013296,0.0
2021,2022,FI0009013403,2.6716128238603355e-19
2021,2022,FI0009800643,0.0
2021,2022,FI4000440664,3.0420522762434305e-18
2021,2022,FR0000035081,0.0
2021,2022,FR0000039109,0.0
2021,2022,FR0000044448,0.0
2021,2022,FR0000045072,0.0
2021,2022,FR0000051070,0.0
2021,2022,FR0000052292,0.011807792196646206
2021,2022,FR0000053225,0.0
2021,2022,FR0000054470,0.014135464329282565
2021,2022,FR0000054900,1.5110811845074545e-19
2021,2022,FR0000064578,0.0
2021,2022,FR0000073272,0.0
2021,2022,FR0000077919,0.0
2021,2022,FR0000120073,0.0
2021,2022,FR0000120172,0.0
2021,2022,FR0000120222,0.0
2021,2022,FR0000120271,0.0
2021,2022,FR0000120321,0.0
2021,2022,FR0000120404,0.0
2021,2022,FR0000120503,0.0
2021,2022,FR0000120560,0.002870133439893598
2021,2022,FR0000120578,0.0
2021,2022,FR0000120628,0.0
2021,2022,FR0000120644,0.0
2021,2022,FR0000120693,2.7439722488290076e-19
2021,2022,FR0000120859,0.0
2021,2022,FR0000120966,1.8621546738828734e-19
2021,2022,FR0000121014,0.0
2021,2022,FR0000121121,0.0
2021,2022,FR0000121204,0.0
2021,2022,FR0000121220,0.0
2021,2022,FR0000121329,0.0
2021,2022,FR0000121485,1.4741688472871048e-19
2021,2022,FR0000121667,0.0
2021,2022,FR0000121964,0.0
2021,2022,FR0000121972,1.225057474943557e-19
2021,2022,FR0000124141,0.0
2021,2022,FR0000125007,0.0
2021,2022,FR0000125338,0.0
2021,2022,FR0000125486,0.0
2021,2022,FR0000127771,0.0
2021,2022,FR0000130213,0.0
2021,2022,FR0000130395,0.0059665593485091605
2021,2022,FR0000130403,0.0
2021,2022,FR0000130452,0.0
2021,2022,FR0000130577,0.0
2021,2022,FR0000130809,0.0
2021,2022,FR0000131104,0.0
2021,2022,FR0000131757,0.0
2021,2022,FR0000131906,0.0
2021,2022,FR0000133308,0.0006403642986204854
2021,2022,FR0010040865,0.0
2021,2022,FR0010220475,0.0
2021,2022,FR0010221234,0.0
2021,2022,FR0010242511,0.0
2021,2022,FR0010307819,0.0
2021,2022,FR0010313833,0.0
2021,2022,FR0010340141,0.0
2021,2022,FR0010411983,0.0
2021,2022,FR0010533075,0.0
2021,2022,FR0013176526,0.0
2021,2022,FR0013280286,0.013538122475527917
2021,2022,FR0013326246,0.0
2021,2022,FR0013506730,0.0
2021,2022,FR0014003TT8,2.634963244755662e-19
2021,2022,FR001400AJ45,0.0
2021,2022,GB0000163088,0.0
2021,2022,GB0000365774,0.0
2021,2022,GB0000456144,0.0
2021,2022,GB0000536739,0.0
2021,2022,GB0000600931,0.0
2021,2022,GB0000811801,0.0
2021,2022,GB0000904986,0.0
2021,2022,GB0000961622,0.0
2021,2022,GB0001048619,0.0
2021,2022,GB0001110096,1.7515723284844805e-19
2021,2022,GB0001367019,0.0
2021,2022,GB0001500809,0.0
2021,2022,GB0001570810,1.83752610494569e-18
2021,2022,GB0001638955,0.0
2021,2022,GB0001667087,0.0
2021,2022,GB0001765816,0.0
2021,2022,GB0001795680,1.8692124868075035e-20
2021,2022,GB0001826634,0.0
2021,2022,GB0001859296,0.0
2021,2022,GB0002015021,0.0
2021,2022,GB0002018363,0.0
2021,2022,GB0002074580,2.39152021249299e-19
2021,2022,GB0002148343,9.984107690170694e-19
2021,2022,GB0002318888,0.0
2021,2022,GB0002374006,3.2408060785765926e-20
2021,2022,GB0002418548,0.0
2021,2022,GB0002634946,0.0
2021,2022,GB0002652740,7.232941267440093e-19
2021,2022,GB0002670437,0.0
2021,2022,GB0002869419,7.075730809781333e-20
2021,2022,GB0002875804,0.0
2021,2022,GB0003062816,0.0
2021,2022,GB0003096442,0.0
2021,2022,GB0003308607,6.940870807525914e-20
2021,2022,GB0003395000,0.0
2021,2022,GB0003452173,0.0
2021,2022,GB0003718474,0.0
2021,2022,GB0003753778,0.0
2021,2022,GB0004052071,0.0
2021,2022,GB0004082847,0.0
2021,2022,GB0004161021,0.0
2021,2022,GB0004170089,7.285953160197305e-20
2021,2022,GB0004270301,1.288223369262579e-19
2021,2022,GB0004478896,0.0
2021,2022,GB0004544929,0.0
2021,2022,GB0004657408,0.0
2021,2022,GB0004726096,1.2697845137766195e-18
2021,2022,GB0004866223,0.0
2021,2022,GB0004915632,0.0
2021,2022,GB0005405286,0.0
2021,2022,GB0005576813,0.0
2021,2022,GB0005603997,0.0
2021,2022,GB0005630420,0.0
2021,2022,GB0005746358,0.0
2021,2022,GB0005758098,2.4925985793671284e-19
2021,2022,GB0005790059,0.0
2021,2022,GB0006027295,0.0
2021,2022,GB0006215205,0.0
2021,2022,GB0006449366,0.0
2021,2022,GB0006640972,0.0
2021,2022,GB0006650450,0.0
2021,2022,GB0006731235,0.0
2021,2022,GB0006776081,0.012317648837335575
2021,2022,GB0006825383,5.85199524872031e-19
2021,2022,GB0006886666,3.879134825275853e-20
2021,2022,GB0006928617,0.0
2021,2022,GB0006963689,0.0
2021,2022,GB0007099541,0.0
2021,2022,GB0007188757,0.0
2021,2022,GB0007323586,9.766409752025808e-19
2021,2022,GB0007370074,0.0
2021,2022,GB0007388407,0.0
2021,2022,GB0007594764,0.0
2021,2022,GB0007668071,0.0
2021,2022,GB0007669376,0.0
2021,2022,GB0007689002,0.0
2021,2022,GB0007908733,0.0
2021,2022,GB0007958233,0.0
2021,2022,GB0007973794,0.0
2021,2022,GB0007980591,0.0
2021,2022,GB0008025412,0.0
2021,2022,GB0008085614,0.0
2021,2022,GB0008220112,0.0
2021,2022,GB0008475088,0.0
2021,2022,GB0008481250,0.0
2021,2022,GB0008706128,0.0
2021,2022,GB0008711763,0.0
2021,2022,GB0008782301,0.0
2021,2022,GB0008794710,0.020441157966325407
2021,2022,GB0009067447,0.00481039954887721
2021,2022,GB0009123323,8.110844541982445e-19
2021,2022,GB0009223206,0.0
2021,2022,GB0009286963,0.0
2021,2022,GB0009292243,0.0
2021,2022,GB0009296665,0.0
2021,2022,GB0009465807,0.0
2021,2022,GB0009633180,8.240152495143633e-19
2021,2022,GB0009692319,0.005629301331744088
2021,2022,GB0009697037,0.0
2021,2022,GB0009895292,7.071805599015393e-20
2021,2022,GB0022569080,0.0
2021,2022,GB0030181522,1.6200907445596137e-18
2021,2022,GB0030232317,0.0
2021,2022,GB0030329360,0.0
2021,2022,GB0030913577,0.0
2021,2022,GB0031274896,4.60556886735143e-20
2021,2022,GB0031348658,0.0
2021,2022,GB0031638363,0.0
2021,2022,GB0031743007,0.0
2021,2022,GB0032089863,2.176556472671215e-19
2021,2022,GB0033147751,5.220665575033854e-19
2021,2022,GB0033195214,1.6395244270652417e-19
2021,2022,GB0033986497,0.0
2021,2022,GB00B00FPT80,0.0
2021,2022,GB00B012BV22,0.0
2021,2022,GB00B012TP20,0.0
2021,2022,GB00B019KW72,0.0
2021,2022,GB00B01QGK86,0.0
2021,2022,GB00B02J6398,3.916790312316486e-19
2021,2022,GB00B033F229,5.743889049096818e-20
2021,2022,GB00B03HDJ73,0.0
2021,2022,GB00B04V1276,1.6374121203350295e-19
2021,2022,GB00B06QFB75,0.0
2021,2022,GB00B0744359,3.528401772533242e-19
2021,2022,GB00B0744B38,3.754257273485144e-19
2021,2022,GB00B082RF11,7.736770891183938e-20
2021,2022,GB00B0FYMT95,5.141308885355706e-19
2021,2022,GB00B0KM9T71,0.0
2021,2022,GB00B0LCW083,0.0
2021,2022,GB00B0N8QD54,0.0
2021,2022,GB00B0SWJX34,0.0
2021,2022,GB00B0WMWD03,0.0
2021,2022,GB00B0YG1K06,0.0
2021,2022,GB00B128J450,2.0301049303114775e-19
2021,2022,GB00B132NW22,1.373056383100427e-19
2021,2022,GB00B135BJ46,0.0
2021,2022,GB00B17MMZ46,0.0
2021,2022,GB00B18P5K83,1.8023761551473374e-19
2021,2022,GB00B19Z1432,0.0
2021,2022,GB00B1FH8J72,0.0
2021,2022,GB00B1FP6H53,0.0
2021,2022,GB00B1FW5029,1.9193849621866795e-19
2021,2022,GB00B1G5HX72,0.0
2021,2022,GB00B1JQDM80,0.0
2021,2022,GB00B1KJJ408,0.0
2021,2022,GB00B1L5QH97,0.0
2021,2022,GB00B1P6ZR11,0.0
2021,2022,GB00B1VNSX38,0.0
2021,2022,GB00B1WY2338,0.0
2021,2022,GB00B1XH2C03,0.0
2021,2022,GB00B1YW4409,1.086767945294579e-18
2021,2022,GB00B27YGJ97,0.0
2021,2022,GB00B2B0DG97,0.0
2021,2022,GB00B2NGPM57,0.0
2021,2022,GB00B2PDGW16,0.0
2021,2022,GB00B39J2M42,2.546403812223756e-19
2021,2022,GB00B3CX3644,0.028946168660068435
2021,2022,GB00B3DGH821,0.0004379807752160388
2021,2022,GB00B3FLWH99,0.0
2021,2022,GB00B41H7391,0.0
2021,2022,GB00B45C9X44,0.0021652793050713085
2021,2022,GB00B572ZV91,0.0
2021,2022,GB00B5N0P849,0.0
2021,2022,GB00B5ZN1N88,8.652899409792413e-19
2021,2022,GB00B61TVQ02,0.0
2021,2022,GB00B63H8491,0.0
2021,2022,GB00B63QSB39,0.0
2021,2022,GB00B64NSP76,0.0
2021,2022,GB00B67G5X01,0.0
2021,2022,GB00B6XZKY75,0.0
2021,2022,GB00B6YTLS95,0.0
2021,2022,GB00B71N6K86,0.0
2021,2022,GB00B7KR2P84,0.0
2021,2022,GB00B82YXW83,0.0
2021,2022,GB00B8B4R053,0.0
2021,2022,GB00B8C3BL03,8.608502390691543e-19
2021,2022,GB00BD6K4575,0.0
2021,2022,GB00BD736828,3.8728651126794034e-19
2021,2022,GB00BDCPN049,5.905030858193892e-20
2021,2022,GB00BDFBVT43,0.0
2021,2022,GB00BDR05C01,0.0
2021,2022,GB00BF044593,0.0
2021,2022,GB00BF5H9P87,0.0
2021,2022,GB00BF8Q6K64,0.0
2021,2022,GB00BG11K365,0.0
2021,2022,GB00BGDT3G23,6.1401357298502935e-19
2021,2022,GB00BGLP8L22,1.1621129566489534e-19
2021,2022,GB00BH4HKS39,2.1158709000562088e-19
2021,2022,GB00BHJYC057,0.0
2021,2022,GB00BJ1F4N75,0.0
2021,2022,GB00BJFFLV09,4.789533094059106e-19
2021,2022,GB00BJQZC279,0.02593247874069933
2021,2022,GB00BJT0FF39,0.0
2021,2022,GB00BK9RKT01,0.0
2021,2022,GB00BKP36R26,0.0
2021,2022,GB00BKY40Q38,0.0
2021,2022,GB00BL6XZ716,0.0
2021,2022,GB00BLGZ9862,8.750139561876395e-20
2021,2022,GB00BM8PJY71,0.0
2021,2022,GB00BM8Q5M07,0.0
2021,2022,GB00BMJ6DW54,0.0
2021,2022,GB00BN7SWP63,1.758843634134321e-19
2021,2022,GB00BNGDN821,0.0
2021,2022,GB00BNNTLN49,0.0
2021,2022,GB00BNR4T868,0.0
2021,2022,GB00BP6MXD84,0.0
2021,2022,GB00BP92CJ43,0.0
2021,2022,GB00BP9LHF23,0.0
2021,2022,GB00BPQY8M80,0.0
2021,2022,GB00BRB37M78,9.573913583888625e-19
2021,2022,GB00BRKD9Z53,0.0
2021,2022,GB00BV9FP302,1.6535056815620684e-18
2021,2022,GB00BVFNZH21,0.0
2021,2022,GB00BWFGQN14,1.4089954230830517e-20
2021,2022,GB00BYQ0JC66,6.275888586189749e-19
2021,2022,GB00BYRJ5J14,0.0228150838578038
2021,2022,GB00BYT1DJ19,0.0
2021,2022,GB00BYW0PQ60,0.0
2021,2022,GB00BYYTFB60,5.932026919051453e-19
2021,2022,GB00BYZN9041,0.0
2021,2022,GB00BZ4BQC70,1.3822700122368817e-19
2021,2022,IE0001827041,0.0
2021,2022,IE0002424939,0.0
2021,2022,IE0003864109,0.0
2021,2022,IE0004906560,1.764330632203747e-20
2021,2022,IE0004927939,9.831587479024305e-20
2021,2022,IE00B00MZ448,0.0
2021,2022,IE00B4BNMY34,0.0
2021,2022,IE00B8KQN827,3.4448071201428266e-19
2021,2022,IE00BD1RP616,0.0
2021,2022,IE00BDB6Q211,6.202721299162481e-19
2021,2022,IE00BF0L3536,0.0
2021,2022,IE00BGH1M568,0.0
2021,2022,IE00BJ3V9050,0.0033824864054770682
2021,2022,IE00BK9ZQ967,6.717748365776229e-19
2021,2022,IE00BLP1HW54,2.112986193343483e-19
2021,2022,IE00BLS09M33,3.0277697657310236e-19
2021,2022,IE00BTN1Y115,6.542041978486053e-19
2021,2022,IE00BWT6H894,0.019510507969092854
2021,2022,IE00BY7QL619,4.67800128787165e-19
2021,2022,IL0002300114,6.050616399799276e-19
2021,2022,IL0002730112,2.040272272246968e-18
2021,2022,IL0002810146,0.0
2021,2022,IL0005930388,3.1953512960228757e-19
2021,2022,IL0006046119,6.426433607304634e-20
2021,2022,IL0006625771,1.546352721003232e-19
2021,2022,IL0006954379,5.0027940645948565e-19
2021,2022,IL0010811243,0.0
2021,2022,IT0000062072,0.0
2021,2022,IT0000062957,0.0
2021,2022,IT0000066123,0.0
2021,2022,IT0000072618,0.0
2021,2022,IT0000784154,0.0
2021,2022,IT0000784196,0.0
2021,2022,IT0001137345,0.0
2021,2022,IT0001233417,0.0
2021,2022,IT0001347308,0.0
2021,2022,IT0001469383,0.0
2021,2022,IT0003128367,0.0
2021,2022,IT0003132476,0.0
2021,2022,IT0003153415,0.0
2021,2022,IT0003242622,3.339759803626093e-19
2021,2022,IT0003497168,6.088529696339091e-20
2021,2022,IT0003506190,0.0
2021,2022,IT0003856405,0.0
2021,2022,IT0004810054,2.4295823572348663e-19
2021,2022,IT0004827447,2.258267830492457e-19
2021,2022,IT0005218380,0.0
2021,2022,IT0005239360,0.0
2021,2022,IT0005495657,0.0
2021,2022,JE00B8KF9B49,0.0
2021,2022,JE00BJ1DLW90,0.0
2021,2022,JE00BYVQYS01,0.0
2021,2022,LR0008862868,0.0
2021,2022,LU0075646355,0.0
2021,2022,NL0000008977,0.0
2021,2022,NL0000009082,0.013217257971684326
2021,2022,NL0000009165,0.0
2021,2022,NL0000009538,0.0
2021,2022,NL0000226223,3.313703040792374e-19
2021,2022,NL0000235190,0.0
2021,2022,NL0000289213,0.0
2021,2022,NL0000337319,0.0
2021,2022,NL0000360618,2.2644630972135487e-19
2021,2022,NL0000379121,0.0
2021,2022,NL0000395903,4.176007051690229e-20
2021,2022,NL0006237562,1.014540111670943e-18
2021,2022,NL0009432491,0.021971226008782825
2021,2022,NL0010273215,0.0
2021,2022,NL0010583399,0.0
2021,2022,NL0011794037,1.2443444940683328e-19
2021,2022,NL0011821202,0.0
2021,2022,NL0013267909,0.0
2021,2022,NL0013332471,0.0
2021,2022,NL00150001Q9,0.0
2021,2022,NL00150003E1,0.0
2021,2022,NL0015001FS8,0.0
2021,2022,NL0015435975,2.0740754400449906e-19
2021,2022,NO0003028904,1.994698082564812e-18
2021,2022,NO0003053605,0.0
2021,2022,NO0003078800,0.0
2021,2022,NO0003733800,7.522037208593022e-21
2021,2022,NO0005052605,0.0
2021,2022,NO0010063308,0.0
2021,2022,NO0010096985,0.0
2021,2022,NO0010199151,0.0
2021,2022,NO0010208051,0.0
2021,2022,NO0010215684,0.0
2021,2022,NO0012470089,2.565512104964914e-19
2021,2022,PA1436583006,0.0
2021,2022,PTBCP0AM0015,0.0
2021,2022,PTEDP0AM0009,0.0
2021,2022,PTJMT0AE0001,4.9407245683031035e-20
2021,2022,PTSON0AM0001,0.0
2021,2022,PTZON0AM0006,7.595351912778333e-19
2021,2022,SE0000106270,0.0
2021,2022,SE0000108227,0.0
2021,2022,SE0000108656,1.3938356315872412e-18
2021,2022,SE0000112724,8.921829661466972e-21
2021,2022,SE0000113250,0.0
2021,2022,SE0000114837,0.0
2021,2022,SE0000148884,7.22339789895935e-20
2021,2022,SE0000163594,0.0
2021,2022,SE0000163628,1.5207642473773313e-18
2021,2022,SE0000171100,0.0
2021,2022,SE0000190126,0.0
2021,2022,SE0000202624,1.50991776095988e-18
2021,2022,SE0000242455,2.8556413347184993e-18
2021,2022,SE0000379190,7.999530048995698e-19
2021,2022,SE0000667891,0.0
2021,2022,SE0000667925,7.697363610625052e-19
2021,2022,SE0000695876,1.173769275920005e-19
2021,2022,SE0000806994,2.644191171566836e-18
2021,2022,SE0000862997,1.2063411525150445e-19
2021,2022,SE0000949331,1.534699028651216e-20
2021,2022,SE0001662230,0.0
2021,2022,SE0005190238,1.3222723101702164e-18
2021,2022,SE0006993770,0.0
2021,2022,SE0007100581,1.5877491387220573e-19
2021,2022,SE0007100599,0.0
2021,2022,SE0011090018,8.636042729292878e-20
2021,2022,SE0011166974,1.7011844118090107e-19
2021,2022,SE0015811955,2.4431711358079212e-20
2021,2022,SE0015812219,1.4275751247643203e-18
2021,2022,SE0015961909,3.256938293383269e-19
2021,2022,SE0015988019,3.2359486301467546e-19
2021,2022,SE0016589188,2.4804235533966524e-19
2021,2022,SE0017486889,0.0
2021,2022,SE0018012494,1.149338403108675e-18
2021,2022,SE0018012635,0.0
2021,2022,SE0020050417,0.0
2021,2022,US0010551028,0.0
2021,2022,US0010841023,1.8363404922506892e-19
2021,2022,US00130H1059,0.0
2021,2022,US00206R1023,0.0
2021,2022,US0028241000,6.214340083915573e-19
2021,2022,US0028962076,0.0
2021,2022,US00507V1098,0.0
2021,2022,US00724F1012,4.728550279565805e-19
2021,2022,US00751Y1064,0.0
2021,2022,US0079031078,2.2055797263054525e-18
2021,2022,US0082521081,0.0
2021,2022,US00846U1016,8.232420985198346e-19
2021,2022,US0091581068,0.0
2021,2022,US00971T1016,0.01471664829893051
2021,2022,US0126531013,3.255353956427072e-19
2021,2022,US0152711091,3.5598271731631106e-19
2021,2022,US01741R1023,0.0
2021,2022,US0185811082,0.0
2021,2022,US0188021085,0.0
2021,2022,US0200021014,0.0
2021,2022,US02079K3059,8.567396287791427e-19
2021,2022,US02209S1033,0.0
2021,2022,US0231351067,3.38148380381814e-19
2021,2022,US0236081024,0.0
2021,2022,US0255371017,0.0
2021,2022,US02553E1064,0.0
2021,2022,US0258161092,0.0
2021,2022,US0268747849,0.0
2021,2022,US03027X1000,0.0
2021,2022,US03073E1055,0.0
2021,2022,US03076C1062,0.0
2021,2022,US0311001004,0.0
2021,2022,US0311621009,0.0
2021,2022,US0320951017,3.8690172897630885e-19
2021,2022,US0326541051,0.0
2021,2022,US0367521038,0.0
2021,2022,US03743Q1085,0.0
2021,2022,US0378331005,9.449848075273454e-20
2021,2022,US0382221051,1.2099416415710545e-19
2021,2022,US0383361039,7.081299898976202e-20
2021,2022,US0394831020,0.0
2021,2022,US0427351004,0.0
2021,2022,US0441861046,0.0
2021,2022,US0454871056,0.0
2021,2022,US04621X1081,6.738324695361356e-19
2021,2022,US0495601058,1.1906381979019546e-19
2021,2022,US0527691069,0.0
2021,2022,US0528001094,0.0
2021,2022,US0530151036,0.0
2021,2022,US0533321024,0.0
2021,2022,US0534841012,1.1176278308434186e-19
2021,2022,US0536111091,0.0
2021,2022,US0537741052,0.0
2021,2022,US0538071038,0.0
2021,2022,US0565251081,0.005639005548314712
2021,2022,US0584981064,0.021796186726889842
2021,2022,US0605051046,0.0
2021,2022,US0640581007,0.0
2021,2022,US0708301041,3.909486674372662e-18
2021,2022,US0718131099,0.0
2021,2022,US0758871091,8.202025267062602e-19
2021,2022,US0758961009,7.732872194735219e-19
2021,2022,US0844231029,1.6289117010698694e-19
2021,2022,US0865161014,0.0
2021,2022,US0893021032,0.0
2021,2022,US09061G1013,0.0
2021,2022,US09062X1037,0.02225329437313196
2021,2022,US09073M1045,0.0
2021,2022,US0970231058,0.0
2021,2022,US09857L1089,0.0
2021,2022,US0997241064,0.0
2021,2022,US1011211018,0.0
2021,2022,US1011371077,3.634854447719413e-20
2021,2022,US1033041013,2.7791141163818576e-19
2021,2022,US1053682035,0.0
2021,2022,US1096411004,0.0
2021,2022,US1096961040,0.0
2021,2022,US1101221083,0.0
2021,2022,US1124631045,0.0
2021,2022,US1156372096,6.208507582187143e-19
2021,2022,US12504L1098,0.0
2021,2022,US1252691001,0.0
2021,2022,US12541W2098,0.009314717082583667
2021,2022,US1255231003,0.0
2021,2022,US12572Q1058,0.04054746661526461
2021,2022,US1258961002,0.0
2021,2022,US1264081035,0.0
2021,2022,US12653C1080,0.0
2021,2022,US1266501006,0.0
2021,2022,US1270551013,0.0
2021,2022,US1270971039,0.0396640993034464
2021,2022,US1273871087,8.807568934693449e-20
2021,2022,US1307881029,0.014008094780268304
2021,2022,US1331311027,8.680178926654423e-19
2021,2022,US1344291091,2.4186069287381687e-20
2021,2022,US14040H1059,0.0
2021,2022,US14149Y1082,0.0
2021,2022,US1423391002,0.0
2021,2022,US1431301027,1.5709217112585813e-19
2021,2022,US1491231015,0.0
2021,2022,US1508701034,0.0
2021,2022,US15189T1079,0.0
2021,2022,US1567821046,0.0
2021,2022,US1598641074,7.465401060098863e-19
2021,2022,US1667641005,0.0
2021,2022,US1713401024,1.391672442988549e-18
2021,2022,US1717793095,7.097792922193974e-20
2021,2022,US1720621010,6.487405602160456e-19
2021,2022,US17275R1023,0.0
2021,2022,US1729081059,0.0
2021,2022,US1729674242,0.0
2021,2022,US1773761002,0.0
2021,2022,US1858991011,0.0
2021,2022,US1890541097,0.048670200075306175
2021,2022,US1912161007,4.226553706192091e-19
2021,2022,US1924461023,9.794396835689073e-19
2021,2022,US1941621039,2.1575337733605755e-19
2021,2022,US20030N1019,3.7980888413167035e-20
2021,2022,US2003401070,0.0
2021,2022,US2017231034,0.0
2021,2022,US2058871029,0.0
2021,2022,US20825C1045,0.0
2021,2022,US2091151041,0.0304643799680331
2021,2022,US21036P1084,0.0
2021,2022,US2172041061,6.47183078076084e-19
2021,2022,US2193501051,1.8872198773894158e-19
2021,2022,US22160K1051,1.9731824484023454e-19
2021,2022,US22410J1060,0.0
2021,2022,US22822V1017,0.00046476844525772707
2021,2022,US2283681060,2.857839328414229e-20
2021,2022,US2310211063,0.0
2021,2022,US23331A1097,9.941839247523815e-19
2021,2022,US2333311072,0.0
2021,2022,US23355L1061,0.0
2021,2022,US2358511028,1.4310589924448536e-18
2021,2022,US2371941053,0.0
2021,2022,US23918K1088,2.0353807852162935e-19
2021,2022,US2441991054,2.5906593037365255e-19
2021,2022,US2473617023,0.0
2021,2022,US24906P1093,0.0
2021,2022,US25179M1036,0.0
2021,2022,US2533931026,2.4214230111822477e-19
2021,2022,US2546871060,0.0
2021,2022,US25525P1075,2.1502769828047166e-19
2021,2022,US25659T1079,0.0
2021,2022,US2566771059,0.0
2021,2022,US2567461080,1.424339147315208e-19
2021,2022,US25746U1097,0.0
2021,2022,US2576511099,0.0
2021,2022,US25960P1093,0.0
2021,2022,US2600031080,0.0
2021,2022,US26441C2044,0.0
2021,2022,US26875P1012,0.0
2021,2022,US26884L1098,0.0
2021,2022,US2774321002,0.0
2021,2022,US2786421030,0.0
2021,2022,US2788651006,0.0
2021,2022,US2810201077,0.008045149069235204
2021,2022,US28176E1082,6.464163106208563e-19
2021,2022,US2910111044,0.0
2021,2022,US29364G1031,0.0
2021,2022,US2944291051,0.0
2021,2022,US29444U7000,9.892214725556942e-19
2021,2022,US29476L1070,0.0
2021,2022,US29670G1022,2.0995502400036374e-19
2021,2022,US2971781057,1.110875235742315e-19
2021,2022,US30034W1062,0.0
2021,2022,US30040W1080,9.87414325648881e-19
2021,2022,US30161N1019,5.736106989940861e-19
2021,2022,US30212P3038,0.0
2021,2022,US3021301094,0.0
2021,2022,US30231G1022,0.0
2021,2022,US3024913036,0.0
2021,2022,US3029411093,0.021214521169243737
2021,2022,US3030751057,0.0023964232026306917
2021,2022,US3119001044,0.0
2021,2022,US3137451015,0.0
2021,2022,US31428X1063,0.0
2021,2022,US3156161024,0.0
2021,2022,US31620M1062,0.0
2021,2022,US3167731005,0.0
2021,2022,US3205171057,0.0
2021,2022,US3377381088,0.0
2021,2022,US3379321074,0.033617362564242324
2021,2022,US3434121022,0.0
2021,2022,US34354P1057,0.0
2021,2022,US3448491049,0.0
2021,2022,US3453708600,3.2336217466214794e-19
2021,2022,US3546131018,0.0
2021,2022,US35671D8570,0.0
2021,2022,US3614481030,2.1849106154394956e-19
2021,2022,US3635761097,8.528065155765261e-19
2021,2022,US3647601083,9.730168229194861e-20
2021,2022,US3695501086,0.0
2021,2022,US3703341046,0.0
2021,2022,US37045V1008,2.828680177472254e-20
2021,2022,US3719011096,0.0
2021,2022,US3724601055,0.0
2021,2022,US37247D1063,0.0
2021,2022,US3755581036,0.0
2021,2022,US37940X1028,0.0
2021,2022,US37959E1029,0.0
2021,2022,US38141G1040,0.0
2021,2022,US3825501014,0.0
2021,2022,US3841091040,8.977209677452165e-19
2021,2022,US3848021040,0.0
2021,2022,US3976241071,0.0
2021,2022,US40434L1052,8.807935535146296e-19
2021,2022,US4062161017,0.0
2021,2022,US4103451021,5.826676080366423e-19
2021,2022,US4108671052,0.0
2021,2022,US4128221086,5.11216631446291e-19
2021,2022,US4158641070,0.0
2021,2022,US4165151048,0.0
2021,2022,US4180561072,0.0
2021,2022,US4198701009,0.0
2021,2022,US42250P1030,7.104093123638512e-20
2021,2022,US42330P1075,0.0
2021,2022,US4234521015,0.0
2021,2022,US4278661081,0.014341355420439761
2021,2022,US42809H1077,0.0
2021,2022,US4364401012,3.4913602262683527e-19
2021,2022,US4370761029,0.0
2021,2022,US4385161066,0.0
2021,2022,US4404521001,0.02911292576793151
2021,2022,US44107P1049,0.0
2021,2022,US4435106079,2.629157637891103e-19
2021,2022,US4448591028,0.0
2021,2022,US4456581077,0.0
2021,2022,US4461501045,0.0
2021,2022,US4470111075,0.0
2021,2022,US45073V1089,0.0
2021,2022,US45167R1041,0.0
2021,2022,US45168D1046,1.022060754511847e-18
2021,2022,US4523081093,0.0
2021,2022,US4523271090,0.0
2021,2022,US4581401001,0.0
2021,2022,US45866F1049,3.456197944954322e-19
2021,2022,US4592001014,0.0
2021,2022,US4595061015,0.0
2021,2022,US4601461035,0.0
2021,2022,US4606901001,2.9077324354208923e-19
2021,2022,US4612021034,0.0
2021,2022,US46120E6023,1.3933989778686034e-18
2021,2022,US46284V1017,1.9226712910629502e-19
2021,2022,US4657411066,0.0
2021,2022,US46625H1005,0.0
2021,2022,US4663131039,0.0
2021,2022,US46982L1089,0.0
2021,2022,US4781601046,7.768246430861616e-19
2021,2022,US48020Q1076,0.0
2021,2022,US48203R1041,1.2739745043850184e-18
2021,2022,US48242W1062,0.0
2021,2022,US4824801009,6.759818910090206e-20
2021,2022,US48666K1097,1.3433153410750926e-18
2021,2022,US4878361082,0.0
2021,2022,US4891701009,0.0
2021,2022,US4932671088,0.0
2021,2022,US4943681035,4.726761334055511e-20
2021,2022,US49446R1095,0.0
2021,2022,US49456B1017,0.0
2021,2022,US4972661064,0.0
2021,2022,US5002551043,0.0
2021,2022,US5010441013,0.0
2021,2022,US5018892084,0.0
2021,2022,US5150981018,0.0
2021,2022,US5178341070,0.0
2021,2022,US5184391044,0.0
2021,2022,US5218652049,0.0
2021,2022,US5246601075,0.0
2021,2022,US5261071071,4.405475075546334e-19
2021,2022,US5324571083,0.02309974648942221
2021,2022,US5339001068,0.0
2021,2022,US5341871094,0.0
2021,2022,US5370081045,3.885875599010852e-19
2021,2022,US5398301094,0.0
2021,2022,US5486611073,0.0
2021,2022,US5502411037,1.5486345501596246e-19
2021,2022,US55261F1049,0.0
2021,2022,US5526761086,1.2929003998808075e-18
2021,2022,US5529531015,0.0
2021,2022,US5543821012,0.0
2021,2022,US5544891048,0.0
2021,2022,US55616P1049,4.383939913117035e-19
2021,2022,US5635714059,0.0
2021,2022,US56418H1005,0.0
2021,2022,US5658491064,0.0
2021,2022,US5717481023,0.0
2021,2022,US5719032022,0.0
2021,2022,US5732841060,0.0
2021,2022,US5738741041,1.7883155876483797e-19
2021,2022,US5745991068,6.390109625082364e-19
2021,2022,US57636Q1040,0.0
2021,2022,US5770811025,3.283606887517286e-20
2021,2022,US5797802064,3.4817580669635255e-19
2021,2022,US5801351017,4.37639389233567e-19
2021,2022,US58155Q1031,0.0
2021,2022,US58933Y1055,3.7931244088377114e-21
2021,2022,US59156R1086,0.0
2021,2022,US5926881054,1.5860835388951143e-18
2021,2022,US5949181045,0.0
2021,2022,US5950171042,0.0
2021,2022,US5951121038,0.0
2021,2022,US6005441000,0.0
2021,2022,US6081901042,0.0
2021,2022,US60871R2094,4.312386407349333e-20
2021,2022,US6092071058,1.5674633846530862e-19
2021,2022,US61174X1090,7.994781565814604e-19
2021,2022,US6153691059,0.0
2021,2022,US6174464486,0.0
2021,2022,US61945C1036,0.0
2021,2022,US6200763075,0.021288076806287855
2021,2022,US6267171022,0.0
2021,2022,US62886E1082,0.0
2021,2022,US6293775085,0.0
2021,2022,US62955J1034,0.0
2021,2022,US6311031081,9.744948165536764e-19
2021,2022,US6361801011,0.0
2021,2022,US6365181022,0.0
2021,2022,US64110D1046,0.0
2021,2022,US6501111073,1.6525975231550573e-18
2021,2022,US6512291062,1.779637678885996e-18
2021,2022,US6516391066,0.018493950290367354
2021,2022,US65339F1012,0.017448259981877965
2021,2022,US6541061031,0.0
2021,2022,US65473P1057,0.0
2021,2022,US6556641008,0.0
2021,2022,US6558441084,0.0
2021,2022,US6658591044,0.0
2021,2022,US6668071029,0.0
2021,2022,US6687711084,4.7533594241601515e-20
2021,2022,US6703461052,0.0
2021,2022,US67066G1040,0.001641238383842272
2021,2022,US6708371033,0.0
2021,2022,US67098H1041,0.0
2021,2022,US67103H1077,0.0
2021,2022,US6745991058,0.0
2021,2022,US6780261052,0.0
2021,2022,US6819191064,0.0
2021,2022,US6821891057,0.0
2021,2022,US6826801036,0.0
2021,2022,US68389X1054,0.0
2021,2022,US6866881021,1.9400539224588147e-19
2021,2022,US6882392011,0.0
2021,2022,US69331C1080,0.0
2021,2022,US6934751057,0.0
2021,2022,US6935061076,0.0
2021,2022,US69351T1060,0.0
2021,2022,US6936561009,0.0
2021,2022,US6937181088,5.487405493268281e-20
2021,2022,US6951561090,0.0
2021,2022,US7010941042,0.0
2021,2022,US70211M1099,0.0
2021,2022,US7043261079,0.0
2021,2022,US7075691094,5.285939929647642e-19
2021,2022,US7134481081,8.47641606869477e-20
2021,2022,US7140461093,1.459511030210061e-18
2021,2022,US7170811035,1.179480383767027e-18
2021,2022,US7234841010,0.0
2021,2022,US7237871071,0.0
2021,2022,US7244791007,7.384571707966673e-19
2021,2022,US7310681025,5.2231723691120516e-20
2021,2022,US74144T1088,5.212053512461981e-19
2021,2022,US74251V1026,0.0
2021,2022,US7427181091,2.6086481815037217e-19
2021,2022,US7433151039,0.007113579085007553
2021,2022,US74340W1036,1.095024508424058e-18
2021,2022,US7443201022,0.0
2021,2022,US7445731067,0.0
2021,2022,US74460D1090,0.018188929239557203
2021,2022,US7458671010,2.119636361445531e-18
2021,2022,US7475251036,4.625887345712023e-19
2021,2022,US74762E1029,0.005406039593491024
2021,2022,US74834L1008,2.252601629419217e-19
2021,2022,US7496851038,0.0
2021,2022,US7509171069,1.7878389296617648e-18
2021,2022,US7512121010,0.0
2021,2022,US75281A1097,0.0
2021,2022,US7547301090,0.0
2021,2022,US75513E1010,0.0
2021,2022,US7588491032,0.0
2021,2022,US75886F1075,0.004509162026476692
2021,2022,US7591EP1005,0.0
2021,2022,US7593516047,0.0
2021,2022,US7595091023,0.0
2021,2022,US7607591002,0.0
2021,2022,US7611521078,0.01682124994431523
2021,2022,US7677548726,1.0256259600346308e-19
2021,2022,US7703231032,0.0
2021,2022,US7739031091,7.138197240219504e-20
2021,2022,US7782961038,0.0
2021,2022,US7802871084,0.0
2021,2022,US7835491082,0.0
2021,2022,US78409V1044,0.0
2021,2022,US78410G1040,0.0
2021,2022,US7841171033,0.0
2021,2022,US78440X8873,0.0
2021,2022,US78454L1008,0.0
2021,2022,US78473E1038,0.0
2021,2022,US79466L3024,1.3710907848532113e-19
2021,2022,US8064071025,1.366137090678773e-18
2021,2022,US8101861065,1.7477429178208208e-19
2021,2022,US81211K1007,9.897112795370577e-20
2021,2022,US8168511090,0.0
2021,2022,US8175651046,4.673564490382937e-19
2021,2022,US8243481061,1.9000024679515707e-19
2021,2022,US8288061091,0.0
2021,2022,US8326964058,0.022462518814531623
2021,2022,US8354951027,0.0
2021,2022,US8425871071,0.0
2021,2022,US84265V1052,0.0
2021,2022,US8447411088,0.0
2021,2022,US8454671095,0.0
2021,2022,US8485741099,0.0
2021,2022,US8545021011,2.872953240612431e-19
2021,2022,US8552441094,0.0
2021,2022,US8574771031,0.0
2021,2022,US8581191009,0.0
2021,2022,US8589121081,5.173649792759955e-20
2021,2022,US8636671013,0.0
2021,2022,US8676524064,9.787154472416783e-18
2021,2022,US8716071076,0.0
2021,2022,US87161C5013,0.0
2021,2022,US8718291078,0.0
2021,2022,US8725401090,0.0
2021,2022,US8760301072,0.0007525643040530373
2021,2022,US87612E1064,0.0
2021,2022,US8803491054,0.0
2021,2022,US8807701029,0.0
2021,2022,US8807791038,0.0
2021,2022,US8816242098,1.7207291814972745e-19
2021,2022,US8825081040,0.0
2021,2022,US8832031012,0.0
2021,2022,US88337F1057,0.0
2021,2022,US8835561023,1.538187985393955e-18
2021,2022,US8851601018,2.0800206142660757e-19
2021,2022,US88579Y1010,0.0
2021,2022,US88642R1095,0.0
2021,2022,US8873891043,0.0
2021,2022,US8910921084,0.0
2021,2022,US89417E1091,0.0
2021,2022,US8962391004,7.926377857270763e-19
2021,2022,US8965221091,0.0
2021,2022,US89832Q1094,0.0
2021,2022,US9024941034,0.0
2021,2022,US9026531049,0.0013164459892268333
2021,2022,US9026811052,0.0
2021,2022,US9029733048,0.0
2021,2022,US9078181081,0.0
2021,2022,US9111631035,0.0
2021,2022,US9113121068,0.0
2021,2022,US9113631090,0.0
2021,2022,US9129091081,0.0
2021,2022,US91324P1021,0.0
2021,2022,US91529Y1064,0.0
2021,2022,US91822M5022,0.0
2021,2022,US91913Y1001,0.0
2021,2022,US92276F1003,0.0
2021,2022,US92343V1044,0.003554342520489484
2021,2022,US92532F1003,0.00863627035285687
2021,2022,US9255501051,0.0
2021,2022,US92556V1061,2.853376089691003e-20
2021,2022,US9282981086,2.9899564212854403e-19
2021,2022,US9290421091,0.0
2021,2022,US9291601097,0.0
2021,2022,US92922P1066,0.0
2021,2022,US92939U1060,0.0
2021,2022,US9297401088,2.171327159751464e-19
2021,2022,US9311421039,0.020698588923923174
2021,2022,US9314271084,0.0
2021,2022,US94106L1098,0.0
2021,2022,US9418481035,1.6006751105035841e-18
2021,2022,US9427491025,0.0
2021,2022,US9497461015,0.0
2021,2022,US95040Q1040,0.0
2021,2022,US95058W1009,0.0
2021,2022,US95082P1057,0.0
2021,2022,US9581021055,0.0
2021,2022,US9598021098,7.345551030448542e-19
2021,2022,US9604131022,0.0
2021,2022,US9621661043,1.6448462918075623e-19
2021,2022,US9633201069,1.6934136277100071e-19
2021,2022,US9682232064,0.0
2021,2022,US9694571004,0.0
2021,2022,US9699041011,6.023010393085104e-19
2021,2022,US9831341071,0.0
2021,2022,US98389B1008,0.0
2021,2022,US9839191015,3.7774501039792e-19
2021,2022,US98421M1062,0.0
2021,2022,US9884981013,0.0
2021,2022,US9892071054,0.0
2021,2022,US98956P1021,0.0
2022,2023,AN8068571086,0.0
2022,2023,AT000000STR1,4.1616360062540404e-19
2022,2023,AT00000VIE62,0.0
2022,2023,AT0000606306,0.0
2022,2023,AT0000652011,0.0
2022,2023,AT0000720008,4.459752796670809e-18
2022,2023,AT0000730007,0.0
2022,2023,AT0000743059,0.0
2022,2023,AT0000746409,0.0
2022,2023,AT0000831706,3.0895626920963913e-19
2022,2023,AT0000908504,0.0
2022,2023,AT0000937503,2.2874986789382233e-19
2022,2023,AT0000938204,0.0
2022,2023,AT0000A21KS2,1.2574272697226716e-18
2022,2023,AU000000JHX1,4.036394395468646e-18
2022,2023,BE0003470755,2.257334849059655e-19
2022,2023,BE0003565737,1.3312383052550888e-17
2022,2023,BE0003593044,0.0
2022,2023,BE0003717312,0.0
2022,2023,BE0003735496,0.025399315806499102
2022,2023,BE0003739530,1.5012195955305714e-17
2022,2023,BE0003755692,1.309774576336945e-18
2022,2023,BE0003797140,0.0
2022,2023,BE0003810273,9.267914425443196e-18
2022,2023,BE0003822393,0.007964701757147885
2022,2023,BE0974256852,0.008899793145118306
2022,2023,BE0974258874,0.0
2022,2023,BE0974264930,0.0
2022,2023,BE0974293251,0.0
2022,2023,BE0974320526,0.0
2022,2023,BMG850801025,3.6285379598691885e-19
2022,2023,CA00208D4084,0.0
2022,2023,CA0084741085,9.210426817463255e-19
2022,2023,CA00900Q1037,1.1226414761249649e-17
2022,2023,CA01626P1484,1.0804627925228963e-17
2022,2023,CA05534B7604,0.0
2022,2023,CA0636711016,0.0
2022,2023,CA0641491075,0.0
2022,2023,CA0977518616,8.566647032289898e-18
2022,2023,CA1247651088,0.0
2022,2023,CA12532H1047,3.4286463957639864e-18
2022,2023,CA13321L1085,0.0
2022,2023,CA1360691010,0.0
2022,2023,CA1363751027,1.9092166808958738e-18
2022,2023,CA1363851017,0.0
2022,2023,CA13646K1084,9.970683848114162e-19
2022,2023,CA1366812024,0.0
2022,2023,CA1367178326,2.2819328627930545e-19
2022,2023,CA2849025093,4.964673363245988e-18
2022,2023,CA2918434077,0.028494521534248075
2022,2023,CA29250N1050,0.0
2022,2023,CA2927661025,0.0
2022,2023,CA3180714048,0.0
2022,2023,CA3359341052,0.0
2022,2023,CA3495531079,2.724624957065951e-19
2022,2023,CA3518581051,1.427292071075256e-17
2022,2023,CA3759161035,0.0
2022,2023,CA39138C1068,0.0
2022,2023,CA4495861060,4.039918547399425e-19
2022,2023,CA4530384086,0.0
2022,2023,CA45823T1066,1.0382035241937684e-17
2022,2023,CA4969024047,1.9796552834504093e-18
2022,2023,CA5394811015,0.0024686940134796575
2022,2023,CA5592224011,0.0
2022,2023,CA56501R1064,2.1548627676495287e-18
2022,2023,CA59151K1084,2.22654423869008e-19
2022,2023,CA59162N1096,0.033350430246830605
2022,2023,CA6744822033,0.0
2022,2023,CA68272K1030,0.0
2022,2023,CA6837151068,3.2528703333269665e-17
2022,2023,CA7392391016,0.0
2022,2023,CA74022D4075,0.0
2022,2023,CA7669101031,0.0
2022,2023,CA7751092007,0.0
2022,2023,CA7800871021,0.0
2022,2023,CA8029121057,0.024359984611124753
2022,2023,CA82028K2002,8.954597817257246e-18
2022,2023,CA8239011031,4.257951157424826e-20
2022,2023,CA85472N1096,0.0
2022,2023,CA8667961053,3.801127574384822e-19
2022,2023,CA8672241079,0.0
2022,2023,CA87807B1076,3.9015707183755545e-19
2022,2023,CA8787422044,0.0
2022,2023,CA87971M1032,0.0
2022,2023,CA8849038085,0.018715219771848507
2022,2023,CA8911605092,0.0
2022,2023,CA89346D1078,1.908687678624887e-19
2022,2023,CA8959451037,0.0
2022,2023,CA9611485090,0.0
2022,2023,CA98462Y1007,2.5139972915154407e-18
2022,2023,CH0000816824,4.102841437824788e-18
2022,2023,CH0008038389,0.0
2022,2023,CH0008742519,0.024210367839564133
2022,2023,CH0010570759,7.705502481963398e-19
2022,2023,CH0010645932,2.781382162173523e-18
2022,2023,CH0011075394,0.0
2022,2023,CH0012005267,2.7394874909773343e-18
2022,2023,CH0012032048,0.001983543294525666
2022,2023,CH0012138530,2.4791702981020087e-17
2022,2023,CH0012138605,7.417976279654155e-18
2022,2023,CH0012142631,1.435041829950973e-18
2022,2023,CH0012214059,2.544485924966314e-19
2022,2023,CH0012221716,7.32306823621595e-18
2022,2023,CH0012255151,3.886402083515726e-18
2022,2023,CH0012410517,0.0
2022,2023,CH0012549785,2.7854162749200817e-18
2022,2023,CH0013841017,6.580962308603271e-18
2022,2023,CH0014786500,0.02177973131961613
2022,2023,CH0014852781,0.0
2022,2023,CH0018294154,0.0
2022,2023,CH0022268228,0.0
2022,2023,CH0024608827,0.0
2022,2023,CH0024638212,5.20264222490382e-20
2022,2023,CH0025238863,2.9224826367162487e-18
2022,2023,CH0025751329,0.0
2022,2023,CH0030170408,1.4323249411206115e-18
2022,2023,CH0038388911,0.0
2022,2023,CH0038863350,1.4165555307419122e-18
2022,2023,CH0044328745,0.0
2022,2023,CH0048265513,1.82524029352705e-18
2022,2023,CH0102484968,0.0
2022,2023,CH0126881561,0.0
2022,2023,CH0210483332,0.0
2022,2023,CH0244767585,7.14806391238196e-19
2022,2023,CH0319416936,0.0
2022,2023,CH0418792922,0.0
2022,2023,CH1169151003,0.0
2022,2023,CH1175448666,0.0
2022,2023,CH1256740924,3.7175784489759126e-18
2022,2023,DE0005089031,9.745361584803457e-19
2022,2023,DE0005140008,1.8994059433741545e-17
2022,2023,DE0005190003,0.0
2022,2023,DE0005200000,6.2095267686244086e-18
2022,2023,DE0005408884,2.7373709827522825e-18
2022,2023,DE0005439004,5.7577057525112e-19
2022,2023,DE0005470405,7.941773687072422e-20
2022,2023,DE0005552004,1.2950479229554867e-18
2022,2023,DE0005557508,1.223356890235507e-17
2022,2023,DE0005773303,0.0
2022,2023,DE0005785604,1.2014829396522834e-18
2022,2023,DE0005785802,3.615451974368895e-18
2022,2023,DE0005810055,0.0
2022,2023,DE0005909006,2.5965462283518716e-18
2022,2023,DE0006047004,1.4399986546310051e-19
2022,2023,DE0006048432,2.8672840807612216e-18
2022,2023,DE0006070006,3.8640868593492877e-19
2022,2023,DE0006202005,1.6628076408641512e-19
2022,2023,DE0006231004,0.0
2022,2023,DE0006569908,8.183688801217059e-18
2022,2023,DE0006599905,1.335569880802453e-18
2022,2023,DE0006602006,5.477654864893722e-18
2022,2023,DE0006969603,0.0
2022,2023,DE0007030009,3.7986721057405885e-18
2022,2023,DE0007037129,2.180150786115861e-19
2022,2023,DE0007042301,0.05165296195212931
2022,2023,DE0007100000,3.372394311322063e-19
2022,2023,DE0007164600,1.027261286418475e-18
2022,2023,DE0007236101,0.0
2022,2023,DE0007257503,0.0
2022,2023,DE0007297004,4.572877791107449e-19
2022,2023,DE0007314007,9.803773434310337e-18
2022,2023,DE0007500001,1.4390259966925624e-19
2022,2023,DE0007507501,0.0
2022,2023,DE0007664039,0.0
2022,2023,DE0008232125,2.0190459200705625e-19
2022,2023,DE0008402215,0.0
2022,2023,DE0008404005,0.0
2022,2023,DE0008430026,0.0
2022,2023,DE000A0D6554,4.010134225525325e-18
2022,2023,DE000A0D9PT0,0.0
2022,2023,DE000A0S8488,4.08276849847064e-19
2022,2023,DE000A0WMPJ6,0.0
2022,2023,DE000A1EWWW0,0.0
2022,2023,DE000A2GS401,3.343824578503272e-17
2022,2023,DE000BASF111,4.2510011245905953e-19
2022,2023,DE000BAY0017,9.080930821158871e-19
2022,2023,DE000CBK1001,2.1696140988582844e-17
2022,2023,DE000CLS1001,0.028476975693285323
2022,2023,DE000ENAG999,0.0
2022,2023,DE000KSAG888,6.939348728557843e-19
2022,2023,DE000PSM7770,0.0
2022,2023,DE000TUAG505,2.3209260779365414e-19
2022,2023,DK0010181759,4.2994256588600367e-19
2022,2023,DK0010234467,0.0
2022,2023,DK0010244508,3.539661709293079e-19
2022,2023,DK0010272632,0.0
2022,2023,DK0010274414,2.7499191111276013e-18
2022,2023,DK0010287663,1.274568123916475e-17
2022,2023,DK0010307958,0.0
2022,2023,DK0010311471,0.0
2022,2023,DK0060079531,0.0
2022,2023,DK0060336014,3.192857278737902e-18
2022,2023,DK0060448595,4.878209132725231e-18
2022,2023,DK0060477503,0.013329986378548424
2022,2023,DK0060636678,0.0
2022,2023,DK0060738599,0.0
2022,2023,DK0061539921,2.12560740642008e-17
2022,2023,ES0109427734,1.5962010119693033e-17
2022,2023,ES0112501012,0.0501038148322298
2022,2023,ES0113211835,0.0
2022,2023,ES0113679I37,1.8984918532264503e-17
2022,2023,ES0113860A34,0.0
2022,2023,ES0113900J37,0.0
2022,2023,ES0116870314,2.9056439380968636e-19
2022,2023,ES0117160111,0.0
2022,2023,ES0118594417,0.0
2022,2023,ES0122060314,2.0161855639172713e-19
2022,2023,ES0124244E34,0.0
2022,2023,ES0125220311,1.0581094183609598e-18
2022,2023,ES0130670112,6.240055422253889e-19
2022,2023,ES0130960018,1.757718346579409e-18
2022,2023,ES0132105018,5.68034798584711e-19
2022,2023,ES0134950F36,1.2519110792982712e-17
2022,2023,ES0142090317,0.0
2022,2023,ES0144580Y14,5.8135693711284e-19
2022,2023,ES0148396007,0.0
2022,2023,ES0152503035,6.067566626141879e-18
2022,2023,ES0161560018,3.660780389393009e-19
2022,2023,ES0167050915,0.0
2022,2023,ES0171996087,2.3465577345302768e-18
2022,2023,ES0173093024,1.1839502407634274e-17
2022,2023,ES0173516115,0.0
2022,2023,ES0178430E18,5.738565973086226e-20
2022,2023,ES0182870214,7.615787292460872e-19
2022,2023,FI0009000202,9.274259503108145e-18
2022,2023,FI0009000277,1.7578849173930995e-17
2022,2023,FI0009000459,3.0233282590378846e-18
2022,2023,FI0009000681,1.8968625895763158e-17
2022,2023,FI0009002158,7.812013833333128e-18
2022,2023,FI0009002422,0.0
2022,2023,FI0009003727,0.0
2022,2023,FI0009005318,1.0487609408561352e-18
2022,2023,FI0009005870,0.0
2022,2023,FI0009005961,0.0
2022,2023,FI0009005987,0.0
2022,2023,FI0009007132,2.487614606129353e-19
2022,2023,FI0009007694,0.004722467588589234
2022,2023,FI0009007884,0.0
2022,2023,FI0009013296,0.0
2022,2023,FI0009013403,2.979155455601816e-18
2022,2023,FI0009800643,6.929536689026044e-19
2022,2023,FR0000035081,0.0
2022,2023,FR0000039109,2.266039809741214e-19
2022,2023,FR0000044448,5.929738356271506e-18
2022,2023,FR0000045072,0.0
2022,2023,FR0000051070,0.0
2022,2023,FR0000052292,0.0
2022,2023,FR0000053225,7.196286060547107e-18
2022,2023,FR0000054470,0.009025318965280344
2022,2023,FR0000054900,1.3657709680266254e-17
2022,2023,FR0000064578,0.0
2022,2023,FR0000073272,1.824870114984314e-18
2022,2023,FR0000077919,0.0
2022,2023,FR0000120073,1.0313200052627083e-18
2022,2023,FR0000120172,1.7422026829578872e-18
2022,2023,FR0000120271,1.4096374970837438e-19
2022,2023,FR0000120321,0.0
2022,2023,FR0000120404,0.0
2022,2023,FR0000120503,0.0
2022,2023,FR0000120560,1.023728761486689e-18
2022,2023,FR0000120578,9.045233821832771e-18
2022,2023,FR0000120628,6.834262822242129e-18
2022,2023,FR0000120644,0.0
2022,2023,FR0000120693,0.0
2022,2023,FR0000120859,4.304548855039838e-19
2022,2023,FR0000120966,8.25317953697089e-18
2022,2023,FR0000121014,0.0
2022,2023,FR0000121121,0.0
2022,2023,FR0000121204,4.60958435920863e-19
2022,2023,FR0000121220,5.540019039985495e-18
2022,2023,FR0000121329,6.0619613521213505e-18
2022,2023,FR0000121485,0.0
2022,2023,FR0000121667,0.0
2022,2023,FR0000121964,1.3743222089986357e-17
2022,2023,FR0000121972,0.0
2022,2023,FR0000124141,2.9207408949182793e-19
2022,2023,FR0000125007,5.325180992166989e-19
2022,2023,FR0000125338,5.6837668012894875e-18
2022,2023,FR0000125486,5.450347001042565e-20
2022,2023,FR0000127771,0.0
2022,2023,FR0000130213,0.0
2022,2023,FR0000130395,0.013488991719281468
2022,2023,FR0000130403,0.0
2022,2023,FR0000130452,0.0
2022,2023,FR0000130577,0.0
2022,2023,FR0000130809,0.0
2022,2023,FR0000131104,0.0
2022,2023,FR0000131757,1.498946667947096e-19
2022,2023,FR0000131906,0.0
2022,2023,FR0000133308,0.0062043948129425885
2022,2023,FR0010040865,0.0
2022,2023,FR0010220475,0.0
2022,2023,FR0010221234,0.012807895839221001
2022,2023,FR0010242511,4.2158891047708064e-19
2022,2023,FR0010307819,0.0
2022,2023,FR0010313833,1.0090718559918608e-18
2022,2023,FR0010340141,0.0
2022,2023,FR0010411983,0.0
2022,2023,FR0010533075,3.838416270389735e-18
2022,2023,FR0013176526,2.1647359288369616e-18
2022,2023,FR0013280286,0.005059782093029081
2022,2023,FR0013326246,3.436022840223368e-18
2022,2023,FR0013506730,0.0
2022,2023,FR0014003TT8,0.0
2022,2023,FR001400AJ45,1.7433831464488842e-19
2022,2023,GB0000163088,0.0
2022,2023,GB0000365774,2.6278839947428503e-19
2022,2023,GB0000456144,0.0
2022,2023,GB0000536739,0.0
2022,2023,GB0000600931,0.0
2022,2023,GB0000811801,4.66154351800966e-19
2022,2023,GB0000904986,0.0
2022,2023,GB0000961622,3.4600893907261884e-18
2022,2023,GB0001110096,4.4617648269695155e-18
2022,2023,GB0001367019,0.0
2022,2023,GB0001500809,1.4612206099440542e-19
2022,2023,GB0001570810,6.64582526470737e-17
2022,2023,GB0001638955,0.0
2022,2023,GB0001667087,5.451861994697376e-19
2022,2023,GB0001795680,1.2931386381625728e-18
2022,2023,GB0001826634,0.0
2022,2023,GB0001859296,0.0
2022,2023,GB0002015021,0.0
2022,2023,GB0002018363,0.0
2022,2023,GB0002074580,0.0
2022,2023,GB0002148343,0.0
2022,2023,GB0002318888,3.1120899949853854e-18
2022,2023,GB0002349065,1.0994659901818038e-19
2022,2023,GB0002374006,0.0
2022,2023,GB0002418548,0.0
2022,2023,GB0002634946,1.8952564659839463e-18
2022,2023,GB0002652740,0.0
2022,2023,GB0002670437,0.0
2022,2023,GB0002869419,1.3110399505530932e-17
2022,2023,GB0002875804,3.18696249864435e-18
2022,2023,GB0003062816,1.0736787766158303e-17
2022,2023,GB0003096442,0.0
2022,2023,GB0003308607,0.0
2022,2023,GB0003395000,0.0
2022,2023,GB0003452173,0.0
2022,2023,GB0003718474,0.0
2022,2023,GB0004052071,0.0
2022,2023,GB0004082847,9.602217763802627e-18
2022,2023,GB0004161021,0.0
2022,2023,GB0004170089,7.240941357935685e-19
2022,2023,GB0004270301,4.153719212372935e-18
2022,2023,GB0004478896,0.0
2022,2023,GB0004544929,1.6535919143139039e-18
2022,2023,GB0004657408,0.0
2022,2023,GB0004726096,3.427890671723252e-18
2022,2023,GB0004866223,1.775168117168262e-19
2022,2023,GB0004915632,0.0
2022,2023,GB0005405286,0.0
2022,2023,GB0005576813,0.0
2022,2023,GB0005603997,7.344836118485861e-18
2022,2023,GB0005630420,1.6855128832384624e-18
2022,2023,GB0005746358,1.46810609590224e-18
2022,2023,GB0006027295,0.0
2022,2023,GB0006215205,1.8885072948567568e-19
2022,2023,GB0006449366,0.0
2022,2023,GB0006640972,0.0
2022,2023,GB0006650450,0.0
2022,2023,GB0006731235,0.0
2022,2023,GB0006776081,0.010435411135525196
2022,2023,GB0006825383,0.0
2022,2023,GB0006928617,2.605777164313999e-18
2022,2023,GB0006963689,5.759365252043544e-19
2022,2023,GB0007099541,0.0
2022,2023,GB0007188757,5.260975413806905e-20
2022,2023,GB0007323586,3.23932504633362e-17
2022,2023,GB0007370074,0.000576039036476935
2022,2023,GB0007388407,8.337771607611671e-18
2022,2023,GB0007594764,1.940971153372631e-18
2022,2023,GB0007668071,0.0
2022,2023,GB0007669376,2.8565216775527323e-18
2022,2023,GB0007689002,0.0
2022,2023,GB0007908733,0.0
2022,2023,GB0007958233,0.0
2022,2023,GB0007973794,0.0
2022,2023,GB0007980591,0.0
2022,2023,GB0008025412,0.0
2022,2023,GB0008085614,0.0
2022,2023,GB0008220112,1.0865994994191587e-19
2022,2023,GB0008475088,0.0
2022,2023,GB0008481250,2.0883360408925657e-17
2022,2023,GB0008706128,0.0
2022,2023,GB0008711763,0.0
2022,2023,GB0008782301,0.0
2022,2023,GB0008794710,1.2010931036263504e-17
2022,2023,GB0009067447,0.010077730066021428
2022,2023,GB0009223206,2.1466544162861595e-19
2022,2023,GB0009286963,2.8093425473084786e-18
2022,2023,GB0009292243,0.0
2022,2023,GB0009296665,1.6793832616752487e-18
2022,2023,GB0009465807,0.0
2022,2023,GB0009633180,0.0
2022,2023,GB0009692319,0.0
2022,2023,GB0009697037,1.627152945299212e-18
2022,2023,GB0009895292,2.095186526131572e-17
2022,2023,GB0022569080,0.0
2022,2023,GB0030181522,1.3711709308304473e-17
2022,2023,GB0030232317,0.0
2022,2023,GB0030329360,8.0795380493826495e-19
2022,2023,GB0030913577,4.586273458759862e-18
2022,2023,GB0031274896,9.176956351117205e-19
2022,2023,GB0031348658,0.0
2022,2023,GB0031638363,0.0
2022,2023,GB0031743007,0.0
2022,2023,GB0032089863,0.0
2022,2023,GB0033147751,0.0
2022,2023,GB0033195214,3.491981575371155e-18
2022,2023,GB0033986497,0.0
2022,2023,GB00B00FPT80,7.83523975946327e-18
2022,2023,GB00B012BV22,0.0
2022,2023,GB00B012TP20,2.6044641264338373e-19
2022,2023,GB00B019KW72,1.0089916997074841e-18
2022,2023,GB00B01QGK86,1.47514975071703e-17
2022,2023,GB00B02J6398,1.2800713160873289e-17
2022,2023,GB00B033F229,0.0
2022,2023,GB00B03HDJ73,5.832071077989873e-20
2022,2023,GB00B04V1276,5.4204739208294405e-18
2022,2023,GB00B06QFB75,0.0
2022,2023,GB00B0744359,0.0
2022,2023,GB00B0744B38,0.0
2022,2023,GB00B082RF11,6.276930336031061e-19
2022,2023,GB00B0FYMT95,8.382602439287761e-18
2022,2023,GB00B0KM9T71,1.2709720663584421e-17
2022,2023,GB00B0LCW083,0.0
2022,2023,GB00B0N8QD54,2.214604082560572e-18
2022,2023,GB00B0SWJX34,0.0
2022,2023,GB00B0WMWD03,1.0129617064166722e-17
2022,2023,GB00B0YG1K06,0.0
2022,2023,GB00B128J450,5.800717270161683e-18
2022,2023,GB00B132NW22,0.0
2022,2023,GB00B135BJ46,0.0
2022,2023,GB00B17MMZ46,5.153478542349557e-19
2022,2023,GB00B18P5K83,3.932664172624824e-18
2022,2023,GB00B19Z1432,2.33167282121504e-18
2022,2023,GB00B1FH8J72,0.0
2022,2023,GB00B1FP6H53,0.0
2022,2023,GB00B1FW5029,2.3501914835234574e-18
2022,2023,GB00B1G5HX72,0.0
2022,2023,GB00B1JQDM80,0.0
2022,2023,GB00B1KJJ408,1.8083046717532395e-18
2022,2023,GB00B1L5QH97,0.0
2022,2023,GB00B1P6ZR11,0.0
2022,2023,GB00B1VNSX38,7.250314317331694e-19
2022,2023,GB00B1WY2338,0.0
2022,2023,GB00B1XH2C03,0.0
2022,2023,GB00B1YW4409,3.2643265729073155e-18
2022,2023,GB00B27YGJ97,4.943866547225045e-19
2022,2023,GB00B2B0DG97,1.4055907320681146e-18
2022,2023,GB00B2NGPM57,0.0
2022,2023,GB00B2PDGW16,0.0
2022,2023,GB00B39J2M42,4.458706639903321e-19
2022,2023,GB00B3CX3644,0.037133869411682896
2022,2023,GB00B3DGH821,1.1179915253984539e-17
2022,2023,GB00B3FLWH99,0.0
2022,2023,GB00B41H7391,0.0
2022,2023,GB00B45C9X44,1.5071441506633324e-18
2022,2023,GB00B572ZV91,2.2631876241248945e-19
2022,2023,GB00B5N0P849,0.0
2022,2023,GB00B5ZN1N88,6.866440997003203e-18
2022,2023,GB00B61TVQ02,0.0
2022,2023,GB00B63H8491,0.0
2022,2023,GB00B63QSB39,0.0
2022,2023,GB00B64NSP76,0.0
2022,2023,GB00B67G5X01,4.9838754286472185e-19
2022,2023,GB00B6XZKY75,1.6430190673367099e-18
2022,2023,GB00B71N6K86,3.5131808006922555e-20
2022,2023,GB00B7KR2P84,1.944198870761516e-19
2022,2023,GB00B82YXW83,4.119149277825334e-19
2022,2023,GB00B8C3BL03,1.0285931788201444e-17
2022,2023,GB00BD6K4575,0.0
2022,2023,GB00BDCPN049,0.0
2022,2023,GB00BDFBVT43,0.0
2022,2023,GB00BDR05C01,0.0
2022,2023,GB00BF044593,0.0
2022,2023,GB00BF5H9P87,0.0
2022,2023,GB00BF8Q6K64,0.0
2022,2023,GB00BG11K365,0.0
2022,2023,GB00BGDT3G23,0.0
2022,2023,GB00BGLP8L22,2.200335814751768e-18
2022,2023,GB00BH4HKS39,5.7056259243676336e-18
2022,2023,GB00BHJYC057,0.0
2022,2023,GB00BJ1F4N75,1.925430388074027e-17
2022,2023,GB00BJFFLV09,0.0
2022,2023,GB00BJT0FF39,0.0
2022,2023,GB00BK9RKT01,0.0
2022,2023,GB00BKP36R26,0.0
2022,2023,GB00BKY40Q38,0.0
2022,2023,GB00BL6XZ716,0.0
2022,2023,GB00BLGZ9862,1.243021967148288e-18
2022,2023,GB00BM8PJY71,0.0
2022,2023,GB00BM8Q5M07,0.0
2022,2023,GB00BMJ6DW54,0.0
2022,2023,GB00BN7SWP63,1.4828918748221401e-18
2022,2023,GB00BNGDN821,0.0
2022,2023,GB00BNNTLN49,0.0
2022,2023,GB00BNR4T868,2.899335442673265e-19
2022,2023,GB00BP6MXD84,0.0
2022,2023,GB00BP92CJ43,0.0
2022,2023,GB00BP9LHF23,0.0
2022,2023,GB00BPQY8M80,0.0
2022,2023,GB00BRB37M78,6.6534276806942634e-18
2022,2023,GB00BRKD9Z53,0.0
2022,2023,GB00BV9FP302,3.194292286982469e-17
2022,2023,GB00BVFNZH21,0.0
2022,2023,GB00BWFGQN14,0.0
2022,2023,GB00BYQ0JC66,0.0
2022,2023,GB00BYRJ5J14,0.0
2022,2023,GB00BYT1DJ19,6.198689079203677e-18
2022,2023,GB00BYW0PQ60,5.0456408837821445e-18
2022,2023,GB00BYYTFB60,0.007640809084576755
2022,2023,GB00BYZN9041,1.7828855976143145e-18
2022,2023,GB00BZ4BQC70,0.0
2022,2023,IE0001827041,3.512060290010666e-19
2022,2023,IE0002424939,3.2018145877477453e-18
2022,2023,IE0003864109,1.3155688379876747e-18
2022,2023,IE0004906560,9.744019865257141e-19
2022,2023,IE0004927939,2.5650404667085245e-18
2022,2023,IE00B00MZ448,0.0
2022,2023,IE00B4BNMY34,0.0
2022,2023,IE00B8KQN827,0.0
2022,2023,IE00BD1RP616,5.342704291584846e-18
2022,2023,IE00BDB6Q211,3.9771385270405155e-19
2022,2023,IE00BF0L3536,3.5520629277577693e-17
2022,2023,IE00BGH1M568,3.877232877075406e-18
2022,2023,IE00BJ3V9050,3.0886239027657177e-19
2022,2023,IE00BK9ZQ967,3.816287829858059e-18
2022,2023,IE00BLP1HW54,2.346698643295538e-18
2022,2023,IE00BLS09M33,3.417049426932193e-18
2022,2023,IE00BTN1Y115,1.7269830860032486e-19
2022,2023,IE00BWT6H894,0.001323833716971138
2022,2023,IE00BY7QL619,0.0
2022,2023,IE00BYTBXV33,1.8282900995926642e-19
2022,2023,IL0002300114,1.4381434433018007e-17
2022,2023,IL0002730112,1.325456418419345e-17
2022,2023,IL0002810146,6.2536543560730745e-19
2022,2023,IL0005930388,0.0
2022,2023,IL0006046119,4.571300693494163e-18
2022,2023,IL0006625771,0.0
2022,2023,IL0006954379,0.0
2022,2023,IL0010811243,9.496409462262473e-18
2022,2023,IL0010824113,2.2309729565089053e-17
2022,2023,IT0000062072,0.0
2022,2023,IT0000062957,0.0
2022,2023,IT0000066123,3.7461876001546083e-19
2022,2023,IT0000072618,0.0
2022,2023,IT0000784196,8.560515439959942e-18
2022,2023,IT0001137345,5.921170252724679e-18
2022,2023,IT0001233417,2.1646225459478672e-19
2022,2023,IT0001347308,1.807279517863014e-19
2022,2023,IT0001469383,7.642943345497796e-18
2022,2023,IT0003128367,4.237995174353393e-19
2022,2023,IT0003132476,2.9642938819602116e-20
2022,2023,IT0003153415,1.0234510878519437e-18
2022,2023,IT0003242622,0.0
2022,2023,IT0003497168,3.654105258447628e-19
2022,2023,IT0003856405,4.297981251155412e-18
2022,2023,IT0004810054,0.0
2022,2023,IT0004827447,0.0
2022,2023,IT0005218380,0.0
2022,2023,IT0005239360,1.932910498417624e-20
2022,2023,IT0005495657,0.0
2022,2023,JE00B8KF9B49,0.0
2022,2023,JE00BJ1DLW90,0.0
2022,2023,JE00BYVQYS01,0.0
2022,2023,LR0008862868,0.0
2022,2023,LU0075646355,0.0
2022,2023,NL0000008977,6.757982992663468e-20
2022,2023,NL0000009082,4.583601149590468e-18
2022,2023,NL0000009165,0.0
2022,2023,NL0000009538,6.65739982874552e-18
2022,2023,NL0000226223,2.7523823092406848e-18
2022,2023,NL0000235190,0.0
2022,2023,NL0000289213,1.1135822211375273e-19
2022,2023,NL0000337319,2.248598133419927e-19
2022,2023,NL0000360618,0.0
2022,2023,NL0000379121,5.3587570600966615e-18
2022,2023,NL0000395903,0.0
2022,2023,NL0006237562,9.461665094722718e-18
2022,2023,NL0009432491,0.002517966851130748
2022,2023,NL0010273215,0.0
2022,2023,NL0010583399,2.8606814640086153e-19
2022,2023,NL0011794037,8.901250598781118e-19
2022,2023,NL0011821202,0.0
2022,2023,NL0013267909,0.0
2022,2023,NL0013332471,0.0
2022,2023,NL00150001Q9,0.0
2022,2023,NL00150003E1,1.9304292630219142e-19
2022,2023,NL0015001FS8,4.2873985109436035e-19
2022,2023,NL0015435975,0.0
2022,2023,NO0003028904,0.0
2022,2023,NO0003053605,0.0
2022,2023,NO0003054108,0.0
2022,2023,NO0003078800,0.0
2022,2023,NO0003733800,0.004695478847225424
2022,2023,NO0005052605,0.0
2022,2023,NO0010063308,0.0
2022,2023,NO0010096985,0.0
2022,2023,NO0010208051,3.2588218752642825e-19
2022,2023,NO0010215684,0.00036849066817799646
2022,2023,NO0012470089,0.0
2022,2023,PA1436583006,0.0
2022,2023,PTBCP0AM0015,6.929335212268341e-18
2022,2023,PTEDP0AM0009,9.453160913991056e-20
2022,2023,PTJMT0AE0001,2.7687261398327994e-18
2022,2023,PTSON0AM0001,3.4036906434055674e-18
2022,2023,PTZON0AM0006,1.9305434580799514e-17
2022,2023,SE0000106270,2.9263501079600323e-17
2022,2023,SE0000108227,2.020071163089234e-18
2022,2023,SE0000108656,3.220943102254526e-17
2022,2023,SE0000112724,0.0
2022,2023,SE0000113250,3.722163268015723e-18
2022,2023,SE0000114837,0.0
2022,2023,SE0000148884,0.0
2022,2023,SE0000163594,1.628287408298534e-18
2022,2023,SE0000163628,0.0
2022,2023,SE0000171100,1.435828921791046e-19
2022,2023,SE0000190126,0.0
2022,2023,SE0000202624,1.922783231910363e-17
2022,2023,SE0000242455,8.532761203545772e-18
2022,2023,SE0000379190,8.610128868583534e-18
2022,2023,SE0000667891,0.0
2022,2023,SE0000667925,1.5904493985175236e-17
2022,2023,SE0000695876,1.324519303433144e-18
2022,2023,SE0000806994,1.4644882325186015e-17
2022,2023,SE0000862997,1.4269790245339305e-19
2022,2023,SE0000949331,3.552906809367371e-18
2022,2023,SE0001662230,5.214762262193493e-19
2022,2023,SE0005190238,2.3434135421415802e-18
2022,2023,SE0006993770,0.0
2022,2023,SE0007100581,2.942486916560988e-18
2022,2023,SE0007100599,0.0
2022,2023,SE0011090018,0.0
2022,2023,SE0011166974,1.7561685978902268e-17
2022,2023,SE0015811955,1.2265006151389356e-18
2022,2023,SE0015961909,3.1095665685633862e-18
2022,2023,SE0015988019,0.0
2022,2023,SE0016589188,9.28340298650903e-19
2022,2023,SE0017486889,0.0
2022,2023,SE0018012494,1.5672408755459113e-17
2022,2023,SE0018012635,0.0
2022,2023,SE0020050417,2.6052475289854756e-19
2022,2023,US0010551028,1.7984790497087495e-18
2022,2023,US0010841023,0.0
2022,2023,US00130H1059,1.684922342591667e-19
2022,2023,US00206R1023,0.0
2022,2023,US0028241000,0.0
2022,2023,US0028962076,0.0
2022,2023,US00507V1098,3.5584441888783462e-19
2022,2023,US00724F1012,0.0
2022,2023,US00751Y1064,2.4191190981600024e-18
2022,2023,US0079031078,2.1150701671341975e-19
2022,2023,US0082521081,0.0
2022,2023,US00846U1016,8.243609324259394e-18
2022,2023,US0091581068,7.3006427416374485e-19
2022,2023,US00971T1016,0.0
2022,2023,US0126531013,9.00118811527321e-19
2022,2023,US0152711091,0.0
2022,2023,US01741R1023,0.0
2022,2023,US0185811082,0.0
2022,2023,US0188021085,3.345920285467368e-19
2022,2023,US0200021014,0.0
2022,2023,US02079K3059,0.0
2022,2023,US02209S1033,1.8529581466964135e-18
2022,2023,US0231351067,5.1607530786480434e-18
2022,2023,US0236081024,3.536793216976901e-19
2022,2023,US0255371017,3.291968529218901e-19
2022,2023,US02553E1064,0.0
2022,2023,US0258161092,0.0
2022,2023,US0268747849,0.0
2022,2023,US03027X1000,0.0
2022,2023,US03073E1055,6.896855896978634e-18
2022,2023,US03076C1062,0.0
2022,2023,US0311001004,0.0
2022,2023,US0311621009,2.2292761948363965e-18
2022,2023,US0320951017,5.626501655684604e-19
2022,2023,US0326541051,0.0
2022,2023,US0367521038,0.0
2022,2023,US03743Q1085,0.0
2022,2023,US0378331005,0.0
2022,2023,US0382221051,0.0
2022,2023,US0383361039,2.1624294888126034e-18
2022,2023,US0394831020,0.0
2022,2023,US0427351004,4.069099853714921e-18
2022,2023,US0441861046,0.0
2022,2023,US0454871056,0.0
2022,2023,US04621X1081,2.1084219399102428e-17
2022,2023,US0495601058,1.6127307778032047e-19
2022,2023,US0527691069,0.0
2022,2023,US0528001094,0.0
2022,2023,US0530151036,0.0
2022,2023,US0533321024,3.062323692523886e-18
2022,2023,US0534841012,0.0
2022,2023,US0536111091,0.0
2022,2023,US0537741052,0.0
2022,2023,US0538071038,0.0
2022,2023,US0565251081,0.0
2022,2023,US0584981064,6.902034363383151e-19
2022,2023,US0605051046,0.0
2022,2023,US0640581007,0.0
2022,2023,US0708301041,1.7448258968144216e-17
2022,2023,US0718131099,0.0
2022,2023,US0758871091,7.07880963260393e-18
2022,2023,US0758961009,4.521721504721912e-18
2022,2023,US0844231029,0.0
2022,2023,US0865161014,0.0
2022,2023,US0893021032,1.1841605681401786e-18
2022,2023,US09061G1013,1.0466778347921528e-17
2022,2023,US09062X1037,0.044452221168325624
2022,2023,US09073M1045,0.0
2022,2023,US0936711052,7.132147364227526e-18
2022,2023,US0970231058,0.0
2022,2023,US09857L1089,0.0
2022,2023,US0997241064,0.0
2022,2023,US1011211018,3.0015053479872583e-18
2022,2023,US1011371077,5.63736216956532e-18
2022,2023,US1033041013,0.0
2022,2023,US1053682035,0.0
2022,2023,US1096411004,3.631688711417321e-19
2022,2023,US1096961040,3.8389833467747836e-19
2022,2023,US1101221083,6.092061700381404e-19
2022,2023,US1124631045,6.723909412607481e-19
2022,2023,US1156372096,4.785383336508178e-18
2022,2023,US12504L1098,0.0
2022,2023,US1252691001,2.9753076647598065e-19
2022,2023,US12541W2098,1.4526959926091962e-17
2022,2023,US1255231003,1.3155188642130286e-17
2022,2023,US12572Q1058,0.05230814333845425
2022,2023,US1258961002,3.669318210803808e-19
2022,2023,US1264081035,0.0
2022,2023,US12653C1080,0.0
2022,2023,US1266501006,2.2371001799091663e-18
2022,2023,US1270551013,9.174183824045099e-20
2022,2023,US1270971039,0.034529275748906255
2022,2023,US1273871087,0.0
2022,2023,US1307881029,0.0
2022,2023,US1331311027,0.0
2022,2023,US1344291091,4.3318265719348147e-19
2022,2023,US14040H1059,0.0
2022,2023,US14149Y1082,7.459972645921909e-18
2022,2023,US1423391002,0.0
2022,2023,US1431301027,0.0
2022,2023,US1491231015,0.0
2022,2023,US1508701034,0.0
2022,2023,US15189T1079,6.049173394595102e-20
2022,2023,US1598641074,2.453782753551024e-19
2022,2023,US1667641005,0.0
2022,2023,US1699051066,0.0
2022,2023,US1713401024,7.202011885165604e-18
2022,2023,US1717793095,3.893378185299161e-18
2022,2023,US1720621010,0.0
2022,2023,US17275R1023,2.219618364233186e-18
2022,2023,US1729081059,0.0
2022,2023,US1729674242,0.0
2022,2023,US1858991011,1.3500929811784072e-19
2022,2023,US1890541097,0.03810679846581766
2022,2023,US1912161007,0.0
2022,2023,US1924461023,2.6485348837040822e-17
2022,2023,US1941621039,7.167406390047481e-19
2022,2023,US20030N1019,9.596804011592871e-18
2022,2023,US2003401070,0.0
2022,2023,US2017231034,8.646700902713548e-19
2022,2023,US2058871029,0.00046302566216169764
2022,2023,US20825C1045,0.0
2022,2023,US2091151041,0.015939981290036997
2022,2023,US21036P1084,0.0
2022,2023,US2172041061,0.0
2022,2023,US21871N1019,0.0
2022,2023,US2193501051,2.8977044568537305e-18
2022,2023,US22160K1051,3.9431147282675665e-18
2022,2023,US22410J1060,9.664462193844659e-19
2022,2023,US22822V1017,0.0
2022,2023,US2283681060,0.0
2022,2023,US2310211063,3.415063676569978e-18
2022,2023,US23331A1097,9.879202435222955e-18
2022,2023,US2333311072,3.4123511926659925e-19
2022,2023,US23355L1061,5.176034641769436e-18
2022,2023,US2358511028,1.2252213929396916e-17
2022,2023,US2371941053,0.0
2022,2023,US23918K1088,1.1741901423123254e-17
2022,2023,US2441991054,0.0
2022,2023,US2473617023,2.519898598950468e-19
2022,2023,US24906P1093,1.8252303824341144e-17
2022,2023,US25179M1036,0.0
2022,2023,US2533931026,2.2175895539519666e-18
2022,2023,US2546871060,2.396768030636338e-18
2022,2023,US25525P1075,1.5572765445059375e-18
2022,2023,US25659T1079,0.0
2022,2023,US2566771059,0.00618848863086068
2022,2023,US2567461080,3.067229011235091e-18
2022,2023,US25746U1097,0.004405747850650503
2022,2023,US2576511099,0.0
2022,2023,US25960P1093,0.0
2022,2023,US2600031080,0.0
2022,2023,US26441C2044,3.8391735598708287e-19
2022,2023,US26875P1012,0.0
2022,2023,US26884L1098,0.0
2022,2023,US2774321002,2.616721374911908e-19
2022,2023,US2786421030,2.4691496055900078e-18
2022,2023,US2788651006,1.1536945465718552e-18
2022,2023,US2810201077,0.0
2022,2023,US28176E1082,1.1851241223107632e-17
2022,2023,US2855121099,0.0
2022,2023,US2910111044,0.0
2022,2023,US29364G1031,2.4471994316747076e-19
2022,2023,US2944291051,0.0
2022,2023,US29444U7000,0.0
2022,2023,US29476L1070,0.0
2022,2023,US29670G1022,8.174881694381239e-19
2022,2023,US2971781057,0.0
2022,2023,US30034W1062,2.72638705471383e-19
2022,2023,US30040W1080,1.815652102559706e-19
2022,2023,US30161N1019,0.0
2022,2023,US30212P3038,0.0
2022,2023,US3021301094,0.0
2022,2023,US30231G1022,0.0
2022,2023,US3024913036,0.0
2022,2023,US3029411093,0.04089097656565273
2022,2023,US3030751057,2.0371718597335554e-18
2022,2023,US3119001044,2.2858222714847035e-18
2022,2023,US3137451015,0.0
2022,2023,US31428X1063,8.88371415192921e-19
2022,2023,US3156161024,7.394236663268055e-18
2022,2023,US31620M1062,1.0901111049422828e-17
2022,2023,US3167731005,0.0
2022,2023,US3205171057,1.1491227238154519e-18
2022,2023,US3377381088,0.0
2022,2023,US3379321074,0.02617342255184534
2022,2023,US3434121022,1.1879441710424689e-18
2022,2023,US34354P1057,0.0
2022,2023,US3448491049,0.0
2022,2023,US3453708600,2.1520256893150967e-20
2022,2023,US3546131018,0.0
2022,2023,US35671D8570,0.0
2022,2023,US3614481030,0.0
2022,2023,US3635761097,0.0
2022,2023,US3647601083,0.0
2022,2023,US3695501086,2.7294979164520957e-18
2022,2023,US3703341046,2.5488442154818005e-18
2022,2023,US37045V1008,0.0
2022,2023,US3719011096,0.0
2022,2023,US3724601055,3.409766288615052e-19
2022,2023,US37247D1063,0.0
2022,2023,US3755581036,0.0
2022,2023,US37940X1028,0.0
2022,2023,US37959E1029,4.749843330696697e-18
2022,2023,US38141G1040,0.0
2022,2023,US3825501014,1.811116874593697e-19
2022,2023,US3841091040,6.9098222384147e-19
2022,2023,US3848021040,0.0
2022,2023,US3976241071,7.725824861536935e-19
2022,2023,US40434L1052,0.0
2022,2023,US4062161017,0.0
2022,2023,US4103451021,3.132785206923703e-18
2022,2023,US4108671052,0.0
2022,2023,US4128221086,6.054246011409463e-18
2022,2023,US4158641070,4.649087249312652e-19
2022,2023,US4165151048,0.0
2022,2023,US4180561072,0.0
2022,2023,US4198701009,3.327035367793959e-19
2022,2023,US42250P1030,0.0
2022,2023,US42330P1075,0.0
2022,2023,US4234521015,0.0
2022,2023,US4278661081,0.03718530843800893
2022,2023,US42809H1077,0.0
2022,2023,US4364401012,2.662497292442589e-17
2022,2023,US4370761029,8.980111750312651e-19
2022,2023,US4385161066,7.02589884528458e-19
2022,2023,US4404521001,0.02713284044792395
2022,2023,US44107P1049,0.0
2022,2023,US4435106079,0.0
2022,2023,US4448591028,0.0
2022,2023,US4456581077,2.1335941968178897e-19
2022,2023,US4461501045,0.0
2022,2023,US4470111075,0.0
2022,2023,US45073V1089,0.0
2022,2023,US45167R1041,0.0
2022,2023,US45168D1046,0.0
2022,2023,US4523081093,0.0
2022,2023,US4523271090,0.0
2022,2023,US4581401001,0.0
2022,2023,US45866F1049,0.0
2022,2023,US4592001014,0.0
2022,2023,US4595061015,1.8758837138198306e-18
2022,2023,US4601461035,4.363459989884139e-19
2022,2023,US4606901001,4.746749001477614e-18
2022,2023,US4612021034,0.0
2022,2023,US46120E6023,0.0
2022,2023,US46284V1017,0.0
2022,2023,US4657411066,0.0
2022,2023,US46625H1005,0.0
2022,2023,US4663131039,0.0
2022,2023,US46982L1089,0.0
2022,2023,US4781601046,0.0
2022,2023,US48020Q1076,0.0
2022,2023,US48203R1041,2.7121349597803166e-17
2022,2023,US48242W1062,0.0
2022,2023,US4824801009,0.0
2022,2023,US48666K1097,1.3791980421925552e-17
2022,2023,US4878361082,0.022541330868182618
2022,2023,US4891701009,0.0
2022,2023,US4932671088,0.0
2022,2023,US4943681035,1.6059068096346404e-18
2022,2023,US49446R1095,0.0
2022,2023,US49456B1017,0.0
2022,2023,US4972661064,0.0
2022,2023,US5002551043,0.0
2022,2023,US5010441013,1.8453579404076156e-18
2022,2023,US5018892084,0.0
2022,2023,US5150981018,0.0
2022,2023,US5178341070,0.0
2022,2023,US5184391044,0.0
2022,2023,US5218652049,0.0
2022,2023,US5246601075,3.3540747221054764e-19
2022,2023,US5260571048,7.49384019281152e-18
2022,2023,US5261071071,4.908936617772161e-18
2022,2023,US5324571083,0.029780413200978673
2022,2023,US5339001068,0.0
2022,2023,US5341871094,1.2712778174248383e-17
2022,2023,US5370081045,0.0
2022,2023,US5398301094,6.8950543665379046e-18
2022,2023,US5486611073,0.0
2022,2023,US5502411037,8.213484596501666e-19
2022,2023,US55261F1049,0.027331261570712084
2022,2023,US5526761086,9.510571106643837e-18
2022,2023,US5526901096,0.0
2022,2023,US5529531015,0.0
2022,2023,US5535301064,2.796591015206291e-18
2022,2023,US5543821012,0.0
2022,2023,US5544891048,4.9559864316323975e-18
2022,2023,US55616P1049,0.0
2022,2023,US5635714059,5.00720929866674e-18
2022,2023,US56418H1005,2.834172653661824e-18
2022,2023,US5658491064,0.0
2022,2023,US5717481023,2.2032729158896956e-18
2022,2023,US5719032022,0.0
2022,2023,US5732841060,0.0
2022,2023,US5738741041,5.103209234962115e-18
2022,2023,US5745991068,7.711821851536371e-18
2022,2023,US57636Q1040,0.0
2022,2023,US5770811025,0.0
2022,2023,US5797802064,0.0
2022,2023,US5801351017,5.051496807317761e-18
2022,2023,US58155Q1031,1.9200908276204017e-17
2022,2023,US58933Y1055,1.743449506413686e-18
2022,2023,US59156R1086,1.2284358962885769e-18
2022,2023,US5926881054,1.263552122466445e-17
2022,2023,US5949181045,0.0
2022,2023,US5950171042,0.0
2022,2023,US5951121038,7.381865201280865e-19
2022,2023,US6005441000,3.939197466857943e-18
2022,2023,US6081901042,0.0
2022,2023,US60871R2094,3.8256463139976416e-19
2022,2023,US6092071058,1.173247059872647e-18
2022,2023,US61174X1090,0.0
2022,2023,US6153691059,0.0
2022,2023,US6174464486,0.0
2022,2023,US61945C1036,2.1246710065192316e-19
2022,2023,US6200763075,0.0
2022,2023,US6267171022,0.0
2022,2023,US62886E1082,0.0
2022,2023,US6293775085,1.3363303063424313e-19
2022,2023,US62955J1034,0.0
2022,2023,US6311031081,4.492234712473285e-18
2022,2023,US6361801011,0.0
2022,2023,US6365181022,0.0
2022,2023,US64110D1046,0.0
2022,2023,US6501111073,0.0
2022,2023,US6512291062,2.5338382302525856e-17
2022,2023,US6516391066,0.01257888551095371
2022,2023,US65339F1012,0.0010470252993251515
2022,2023,US6541061031,0.0
2022,2023,US65473P1057,3.4485825717558506e-19
2022,2023,US6556641008,0.0
2022,2023,US6558441084,5.793421976957357e-19
2022,2023,US6658591044,6.639506623298471e-21
2022,2023,US6668071029,0.010969526746540784
2022,2023,US6687711084,0.0
2022,2023,US6703461052,0.0
2022,2023,US67066G1040,0.0
2022,2023,US6708371033,0.0
2022,2023,US67098H1041,4.096265633589143e-19
2022,2023,US67103H1077,5.7573596716808685e-18
2022,2023,US6745991058,0.0
2022,2023,US6752321025,0.0
2022,2023,US6780261052,0.0
2022,2023,US6819191064,6.3721556014567014e-18
2022,2023,US6821891057,0.0
2022,2023,US6826801036,0.0
2022,2023,US68389X1054,0.0
2022,2023,US6866881021,0.0
2022,2023,US6882392011,4.779983529782391e-18
2022,2023,US69331C1080,0.0
2022,2023,US6934751057,0.0
2022,2023,US6935061076,0.0
2022,2023,US69351T1060,2.369725304055603e-19
2022,2023,US6936561009,0.0
2022,2023,US6937181088,4.5350352893538164e-18
2022,2023,US6951561090,3.681370337569848e-19
2022,2023,US7010941042,0.0
2022,2023,US70211M1099,1.1398630958473309e-17
2022,2023,US7043261079,0.0
2022,2023,US7075691094,0.0
2022,2023,US70959W1036,0.0
2022,2023,US7134481081,1.7966090372959178e-19
2022,2023,US7140461093,1.6140177308131464e-17
2022,2023,US7170811035,1.509504085526643e-17
2022,2023,US7234841010,3.132239739491153e-19
2022,2023,US7237871071,0.0
2022,2023,US7244791007,2.149537548822143e-18
2022,2023,US7310681025,3.3343603459774306e-18
2022,2023,US74144T1088,0.0
2022,2023,US74251V1026,0.0
2022,2023,US7427181091,0.0
2022,2023,US7433151039,0.0005617671567343503
2022,2023,US74340W1036,0.0
2022,2023,US7443201022,1.9326886982934963e-18
2022,2023,US7445731067,2.1156474433434192e-19
2022,2023,US74460D1090,0.00805697548399417
2022,2023,US7458671010,1.4063934152503743e-17
2022,2023,US7475251036,1.4420115160363838e-17
2022,2023,US74762E1029,0.0
2022,2023,US74834L1008,1.1035129666377648e-18
2022,2023,US7496851038,1.4024439788124757e-18
2022,2023,US7509171069,0.0
2022,2023,US7512121010,0.0
2022,2023,US75281A1097,2.639677132911287e-18
2022,2023,US7547301090,0.0
2022,2023,US75513E1010,3.410002620114379e-18
2022,2023,US7588491032,0.0
2022,2023,US75886F1075,0.013531810145904337
2022,2023,US7591EP1005,0.0
2022,2023,US7593516047,0.0
2022,2023,US7595091023,0.0
2022,2023,US7607591002,4.572416252265387e-19
2022,2023,US7611521078,0.023353761728301257
2022,2023,US7677548726,5.026595121037754e-18
2022,2023,US7703231032,6.300811498190624e-18
2022,2023,US7739031091,3.454821175421129e-18
2022,2023,US7766961061,4.7373991803855056e-18
2022,2023,US7782961038,0.0
2022,2023,US7802871084,1.8778168630483946e-18
2022,2023,US7835491082,0.0
2022,2023,US78409V1044,0.0
2022,2023,US78410G1040,0.0
2022,2023,US7841171033,0.0
2022,2023,US78440X8873,0.0
2022,2023,US78442P1066,0.0
2022,2023,US78454L1008,1.198267353014015e-18
2022,2023,US78473E1038,8.24197602862394e-18
2022,2023,US79466L3024,0.0
2022,2023,US8064071025,4.15826262497486e-18
2022,2023,US8085131055,0.0
2022,2023,US8101861065,0.0
2022,2023,US81211K1007,4.513267479439847e-18
2022,2023,US8168511090,0.0
2022,2023,US8175651046,0.0
2022,2023,US8243481061,0.0
2022,2023,US8288061091,0.0
2022,2023,US8326964058,0.04660511631413281
2022,2023,US8330341012,1.011703558407239e-18
2022,2023,US8354951027,5.398063344259517e-19
2022,2023,US8425871071,3.3549820877123356e-19
2022,2023,US84265V1052,0.0
2022,2023,US8447411088,2.5691987123446557e-19
2022,2023,US8454671095,0.0
2022,2023,US8485741099,0.0
2022,2023,US8545021011,8.862365470394621e-18
2022,2023,US8552441094,0.0
2022,2023,US8574771031,0.0
2022,2023,US8581191009,0.0
2022,2023,US8589121081,3.9329513132934456e-19
2022,2023,US8636671013,0.0
2022,2023,US8676524064,2.0410369817700263e-17
2022,2023,US8716071076,0.0
2022,2023,US87161C5013,0.0
2022,2023,US8718291078,0.0
2022,2023,US8725401090,0.0
2022,2023,US8760301072,0.0
2022,2023,US87612E1064,0.0
2022,2023,US8794338298,1.876020966987654e-18
2022,2023,US8807701029,0.0
2022,2023,US8807791038,0.0
2022,2023,US8816242098,3.9586389339248065e-18
2022,2023,US8825081040,0.0
2022,2023,US8832031012,1.7508543561442913e-18
2022,2023,US88337F1057,7.194521432023152e-18
2022,2023,US8835561023,1.1673826045707089e-17
2022,2023,US8851601018,8.269172758575782e-18
2022,2023,US88579Y1010,2.357527455839246e-19
2022,2023,US88642R1095,5.982728386863009e-19
2022,2023,US8873891043,4.1556824532394183e-19
2022,2023,US8910921084,0.0
2022,2023,US89417E1091,0.0
2022,2023,US8962391004,0.0
2022,2023,US8965221091,2.3179972579189938e-18
2022,2023,US89832Q1094,0.0
2022,2023,US9024941034,1.3677788050356787e-19
2022,2023,US9026531049,0.0
2022,2023,US9026811052,0.0
2022,2023,US9029733048,0.0
2022,2023,US9078181081,1.6232088792280014e-18
2022,2023,US9111631035,2.494724874947366e-19
2022,2023,US9113121068,1.6435446083949002e-18
2022,2023,US9113631090,0.0
2022,2023,US9129091081,1.7816972559623413e-19
2022,2023,US91324P1021,2.79881606612406e-18
2022,2023,US91529Y1064,1.1316651091150146e-17
2022,2023,US91822M5022,0.0
2022,2023,US91913Y1001,0.0
2022,2023,US92276F1003,0.0
2022,2023,US92343V1044,0.008597373783265177
2022,2023,US92532F1003,0.0
2022,2023,US9255501051,6.31439041595932e-18
2022,2023,US92556V1061,0.0
2022,2023,US9282981086,0.0
2022,2023,US9290421091,0.0
2022,2023,US9291601097,0.0
2022,2023,US92922P1066,0.0
2022,2023,US92939U1060,3.4827921474551497e-19
2022,2023,US9297401088,9.137771464484163e-18
2022,2023,US9311421039,0.0
2022,2023,US9314271084,3.627839576979749e-18
2022,2023,US94106L1098,4.671641835434714e-19
2022,2023,US9418481035,0.0
2022,2023,US9427491025,0.0
2022,2023,US9497461015,0.0
2022,2023,US95040Q1040,0.0
2022,2023,US95058W1009,8.979963263321434e-18
2022,2023,US95082P1057,2.741153228635404e-18
2022,2023,US9581021055,0.0
2022,2023,US9598021098,1.5259368635018214e-17
2022,2023,US9604131022,1.5427914813468577e-19
2022,2023,US9621661043,0.0
2022,2023,US9633201069,5.5268396311411e-18
2022,2023,US9682232064,0.0
2022,2023,US9694571004,1.8136299689009832e-20
2022,2023,US9699041011,1.3229778012751518e-17
2022,2023,US9831341071,0.0
2022,2023,US98389B1008,3.450797878380622e-19
2022,2023,US98421M1062,0.0
2022,2023,US9884981013,0.0
2022,2023,US9892071054,0.0
2022,2023,US98956P1021,8.462248850563387e-18
2023,2024,AN8068571086,0.0
2023,2024,AT000000STR1,1.373665326212084e-20
2023,2024,AT00000VIE62,4.2333492114693484e-19
2023,2024,AT0000606306,4.14454980750062e-19
2023,2024,AT0000652011,0.0
2023,2024,AT0000720008,0.005945360369458763
2023,2024,AT0000730007,0.0
2023,2024,AT0000743059,0.0
2023,2024,AT0000746409,3.7175333656651653e-19
2023,2024,AT0000831706,0.0
2023,2024,AT0000908504,0.0
2023,2024,AT0000937503,0.0
2023,2024,AT0000938204,0.0
2023,2024,AT0000A21KS2,6.041069481576474e-20
2023,2024,AU000000JHX1,0.0
2023,2024,BE0003470755,0.0
2023,2024,BE0003565737,4.982298214993847e-19
2023,2024,BE0003593044,5.140563093234534e-19
2023,2024,BE0003717312,0.0
2023,2024,BE0003735496,0.001251933297374204
2023,2024,BE0003739530,1.3069233808079486e-18
2023,2024,BE0003755692,0.0
2023,2024,BE0003797140,6.833949512990537e-20
2023,2024,BE0003810273,0.0
2023,2024,BE0003822393,7.264061579109823e-19
2023,2024,BE0974256852,0.039712244366026855
2023,2024,BE0974258874,0.0
2023,2024,BE0974264930,2.9493939756165503e-19
2023,2024,BE0974271034,0.0
2023,2024,BE0974293251,0.0
2023,2024,BE0974320526,0.0
2023,2024,BMG850801025,0.0
2023,2024,CA00208D4084,0.0
2023,2024,CA0084741085,3.0704771136652043e-19
2023,2024,CA00900Q1037,0.0
2023,2024,CA01626P1484,6.380163887311068e-20
2023,2024,CA05534B7604,8.292621280420395e-20
2023,2024,CA0636711016,0.0
2023,2024,CA0641491075,0.0
2023,2024,CA0977518616,1.909544170843289e-19
2023,2024,CA1247651088,0.0
2023,2024,CA12532H1047,7.434696420755938e-19
2023,2024,CA13321L1085,0.0
2023,2024,CA1360691010,0.0
2023,2024,CA1363751027,8.149573896762094e-20
2023,2024,CA1363851017,0.0
2023,2024,CA13646K1084,2.902850146368908e-20
2023,2024,CA1366812024,1.1935889991822263e-19
2023,2024,CA1367178326,0.0
2023,2024,CA2849025093,4.4776902633829565e-19
2023,2024,CA2918434077,0.014815572663873254
2023,2024,CA29250N1050,0.0
2023,2024,CA2927661025,0.0
2023,2024,CA3180714048,0.0
2023,2024,CA3359341052,0.0
2023,2024,CA3495531079,0.0
2023,2024,CA3518581051,3.0569557479067957e-18
2023,2024,CA3759161035,0.0
2023,2024,CA39138C1068,0.0
2023,2024,CA4495861060,0.0
2023,2024,CA4530384086,0.0
2023,2024,CA45823T1066,0.0
2023,2024,CA4969024047,2.1893002697025035e-19
2023,2024,CA5394811015,1.194260758348272e-19
2023,2024,CA5592224011,0.0
2023,2024,CA56501R1064,0.0
2023,2024,CA59151K1084,0.0
2023,2024,CA59162N1096,0.021725052359538644
2023,2024,CA6744822033,0.0
2023,2024,CA68272K1030,0.0
2023,2024,CA6837151068,6.117759370146405e-19
2023,2024,CA7392391016,0.0
2023,2024,CA74022D4075,0.0
2023,2024,CA7669101031,0.0
2023,2024,CA7751092007,0.0
2023,2024,CA7800871021,0.0
2023,2024,CA8029121057,0.02719739095220422
2023,2024,CA8239011031,0.0
2023,2024,CA85472N1096,0.0
2023,2024,CA8667961053,3.329932134635153e-20
2023,2024,CA8672241079,0.0
2023,2024,CA87807B1076,0.0
2023,2024,CA8787422044,0.0
2023,2024,CA87971M1032,5.705982481075473e-20
2023,2024,CA8849038085,0.012603306101506014
2023,2024,CA8911605092,0.0
2023,2024,CA89346D1078,0.0
2023,2024,CA8959451037,0.0
2023,2024,CA9611485090,0.0
2023,2024,CH0000816824,5.480401453942922e-19
2023,2024,CH0008038389,0.0
2023,2024,CH0008742519,0.012013201037902098
2023,2024,CH0010570759,0.0
2023,2024,CH0010645932,1.040826488379672e-18
2023,2024,CH0011075394,4.184320389734546e-19
2023,2024,CH0012005267,0.0
2023,2024,CH0012032048,0.0015507576890449323
2023,2024,CH0012138605,0.0
2023,2024,CH0012142631,9.061595677723694e-20
2023,2024,CH0012214059,0.0
2023,2024,CH0012221716,4.784189954531829e-19
2023,2024,CH0012255151,1.8145518802109386e-19
2023,2024,CH0012410517,0.0
2023,2024,CH0012549785,1.6096151986937588e-18
2023,2024,CH0013841017,9.885282894495638e-19
2023,2024,CH0014786500,0.010905994796718626
2023,2024,CH0014852781,0.0
2023,2024,CH0018294154,0.0
2023,2024,CH0022268228,0.0
2023,2024,CH0024608827,0.0
2023,2024,CH0024638212,0.0
2023,2024,CH0025238863,6.7097811876767e-20
2023,2024,CH0025751329,0.0
2023,2024,CH0030170408,3.0110759457256405e-20
2023,2024,CH0038388911,0.0
2023,2024,CH0038863350,1.1390975112678624e-19
2023,2024,CH0044328745,0.0
2023,2024,CH0048265513,1.1903335823873462e-19
2023,2024,CH0102484968,2.2195601765756606e-18
2023,2024,CH0126881561,0.0
2023,2024,CH0198251305,0.0
2023,2024,CH0210483332,9.01107462319748e-20
2023,2024,CH0244767585,2.135235764104074e-20
2023,2024,CH0319416936,0.0
2023,2024,CH0418792922,3.4821041214998525e-19
2023,2024,CH1169151003,0.0
2023,2024,CH1175448666,4.403752995590963e-18
2023,2024,CH1256740924,7.935090129528548e-19
2023,2024,DE0005089031,1.948421569540907e-19
2023,2024,DE0005140008,0.0
2023,2024,DE0005190003,0.0
2023,2024,DE0005200000,4.936821991715639e-19
2023,2024,DE0005439004,0.0
2023,2024,DE0005470405,0.0
2023,2024,DE0005552004,0.0
2023,2024,DE0005557508,0.0
2023,2024,DE0005773303,0.0
2023,2024,DE0005785604,0.0
2023,2024,DE0005785802,0.0
2023,2024,DE0005810055,2.9167636953296915e-19
2023,2024,DE0005909006,0.0
2023,2024,DE0006047004,0.0
2023,2024,DE0006048432,0.0
2023,2024,DE0006070006,0.0
2023,2024,DE0006202005,0.0
2023,2024,DE0006231004,4.1284648073007877e-19
2023,2024,DE0006569908,7.849455816027444e-19
2023,2024,DE0006599905,9.805783351033997e-20
2023,2024,DE0006602006,4.62368498606454e-19
2023,2024,DE0006969603,7.702553516548102e-19
2023,2024,DE0007030009,5.9465494969323345e-19
2023,2024,DE0007037129,0.0
2023,2024,DE0007042301,0.06606722952120175
2023,2024,DE0007100000,0.0
2023,2024,DE0007164600,0.0
2023,2024,DE0007236101,6.1683098838817215e-19
2023,2024,DE0007257503,0.0
2023,2024,DE0007297004,0.0
2023,2024,DE0007314007,5.01842401923049e-19
2023,2024,DE0007500001,0.0
2023,2024,DE0007507501,0.0
2023,2024,DE0007664039,0.0
2023,2024,DE0008232125,0.0
2023,2024,DE0008402215,0.0
2023,2024,DE0008404005,0.0
2023,2024,DE0008430026,0.0
2023,2024,DE000A0D6554,8.011196150454846e-19
2023,2024,DE000A0D9PT0,2.218029803246139e-19
2023,2024,DE000A0S8488,0.0
2023,2024,DE000A0WMPJ6,0.0
2023,2024,DE000A1EWWW0,0.0
2023,2024,DE000A2GS401,3.817889419127809e-18
2023,2024,DE000BASF111,0.0
2023,2024,DE000BAY0017,0.0
2023,2024,DE000CBK1001,1.0730089046576312e-18
2023,2024,DE000ENAG999,1.9364559295910876e-19
2023,2024,DE000KSAG888,0.0
2023,2024,DE000PSM7770,0.0
2023,2024,DE000TUAG505,0.0
2023,2024,DK0010181759,6.376413842983163e-21
2023,2024,DK0010234467,0.0
2023,2024,DK0010244508,0.0
2023,2024,DK0010272632,5.531327820466169e-19
2023,2024,DK0010274414,7.7409699480648715e-19
2023,2024,DK0010287663,2.2399896064985866e-18
2023,2024,DK0010307958,0.0
2023,2024,DK0010311471,0.0
2023,2024,DK0060079531,3.6781083522263166e-19
2023,2024,DK0060336014,3.746990188294827e-19
2023,2024,DK0060448595,1.8418797816638634e-18
2023,2024,DK0060477503,0.013871707643736282
2023,2024,DK0060636678,2.1748364935879004e-19
2023,2024,DK0060738599,5.699951907122512e-19
2023,2024,DK0061539921,3.0484620499695636e-18
2023,2024,ES0109427734,1.3363812236699794e-18
2023,2024,ES0112501012,0.04301578852714306
2023,2024,ES0113211835,0.0
2023,2024,ES0113679I37,0.0
2023,2024,ES0113860A34,0.0
2023,2024,ES0113900J37,0.0
2023,2024,ES0116870314,0.0
2023,2024,ES0117160111,0.0
2023,2024,ES0118594417,0.0
2023,2024,ES0122060314,0.0
2023,2024,ES0124244E34,0.0
2023,2024,ES0125220311,8.20957958641426e-19
2023,2024,ES0130670112,0.0
2023,2024,ES0130960018,1.7974337911671563e-19
2023,2024,ES0132105018,0.0
2023,2024,ES0134950F36,2.359391791202973e-19
2023,2024,ES0142090317,0.0
2023,2024,ES0144580Y14,8.812502370284262e-20
2023,2024,ES0148396007,0.0
2023,2024,ES0161560018,0.0
2023,2024,ES0167050915,0.0
2023,2024,ES0171996087,0.0
2023,2024,ES0173093024,9.334961399021877e-19
2023,2024,ES0173516115,0.0
2023,2024,ES0178430E18,0.0
2023,2024,ES0182870214,0.0
2023,2024,FI0009000202,3.7795375132015143e-19
2023,2024,FI0009000277,2.5157993566047057e-18
2023,2024,FI0009000459,0.0
2023,2024,FI0009000681,7.055871652747568e-19
2023,2024,FI0009002158,1.44935195699883e-18
2023,2024,FI0009002422,0.0
2023,2024,FI0009003727,0.0
2023,2024,FI0009005318,0.0
2023,2024,FI0009005870,0.0
2023,2024,FI0009005961,0.0
2023,2024,FI0009005987,0.0
2023,2024,FI0009007132,2.0143663734952548e-20
2023,2024,FI0009007694,0.009348165834956897
2023,2024,FI0009007884,1.5331016703164107e-19
2023,2024,FI0009013296,2.4030058237499873e-19
2023,2024,FI0009013403,6.491249558477513e-19
2023,2024,FI0009800643,0.0
2023,2024,FR0000035081,0.0
2023,2024,FR0000039109,0.0
2023,2024,FR0000044448,2.317184293462185e-19
2023,2024,FR0000045072,0.0
2023,2024,FR0000051070,0.0
2023,2024,FR0000052292,0.0
2023,2024,FR0000053225,1.6293593250506637e-18
2023,2024,FR0000054470,0.004521561524865744
2023,2024,FR0000054900,1.6936496687514552e-18
2023,2024,FR0000064578,0.0
2023,2024,FR0000073272,0.0
2023,2024,FR0000077919,0.0
2023,2024,FR0000120073,0.0
2023,2024,FR0000120172,0.0
2023,2024,FR0000120271,0.0
2023,2024,FR0000120321,8.813760106490625e-19
2023,2024,FR0000120404,0.0
2023,2024,FR0000120503,0.0
2023,2024,FR0000120560,4.867609311657289e-20
2023,2024,FR0000120578,0.0
2023,2024,FR0000120628,0.0
2023,2024,FR0000120644,0.0
2023,2024,FR0000120693,1.146682221132215e-18
2023,2024,FR0000120859,0.0
2023,2024,FR0000120966,0.0
2023,2024,FR0000121014,1.5420755155692336e-19
2023,2024,FR0000121121,0.0
2023,2024,FR0000121204,0.0
2023,2024,FR0000121220,0.0
2023,2024,FR0000121329,0.0
2023,2024,FR0000121485,1.128177717872671e-18
2023,2024,FR0000121667,1.3893064522767422e-19
2023,2024,FR0000121964,0.0
2023,2024,FR0000121972,7.485056350479037e-19
2023,2024,FR0000124141,0.0
2023,2024,FR0000125007,0.0
2023,2024,FR0000125338,4.568442752449517e-19
2023,2024,FR0000125486,0.0
2023,2024,FR0000127771,0.0
2023,2024,FR0000130213,0.0
2023,2024,FR0000130395,2.0243490883633792e-18
2023,2024,FR0000130403,0.0
2023,2024,FR0000130452,0.0
2023,2024,FR0000130577,0.0
2023,2024,FR0000130809,0.0
2023,2024,FR0000131104,0.0
2023,2024,FR0000131757,0.0
2023,2024,FR0000131906,0.0
2023,2024,FR0000133308,0.024082966637839577
2023,2024,FR0010040865,0.0
2023,2024,FR0010220475,7.399737146129086e-19
2023,2024,FR0010221234,1.505935648676459e-19
2023,2024,FR0010307819,0.0
2023,2024,FR0010313833,0.0
2023,2024,FR0010340141,0.0
2023,2024,FR0010411983,0.0
2023,2024,FR0010533075,9.747190178215092e-19
2023,2024,FR0013176526,0.0
2023,2024,FR0013280286,4.156677144184074e-18
2023,2024,FR0013326246,0.0
2023,2024,FR0013506730,0.0
2023,2024,FR0014003TT8,1.1675895196949792e-18
2023,2024,FR001400AJ45,0.0
2023,2024,GB0000163088,0.0
2023,2024,GB0000365774,0.0
2023,2024,GB0000456144,0.0
2023,2024,GB0000536739,0.0
2023,2024,GB0000600931,4.190070545607126e-20
2023,2024,GB0000811801,3.620937956752178e-19
2023,2024,GB0000904986,0.0
2023,2024,GB0000961622,7.635197402902183e-20
2023,2024,GB0001110096,6.901275710361588e-19
2023,2024,GB0001367019,0.0
2023,2024,GB0001500809,0.0
2023,2024,GB0001570810,3.224089393413297e-18
2023,2024,GB0001638955,0.0
2023,2024,GB0001667087,0.0
2023,2024,GB0001795680,0.0
2023,2024,GB0001826634,5.4105753811602007e-20
2023,2024,GB0001859296,0.0
2023,2024,GB0002015021,0.0
2023,2024,GB0002018363,1.587855789749417e-19
2023,2024,GB0002074580,6.216270444056188e-19
2023,2024,GB0002148343,7.873385987277316e-19
2023,2024,GB0002318888,2.786913277535148e-21
2023,2024,GB0002349065,0.0
2023,2024,GB0002374006,5.794622963660455e-19
2023,2024,GB0002418548,0.0
2023,2024,GB0002634946,5.568049278515504e-19
2023,2024,GB0002652740,4.205074380488051e-19
2023,2024,GB0002869419,1.4754147884447004e-18
2023,2024,GB0002875804,0.0
2023,2024,GB0003062816,0.0
2023,2024,GB0003096442,0.0
2023,2024,GB0003308607,0.0
2023,2024,GB0003395000,0.0
2023,2024,GB0003452173,0.0
2023,2024,GB0003718474,8.040189982919968e-19
2023,2024,GB0004052071,0.0
2023,2024,GB0004082847,0.0
2023,2024,GB0004161021,0.0
2023,2024,GB0004170089,0.0
2023,2024,GB0004270301,1.542159876818284e-19
2023,2024,GB0004478896,0.0
2023,2024,GB0004544929,0.0
2023,2024,GB0004657408,0.0
2023,2024,GB0004726096,2.2702100271616602e-18
2023,2024,GB0004866223,0.0
2023,2024,GB0004915632,0.0
2023,2024,GB0005405286,0.0
2023,2024,GB0005576813,0.0
2023,2024,GB0005603997,0.0
2023,2024,GB0005630420,0.0
2023,2024,GB0005746358,0.0
2023,2024,GB0006027295,0.0
2023,2024,GB0006215205,0.0
2023,2024,GB0006449366,0.0
2023,2024,GB0006640972,1.9184351365496776e-18
2023,2024,GB0006650450,1.1827261220534695e-18
2023,2024,GB0006731235,0.0
2023,2024,GB0006776081,0.014851803503304974
2023,2024,GB0006825383,3.275546663727323e-19
2023,2024,GB0006928617,2.198281165857275e-19
2023,2024,GB0006963689,0.0
2023,2024,GB0007099541,0.0
2023,2024,GB0007188757,0.0
2023,2024,GB0007323586,2.376739052007093e-18
2023,2024,GB0007370074,0.009173972791962604
2023,2024,GB0007388407,2.068073318926715e-18
2023,2024,GB0007668071,3.019194599252301e-19
2023,2024,GB0007669376,7.570536322697567e-19
2023,2024,GB0007689002,0.0
2023,2024,GB0007908733,0.0
2023,2024,GB0007958233,0.0
2023,2024,GB0007973794,0.0
2023,2024,GB0007980591,0.0
2023,2024,GB0008025412,0.0
2023,2024,GB0008085614,2.154328751412027e-19
2023,2024,GB0008220112,0.0
2023,2024,GB0008475088,8.709475253971556e-19
2023,2024,GB0008481250,0.0
2023,2024,GB0008706128,0.0
2023,2024,GB0008711763,4.25511334824721e-19
2023,2024,GB0008782301,0.0
2023,2024,GB0008794710,1.9898962632241457e-18
2023,2024,GB0009067447,0.0
2023,2024,GB0009223206,2.3595176335080185e-19
2023,2024,GB0009286963,0.0
2023,2024,GB0009292243,0.0
2023,2024,GB0009296665,1.9722561625137352e-18
2023,2024,GB0009465807,0.0
2023,2024,GB0009633180,1.0436704436670172e-18
2023,2024,GB0009692319,8.4441553602427815e-19
2023,2024,GB0009697037,0.0
2023,2024,GB0009895292,1.147461414817687e-18
2023,2024,GB0022569080,1.612659178980198e-19
2023,2024,GB0030181522,0.0
2023,2024,GB0030232317,0.0
2023,2024,GB0030329360,0.0
2023,2024,GB0030913577,0.0
2023,2024,GB0031274896,4.090747242519235e-19
2023,2024,GB0031348658,0.0
2023,2024,GB0031638363,0.0
2023,2024,GB0031743007,0.0
2023,2024,GB0032089863,1.0530945612609209e-18
2023,2024,GB0033147751,1.0312135714431258e-18
2023,2024,GB0033195214,3.810940844817413e-20
2023,2024,GB0033986497,0.0
2023,2024,GB00B00FPT80,5.848569051640585e-19
2023,2024,GB00B012BV22,0.0
2023,2024,GB00B012TP20,0.0
2023,2024,GB00B019KW72,0.0
2023,2024,GB00B01QGK86,0.0
2023,2024,GB00B02J6398,0.0
2023,2024,GB00B033F229,1.0730887125859172e-19
2023,2024,GB00B03HDJ73,0.0
2023,2024,GB00B04V1276,4.161560541477691e-19
2023,2024,GB00B06QFB75,0.0
2023,2024,GB00B0744359,3.2757858082609443e-19
2023,2024,GB00B0744B38,0.0
2023,2024,GB00B082RF11,1.5646202694050205e-19
2023,2024,GB00B0FYMT95,2.94015832752352e-19
2023,2024,GB00B0KM9T71,1.9242853326478763e-19
2023,2024,GB00B0LCW083,0.0
2023,2024,GB00B0N8QD54,2.5725744326289373e-19
2023,2024,GB00B0SWJX34,0.0
2023,2024,GB00B0WMWD03,3.9432243648984995e-19
2023,2024,GB00B128J450,8.230756453157021e-19
2023,2024,GB00B132NW22,0.0
2023,2024,GB00B135BJ46,0.0
2023,2024,GB00B18P5K83,2.1381264555889123e-19
2023,2024,GB00B19Z1432,0.0
2023,2024,GB00B1FH8J72,4.938149516464519e-20
2023,2024,GB00B1FP6H53,0.0
2023,2024,GB00B1FW5029,1.0052722770418185e-18
2023,2024,GB00B1G5HX72,0.0
2023,2024,GB00B1JQDM80,0.0
2023,2024,GB00B1KJJ408,0.0
2023,2024,GB00B1L5QH97,9.162533601802688e-20
2023,2024,GB00B1P6ZR11,0.0
2023,2024,GB00B1VNSX38,1.75168932983431e-19
2023,2024,GB00B1WY2338,0.0
2023,2024,GB00B1XH2C03,0.0
2023,2024,GB00B1YW4409,1.8787620625267998e-19
2023,2024,GB00B27YGJ97,1.557835343254116e-19
2023,2024,GB00B2B0DG97,0.0
2023,2024,GB00B2NGPM57,0.0
2023,2024,GB00B2PDGW16,0.0
2023,2024,GB00B39J2M42,2.1866742998994706e-19
2023,2024,GB00B3CX3644,0.06132138988678476
2023,2024,GB00B3DGH821,0.002286584180186283
2023,2024,GB00B3FLWH99,0.0
2023,2024,GB00B41H7391,0.0
2023,2024,GB00B45C9X44,0.0
2023,2024,GB00B572ZV91,0.0
2023,2024,GB00B5N0P849,0.0
2023,2024,GB00B5ZN1N88,5.323261985498319e-19
2023,2024,GB00B61TVQ02,0.0
2023,2024,GB00B63H8491,0.0
2023,2024,GB00B63QSB39,0.0
2023,2024,GB00B64NSP76,0.0
2023,2024,GB00B67G5X01,0.0
2023,2024,GB00B6XZKY75,0.006076531744173578
2023,2024,GB00B71N6K86,0.0
2023,2024,GB00B7KR2P84,0.0
2023,2024,GB00B82YXW83,0.0
2023,2024,GB00B8C3BL03,1.4691577023424331e-18
2023,2024,GB00BD6K4575,0.0
2023,2024,GB00BDCPN049,5.2065598785151723e-20
2023,2024,GB00BDFBVT43,3.292592886941498e-18
2023,2024,GB00BDR05C01,0.0
2023,2024,GB00BF044593,7.458980927357825e-20
2023,2024,GB00BF5H9P87,0.0
2023,2024,GB00BF8Q6K64,4.6454674785958985e-20
2023,2024,GB00BG11K365,0.0
2023,2024,GB00BGDT3G23,7.003797302703466e-19
2023,2024,GB00BGLP8L22,0.0
2023,2024,GB00BH4HKS39,0.0
2023,2024,GB00BHJYC057,0.0
2023,2024,GB00BJFFLV09,5.437836155078108e-19
2023,2024,GB00BJT0FF39,4.881801574190785e-19
2023,2024,GB00BK9RKT01,0.0
2023,2024,GB00BKY40Q38,0.0
2023,2024,GB00BL6XZ716,1.2862096811195656e-18
2023,2024,GB00BLGZ9862,2.9742400221067235e-20
2023,2024,GB00BM8PJY71,0.0
2023,2024,GB00BM8Q5M07,9.557727154827958e-19
2023,2024,GB00BMJ6DW54,0.0
2023,2024,GB00BN7SWP63,0.0
2023,2024,GB00BNGDN821,0.0
2023,2024,GB00BNNTLN49,2.5581929591394267e-19
2023,2024,GB00BNR4T868,0.0
2023,2024,GB00BP6MXD84,0.0
2023,2024,GB00BP92CJ43,0.0
2023,2024,GB00BP9LHF23,7.898971349904869e-19
2023,2024,GB00BPQY8M80,0.0
2023,2024,GB00BRKD9Z53,0.0
2023,2024,GB00BV9FP302,2.4992071306409617e-18
2023,2024,GB00BVFNZH21,0.0
2023,2024,GB00BWFGQN14,6.596363853309714e-21
2023,2024,GB00BYQ0JC66,5.374854176252649e-19
2023,2024,GB00BYRJ5J14,0.0
2023,2024,GB00BYT1DJ19,1.8566529074898034e-18
2023,2024,GB00BYW0PQ60,0.0
2023,2024,GB00BYZN9041,5.965330267008882e-19
2023,2024,GB00BZ4BQC70,0.0
2023,2024,IE0001827041,0.0
2023,2024,IE0002424939,0.0
2023,2024,IE0003864109,0.0
2023,2024,IE0004906560,2.0281864109302112e-19
2023,2024,IE0004927939,2.8434989262340397e-19
2023,2024,IE00B00MZ448,0.0
2023,2024,IE00B4BNMY34,7.48136773823217e-19
2023,2024,IE00B8KQN827,1.721988075888388e-19
2023,2024,IE00BD1RP616,0.0
2023,2024,IE00BDB6Q211,1.0185195841055884e-18
2023,2024,IE00BF0L3536,0.0
2023,2024,IE00BGH1M568,0.0
2023,2024,IE00BK9ZQ967,1.2876537985813904e-18
2023,2024,IE00BLP1HW54,1.756597927639893e-18
2023,2024,IE00BLS09M33,5.244616299560045e-20
2023,2024,IE00BTN1Y115,0.0
2023,2024,IE00BWT6H894,1.6960603904514644e-18
2023,2024,IE00BY7QL619,5.057777814963267e-19
2023,2024,IE00BYTBXV33,0.0
2023,2024,IL0002300114,0.006747417958069805
2023,2024,IL0002730112,2.375961181828551e-18
2023,2024,IL0002810146,0.0
2023,2024,IL0005930388,6.523489167444486e-21
2023,2024,IL0006046119,0.0
2023,2024,IL0006625771,0.0
2023,2024,IL0006954379,0.0
2023,2024,IL0010811243,0.0
2023,2024,IL0010824113,1.189005821048187e-18
2023,2024,IT0000062072,0.0
2023,2024,IT0000062957,1.4058578551304134e-19
2023,2024,IT0000066123,0.0
2023,2024,IT0000072618,0.0
2023,2024,IT0000784196,0.0
2023,2024,IT0001233417,0.0
2023,2024,IT0001347308,0.0
2023,2024,IT0001469383,8.750826056048741e-20
2023,2024,IT0003128367,0.0
2023,2024,IT0003132476,0.0
2023,2024,IT0003153415,8.443771710397613e-20
2023,2024,IT0003242622,8.797651496269777e-19
2023,2024,IT0003497168,2.191796858367444e-19
2023,2024,IT0003856405,0.0
2023,2024,IT0004810054,0.0
2023,2024,IT0004827447,0.0
2023,2024,IT0005218380,0.0
2023,2024,IT0005239360,0.0
2023,2024,IT0005495657,0.0
2023,2024,JE00B8KF9B49,0.0
2023,2024,JE00BJ1DLW90,0.0
2023,2024,JE00BYVQYS01,0.0
2023,2024,LR0008862868,0.0
2023,2024,LU0075646355,0.0
2023,2024,NL0000008977,0.0
2023,2024,NL0000009082,8.480213391013547e-19
2023,2024,NL0000009165,0.0
2023,2024,NL0000009538,1.9121808759362265e-18
2023,2024,NL0000226223,5.812708055970142e-19
2023,2024,NL0000235190,0.0
2023,2024,NL0000289213,0.0
2023,2024,NL0000337319,0.0
2023,2024,NL0000360618,5.6946417216730125e-19
2023,2024,NL0000379121,3.4723846552948216e-19
2023,2024,NL0000395903,3.7699473046766774e-19
2023,2024,NL0006237562,4.809038209474474e-19
2023,2024,NL0009432491,0.0
2023,2024,NL0010273215,0.0
2023,2024,NL0010583399,1.6802378241146315e-20
2023,2024,NL0011794037,1.7264619232158695e-19
2023,2024,NL0011821202,0.0
2023,2024,NL0013267909,0.0
2023,2024,NL0013332471,4.713491251284754e-19
2023,2024,NL00150001Q9,0.0
2023,2024,NL00150003E1,1.9046584421071432e-19
2023,2024,NL0015001FS8,0.0
2023,2024,NL0015435975,9.44584576525673e-19
2023,2024,NO0003028904,1.862138312073634e-18
2023,2024,NO0003053605,0.0
2023,2024,NO0003054108,0.0
2023,2024,NO0003078800,0.0
2023,2024,NO0003733800,0.012576043418265584
2023,2024,NO0005052605,0.0
2023,2024,NO0010063308,0.0
2023,2024,NO0010096985,0.0
2023,2024,NO0010208051,0.0
2023,2024,NO0010215684,0.0011333982406903581
2023,2024,NO0012470089,1.8054875803583084e-18
2023,2024,PA1436583006,0.0
2023,2024,PTBCP0AM0015,0.0
2023,2024,PTEDP0AM0009,5.319882075305106e-20
2023,2024,PTJMT0AE0001,1.86811336078545e-19
2023,2024,PTSON0AM0001,0.0
2023,2024,PTZON0AM0006,4.231637122151717e-19
2023,2024,SE0000106270,1.2282766061358276e-19
2023,2024,SE0000108227,0.0
2023,2024,SE0000108656,1.8246493480302087e-18
2023,2024,SE0000111940,3.2572448764834726e-19
2023,2024,SE0000112724,0.0
2023,2024,SE0000113250,0.0
2023,2024,SE0000114837,0.0
2023,2024,SE0000148884,1.3471713705435701e-19
2023,2024,SE0000163594,0.0
2023,2024,SE0000163628,1.0105122670627408e-18
2023,2024,SE0000171100,0.0
2023,2024,SE0000190126,0.0
2023,2024,SE0000202624,1.3722779907403728e-18
2023,2024,SE0000242455,1.3060875083591689e-18
2023,2024,SE0000379190,1.1766566936391634e-18
2023,2024,SE0000667891,0.0
2023,2024,SE0000667925,0.0
2023,2024,SE0000695876,9.918434414452959e-19
2023,2024,SE0000806994,1.4930200835633822e-18
2023,2024,SE0000862997,0.0
2023,2024,SE0000949331,5.902205040330461e-19
2023,2024,SE0001662230,1.4999898579767158e-19
2023,2024,SE0005190238,3.06182241408544e-19
2023,2024,SE0006993770,0.0
2023,2024,SE0007100581,0.0
2023,2024,SE0007100599,0.0
2023,2024,SE0011090018,0.0
2023,2024,SE0011166974,1.158168741381731e-18
2023,2024,SE0015811955,2.0387152696523084e-19
2023,2024,SE0015961909,5.383583601649869e-19
2023,2024,SE0015988019,2.1052611781639924e-18
2023,2024,SE0016589188,1.5844971203344932e-19
2023,2024,SE0017486889,1.4518351265875164e-22
2023,2024,SE0018012494,2.5307042374175025e-19
2023,2024,SE0018012635,0.0
2023,2024,SE0020050417,0.0
2023,2024,US0010551028,0.0
2023,2024,US0010841023,6.30500158694487e-19
2023,2024,US00130H1059,0.0
2023,2024,US00206R1023,0.0
2023,2024,US0028241000,3.5239198164408785e-19
2023,2024,US0028962076,0.0
2023,2024,US00724F1012,5.309552974896901e-19
2023,2024,US00751Y1064,0.0
2023,2024,US0079031078,4.719610990325503e-18
2023,2024,US0082521081,0.0
2023,2024,US00846U1016,1.956957133667975e-18
2023,2024,US0091581068,0.0
2023,2024,US00971T1016,0.004377019540607141
2023,2024,US0126531013,6.215801822006405e-19
2023,2024,US0152711091,1.5856108067930015e-19
2023,2024,US01741R1023,0.0
2023,2024,US0185811082,0.0
2023,2024,US0188021085,0.0
2023,2024,US0200021014,0.0
2023,2024,US02079K3059,1.3808247267905324e-18
2023,2024,US02209S1033,0.0
2023,2024,US0231351067,7.312672554027841e-19
2023,2024,US0236081024,0.0
2023,2024,US0255371017,0.0
2023,2024,US02553E1064,0.0
2023,2024,US0258161092,0.0
2023,2024,US0268747849,0.0
2023,2024,US03027X1000,5.185440907358952e-19
2023,2024,US03073E1055,0.0
2023,2024,US03076C1062,0.0
2023,2024,US0311001004,2.3574185943631158e-20
2023,2024,US0311621009,0.0
2023,2024,US0320951017,8.349637900154368e-19
2023,2024,US0326541051,0.0
2023,2024,US0367521038,0.0
2023,2024,US03743Q1085,0.0
2023,2024,US0375981091,0.0
2023,2024,US0378331005,0.0
2023,2024,US0382221051,1.923830524278032e-18
2023,2024,US0383361039,3.1312578063722743e-20
2023,2024,US0394831020,0.0
2023,2024,US0427351004,0.0
2023,2024,US0441861046,1.5597826659540337e-20
2023,2024,US0454871056,0.0
2023,2024,US04621X1081,0.0032543256607944536
2023,2024,US0495601058,1.4066789311869166e-19
2023,2024,US0527691069,0.0
2023,2024,US0528001094,0.0
2023,2024,US0530151036,0.0
2023,2024,US0533321024,0.0
2023,2024,US0534841012,4.2930931048146026e-20
2023,2024,US0536111091,0.0
2023,2024,US0537741052,0.0
2023,2024,US0538071038,0.0
2023,2024,US0565251081,0.0
2023,2024,US0584981064,1.9846391418786966e-19
2023,2024,US0605051046,0.0
2023,2024,US0640581007,0.0
2023,2024,US0708301041,4.41019020507392e-18
2023,2024,US0718131099,0.0
2023,2024,US0758871091,1.5104853231018277e-18
2023,2024,US0844231029,0.0
2023,2024,US0846701086,0.0
2023,2024,US0865161014,0.0
2023,2024,US0893021032,0.0
2023,2024,US09061G1013,0.0
2023,2024,US09062X1037,0.04235381617386965
2023,2024,US09073M1045,2.146793670229774e-18
2023,2024,US0936711052,0.020996869070024345
2023,2024,US0970231058,0.0
2023,2024,US09857L1089,0.0
2023,2024,US0997241064,0.0
2023,2024,US1011211018,0.0
2023,2024,US1011371077,0.0
2023,2024,US1033041013,2.4639737007671184e-19
2023,2024,US1053682035,0.0
2023,2024,US1096411004,0.0
2023,2024,US1096961040,0.0
2023,2024,US1101221083,0.0
2023,2024,US1124631045,0.0
2023,2024,US1156372096,8.37348864303503e-19
2023,2024,US12504L1098,0.0
2023,2024,US1252691001,0.0
2023,2024,US12541W2098,1.9122176694087765e-18
2023,2024,US1255231003,0.0
2023,2024,US12572Q1058,0.05541410197923917
2023,2024,US1258961002,0.0
2023,2024,US1264081035,3.743799433006745e-20
2023,2024,US12653C1080,0.0
2023,2024,US1266501006,0.0
2023,2024,US1270551013,0.0
2023,2024,US1270971039,0.037077634643708175
2023,2024,US1273871087,2.039474077387506e-18
2023,2024,US1307881029,0.013817233510313274
2023,2024,US1331311027,5.984579014232669e-19
2023,2024,US1344291091,0.006965081286813328
2023,2024,US14040H1059,0.0
2023,2024,US14149Y1082,0.0
2023,2024,US1423391002,0.0
2023,2024,US1431301027,8.692505424668153e-19
2023,2024,US1491231015,0.0
2023,2024,US1508701034,0.0
2023,2024,US15189T1079,0.0
2023,2024,US1598641074,6.105186099125802e-19
2023,2024,US1667641005,0.0
2023,2024,US1699051066,0.0
2023,2024,US1713401024,1.5319066538261794e-18
2023,2024,US1717793095,0.0
2023,2024,US1720621010,0.0
2023,2024,US17275R1023,7.127590979897789e-19
2023,2024,US1729081059,4.391377269541298e-19
2023,2024,US1729674242,0.0
2023,2024,US1858991011,0.0
2023,2024,US1890541097,0.019874799181366747
2023,2024,US1912161007,0.0
2023,2024,US1924461023,1.1700721592870193e-18
2023,2024,US1941621039,4.966000418472523e-19
2023,2024,US20030N1019,6.283549213417629e-19
2023,2024,US2003401070,0.0
2023,2024,US2017231034,0.0
2023,2024,US2058871029,0.0
2023,2024,US20825C1045,0.0
2023,2024,US2091151041,0.009548903191039437
2023,2024,US21036P1084,1.3700609412889196e-19
2023,2024,US2172041061,8.095169709719895e-19
2023,2024,US21871N1019,0.0
2023,2024,US2193501051,2.208058675412939e-20
2023,2024,US22160K1051,2.986683277289751e-19
2023,2024,US22410J1060,8.413307121335202e-20
2023,2024,US22822V1017,0.0
2023,2024,US2283681060,1.6276409745915608e-19
2023,2024,US2310211063,1.2154076009560736e-19
2023,2024,US23331A1097,2.6682072815260003e-18
2023,2024,US2333311072,0.0
2023,2024,US23355L1061,0.0
2023,2024,US2358511028,2.8575181978368222e-18
2023,2024,US2371941053,0.0
2023,2024,US23918K1088,1.0471122232888264e-19
2023,2024,US2441991054,8.400346048771961e-19
2023,2024,US2473617023,0.0
2023,2024,US24906P1093,9.330358860609862e-20
2023,2024,US25179M1036,0.0
2023,2024,US2533931026,0.0
2023,2024,US2546871060,0.0
2023,2024,US25525P1075,1.0637829771401251e-18
2023,2024,US25659T1079,0.0
2023,2024,US2566771059,1.0933969399268092e-19
2023,2024,US2567461080,7.298664393419106e-20
2023,2024,US25746U1097,0.0
2023,2024,US2576511099,0.0
2023,2024,US25960P1093,0.0
2023,2024,US2600031080,0.0
2023,2024,US26441C2044,0.0
2023,2024,US26875P1012,0.0
2023,2024,US26884L1098,0.0
2023,2024,US2774321002,0.0
2023,2024,US2774614067,1.3579867828807215e-17
2023,2024,US2786421030,0.0
2023,2024,US2788651006,0.0
2023,2024,US2810201077,0.0
2023,2024,US28176E1082,2.5987778138227273e-18
2023,2024,US2855121099,9.336034551030382e-19
2023,2024,US2910111044,0.0
2023,2024,US29364G1031,0.0
2023,2024,US2944291051,0.0
2023,2024,US29444U7000,2.608595457465776e-18
2023,2024,US29476L1070,0.0
2023,2024,US29670G1022,3.4391665650649676e-19
2023,2024,US2971781057,1.3665743506028637e-19
2023,2024,US30034W1062,0.0
2023,2024,US30040W1080,1.0909228007852852e-18
2023,2024,US30161N1019,5.475210518073976e-19
2023,2024,US30212P3038,0.0
2023,2024,US3021301094,3.69553093938738e-19
2023,2024,US30231G1022,0.0
2023,2024,US3024913036,0.0
2023,2024,US3029411093,0.060910589483848004
2023,2024,US3030751057,1.2530705537015527e-18
2023,2024,US3119001044,9.026807501446791e-19
2023,2024,US3137451015,0.0
2023,2024,US31428X1063,0.0
2023,2024,US3156161024,1.3982380133984713e-18
2023,2024,US31620M1062,0.0
2023,2024,US3167731005,0.0
2023,2024,US3205171057,0.0
2023,2024,US3377381088,0.0
2023,2024,US3379321074,0.01761487756964553
2023,2024,US3434121022,0.0
2023,2024,US34354P1057,0.0
2023,2024,US3448491049,0.0
2023,2024,US3453708600,4.482841893891743e-19
2023,2024,US3546131018,0.0
2023,2024,US35671D8570,0.0
2023,2024,US3614481030,5.329882841599063e-19
2023,2024,US3635761097,9.318806143444402e-19
2023,2024,US3647601083,0.0
2023,2024,US3695501086,0.0
2023,2024,US3703341046,0.009699461763454126
2023,2024,US37045V1008,3.733188103889404e-20
2023,2024,US3719011096,0.0
2023,2024,US3724601055,0.0
2023,2024,US37247D1063,0.0
2023,2024,US3755581036,0.0
2023,2024,US37940X1028,0.0
2023,2024,US37959E1029,0.0
2023,2024,US38141G1040,0.0
2023,2024,US3825501014,0.0
2023,2024,US3841091040,1.7895893747149497e-18
2023,2024,US3848021040,0.0
2023,2024,US3976241071,0.0
2023,2024,US40434L1052,0.0
2023,2024,US4062161017,0.0
2023,2024,US4103451021,4.605243643005749e-19
2023,2024,US4108671052,0.0
2023,2024,US4128221086,1.9166407735026928e-19
2023,2024,US4158641070,0.0
2023,2024,US4165151048,0.0
2023,2024,US4180561072,0.0
2023,2024,US4198701009,0.0
2023,2024,US42250P1030,0.0
2023,2024,US42330P1075,0.0
2023,2024,US4234521015,0.0
2023,2024,US4278661081,0.04566048950080995
2023,2024,US42809H1077,0.0
2023,2024,US4364401012,2.2513346967799548e-18
2023,2024,US4370761029,4.48022937231533e-19
2023,2024,US4385161066,0.0
2023,2024,US4404521001,0.039475562485755664
2023,2024,US44107P1049,0.0
2023,2024,US4435106079,9.347114424574115e-20
2023,2024,US4448591028,0.0
2023,2024,US4456581077,0.0
2023,2024,US4461501045,0.0
2023,2024,US4470111075,0.0
2023,2024,US45073V1089,0.0
2023,2024,US45167R1041,6.807280942272669e-20
2023,2024,US45168D1046,3.2686647147081027e-18
2023,2024,US4523081093,0.0
2023,2024,US4523271090,1.3085025852919008e-18
2023,2024,US4581401001,0.0
2023,2024,US45866F1049,1.3049850631002498e-18
2023,2024,US4592001014,0.0
2023,2024,US4595061015,0.0
2023,2024,US4601461035,0.0
2023,2024,US4606901001,4.981987757076328e-19
2023,2024,US4612021034,1.0533593395719116e-19
2023,2024,US46120E6023,2.538047175891412e-18
2023,2024,US46284V1017,3.353806443702964e-19
2023,2024,US4657411066,0.0
2023,2024,US46625H1005,0.0
2023,2024,US4663131039,0.0
2023,2024,US46982L1089,0.0
2023,2024,US4781601046,0.0
2023,2024,US48020Q1076,0.0
2023,2024,US48203R1041,2.144606715312247e-18
2023,2024,US48242W1062,3.153392646021818e-19
2023,2024,US4824801009,1.9261747877100475e-18
2023,2024,US48666K1097,1.812992079890179e-18
2023,2024,US4878361082,0.020324681000319027
2023,2024,US4891701009,0.0
2023,2024,US4932671088,0.0
2023,2024,US4943681035,5.054978511762758e-20
2023,2024,US49446R1095,0.0
2023,2024,US49456B1017,0.0
2023,2024,US4972661064,0.0
2023,2024,US5002551043,0.0
2023,2024,US5010441013,9.55597868081557e-20
2023,2024,US5018892084,0.0
2023,2024,US5150981018,9.874483445780849e-19
2023,2024,US5178341070,0.0
2023,2024,US5184391044,1.3202635123474344e-18
2023,2024,US5218652049,0.0
2023,2024,US5246601075,0.0
2023,2024,US5260571048,3.07153508674185e-18
2023,2024,US5261071071,8.799121074662322e-19
2023,2024,US5324571083,0.02935139607639595
2023,2024,US5339001068,0.0
2023,2024,US5341871094,0.0
2023,2024,US5370081045,5.421176435938648e-19
2023,2024,US5398301094,0.0
2023,2024,US5486611073,1.8392866968573224e-19
2023,2024,US5502411037,6.858932361161158e-20
2023,2024,US55261F1049,0.0010166779395279905
2023,2024,US5526761086,2.317644878932664e-18
2023,2024,US5526901096,0.0
2023,2024,US5529531015,0.0
2023,2024,US5535301064,0.0
2023,2024,US5543821012,0.0
2023,2024,US5544891048,0.0
2023,2024,US55616P1049,0.0
2023,2024,US5635714059,0.0
2023,2024,US56418H1005,0.0
2023,2024,US5658491064,0.0
2023,2024,US5717481023,1.1244526370286575e-18
2023,2024,US5719032022,0.0
2023,2024,US5732841060,0.0
2023,2024,US5738741041,1.492177569021831e-18
2023,2024,US5745991068,1.1795262901244538e-19
2023,2024,US57636Q1040,0.0
2023,2024,US5770811025,0.0
2023,2024,US5797802064,6.424278371353132e-20
2023,2024,US5801351017,2.5593778074441153e-19
2023,2024,US58155Q1031,1.0115397431833117e-19
2023,2024,US58933Y1055,0.0
2023,2024,US59156R1086,0.0
2023,2024,US5926881054,2.813954463440309e-18
2023,2024,US5949181045,3.5241375194900897e-19
2023,2024,US5950171042,3.9755390752027e-19
2023,2024,US5951121038,0.0
2023,2024,US6005441000,0.0
2023,2024,US6081901042,0.0
2023,2024,US60871R2094,8.003038010375749e-20
2023,2024,US6092071058,2.5775436567960707e-19
2023,2024,US61174X1090,1.709867383734308e-18
2023,2024,US6153691059,0.0
2023,2024,US6174464486,0.0
2023,2024,US61945C1036,0.0
2023,2024,US6200763075,5.664009654177504e-20
2023,2024,US6267171022,0.0
2023,2024,US62886E1082,0.0
2023,2024,US6293775085,0.0
2023,2024,US62955J1034,0.0
2023,2024,US6311031081,1.8176048331804073e-18
2023,2024,US6361801011,0.0
2023,2024,US64110D1046,0.0
2023,2024,US6501111073,2.2055765530038866e-18
2023,2024,US6512291062,0.0
2023,2024,US6516391066,0.0
2023,2024,US65249B1098,0.0
2023,2024,US65339F1012,0.005034345722267395
2023,2024,US6541061031,0.0
2023,2024,US65473P1057,0.0
2023,2024,US6556641008,0.0
2023,2024,US6558441084,4.91461082695069e-20
2023,2024,US6658591044,0.0
2023,2024,US6668071029,0.030527072742847015
2023,2024,US6687711084,0.0
2023,2024,US6703461052,0.0
2023,2024,US67066G1040,7.639672073366093e-19
2023,2024,US6708371033,0.0
2023,2024,US67098H1041,0.0
2023,2024,US67103H1077,1.0269408209345698e-19
2023,2024,US6745991058,0.0
2023,2024,US6752321025,0.0
2023,2024,US6780261052,0.0
2023,2024,US6819191064,0.0
2023,2024,US6821891057,5.106981152051764e-19
2023,2024,US6826801036,0.0
2023,2024,US68389X1054,0.0
2023,2024,US6866881021,4.1303977471209865e-19
2023,2024,US6882392011,0.0
2023,2024,US69331C1080,0.0
2023,2024,US6934751057,0.0
2023,2024,US6935061076,0.0
2023,2024,US69351T1060,0.0
2023,2024,US6936561009,0.0
2023,2024,US6937181088,0.0
2023,2024,US6951561090,0.0
2023,2024,US7010941042,0.0
2023,2024,US7043261079,0.0
2023,2024,US7075691094,4.2187841238652996e-19
2023,2024,US70959W1036,0.0
2023,2024,US7134481081,0.0
2023,2024,US7140461093,2.981987067951174e-18
2023,2024,US7170811035,1.7846241516267053e-18
2023,2024,US7234841010,0.0
2023,2024,US7237871071,0.0
2023,2024,US7244791007,8.629603266746071e-20
2023,2024,US7310681025,2.610277404948954e-19
2023,2024,US74144T1088,2.726031852840079e-18
2023,2024,US74251V1026,0.0
2023,2024,US7427181091,0.004084290645072978
2023,2024,US7433151039,0.013604871336712832
2023,2024,US74340W1036,3.4718346909514624e-19
2023,2024,US7443201022,0.0
2023,2024,US7445731067,4.655727762990881e-19
2023,2024,US74460D1090,0.0028567992609739284
2023,2024,US7458671010,2.2789211093487425e-18
2023,2024,US7475251036,2.2357591270982776e-19
2023,2024,US74762E1029,9.368317784521926e-20
2023,2024,US74834L1008,7.526874377798129e-19
2023,2024,US7496851038,0.0
2023,2024,US7509171069,1.467110904197181e-18
2023,2024,US7512121010,0.0
2023,2024,US75281A1097,0.0
2023,2024,US7547301090,0.0
2023,2024,US75513E1010,0.0
2023,2024,US7588491032,0.0
2023,2024,US75886F1075,0.036846662008451575
2023,2024,US7591EP1005,0.0
2023,2024,US7593516047,0.0
2023,2024,US7595091023,0.0
2023,2024,US7607591002,0.0
2023,2024,US7611521078,0.00616393541383218
2023,2024,US7677548726,0.0
2023,2024,US7703231032,0.0
2023,2024,US7739031091,1.0511079089879041e-18
2023,2024,US7766961061,8.66072189161212e-19
2023,2024,US7782961038,0.0
2023,2024,US7802871084,0.0
2023,2024,US7835491082,0.0
2023,2024,US78409V1044,2.2599337209471624e-19
2023,2024,US78410G1040,1.3672573253046677e-18
2023,2024,US7841171033,0.0
2023,2024,US78440X8873,0.0
2023,2024,US78442P1066,0.0
2023,2024,US78454L1008,0.0
2023,2024,US78473E1038,2.310212398970635e-19
2023,2024,US79466L3024,1.0708304477949786e-18
2023,2024,US8064071025,9.806053778431376e-19
2023,2024,US8085131055,0.0
2023,2024,US8101861065,0.0
2023,2024,US81211K1007,7.955106342459908e-21
2023,2024,US8168511090,0.0
2023,2024,US8175651046,7.740818466674065e-19
2023,2024,US8243481061,1.5650126075960959e-19
2023,2024,US8288061091,0.0
2023,2024,US8326964058,0.028663890420452334
2023,2024,US8330341012,0.0
2023,2024,US8354951027,0.0
2023,2024,US8425871071,0.0
2023,2024,US84265V1052,4.5685305981307574e-20
2023,2024,US8447411088,0.0
2023,2024,US8454671095,0.0
2023,2024,US8485741099,0.0
2023,2024,US8545021011,1.7035955560730485e-19
2023,2024,US8552441094,1.3316862886163538e-19
2023,2024,US8574771031,0.0
2023,2024,US8581191009,0.0
2023,2024,US8589121081,7.577382364880165e-20
2023,2024,US8636671013,4.820082100024921e-19
2023,2024,US8676524064,1.0857044761221866e-17
2023,2024,US8716071076,1.3587125399824742e-18
2023,2024,US87161C5013,0.0
2023,2024,US8718291078,0.0
2023,2024,US8725401090,0.0
2023,2024,US8760301072,0.0
2023,2024,US87612E1064,0.0
2023,2024,US8793691069,5.426930079099188e-19
2023,2024,US8794338298,0.0
2023,2024,US8807701029,2.1865774346598008e-18
2023,2024,US8807791038,0.0
2023,2024,US8816242098,7.303158741863011e-20
2023,2024,US8825081040,0.0
2023,2024,US8832031012,1.2001327824754152e-19
2023,2024,US88337F1057,0.0
2023,2024,US8835561023,2.473195881726397e-18
2023,2024,US8851601018,7.616195586759417e-20
2023,2024,US88579Y1010,0.0
2023,2024,US88642R1095,0.0
2023,2024,US8873891043,0.0
2023,2024,US8910921084,4.1629683741733295e-19
2023,2024,US89417E1091,0.0
2023,2024,US8962391004,6.104241460422275e-19
2023,2024,US8965221091,0.0
2023,2024,US89832Q1094,0.0
2023,2024,US9024941034,0.0
2023,2024,US9026531049,1.2825064426058888e-19
2023,2024,US9026811052,0.0
2023,2024,US9029733048,0.0
2023,2024,US9078181081,7.534142397658173e-20
2023,2024,US9111631035,1.4956311646796354e-20
2023,2024,US9113121068,1.2813595167720286e-19
2023,2024,US9113631090,0.0
2023,2024,US9129091081,0.0
2023,2024,US91324P1021,0.0
2023,2024,US91529Y1064,0.0
2023,2024,US91822M5022,0.0
2023,2024,US91913Y1001,0.0
2023,2024,US92276F1003,1.1555154357681943e-19
2023,2024,US92343V1044,0.011689237345028572
2023,2024,US92532F1003,0.0
2023,2024,US9255501051,0.0
2023,2024,US92556V1061,0.0
2023,2024,US9282981086,3.3886817242079145e-19
2023,2024,US9290421091,0.0
2023,2024,US9291601097,0.0
2023,2024,US92922P1066,0.0
2023,2024,US92939U1060,0.0
2023,2024,US9297401088,7.427481340270459e-19
2023,2024,US9311421039,1.3941315072741169e-19
2023,2024,US9314271084,2.20077614583079e-19
2023,2024,US9344231041,0.0
2023,2024,US94106L1098,0.0
2023,2024,US9418481035,2.0572569257745174e-18
2023,2024,US9427491025,5.200617420673763e-19
2023,2024,US9497461015,0.0
2023,2024,US95040Q1040,0.0
2023,2024,US95058W1009,3.005196915617974e-19
2023,2024,US95082P1057,7.203201030949403e-20
2023,2024,US9581021055,0.0
2023,2024,US9598021098,2.0361045245783961e-19
2023,2024,US9604131022,0.0
2023,2024,US9621661043,0.0
2023,2024,US9633201069,3.670164950098589e-19
2023,2024,US9682232064,0.0
2023,2024,US9694571004,0.0
2023,2024,US9699041011,1.567703046643568e-20
2023,2024,US9831341071,0.0
2023,2024,US98389B1008,0.0
2023,2024,US98421M1062,0.0
2023,2024,US9884981013,0.0
2023,2024,US9892071054,0.0
2023,2024,US98956P1021,5.760138497999065e-19
2023,2024,US9897011071,0.0
2024,2025,AN8068571086,0.0
2024,2025,AT000000STR1,1.3353647532951998e-18
2024,2025,AT00000VIE62,1.0670988014372748e-17
2024,2025,AT0000606306,0.0
2024,2025,AT0000652011,0.0
2024,2025,AT0000720008,0.0
2024,2025,AT0000730007,0.0
2024,2025,AT0000743059,6.167391523314713e-19
2024,2025,AT0000746409,9.897880440563512e-19
2024,2025,AT0000831706,6.618553737310436e-19
2024,2025,AT0000908504,0.0
2024,2025,AT0000937503,5.922022336623055e-19
2024,2025,AT0000938204,5.298392044357532e-19
2024,2025,AT0000A21KS2,1.6038432446266458e-18
2024,2025,AU000000JHX1,2.62875862123832e-18
2024,2025,BE0003470755,7.508762552161824e-19
2024,2025,BE0003565737,7.689390328934509e-18
2024,2025,BE0003593044,0.0
2024,2025,BE0003717312,0.0
2024,2025,BE0003735496,0.005043425477166243
2024,2025,BE0003739530,1.76195543838157e-17
2024,2025,BE0003755692,5.960599802684378e-19
2024,2025,BE0003797140,0.0
2024,2025,BE0003810273,0.003895252923591109
2024,2025,BE0003822393,0.0
2024,2025,BE0974256852,0.027271565731976144
2024,2025,BE0974258874,3.5501648448259045e-19
2024,2025,BE0974264930,8.194424117606997e-18
2024,2025,BE0974271034,1.0093509331398473e-18
2024,2025,BE0974293251,2.938670488823701e-19
2024,2025,BE0974320526,0.0
2024,2025,BMG850801025,5.521352846619383e-19
2024,2025,CA00208D4084,7.515804049085409e-21
2024,2025,CA0084741085,3.1598991409123462e-18
2024,2025,CA00900Q1037,0.0
2024,2025,CA01626P1484,6.318368175303296e-19
2024,2025,CA05534B7604,0.0
2024,2025,CA0636711016,0.0
2024,2025,CA0641491075,0.0
2024,2025,CA0977518616,1.4422846193448945e-17
2024,2025,CA1247651088,0.0
2024,2025,CA12532H1047,1.759545048741919e-18
2024,2025,CA13321L1085,0.0015656792873897651
2024,2025,CA1360691010,0.0
2024,2025,CA1363751027,2.101949820354418e-18
2024,2025,CA1363851017,3.334924096779014e-19
2024,2025,CA13646K1084,9.280790579941301e-19
2024,2025,CA1366812024,0.0
2024,2025,CA1367178326,4.514259105178397e-19
2024,2025,CA2849025093,1.0045543858475988e-17
2024,2025,CA2918434077,0.023465887878922332
2024,2025,CA29250N1050,2.8561612661539244e-19
2024,2025,CA3180714048,5.896900165876427e-19
2024,2025,CA3359341052,0.0
2024,2025,CA3495531079,7.048208074697004e-19
2024,2025,CA3518581051,2.185297317420363e-17
2024,2025,CA3759161035,9.479309907868602e-19
2024,2025,CA39138C1068,0.0
2024,2025,CA4495861060,0.0
2024,2025,CA4530384086,4.73263626661041e-19
2024,2025,CA45823T1066,1.5685260565562248e-17
2024,2025,CA4969024047,4.152071216579227e-18
2024,2025,CA5394811015,2.7583360585896358e-18
2024,2025,CA5592224011,0.0
2024,2025,CA56501R1064,1.4653688708003831e-18
2024,2025,CA59151K1084,7.789368409823227e-19
2024,2025,CA59162N1096,0.00993553602244189
2024,2025,CA6744822033,2.377149950190677e-19
2024,2025,CA68272K1030,0.0
2024,2025,CA6837151068,7.952659958659586e-18
2024,2025,CA7392391016,0.0
2024,2025,CA74022D4075,0.0
2024,2025,CA7669101031,0.0
2024,2025,CA7751092007,0.0
2024,2025,CA7800871021,0.0
2024,2025,CA8029121057,0.030708277708152362
2024,2025,CA8239011031,7.97497559041145e-20
2024,2025,CA85472N1096,0.0
2024,2025,CA8667961053,8.705540384017099e-19
2024,2025,CA8672241079,5.223722631164618e-19
2024,2025,CA87807B1076,9.017345341767513e-19
2024,2025,CA8787422044,0.0
2024,2025,CA87971M1032,0.0
2024,2025,CA8849038085,0.009512447863994087
2024,2025,CA8911605092,0.0
2024,2025,CA89346D1078,8.378637313661719e-19
2024,2025,CA8959451037,0.0
2024,2025,CA9611485090,1.466447983322545e-18
2024,2025,CH0000816824,0.0
2024,2025,CH0008038389,0.0
2024,2025,CH0008742519,0.018210992121166576
2024,2025,CH0010570759,0.0
2024,2025,CH0010645932,2.9122955979388946e-18
2024,2025,CH0011075394,6.841554246593476e-18
2024,2025,CH0012005267,0.0
2024,2025,CH0012032048,0.004048860126183624
2024,2025,CH0012138605,0.0
2024,2025,CH0012142631,1.74783516929813e-18
2024,2025,CH0012214059,8.048094611018253e-19
2024,2025,CH0012221716,1.451170482232333e-17
2024,2025,CH0012255151,0.0
2024,2025,CH0012410517,8.444647516725511e-20
2024,2025,CH0012549785,4.834634482388317e-19
2024,2025,CH0013841017,6.694717220485016e-18
2024,2025,CH0014786500,0.029989522641994698
2024,2025,CH0014852781,0.0
2024,2025,CH0018294154,0.0031000528519937315
2024,2025,CH0022268228,0.0
2024,2025,CH0024608827,0.0
2024,2025,CH0024638212,8.140030329022296e-20
2024,2025,CH0025238863,0.0
2024,2025,CH0025751329,0.0
2024,2025,CH0030170408,1.099236478296455e-18
2024,2025,CH0038388911,1.79837469499384e-19
2024,2025,CH0038863350,1.9269335841226567e-19
2024,2025,CH0044328745,0.0
2024,2025,CH0048265513,1.588631209813787e-17
2024,2025,CH0102484968,1.0982345343898642e-18
2024,2025,CH0126881561,0.0
2024,2025,CH0198251305,8.925467766584491e-21
2024,2025,CH0210483332,0.0
2024,2025,CH0244767585,8.473460958238264e-18
2024,2025,CH0319416936,0.0
2024,2025,CH0418792922,5.172501142982156e-19
2024,2025,CH1169151003,0.0
2024,2025,CH1175448666,6.698901748147282e-18
2024,2025,CH1256740924,4.9336489553246395e-18
2024,2025,DE0005089031,4.25023095582951e-18
2024,2025,DE0005140008,1.7567098886220362e-17
2024,2025,DE0005190003,1.0819264370582509e-18
2024,2025,DE0005200000,2.1741587635107723e-18
2024,2025,DE0005439004,3.3293190830055028e-19
2024,2025,DE0005470405,8.672797921729667e-19
2024,2025,DE0005552004,9.72942615157447e-19
2024,2025,DE0005557508,1.0590708087945413e-17
2024,2025,DE0005773303,0.0
2024,2025,DE0005785604,3.4526188384507534e-19
2024,2025,DE0005785802,3.364436450651286e-18
2024,2025,DE0005810055,2.6045596926115363e-18
2024,2025,DE0005909006,4.324649337811627e-19
2024,2025,DE0006047004,7.049924509867828e-19
2024,2025,DE0006048432,0.0
2024,2025,DE0006070006,0.0
2024,2025,DE0006202005,4.0292168258406237e-19
2024,2025,DE0006231004,0.0
2024,2025,DE0006569908,3.409286973492547e-18
2024,2025,DE0006599905,2.0498169963956863e-18
2024,2025,DE0006602006,5.846464114276807e-18
2024,2025,DE0006969603,0.0
2024,2025,DE0007030009,1.0282446046102519e-17
2024,2025,DE0007037129,6.854319941008916e-19
2024,2025,DE0007042301,0.08021551072793277
2024,2025,DE0007100000,2.449838446021652e-18
2024,2025,DE0007164600,1.0992934356333008e-17
2024,2025,DE0007236101,0.0
2024,2025,DE0007257503,0.0
2024,2025,DE0007297004,1.0038481041258075e-18
2024,2025,DE0007314007,6.12005155068572e-18
2024,2025,DE0007500001,4.480682698632878e-19
2024,2025,DE0007507501,0.0
2024,2025,DE0007664039,0.0
2024,2025,DE0008232125,5.707389305400307e-19
2024,2025,DE0008402215,0.0
2024,2025,DE0008404005,3.6574810180659576e-19
2024,2025,DE0008430026,0.0
2024,2025,DE000A0D6554,7.29968745733076e-18
2024,2025,DE000A0D9PT0,3.270720208295498e-18
2024,2025,DE000A0S8488,6.825836555811168e-19
2024,2025,DE000A0WMPJ6,0.0
2024,2025,DE000A1EWWW0,0.0
2024,2025,DE000BASF111,6.572020906190877e-19
2024,2025,DE000BAY0017,4.563220433296542e-20
2024,2025,DE000CBK1001,8.183080005245211e-18
2024,2025,DE000ENAG999,4.9538396363315885e-19
2024,2025,DE000KSAG888,9.780404997785762e-19
2024,2025,DE000PSM7770,0.0
2024,2025,DE000TUAG505,6.883364926727758e-19
2024,2025,DK0010181759,1.5149094453082083e-18
2024,2025,DK0010234467,2.9840738183940736e-18
2024,2025,DK0010244508,6.168787037964141e-19
2024,2025,DK0010272632,3.7205714653204406e-18
2024,2025,DK0010274414,1.8229551166171206e-17
2024,2025,DK0010287663,1.8420539959646662e-17
2024,2025,DK0010307958,0.0
2024,2025,DK0010311471,0.0
2024,2025,DK0060079531,0.0
2024,2025,DK0060336014,0.0
2024,2025,DK0060448595,0.0
2024,2025,DK0060636678,0.0006717424370202072
2024,2025,DK0060738599,9.465985790453682e-18
2024,2025,DK0061539921,7.204306360847053e-18
2024,2025,ES0109427734,1.1874470011717706e-17
2024,2025,ES0112501012,0.05194420832157785
2024,2025,ES0113211835,0.0
2024,2025,ES0113679I37,2.292082088822566e-18
2024,2025,ES0113860A34,0.0
2024,2025,ES0113900J37,0.0
2024,2025,ES0116870314,6.95903346275334e-19
2024,2025,ES0117160111,0.009225351189706348
2024,2025,ES0118594417,0.0
2024,2025,ES0122060314,5.929534909815557e-19
2024,2025,ES0124244E34,4.621079033569709e-18
2024,2025,ES0125220311,3.8913807866594245e-18
2024,2025,ES0130670112,1.0689694860697257e-18
2024,2025,ES0130960018,1.4355916570321702e-18
2024,2025,ES0132105018,1.1457602014476056e-18
2024,2025,ES0134950F36,3.417302864926229e-18
2024,2025,ES0142090317,5.1675019072712823e-20
2024,2025,ES0144580Y14,1.4357688327123536e-18
2024,2025,ES0148396007,1.5555320160402624e-17
2024,2025,ES0161560018,5.227456773332427e-18
2024,2025,ES0167050915,0.0
2024,2025,ES0171996087,1.3539453777763046e-18
2024,2025,ES0173093024,5.001525990933662e-18
2024,2025,ES0173516115,6.53353905340529e-19
2024,2025,ES0178430E18,0.0
2024,2025,ES0182870214,3.958499058077297e-18
2024,2025,FI0009000202,5.046007877842544e-18
2024,2025,FI0009000277,9.777177174016449e-18
2024,2025,FI0009000459,2.115275823130455e-18
2024,2025,FI0009000681,5.6901236303818476e-18
2024,2025,FI0009002422,7.5455404113093155e-19
2024,2025,FI0009003727,0.0
2024,2025,FI0009005318,3.2044012092935303e-18
2024,2025,FI0009005870,0.0
2024,2025,FI0009005961,0.0
2024,2025,FI0009005987,0.0
2024,2025,FI0009007132,0.0
2024,2025,FI0009007694,0.0028723805103834173
2024,2025,FI0009007884,0.0
2024,2025,FI0009013296,1.6262005406253256e-19
2024,2025,FI0009013403,6.1320422664317885e-18
2024,2025,FI0009800643,0.0
2024,2025,FR0000035081,3.3037236027091965e-18
2024,2025,FR0000039109,9.136902274358902e-19
2024,2025,FR0000044448,2.8226231382191664e-18
2024,2025,FR0000045072,4.379556958349609e-18
2024,2025,FR0000051070,5.11406562431165e-19
2024,2025,FR0000052292,0.0
2024,2025,FR0000053225,8.055596354328181e-18
2024,2025,FR0000054470,0.022135845487546473
2024,2025,FR0000054900,6.450751364529052e-20
2024,2025,FR0000064578,0.0
2024,2025,FR0000073272,0.0
2024,2025,FR0000077919,0.0
2024,2025,FR0000120073,1.848220805483951e-18
2024,2025,FR0000120172,0.0
2024,2025,FR0000120271,7.440434153507329e-19
2024,2025,FR0000120321,0.0
2024,2025,FR0000120404,0.0
2024,2025,FR0000120503,8.037122908720964e-19
2024,2025,FR0000120560,0.0
2024,2025,FR0000120578,9.834675939113588e-19
2024,2025,FR0000120628,8.5727707284819e-18
2024,2025,FR0000120644,0.0
2024,2025,FR0000120693,0.0
2024,2025,FR0000120859,7.34070257517914e-19
2024,2025,FR0000120966,1.2174292513544481e-17
2024,2025,FR0000121014,0.0
2024,2025,FR0000121121,5.080916705916575e-18
2024,2025,FR0000121204,1.4957700096487085e-18
2024,2025,FR0000121220,0.0
2024,2025,FR0000121329,0.0
2024,2025,FR0000121485,0.0
2024,2025,FR0000121667,0.0
2024,2025,FR0000121964,1.0197758289490527e-17
2024,2025,FR0000121972,0.0
2024,2025,FR0000124141,6.557521543260597e-19
2024,2025,FR0000125007,3.6069187808828385e-19
2024,2025,FR0000125338,0.0
2024,2025,FR0000125486,0.0
2024,2025,FR0000127771,0.0
2024,2025,FR0000130213,0.0
2024,2025,FR0000130395,9.415596309321676e-18
2024,2025,FR0000130403,0.0
2024,2025,FR0000130452,0.0
2024,2025,FR0000130577,0.0
2024,2025,FR0000130809,3.4648100376412946e-18
2024,2025,FR0000131104,5.513179792150987e-18
2024,2025,FR0000131757,5.462799469288345e-19
2024,2025,FR0000131906,3.0884154317447093e-19
2024,2025,FR0000133308,0.021421486101787186
2024,2025,FR0010040865,1.9691483115610504e-18
2024,2025,FR0010220475,1.41931108128835e-17
2024,2025,FR0010221234,1.341898350625781e-17
2024,2025,FR0010307819,0.0
2024,2025,FR0010313833,6.184281623058884e-19
2024,2025,FR0010340141,0.0
2024,2025,FR0010411983,0.0
2024,2025,FR0010533075,1.6693866982896506e-18
2024,2025,FR0013176526,1.8786394195645683e-20
2024,2025,FR0013280286,1.5830343742805992e-17
2024,2025,FR0013326246,1.2203111694926665e-17
2024,2025,FR0013506730,4.077491777024212e-18
2024,2025,FR0014003TT8,0.0
2024,2025,FR001400AJ45,0.0
2024,2025,GB0000163088,0.0
2024,2025,GB0000365774,6.353672511178563e-19
2024,2025,GB0000456144,3.0032710183743172e-18
2024,2025,GB0000536739,0.0
2024,2025,GB0000600931,1.132551792765086e-17
2024,2025,GB0000811801,1.3644940368386627e-17
2024,2025,GB0000904986,4.4044708057418976e-18
2024,2025,GB0000961622,2.7820051418028054e-18
2024,2025,GB0001110096,5.748545102773869e-19
2024,2025,GB0001367019,3.297815630941514e-18
2024,2025,GB0001500809,4.485357636872694e-19
2024,2025,GB0001570810,2.561049697261184e-17
2024,2025,GB0001638955,0.0
2024,2025,GB0001667087,9.169680653070834e-19
2024,2025,GB0001795680,1.273261844872893e-18
2024,2025,GB0001826634,0.0
2024,2025,GB0001859296,1.9649053904722014e-18
2024,2025,GB0002018363,8.344853606089121e-19
2024,2025,GB0002074580,9.878215601931283e-19
2024,2025,GB0002148343,1.1930419777202063e-17
2024,2025,GB0002318888,3.515986539723821e-18
2024,2025,GB0002349065,3.994510034961415e-19
2024,2025,GB0002374006,4.585539005967512e-18
2024,2025,GB0002418548,0.0
2024,2025,GB0002634946,1.4235226823944387e-17
2024,2025,GB0002652740,1.3397886725361375e-17
2024,2025,GB0002869419,3.730686039210717e-18
2024,2025,GB0002875804,0.0
2024,2025,GB0003062816,1.3923302955969572e-17
2024,2025,GB0003096442,0.0
2024,2025,GB0003308607,0.0
2024,2025,GB0003395000,1.1290639052067746e-19
2024,2025,GB0003452173,2.05619136568724e-19
2024,2025,GB0003718474,0.0
2024,2025,GB0004052071,0.0
2024,2025,GB0004082847,2.8233286606684482e-18
2024,2025,GB0004161021,0.0
2024,2025,GB0004170089,1.2986297737417008e-18
2024,2025,GB0004270301,3.386950788122058e-18
2024,2025,GB0004478896,0.0
2024,2025,GB0004544929,0.0
2024,2025,GB0004657408,4.457535588711325e-19
2024,2025,GB0004726096,1.5053589927205684e-17
2024,2025,GB0004866223,1.015370784532048e-18
2024,2025,GB0004915632,0.0
2024,2025,GB0005405286,0.0
2024,2025,GB0005576813,0.0
2024,2025,GB0005603997,1.2409284169934733e-17
2024,2025,GB0005630420,2.631606466395595e-18
2024,2025,GB0005746358,4.295111911173325e-19
2024,2025,GB0006027295,0.0
2024,2025,GB0006215205,6.60240447674649e-19
2024,2025,GB0006449366,0.0
2024,2025,GB0006640972,1.2835901327206328e-17
2024,2025,GB0006650450,0.0
2024,2025,GB0006731235,2.85208757536501e-19
2024,2025,GB0006776081,0.00944506622080601
2024,2025,GB0006825383,6.169158237712407e-18
2024,2025,GB0006928617,4.6117850373265276e-18
2024,2025,GB0006963689,0.0
2024,2025,GB0007099541,0.0
2024,2025,GB0007188757,8.706618097069307e-19
2024,2025,GB0007323586,2.3101401296116866e-17
2024,2025,GB0007370074,0.0
2024,2025,GB0007388407,0.0
2024,2025,GB0007668071,0.0
2024,2025,GB0007669376,4.830046501318553e-18
2024,2025,GB0007908733,5.89191412577028e-19
2024,2025,GB0007958233,0.0
2024,2025,GB0007973794,4.538224928910851e-18
2024,2025,GB0007980591,4.952062885191827e-19
2024,2025,GB0008025412,0.0
2024,2025,GB0008085614,0.0
2024,2025,GB0008220112,0.0
2024,2025,GB0008475088,0.0
2024,2025,GB0008481250,0.0
2024,2025,GB0008706128,0.0
2024,2025,GB0008711763,0.0
2024,2025,GB0008782301,2.5664077736824984e-19
2024,2025,GB0008794710,0.0
2024,2025,GB0009067447,0.003761926489955971
2024,2025,GB0009223206,0.0
2024,2025,GB0009286963,1.8487649711779044e-18
2024,2025,GB0009292243,0.0
2024,2025,GB0009296665,1.9951579359820263e-18
2024,2025,GB0009465807,0.0
2024,2025,GB0009692319,0.0
2024,2025,GB0009697037,5.457262862210023e-18
2024,2025,GB0009895292,0.0
2024,2025,GB0022569080,0.006833579832802618
2024,2025,GB0030181522,5.000800400227608e-18
2024,2025,GB0030232317,0.0
2024,2025,GB0030913577,0.0
2024,2025,GB0031274896,5.0528889200360746e-18
2024,2025,GB0031348658,0.0
2024,2025,GB0031638363,0.0
2024,2025,GB0031743007,0.0
2024,2025,GB0032089863,4.682315827205494e-18
2024,2025,GB0033147751,0.0
2024,2025,GB0033195214,1.0030947336866948e-18
2024,2025,GB0033986497,0.0
2024,2025,GB00B00FPT80,1.0660962779571157e-17
2024,2025,GB00B012BV22,0.0
2024,2025,GB00B012TP20,0.0
2024,2025,GB00B019KW72,2.8340035478619786e-19
2024,2025,GB00B01QGK86,0.0
2024,2025,GB00B02J6398,5.731123203377981e-18
2024,2025,GB00B033F229,2.1471742382999323e-18
2024,2025,GB00B04V1276,8.793849046791017e-18
2024,2025,GB00B06QFB75,0.0
2024,2025,GB00B0744359,1.2743560601955799e-18
2024,2025,GB00B0744B38,0.0
2024,2025,GB00B082RF11,9.701789694663004e-19
2024,2025,GB00B0FYMT95,3.545063581027813e-18
2024,2025,GB00B0KM9T71,1.836803118400567e-18
2024,2025,GB00B0LCW083,1.2015755149948393e-18
2024,2025,GB00B0N8QD54,1.1552189941783137e-17
2024,2025,GB00B0SWJX34,0.0
2024,2025,GB00B0WMWD03,1.40346523339578e-17
2024,2025,GB00B128J450,2.3160050901375597e-17
2024,2025,GB00B132NW22,0.0
2024,2025,GB00B135BJ46,0.0
2024,2025,GB00B18P5K83,2.3520490738192346e-19
2024,2025,GB00B19Z1432,0.0
2024,2025,GB00B1FH8J72,3.515298493795748e-19
2024,2025,GB00B1FP6H53,0.0
2024,2025,GB00B1FW5029,1.0468489623154636e-17
2024,2025,GB00B1G5HX72,0.0
2024,2025,GB00B1JQDM80,0.0
2024,2025,GB00B1KJJ408,8.466314161963378e-18
2024,2025,GB00B1L5QH97,3.55729663838004e-18
2024,2025,GB00B1P6ZR11,2.4385012465549777e-18
2024,2025,GB00B1VNSX38,6.906048790236704e-19
2024,2025,GB00B1WY2338,0.0
2024,2025,GB00B1XH2C03,8.085465230786115e-19
2024,2025,GB00B1YW4409,1.3241664789612207e-17
2024,2025,GB00B27YGJ97,4.2616083175879344e-18
2024,2025,GB00B2B0DG97,0.0
2024,2025,GB00B2NGPM57,2.2697791414141844e-18
2024,2025,GB00B2PDGW16,0.0
2024,2025,GB00B39J2M42,1.437682265413087e-18
2024,2025,GB00B3CX3644,0.05146689178420718
2024,2025,GB00B3DGH821,0.004234558274946548
2024,2025,GB00B3FLWH99,0.0
2024,2025,GB00B41H7391,0.0
2024,2025,GB00B45C9X44,0.0
2024,2025,GB00B572ZV91,5.745824875945707e-19
2024,2025,GB00B5N0P849,0.0
2024,2025,GB00B5ZN1N88,5.880470908852414e-18
2024,2025,GB00B61TVQ02,0.0
2024,2025,GB00B63H8491,0.0
2024,2025,GB00B63QSB39,0.0
2024,2025,GB00B64NSP76,8.499236570128607e-19
2024,2025,GB00B67G5X01,6.83211872539976e-18
2024,2025,GB00B6XZKY75,3.358069937215223e-18
2024,2025,GB00B71N6K86,2.3912326553982707e-19
2024,2025,GB00B7KR2P84,5.812541490493079e-19
2024,2025,GB00B82YXW83,1.805527263674475e-18
2024,2025,GB00B8C3BL03,1.1418678242073453e-17
2024,2025,GB00BD6K4575,0.0
2024,2025,GB00BDCPN049,2.1975422750637933e-18
2024,2025,GB00BDFBVT43,0.0
2024,2025,GB00BDR05C01,0.0
2024,2025,GB00BF044593,2.390739853255663e-18
2024,2025,GB00BF5H9P87,0.0
2024,2025,GB00BF8Q6K64,0.0
2024,2025,GB00BGDT3G23,1.7302959413832454e-17
2024,2025,GB00BGLP8L22,6.742877126332806e-18
2024,2025,GB00BH4HKS39,0.0
2024,2025,GB00BHJYC057,0.0
2024,2025,GB00BJFFLV09,0.0
2024,2025,GB00BJT0FF39,8.269211716243065e-18
2024,2025,GB00BK9RKT01,0.0
2024,2025,GB00BKY40Q38,5.025953101551362e-18
2024,2025,GB00BLGZ9862,8.359558973204412e-20
2024,2025,GB00BM8PJY71,0.0
2024,2025,GB00BM8Q5M07,0.0
2024,2025,GB00BMJ6DW54,0.0
2024,2025,GB00BN7SWP63,0.0
2024,2025,GB00BNGDN821,0.0
2024,2025,GB00BNNTLN49,0.0
2024,2025,GB00BNR4T868,9.290435737555736e-19
2024,2025,GB00BP6MXD84,3.446963855654841e-19
2024,2025,GB00BP92CJ43,0.0
2024,2025,GB00BP9LHF23,1.578978968258409e-18
2024,2025,GB00BPQY8M80,1.2136257355707198e-18
2024,2025,GB00BRKD9Z53,0.0
2024,2025,GB00BV9FP302,3.679524840311284e-17
2024,2025,GB00BVFNZH21,0.0
2024,2025,GB00BWFGQN14,0.0
2024,2025,GB00BYQ0JC66,1.6574590649451905e-17
2024,2025,GB00BYRJ5J14,0.0
2024,2025,GB00BYT1DJ19,2.228056154566885e-17
2024,2025,GB00BYW0PQ60,1.3838020855160293e-17
2024,2025,GB00BYZN9041,0.0
2024,2025,GB00BZ4BQC70,0.0
2024,2025,IE0001827041,1.151628142796568e-18
2024,2025,IE0002424939,3.699793651354571e-18
2024,2025,IE0003864109,2.3777290349799917e-18
2024,2025,IE0004906560,1.6407855728007537e-18
2024,2025,IE0004927939,3.758967664609597e-18
2024,2025,IE00B00MZ448,0.0
2024,2025,IE00B4BNMY34,0.0
2024,2025,IE00B8KQN827,2.499600359706245e-18
2024,2025,IE00BD1RP616,0.0
2024,2025,IE00BDB6Q211,2.8735107891131006e-18
2024,2025,IE00BF0L3536,0.0
2024,2025,IE00BGH1M568,0.0
2024,2025,IE00BK9ZQ967,1.868498971271434e-17
2024,2025,IE00BLP1HW54,4.694912390917414e-18
2024,2025,IE00BLS09M33,1.3047104727343412e-17
2024,2025,IE00BTN1Y115,0.0
2024,2025,IE00BWT6H894,6.486117815677199e-18
2024,2025,IE00BY7QL619,3.945006246893226e-18
2024,2025,IE00BYTBXV33,6.9690817499859255e-19
2024,2025,IL0002300114,0.0199364527851658
2024,2025,IL0002730112,1.8286914711334327e-17
2024,2025,IL0002810146,8.315359826960528e-19
2024,2025,IL0005930388,6.5188880932887074e-18
2024,2025,IL0006046119,1.1395003503715145e-18
2024,2025,IL0006625771,0.0
2024,2025,IL0006954379,2.2314714272209895e-18
2024,2025,IL0010811243,5.6954738051087046e-18
2024,2025,IL0010824113,1.6634440903425153e-17
2024,2025,IT0000062072,2.7511974481547167e-18
2024,2025,IT0000062957,1.8769982719649865e-17
2024,2025,IT0000066123,2.943267344436431e-17
2024,2025,IT0000072618,9.768332692053532e-18
2024,2025,IT0000784196,3.0983097205952156e-17
2024,2025,IT0001233417,6.879541490210251e-19
2024,2025,IT0001347308,7.390927973615276e-19
2024,2025,IT0001469383,9.830141538947188e-18
2024,2025,IT0003128367,1.1296767763439208e-18
2024,2025,IT0003132476,6.509075578472516e-19
2024,2025,IT0003153415,1.50854082299781e-18
2024,2025,IT0003242622,3.983980946808569e-18
2024,2025,IT0003497168,4.722947775544216e-18
2024,2025,IT0003856405,8.606352093270382e-18
2024,2025,IT0004810054,1.224378937801624e-17
2024,2025,IT0005218380,9.04740188267081e-18
2024,2025,IT0005239360,1.6206490245999065e-17
2024,2025,IT0005495657,1.8188676107010774e-18
2024,2025,JE00B8KF9B49,0.0
2024,2025,JE00BJ1DLW90,0.0
2024,2025,JE00BYVQYS01,0.0
2024,2025,LR0008862868,0.0
2024,2025,LU0075646355,1.6145924977804413e-18
2024,2025,NL0000008977,5.748597672174999e-19
2024,2025,NL0000009082,0.0
2024,2025,NL0000009165,0.0
2024,2025,NL0000009538,0.0
2024,2025,NL0000226223,0.0
2024,2025,NL0000235190,0.0
2024,2025,NL0000289213,0.0
2024,2025,NL0000337319,3.1119310679053627e-18
2024,2025,NL0000360618,6.781124591855938e-18
2024,2025,NL0000379121,4.678845956844312e-20
2024,2025,NL0000395903,0.0
2024,2025,NL0006237562,1.2447632736763087e-17
2024,2025,NL0009432491,0.0
2024,2025,NL0010273215,0.0
2024,2025,NL0010583399,1.4565084140509008e-18
2024,2025,NL0011794037,0.0
2024,2025,NL0011821202,9.455778970081038e-18
2024,2025,NL0013267909,0.0
2024,2025,NL0013332471,3.226284887763648e-18
2024,2025,NL00150001Q9,5.618375813016774e-19
2024,2025,NL00150003E1,3.091317184409632e-18
2024,2025,NL0015001FS8,0.0
2024,2025,NL0015435975,3.4258560354249067e-18
2024,2025,NO0003028904,2.6994201377816982e-17
2024,2025,NO0003053605,0.0
2024,2025,NO0003054108,0.0
2024,2025,NO0003078800,1.7755728449498637e-18
2024,2025,NO0003733800,0.001397346275298278
2024,2025,NO0005052605,7.410745274760299e-19
2024,2025,NO0010063308,0.0
2024,2025,NO0010096985,3.3786183410418743e-19
2024,2025,NO0010208051,8.627960152173491e-19
2024,2025,NO0010215684,2.8897774407494136e-18
2024,2025,NO0012470089,2.0653381862538785e-18
2024,2025,PA1436583006,4.597795252856117e-19
2024,2025,PTBCP0AM0015,2.2666188069494094e-17
2024,2025,PTEDP0AM0009,5.346630340250852e-19
2024,2025,PTJMT0AE0001,0.0
2024,2025,PTSON0AM0001,5.79860927955631e-19
2024,2025,PTZON0AM0006,1.0498083244250474e-17
2024,2025,SE0000106270,2.1798589482315e-17
2024,2025,SE0000108227,4.590767384437491e-20
2024,2025,SE0000108656,2.986381141468922e-17
2024,2025,SE0000111940,1.001061558169909e-17
2024,2025,SE0000112724,0.0
2024,2025,SE0000113250,4.395329983352524e-19
2024,2025,SE0000114837,0.0
2024,2025,SE0000148884,7.053925656801091e-18
2024,2025,SE0000163594,1.0216336170330568e-18
2024,2025,SE0000163628,0.0
2024,2025,SE0000171100,4.55205033792074e-19
2024,2025,SE0000190126,0.0
2024,2025,SE0000202624,1.9466239330675787e-17
2024,2025,SE0000242455,2.9886326915638576e-17
2024,2025,SE0000379190,1.2584573874926585e-17
2024,2025,SE0000667891,0.0
2024,2025,SE0000667925,0.0
2024,2025,SE0000695876,2.408222845153504e-18
2024,2025,SE0000806994,1.781466215486321e-17
2024,2025,SE0000862997,7.8999163529974785e-19
2024,2025,SE0000949331,2.5443415932527404e-18
2024,2025,SE0001662230,0.0
2024,2025,SE0005190238,1.731225305330979e-18
2024,2025,SE0006993770,0.0
2024,2025,SE0007100581,3.1821817252029832e-18
2024,2025,SE0007100599,0.0
2024,2025,SE0011090018,0.0
2024,2025,SE0011166974,2.212609205886054e-17
2024,2025,SE0015811955,3.548460255134243e-18
2024,2025,SE0015961909,1.042185344734207e-17
2024,2025,SE0015988019,0.0
2024,2025,SE0016589188,1.4826558841765776e-18
2024,2025,SE0017486889,0.0
2024,2025,SE0018012494,0.0
2024,2025,SE0018012635,0.0
2024,2025,SE0020050417,2.3173134694638603e-18
2024,2025,US0010551028,0.0
2024,2025,US0010841023,5.3498476741302085e-18
2024,2025,US00130H1059,5.922558507760684e-19
2024,2025,US00206R1023,2.2667050152968144e-18
2024,2025,US0028241000,0.0
2024,2025,US0028962076,0.0
2024,2025,US00724F1012,0.0
2024,2025,US00737L1035,2.802739752148121e-17
2024,2025,US00751Y1064,0.0
2024,2025,US0079031078,6.715047250305637e-17
2024,2025,US0082521081,0.0
2024,2025,US00846U1016,5.778579922118475e-18
2024,2025,US0091581068,1.362196322121097e-18
2024,2025,US00971T1016,0.013861594011465491
2024,2025,US0126531013,4.0518648885091575e-18
2024,2025,US0152711091,1.3942486651484812e-18
2024,2025,US01741R1023,0.0
2024,2025,US0185811082,0.0
2024,2025,US0188021085,8.031392476026688e-19
2024,2025,US0200021014,0.0
2024,2025,US02079K3059,0.0
2024,2025,US02209S1033,0.0
2024,2025,US0231351067,3.9050623649576664e-18
2024,2025,US0236081024,7.959355320337178e-19
2024,2025,US0255371017,7.270870375708235e-19
2024,2025,US02553E1064,0.0
2024,2025,US0258161092,0.0
2024,2025,US0268747849,2.8871856770565215e-18
2024,2025,US03027X1000,0.0
2024,2025,US03073E1055,6.272230641770625e-18
2024,2025,US03076C1062,0.0
2024,2025,US0311001004,6.620540365971673e-18
2024,2025,US0311621009,0.0
2024,2025,US0320951017,0.0
2024,2025,US0326541051,0.0
2024,2025,US0367521038,0.0
2024,2025,US03743Q1085,4.61740470996674e-19
2024,2025,US0375981091,0.0
2024,2025,US0378331005,0.0
2024,2025,US0382221051,1.2587645758311327e-17
2024,2025,US0383361039,2.8322433084885325e-18
2024,2025,US0394831020,4.474953416922996e-19
2024,2025,US0427351004,0.0
2024,2025,US0441861046,1.2402169699745455e-18
2024,2025,US0454871056,0.0
2024,2025,US04621X1081,0.005259194634487695
2024,2025,US0495601058,2.7560418266436987e-19
2024,2025,US0527691069,0.0
2024,2025,US0528001094,0.0
2024,2025,US0530151036,0.0
2024,2025,US0533321024,0.0
2024,2025,US0534841012,0.0
2024,2025,US0536111091,0.0
2024,2025,US0537741052,6.604005471913581e-19
2024,2025,US0538071038,0.0
2024,2025,US0565251081,0.0
2024,2025,US0584981064,1.1363983446099321e-18
2024,2025,US0605051046,0.0
2024,2025,US0640581007,0.0
2024,2025,US0708301041,5.1913637758932345e-17
2024,2025,US0718131099,0.0
2024,2025,US0758871091,1.1020506221166881e-17
2024,2025,US0844231029,4.0554185913579316e-18
2024,2025,US0846701086,3.381374681893736e-19
2024,2025,US0865161014,1.234418287185473e-19
2024,2025,US0893021032,5.202059890824046e-19
2024,2025,US09061G1013,2.1980790128597536e-17
2024,2025,US09062X1037,0.048932379797202
2024,2025,US09073M1045,0.0
2024,2025,US0936711052,0.018555566640102692
2024,2025,US0970231058,0.0
2024,2025,US09857L1089,0.0
2024,2025,US0997241064,0.0
2024,2025,US1011211018,1.112423158206542e-17
2024,2025,US1011371077,0.0
2024,2025,US1033041013,3.8721838878115364e-18
2024,2025,US1053682035,2.500853169996235e-18
2024,2025,US1096411004,0.0
2024,2025,US1096961040,1.6842977992371922e-18
2024,2025,US1101221083,0.005941654542484969
2024,2025,US1124631045,4.766198578491778e-19
2024,2025,US1156372096,3.447400109697047e-18
2024,2025,US12504L1098,0.0
2024,2025,US1252691001,9.07290046452032e-19
2024,2025,US12541W2098,1.3045522030896806e-17
2024,2025,US1255231003,3.3536374631261917e-18
2024,2025,US12572Q1058,0.05289988529266338
2024,2025,US1258961002,0.001400908878266702
2024,2025,US1264081035,1.6369400451285351e-18
2024,2025,US12653C1080,0.0
2024,2025,US1266501006,1.7222351639061167e-19
2024,2025,US1270551013,3.625296217507832e-19
2024,2025,US1270971039,0.03555402565964848
2024,2025,US1273871087,0.0
2024,2025,US1307881029,0.010751005189684288
2024,2025,US1331311027,0.0
2024,2025,US1344291091,0.010578212976205245
2024,2025,US14040H1059,0.0
2024,2025,US14149Y1082,5.300220526494474e-18
2024,2025,US1423391002,0.0
2024,2025,US1431301027,2.700276522857873e-18
2024,2025,US1491231015,0.0
2024,2025,US1508701034,9.884207611871198e-19
2024,2025,US15189T1079,5.152701771373741e-19
2024,2025,US1598641074,2.8743325725597285e-18
2024,2025,US1667641005,0.0
2024,2025,US1699051066,0.0
2024,2025,US1713401024,1.1762414699103815e-17
2024,2025,US1717793095,0.0
2024,2025,US1720621010,1.5276758215932733e-17
2024,2025,US17275R1023,2.010335327343268e-18
2024,2025,US1729081059,3.2840360298204176e-18
2024,2025,US1729674242,1.1261253098353097e-18
2024,2025,US1858991011,5.238567962568114e-19
2024,2025,US1890541097,0.016992989057399117
2024,2025,US1912161007,0.0
2024,2025,US1924461023,2.0538308238307296e-17
2024,2025,US1941621039,1.0845832553911512e-18
2024,2025,US20030N1019,1.5100748795857223e-17
2024,2025,US2003401070,0.0
2024,2025,US2017231034,6.3815592636629345e-21
2024,2025,US2058871029,0.0
2024,2025,US20825C1045,0.0
2024,2025,US2091151041,0.007957249505839687
2024,2025,US21036P1084,0.0
2024,2025,US2172041061,0.0
2024,2025,US21871N1019,4.38985782826902e-18
2024,2025,US2193501051,5.3947375169162944e-18
2024,2025,US22160K1051,7.293870000617404e-18
2024,2025,US22410J1060,1.3585332626836372e-18
2024,2025,US22822V1017,0.0
2024,2025,US2283681060,1.4613866285861399e-18
2024,2025,US2310211063,0.0
2024,2025,US23331A1097,1.5126088111655666e-17
2024,2025,US2333311072,7.319414365038664e-19
2024,2025,US23355L1061,0.0
2024,2025,US2358511028,7.566520758310239e-18
2024,2025,US2371941053,0.0
2024,2025,US23918K1088,7.622141438428463e-18
2024,2025,US2441991054,0.0
2024,2025,US2473617023,6.416065350539523e-19
2024,2025,US24906P1093,1.4448846408678317e-18
2024,2025,US25179M1036,0.0
2024,2025,US2533931026,0.0
2024,2025,US2546871060,1.0824488227332526e-18
2024,2025,US25525P1075,6.153056786901223e-18
2024,2025,US25659T1079,0.0
2024,2025,US2566771059,0.011643093020237662
2024,2025,US2567461080,9.21892212039681e-19
2024,2025,US25746U1097,5.791176091366638e-19
2024,2025,US2576511099,0.0
2024,2025,US25960P1093,0.0
2024,2025,US2600031080,0.0
2024,2025,US26441C2044,7.061393787179046e-19
2024,2025,US26875P1012,0.0
2024,2025,US26884L1098,0.0
2024,2025,US26969P1084,9.335297309647159e-19
2024,2025,US2774321002,6.760719017949982e-19
2024,2025,US2774614067,2.0236392900379783e-16
2024,2025,US2786421030,0.0
2024,2025,US2788651006,9.087568674104576e-19
2024,2025,US2810201077,0.0
2024,2025,US28176E1082,1.8327391528514678e-17
2024,2025,US2855121099,2.6715987415192995e-18
2024,2025,US2910111044,0.0
2024,2025,US29364G1031,8.145302358405158e-19
2024,2025,US2944291051,0.0
2024,2025,US29444U7000,1.2510630336876254e-17
2024,2025,US29476L1070,0.0
2024,2025,US29670G1022,1.6946021069101194e-18
2024,2025,US2971781057,0.0
2024,2025,US30034W1062,7.758203327198627e-19
2024,2025,US30040W1080,1.618483782810762e-19
2024,2025,US30161N1019,0.0
2024,2025,US30212P3038,0.0
2024,2025,US3021301094,3.539208573715554e-18
2024,2025,US30231G1022,0.0
2024,2025,US3024913036,3.9622132694485156e-18
2024,2025,US3029411093,0.06360294725635893
2024,2025,US3030751057,9.825059009102215e-18
2024,2025,US3119001044,9.372512061615749e-18
2024,2025,US3137451015,0.0
2024,2025,US31428X1063,1.892616264368933e-18
2024,2025,US3156161024,0.0
2024,2025,US31620M1062,1.1064701752907029e-17
2024,2025,US3167731005,0.0
2024,2025,US3205171057,0.0
2024,2025,US3377381088,0.0
2024,2025,US3379321074,0.023735083145626282
2024,2025,US3434121022,0.0
2024,2025,US34354P1057,0.0
2024,2025,US3448491049,0.0
2024,2025,US3453708600,1.042071449421759e-18
2024,2025,US3546131018,3.814323272745615e-18
2024,2025,US35671D8570,2.1303982016018843e-18
2024,2025,US3614481030,4.486879317423639e-20
2024,2025,US3635761097,4.62785489751475e-19
2024,2025,US3647601083,0.0
2024,2025,US3695501086,0.0
2024,2025,US3703341046,0.0
2024,2025,US37045V1008,3.884764034925636e-19
2024,2025,US3719011096,7.869491129630498e-18
2024,2025,US3724601055,0.0
2024,2025,US37247D1063,0.0
2024,2025,US3755581036,0.005330670320173026
2024,2025,US37940X1028,0.0
2024,2025,US37959E1029,3.2025613067153033e-18
2024,2025,US38141G1040,0.0
2024,2025,US3825501014,4.648289257361385e-19
2024,2025,US3841091040,5.280264840958588e-18
2024,2025,US3848021040,2.4584793529050183e-19
2024,2025,US3976241071,1.2093180550436177e-18
2024,2025,US40434L1052,0.0
2024,2025,US4062161017,5.426907347859301e-19
2024,2025,US4103451021,5.301247144474171e-18
2024,2025,US4108671052,0.0
2024,2025,US4128221086,3.213830096403245e-18
2024,2025,US4158641070,3.1426933682941902e-18
2024,2025,US4165151048,1.4753819379336841e-18
2024,2025,US4180561072,0.0
2024,2025,US4198701009,6.76753935761345e-19
2024,2025,US42250P1030,0.0
2024,2025,US42330P1075,1.1371210367162426e-18
2024,2025,US4234521015,3.9359178055120337e-19
2024,2025,US4278661081,0.040180682427559594
2024,2025,US42809H1077,0.0
2024,2025,US4364401012,3.246894259342634e-17
2024,2025,US4370761029,7.15566632877813e-18
2024,2025,US4385161066,1.5994608597427617e-18
2024,2025,US4404521001,0.04649012892939545
2024,2025,US44107P1049,0.0
2024,2025,US4435106079,2.7292656382332016e-18
2024,2025,US4448591028,0.0
2024,2025,US4456581077,1.0830290896828484e-18
2024,2025,US4461501045,0.0
2024,2025,US4470111075,0.0
2024,2025,US45073V1089,0.0
2024,2025,US45167R1041,0.0
2024,2025,US45168D1046,8.637605368976945e-18
2024,2025,US4523081093,0.0
2024,2025,US4523271090,0.0
2024,2025,US4581401001,0.0
2024,2025,US45866F1049,0.0
2024,2025,US4592001014,1.4292152003285077e-18
2024,2025,US4595061015,0.0
2024,2025,US4601461035,8.985874034783802e-19
2024,2025,US4606901001,7.083190063047928e-18
2024,2025,US4612021034,0.0
2024,2025,US46120E6023,7.363767559237478e-19
2024,2025,US46284V1017,3.2083072677536537e-18
2024,2025,US4657411066,0.0
2024,2025,US46625H1005,0.0
2024,2025,US4663131039,0.0
2024,2025,US46982L1089,1.3365042897145172e-18
2024,2025,US4781601046,0.0
2024,2025,US48020Q1076,0.0
2024,2025,US48203R1041,5.518729932489822e-18
2024,2025,US48242W1062,0.0
2024,2025,US4824801009,3.0154730178559856e-18
2024,2025,US48666K1097,0.0
2024,2025,US4878361082,0.012174307841273064
2024,2025,US4891701009,0.0
2024,2025,US4932671088,0.0
2024,2025,US4943681035,1.7298088288543088e-18
2024,2025,US49446R1095,0.0
2024,2025,US49456B1017,3.243098110311925e-19
2024,2025,US4972661064,0.0
2024,2025,US5002551043,0.0
2024,2025,US5010441013,9.3485677457317e-19
2024,2025,US5018892084,0.0
2024,2025,US5150981018,0.0
2024,2025,US5178341070,0.0
2024,2025,US5184391044,0.0
2024,2025,US5218652049,0.0
2024,2025,US5246601075,9.87842620242311e-19
2024,2025,US5260571048,1.7079224290941582e-17
2024,2025,US5261071071,7.027678844097918e-18
2024,2025,US5324571083,0.02323731265106007
2024,2025,US5339001068,2.9335672508809367e-18
2024,2025,US5341871094,7.440564571818077e-18
2024,2025,US5370081045,0.0
2024,2025,US5398301094,0.0
2024,2025,US5486611073,0.0
2024,2025,US5502411037,0.0
2024,2025,US55261F1049,0.00028818933734761187
2024,2025,US5526901096,4.537495711169284e-19
2024,2025,US5529531015,0.0
2024,2025,US5535301064,0.0
2024,2025,US5543821012,0.0
2024,2025,US5544891048,2.622272232977547e-18
2024,2025,US55616P1049,0.0
2024,2025,US5635714059,3.654292580175169e-18
2024,2025,US56418H1005,0.0
2024,2025,US5717481023,7.396781907578907e-18
2024,2025,US5719032022,0.0
2024,2025,US5732841060,1.843841363114678e-19
2024,2025,US5738741041,0.0
2024,2025,US5745991068,5.87408868417077e-18
2024,2025,US57636Q1040,0.0
2024,2025,US5770811025,0.0
2024,2025,US5797802064,0.0
2024,2025,US5801351017,2.4092188876834983e-18
2024,2025,US58155Q1031,2.088906295776818e-17
2024,2025,US58933Y1055,0.0
2024,2025,US59156R1086,2.065610548826476e-19
2024,2025,US5926881054,1.1007542733059141e-17
2024,2025,US5949181045,0.0
2024,2025,US5950171042,0.0
2024,2025,US5951121038,0.0
2024,2025,US6005441000,0.0
2024,2025,US6081901042,0.0
2024,2025,US60871R2094,3.3038533718129823e-18
2024,2025,US6092071058,1.995955848891701e-18
2024,2025,US61174X1090,2.237916126897135e-17
2024,2025,US6153691059,0.0
2024,2025,US6174464486,0.0
2024,2025,US61945C1036,6.668814143511558e-19
2024,2025,US6200763075,0.0
2024,2025,US6267171022,0.0
2024,2025,US62886E1082,1.993665568915606e-18
2024,2025,US6293775085,6.711188410300786e-19
2024,2025,US62955J1034,0.0
2024,2025,US6311031081,3.469170573637238e-18
2024,2025,US6361801011,0.0
2024,2025,US64110D1046,0.0
2024,2025,US6501111073,0.0
2024,2025,US6512291062,4.488156024207304e-18
2024,2025,US6516391066,4.491409158678625e-19
2024,2025,US65249B1098,9.66625972412192e-18
2024,2025,US65339F1012,9.200060169139648e-19
2024,2025,US6541061031,0.0
2024,2025,US65473P1057,8.581735317619103e-19
2024,2025,US6556641008,0.0
2024,2025,US6558441084,1.9654767054027027e-18
2024,2025,US6658591044,1.0628484520685097e-18
2024,2025,US6668071029,0.013116397515755232
2024,2025,US6687711084,0.0
2024,2025,US6703461052,7.809686605681972e-21
2024,2025,US67066G1040,3.2183329430072953e-18
2024,2025,US6708371033,7.394754593374045e-19
2024,2025,US67098H1041,7.559793843583782e-19
2024,2025,US67103H1077,2.0584019957751352e-18
2024,2025,US6745991058,4.37201879143486e-19
2024,2025,US6752321025,0.0
2024,2025,US6780261052,8.218407646000543e-19
2024,2025,US6819191064,0.0
2024,2025,US6821891057,0.0
2024,2025,US6826801036,0.0
2024,2025,US68389X1054,0.0
2024,2025,US6866881021,1.5366595214515254e-18
2024,2025,US6882392011,5.634214003662424e-18
2024,2025,US69331C1080,2.4969149861131887e-19
2024,2025,US6934751057,0.0
2024,2025,US6935061076,0.0
2024,2025,US69351T1060,6.638245337752161e-19
2024,2025,US6936561009,0.0
2024,2025,US6937181088,4.816209821970099e-18
2024,2025,US6951561090,4.570915322574521e-19
2024,2025,US7010941042,0.0
2024,2025,US7043261079,0.0
2024,2025,US7075691094,2.2939674205543363e-18
2024,2025,US70959W1036,7.830184092229525e-18
2024,2025,US7134481081,0.0
2024,2025,US7140461093,1.468634188103237e-17
2024,2025,US7170811035,1.6246211782426886e-17
2024,2025,US7234841010,8.825498604499188e-19
2024,2025,US7244791007,0.0
2024,2025,US7310681025,0.0
2024,2025,US7392761034,6.0039006003309975e-18
2024,2025,US74144T1088,8.05906913688353e-18
2024,2025,US74251V1026,1.768464981388577e-18
2024,2025,US7427181091,0.007689500154947404
2024,2025,US7433151039,0.006885378850158229
2024,2025,US74340W1036,0.0
2024,2025,US7443201022,0.0
2024,2025,US7445731067,6.9478770272292275e-19
2024,2025,US74460D1090,0.0
2024,2025,US7458671010,2.3711181490437018e-17
2024,2025,US7475251036,0.0
2024,2025,US74762E1029,0.0
2024,2025,US74834L1008,2.663042689455546e-18
2024,2025,US7496851038,2.363630799345248e-18
2024,2025,US7509171069,0.003280848440164055
2024,2025,US7512121010,0.0
2024,2025,US75281A1097,0.0
2024,2025,US7547301090,3.2618277910654947e-18
2024,2025,US75513E1010,0.0
2024,2025,US7588491032,0.0
2024,2025,US75886F1075,0.018361354848600395
2024,2025,US7591EP1005,0.0
2024,2025,US7593516047,0.0
2024,2025,US7595091023,0.0
2024,2025,US7607591002,9.154833172578588e-19
2024,2025,US7611521078,0.0
2024,2025,US7703231032,0.0
2024,2025,US7739031091,0.0
2024,2025,US7766961061,1.1422736683062593e-17
2024,2025,US7782961038,1.6402139831292694e-19
2024,2025,US7802871084,4.626380785908772e-19
2024,2025,US7835491082,3.4434700074084303e-19
2024,2025,US78409V1044,0.0
2024,2025,US78410G1040,0.0
2024,2025,US7841171033,0.0
2024,2025,US78440X8873,9.681582884468578e-18
2024,2025,US78442P1066,3.395388163181255e-18
2024,2025,US78454L1008,0.0
2024,2025,US78473E1038,3.912994484031702e-18
2024,2025,US79466L3024,1.8392571181241195e-18
2024,2025,US8064071025,7.960262665166804e-18
2024,2025,US8085131055,0.0
2024,2025,US8101861065,4.86985214044613e-18
2024,2025,US81211K1007,3.030907508871135e-18
2024,2025,US8168511090,0.0
2024,2025,US8175651046,5.231139700838497e-18
2024,2025,US8243481061,4.407490219748294e-18
2024,2025,US8288061091,0.0
2024,2025,US8326964058,0.038153400174877526
2024,2025,US8330341012,9.50228428201645e-18
2024,2025,US8354951027,8.447422344721754e-19
2024,2025,US8425871071,7.315603455544984e-19
2024,2025,US84265V1052,4.877525714520308e-19
2024,2025,US8447411088,7.531171086784167e-19
2024,2025,US8485741099,0.0
2024,2025,US8545021011,3.524058641417401e-18
2024,2025,US8552441094,1.8992519145565124e-18
2024,2025,US8574771031,0.0
2024,2025,US8581191009,1.8055100355433823e-19
2024,2025,US8636671013,0.0
2024,2025,US8716071076,0.0
2024,2025,US87161C5013,0.0
2024,2025,US8718291078,0.0
2024,2025,US8725401090,0.0
2024,2025,US8760301072,0.0
2024,2025,US87612E1064,0.0
2024,2025,US8793691069,6.114232088461523e-19
2024,2025,US8794338298,2.7887783135469436e-19
2024,2025,US8807701029,0.0
2024,2025,US8807791038,0.0
2024,2025,US8816242098,0.0
2024,2025,US8825081040,0.0
2024,2025,US8832031012,2.6922352517586945e-18
2024,2025,US88337F1057,3.9925855622977354e-18
2024,2025,US8835561023,2.185408511035718e-18
2024,2025,US8851601018,6.5782172775249646e-18
2024,2025,US88579Y1010,0.0
2024,2025,US88642R1095,1.4698053821294076e-18
2024,2025,US8873891043,0.0
2024,2025,US8910921084,0.0
2024,2025,US89417E1091,0.0
2024,2025,US8962391004,0.0
2024,2025,US8965221091,2.364394067895666e-18
2024,2025,US89832Q1094,0.0
2024,2025,US9024941034,0.0
2024,2025,US9026531049,0.0
2024,2025,US9026811052,0.0
2024,2025,US9029733048,0.0
2024,2025,US9078181081,1.0403855489903378e-18
2024,2025,US9111631035,2.273760499835982e-18
2024,2025,US9113121068,2.3905951979558873e-18
2024,2025,US9113631090,9.205440415324834e-20
2024,2025,US9129091081,6.366201697145677e-19
2024,2025,US91324P1021,0.0
2024,2025,US91529Y1064,1.5204764718602066e-17
2024,2025,US91822M5022,1.5718126021807612e-18
2024,2025,US91913Y1001,6.118164606786619e-19
2024,2025,US92276F1003,0.0
2024,2025,US92343V1044,0.0035565132849866327
2024,2025,US92532F1003,0.0
2024,2025,US9255501051,0.0
2024,2025,US92556V1061,0.0
2024,2025,US9282981086,0.0
2024,2025,US9290421091,0.0
2024,2025,US9291601097,0.0012796785419168237
2024,2025,US92922P1066,6.081886474943805e-19
2024,2025,US92939U1060,7.386734589412725e-19
2024,2025,US9297401088,1.2428881972863345e-17
2024,2025,US9311421039,0.0
2024,2025,US9314271084,4.75055649267351e-19
2024,2025,US9344231041,0.0
2024,2025,US94106L1098,1.0279981867461094e-18
2024,2025,US9418481035,5.5091092258792096e-18
2024,2025,US9427491025,0.0
2024,2025,US9497461015,0.0
2024,2025,US95040Q1040,0.0
2024,2025,US95058W1009,4.780681075073025e-18
2024,2025,US95082P1057,9.223796168868159e-18
2024,2025,US9581021055,0.0
2024,2025,US9598021098,1.0870221551279708e-17
2024,2025,US9604131022,5.406862423288579e-19
2024,2025,US9621661043,2.1928549374199218e-18
2024,2025,US9633201069,8.735003358910824e-18
2024,2025,US9682232064,0.0
2024,2025,US9694571004,5.80005965532558e-19
2024,2025,US9699041011,7.219655562444491e-18
2024,2025,US9831341071,0.0
2024,2025,US98389B1008,7.611601524775638e-19
2024,2025,US98421M1062,5.92767114057319e-19
2024,2025,US9884981013,0.0
2024,2025,US9892071054,0.0
2024,2025,US98956P1021,1.60025928575387e-17
2024,2025,US9897011071,0.0
