screen_year,investment_year,ISIN,weight
2013,2014,AN8068571086,2.8001456427263226e-06
2013,2014,AT000000STR1,6.929814107850922e-06
2013,2014,AT0000606306,5.559451631588006e-06
2013,2014,AT0000652011,5.464885406480551e-06
2013,2014,AT0000720008,8.715791747710564e-07
2013,2014,AT0000743059,1.5979173800230983e-06
2013,2014,AT0000746409,1.8052440602880033e-06
2013,2014,BE0003470755,3.014251644727759e-06
2013,2014,BE0003565737,5.422824297172446e-06
2013,2014,BE0003593044,1.8187210052069805e-06
2013,2014,BE0003735496,0.0
2013,2014,BE0003739530,5.33118704417984e-07
2013,2014,BE0003755692,2.4444686795941462e-06
2013,2014,BE0003810273,8.429012973900738e-07
2013,2014,BE0974258874,5.362511524201465e-06
2013,2014,BE0974264930,5.636594243693459e-06
2013,2014,BE0974293251,1.658713759731234e-06
2013,2014,CA00208D4084,1.8432818578454735e-06
2013,2014,CA0084741085,0.0
2013,2014,CA00900Q1037,1.323750364156714e-06
2013,2014,CA05534B7604,1.544789708173444e-06
2013,2014,CA0636711016,2.285540649748986e-06
2013,2014,CA0641491075,1.959959937084692e-06
2013,2014,CA0977518616,4.924299959538027e-06
2013,2014,CA1247651088,2.9792633377148428e-06
2013,2014,CA12532H1047,1.194387249996715e-06
2013,2014,CA13321L1085,3.6145068450009e-06
2013,2014,CA1360691010,2.6799610918246524e-06
2013,2014,CA1363751027,1.7972319940272056e-06
2013,2014,CA1363851017,3.0336156533505132e-06
2013,2014,CA13646K1084,2.6122318520668683e-06
2013,2014,CA1366812024,1.811564211399565e-06
2013,2014,CA1367178326,1.9531756742917822e-07
2013,2014,CA2849025093,4.2641300922373483e-07
2013,2014,CA29250N1050,1.0409663411834886e-06
2013,2014,CA2927661025,1.6857383511098823e-06
2013,2014,CA3180714048,3.3843003477652807e-06
2013,2014,CA3359341052,6.4892448176961754e-06
2013,2014,CA3759161035,1.5911913613459043e-06
2013,2014,CA4495861060,2.7912093172148045e-06
2013,2014,CA4530384086,1.1123844564350138e-06
2013,2014,CA45823T1066,1.289648221452563e-06
2013,2014,CA4969024047,1.3551583052023641e-08
2013,2014,CA5592224011,2.747219780741764e-06
2013,2014,CA56501R1064,4.187418496942434e-06
2013,2014,CA59151K1084,4.33114759043649e-06
2013,2014,CA6744822033,1.951128623447557e-06
2013,2014,CA7392391016,2.4208425347033517e-06
2013,2014,CA7751092007,1.3199757521792413e-06
2013,2014,CA7800871021,1.9070955827368907e-06
2013,2014,CA8029121057,1.013001641822125e-06
2013,2014,CA85472N1096,2.808781880648053e-06
2013,2014,CA8667961053,2.749633232497982e-06
2013,2014,CA8672241079,2.8569563484874005e-06
2013,2014,CA87807B1076,1.1776154007587028e-06
2013,2014,CA8787422044,9.410730769322731e-06
2013,2014,CA87971M1032,3.9836680488480896e-07
2013,2014,CA8849038085,1.0215678847365124e-06
2013,2014,CA8911605092,1.6163628899005075e-06
2013,2014,CA89346D1078,1.6303847843111209e-06
2013,2014,CA8959451037,4.458058812840484e-06
2013,2014,CA98462Y1007,3.304576778895877e-07
2013,2014,CH0008742519,0.009892985466245795
2013,2014,CH0010570759,7.204670794091949e-07
2013,2014,CH0010645932,2.4569349684133575e-06
2013,2014,CH0011075394,2.953817894243469e-06
2013,2014,CH0012005267,5.697612974306499e-07
2013,2014,CH0012032048,3.1924246127658745e-08
2013,2014,CH0012138530,2.700654154793884e-06
2013,2014,CH0012138605,3.1435539114591593e-06
2013,2014,CH0012142631,4.5633841078448665e-06
2013,2014,CH0012214059,3.6620405486374257e-06
2013,2014,CH0012221716,3.0361694932212493e-06
2013,2014,CH0012549785,1.2195843218119572e-06
2013,2014,CH0013841017,1.3561833017047714e-06
2013,2014,CH0014786500,0.08266088278502723
2013,2014,CH0014852781,3.188213185331056e-06
2013,2014,CH0018294154,1.7271887155605609e-06
2013,2014,CH0024608827,4.761549616183863e-06
2013,2014,CH0024638212,1.9763734348909696e-06
2013,2014,CH0025238863,2.400297818542356e-06
2013,2014,CH0025751329,4.082488178027821e-06
2013,2014,CH0030170408,1.545811294617323e-06
2013,2014,CH0038388911,3.232177624505809e-06
2013,2014,CH0038863350,1.1030080878904646e-07
2013,2014,CH0044328745,1.1932330940164043e-06
2013,2014,CH0048265513,1.5055268806438434e-06
2013,2014,CH0102484968,2.8595063627866364e-06
2013,2014,CH0126881561,4.764642246311094e-06
2013,2014,CH0210483332,2.0765954354293528e-06
2013,2014,CH0244767585,4.565580854228061e-06
2013,2014,CH0319416936,3.026549632690553e-06
2013,2014,CH0418792922,2.670246026637742e-06
2013,2014,CH1169151003,5.293298553469733e-06
2013,2014,CH1175448666,2.7354689312266783e-06
2013,2014,CH1256740924,1.2944479271054985e-06
2013,2014,DE0005140008,4.439426050211627e-06
2013,2014,DE0005190003,3.132591346661754e-06
2013,2014,DE0005200000,2.472924946562182e-07
2013,2014,DE0005408884,6.631257194963887e-06
2013,2014,DE0005439004,5.728619493499153e-06
2013,2014,DE0005470405,5.156656347616862e-06
2013,2014,DE0005552004,3.6280067733129737e-06
2013,2014,DE0005557508,5.339438171515713e-07
2013,2014,DE0005773303,3.6431909114617683e-06
2013,2014,DE0005810055,2.4848693995556525e-06
2013,2014,DE0005909006,3.4539199303889137e-06
2013,2014,DE0006047004,4.043630397793809e-06
2013,2014,DE0006048432,1.490125622882394e-06
2013,2014,DE0006070006,5.436186246671424e-06
2013,2014,DE0006202005,4.566566866448476e-06
2013,2014,DE0006231004,8.651212011561895e-06
2013,2014,DE0006599905,1.0348176571235711e-06
2013,2014,DE0006602006,4.197843903926978e-06
2013,2014,DE0006969603,3.840094189651872e-06
2013,2014,DE0007037129,1.4291044267950128e-06
2013,2014,DE0007100000,4.9389194473758795e-06
2013,2014,DE0007164600,2.014268092490891e-06
2013,2014,DE0007236101,3.267194708464217e-06
2013,2014,DE0007257503,2.807628829249116e-06
2013,2014,DE0007500001,5.155137806013188e-06
2013,2014,DE0007664039,4.079149269905503e-06
2013,2014,DE0008232125,3.755787974305061e-06
2013,2014,DE0008402215,2.0776250834837526e-06
2013,2014,DE0008404005,4.187625856604435e-06
2013,2014,DE0008430026,2.1927293249211266e-06
2013,2014,DE000A0D9PT0,3.9464886929530005e-06
2013,2014,DE000A0S8488,6.634101321469048e-06
2013,2014,DE000BASF111,3.304812509653462e-06
2013,2014,DE000BAY0017,1.6478176923776367e-06
2013,2014,DE000CBK1001,4.79590270446226e-06
2013,2014,DE000ENAG999,2.403226988858281e-06
2013,2014,DE000KSAG888,3.834214190802675e-06
2013,2014,DE000TUAG505,7.547188122330699e-06
2013,2014,DK0010181759,2.3137645345242e-06
2013,2014,DK0010234467,4.479211245662222e-06
2013,2014,DK0010244508,3.308412240033911e-06
2013,2014,DK0010274414,2.6342690155270238e-06
2013,2014,DK0010287663,3.948101256165657e-06
2013,2014,DK0060079531,4.674992354719608e-06
2013,2014,DK0060336014,1.0122558902733059e-06
2013,2014,DK0060448595,0.04374839306129557
2013,2014,DK0060477503,2.337384319902493e-06
2013,2014,DK0060636678,1.906543623268689e-06
2013,2014,DK0060738599,1.4787762904539132e-06
2013,2014,DK0061539921,4.638777538311203e-06
2013,2014,ES0109427734,3.9808226835973584e-06
2013,2014,ES0112501012,1.7092510677612932e-06
2013,2014,ES0113211835,4.791315242475896e-06
2013,2014,ES0113679I37,2.6158565253213185e-06
2013,2014,ES0113860A34,1.7435565275784876e-06
2013,2014,ES0113900J37,4.225816743143481e-06
2013,2014,ES0116870314,2.1611353299966305e-06
2013,2014,ES0118594417,1.8229626917062491e-06
2013,2014,ES0122060314,1.8776026861426419e-06
2013,2014,ES0124244E34,4.25473824071489e-06
2013,2014,ES0125220311,2.4269615561734818e-06
2013,2014,ES0130670112,2.052791168558539e-06
2013,2014,ES0130960018,2.5668103499011705e-06
2013,2014,ES0132105018,3.611349133611419e-06
2013,2014,ES0144580Y14,2.8282149281972264e-06
2013,2014,ES0148396007,1.94022852162698e-06
2013,2014,ES0152503035,4.466077754303481e-06
2013,2014,ES0161560018,6.085650309983034e-06
2013,2014,ES0167050915,2.0754542352333313e-06
2013,2014,ES0171743901,2.3502610688936553e-06
2013,2014,ES0171996087,3.626690110317102e-06
2013,2014,ES0173093024,1.70395755574256e-06
2013,2014,ES0173516115,2.7717667163261583e-06
2013,2014,ES0178430E18,1.3145296572573023e-06
2013,2014,ES0182870214,3.845348290241691e-06
2013,2014,FI0009000202,2.4454300598159305e-06
2013,2014,FI0009000277,3.2264519426656145e-06
2013,2014,FI0009000459,3.1409537807450685e-06
2013,2014,FI0009000681,2.9131315107687873e-06
2013,2014,FI0009002158,3.5559659559706606e-06
2013,2014,FI0009002422,4.432654484738667e-06
2013,2014,FI0009003727,5.6705797301002314e-06
2013,2014,FI0009005318,4.6057420526784e-06
2013,2014,FI0009005870,3.995807637613382e-06
2013,2014,FI0009005961,4.746655683685455e-06
2013,2014,FI0009005987,4.3212651014786735e-06
2013,2014,FI0009007132,1.5278223486425649e-06
2013,2014,FI0009007694,2.4467953462682793e-06
2013,2014,FI0009007884,1.976366156256406e-06
2013,2014,FI0009013296,2.3546267594709076e-06
2013,2014,FI0009013403,2.9091339157526922e-06
2013,2014,FI0009800643,4.904681492062056e-06
2013,2014,FI4000440664,5.019739450893875e-06
2013,2014,FR0000035081,2.9014709587966976e-06
2013,2014,FR0000039109,2.131905717926882e-06
2013,2014,FR0000044448,4.611897889212033e-06
2013,2014,FR0000045072,4.647727089758236e-06
2013,2014,FR0000054900,3.8832701965086116e-06
2013,2014,FR0000064578,3.5485068840459905e-06
2013,2014,FR0000073272,3.019621834472056e-06
2013,2014,FR0000077919,2.5548868047034557e-06
2013,2014,FR0000120073,1.3489471486493353e-06
2013,2014,FR0000120172,1.032265602906492e-06
2013,2014,FR0000120222,2.7093488472710517e-06
2013,2014,FR0000120271,1.2234216862869245e-06
2013,2014,FR0000120321,1.4680908213760202e-06
2013,2014,FR0000120404,2.8310966538410185e-06
2013,2014,FR0000120503,3.3056300320529796e-06
2013,2014,FR0000120560,1.3699906601822019e-06
2013,2014,FR0000120578,1.2196027293186633e-06
2013,2014,FR0000120628,5.1666663597045125e-06
2013,2014,FR0000120644,1.1138196797960352e-06
2013,2014,FR0000120693,2.5673865016648995e-06
2013,2014,FR0000120859,3.4107717157143342e-06
2013,2014,FR0000120966,0.002358991850680254
2013,2014,FR0000121014,2.8854024231093684e-06
2013,2014,FR0000121121,4.9363377623849105e-06
2013,2014,FR0000121220,1.8740777618637408e-06
2013,2014,FR0000121329,1.732893463650178e-06
2013,2014,FR0000121485,3.006787383064553e-06
2013,2014,FR0000121667,9.102584493893961e-07
2013,2014,FR0000121964,4.2552220904877426e-06
2013,2014,FR0000121972,2.9535689078078784e-06
2013,2014,FR0000124141,3.8744170728827055e-06
2013,2014,FR0000125007,4.3188473905892014e-06
2013,2014,FR0000125338,3.638055101618539e-06
2013,2014,FR0000125486,2.639788129621767e-06
2013,2014,FR0000127771,2.4924243882988265e-06
2013,2014,FR0000130213,2.0421770776095603e-06
2013,2014,FR0000130395,2.799406866798307e-06
2013,2014,FR0000130403,3.218150974802503e-06
2013,2014,FR0000130452,2.624825451604499e-06
2013,2014,FR0000130577,2.922452043219608e-06
2013,2014,FR0000130809,5.1567615860486e-06
2013,2014,FR0000131104,2.7525735277104983e-06
2013,2014,FR0000131906,5.93023890214543e-06
2013,2014,FR0000133308,8.99567173879641e-07
2013,2014,FR0010040865,4.90615744392479e-06
2013,2014,FR0010220475,4.745026592579827e-06
2013,2014,FR0010242511,2.9731462822986413e-06
2013,2014,FR0010307819,2.823303958148092e-06
2013,2014,FR0010313833,5.441553006922057e-06
2013,2014,FR0010340141,2.666868985541742e-06
2013,2014,FR0010533075,4.388542348271181e-06
2013,2014,FR0013176526,5.955210708500109e-06
2013,2014,FR0013280286,5.26499543701995e-07
2013,2014,FR0013326246,2.6309889385732687e-06
2013,2014,FR0013505062,7.76402738323692e-06
2013,2014,FR0013506730,3.773659686682876e-06
2013,2014,FR0014003TT8,2.1289147169305615e-06
2013,2014,GB0000163088,6.566085849690493e-06
2013,2014,GB0000456144,4.170403763103466e-06
2013,2014,GB0000536739,5.841564469132575e-06
2013,2014,GB0000811801,5.3629606488373816e-06
2013,2014,GB0000904986,2.228692972505449e-06
2013,2014,GB0000961622,2.003629406488407e-06
2013,2014,GB0001367019,3.125271530786215e-06
2013,2014,GB0001500809,1.4250707129494189e-06
2013,2014,GB0001638955,7.336515356697757e-07
2013,2014,GB0001826634,1.3739272585732252e-06
2013,2014,GB0001859296,2.709029292805127e-06
2013,2014,GB0002074580,7.132422989742878e-07
2013,2014,GB0002148343,1.012511826902478e-06
2013,2014,GB0002318888,1.0253830188380717e-06
2013,2014,GB0002374006,5.510064441450625e-07
2013,2014,GB0002418548,2.0328343061327444e-06
2013,2014,GB0002634946,1.6267726364306153e-06
2013,2014,GB0002652740,3.239634403529435e-06
2013,2014,GB0002670437,0.00952944369325833
2013,2014,GB0002869419,3.451253804098642e-06
2013,2014,GB0002875804,6.326340637530578e-07
2013,2014,GB0003096442,2.8910880538143747e-06
2013,2014,GB0003308607,4.255167297197121e-06
2013,2014,GB0003452173,2.286575545431697e-06
2013,2014,GB0003753778,1.9968563314454987e-06
2013,2014,GB0004052071,1.613436848175075e-06
2013,2014,GB0004082847,3.837019338807941e-06
2013,2014,GB0004161021,3.218018968126325e-06
2013,2014,GB0004478896,2.8919226396743944e-06
2013,2014,GB0004544929,5.262644072292389e-07
2013,2014,GB0004657408,1.2871817857027509e-06
2013,2014,GB0004726096,2.377156768437139e-06
2013,2014,GB0004866223,3.1898340143157708e-06
2013,2014,GB0004915632,3.0511266533535925e-06
2013,2014,GB0005405286,2.180731326223738e-06
2013,2014,GB0005576813,5.512447384603124e-06
2013,2014,GB0005603997,4.782110483066663e-06
2013,2014,GB0005746358,6.96521396466989e-07
2013,2014,GB0005758098,3.7259541477742175e-06
2013,2014,GB0006027295,5.296359255504034e-06
2013,2014,GB0006215205,4.048461551542482e-06
2013,2014,GB0006731235,7.98623657526838e-07
2013,2014,GB0006776081,1.2980741663219718e-06
2013,2014,GB0006825383,2.0759291783642975e-06
2013,2014,GB0006886666,2.7321502798020475e-06
2013,2014,GB0006928617,4.5572883299310475e-06
2013,2014,GB0007099541,3.831148644098418e-06
2013,2014,GB0007188757,4.129963476475477e-06
2013,2014,GB0007323586,4.9715478763239784e-06
2013,2014,GB0007594764,3.298391711046639e-06
2013,2014,GB0007668071,1.5838258223796038e-06
2013,2014,GB0007669376,2.0577416331673203e-06
2013,2014,GB0007908733,5.813671588188656e-07
2013,2014,GB0007958233,4.860911705150358e-06
2013,2014,GB0007973794,5.112960453868621e-07
2013,2014,GB0007980591,1.2315902979172965e-06
2013,2014,GB0008025412,4.592604134950364e-06
2013,2014,GB0008085614,1.4869707990741865e-06
2013,2014,GB0008220112,5.880915394028565e-06
2013,2014,GB0008706128,5.0148589223792665e-06
2013,2014,GB0008782301,7.72534603360274e-06
2013,2014,GB0009067447,0.009915189059514799
2013,2014,GB0009123323,1.8899201889155942e-06
2013,2014,GB0009223206,8.909960226022735e-07
2013,2014,GB0009292243,1.8056293897946437e-06
2013,2014,GB0009465807,3.5069753801278707e-06
2013,2014,GB0009697037,1.1713580445053619e-06
2013,2014,GB0009895292,1.3346179013051585e-07
2013,2014,GB0022569080,1.8241245063508434e-06
2013,2014,GB0030232317,4.513310480745303e-06
2013,2014,GB0030913577,2.4480237262407196e-06
2013,2014,GB0031274896,7.645311512110137e-07
2013,2014,GB0031348658,7.001032517014066e-06
2013,2014,GB0031638363,1.4853453766143922e-06
2013,2014,GB0031743007,4.28287322355248e-06
2013,2014,GB0032089863,1.7167262329688694e-06
2013,2014,GB0033195214,2.4015876259013916e-06
2013,2014,GB0033986497,4.600942895486313e-06
2013,2014,GB00B012BV22,3.0961211166272027e-06
2013,2014,GB00B012TP20,1.952511236217273e-06
2013,2014,GB00B019KW72,1.3107369271782102e-06
2013,2014,GB00B02J6398,1.747521649974876e-06
2013,2014,GB00B033F229,6.228875126316747e-07
2013,2014,GB00B03HDJ73,0.03417267339399358
2013,2014,GB00B04V1276,6.936773099128412e-06
2013,2014,GB00B06QFB75,2.3991882976814342e-06
2013,2014,GB00B0744359,2.191036980503669e-06
2013,2014,GB00B0744B38,6.739057408916419e-07
2013,2014,GB00B082RF11,3.134599721274781e-06
2013,2014,GB00B0FYMT95,1.950272971029052e-06
2013,2014,GB00B0KM9T71,5.956306244905234e-06
2013,2014,GB00B0LCW083,1.4223481369934297e-06
2013,2014,GB00B0SWJX34,3.7896967578308617e-06
2013,2014,GB00B0WMWD03,3.280771541874239e-07
2013,2014,GB00B0YG1K06,2.0969326581918524e-06
2013,2014,GB00B132NW22,7.361289415367971e-06
2013,2014,GB00B135BJ46,2.0555599652199793e-06
2013,2014,GB00B18P5K83,2.4385421074137053e-06
2013,2014,GB00B19Z1432,1.6348039246898436e-06
2013,2014,GB00B1FH8J72,1.0487065125004536e-07
2013,2014,GB00B1FP6H53,2.795701676374608e-06
2013,2014,GB00B1FW5029,1.8766739904074642e-06
2013,2014,GB00B1JQDM80,3.2005630122532264e-06
2013,2014,GB00B1KJJ408,1.9936351697693654e-06
2013,2014,GB00B1P6ZR11,1.6696391949503154e-06
2013,2014,GB00B1VNSX38,1.6267788699479266e-06
2013,2014,GB00B1WY2338,1.9117835204610735e-06
2013,2014,GB00B1XH2C03,1.635740805379747e-05
2013,2014,GB00B1YW4409,2.8339381096970655e-06
2013,2014,GB00B2B0DG97,4.3585783098686485e-07
2013,2014,GB00B2NGPM57,5.299370394776267e-06
2013,2014,GB00B2PDGW16,2.2120533599474925e-07
2013,2014,GB00B39J2M42,3.2344074411189913e-07
2013,2014,GB00B3DGH821,0.02763845303118582
2013,2014,GB00B3FLWH99,3.2924019799732037e-06
2013,2014,GB00B45C9X44,1.181891786381255e-06
2013,2014,GB00B572ZV91,0.0011878963323120294
2013,2014,GB00B5N0P849,1.7430295779750678e-06
2013,2014,GB00B5ZN1N88,4.660395821998532e-06
2013,2014,GB00B61TVQ02,4.818180440098415e-06
2013,2014,GB00B63H8491,2.2600082938957664e-06
2013,2014,GB00B63QSB39,1.3206241418380454e-07
2013,2014,GB00B67G5X01,3.6698125230801113e-06
2013,2014,GB00B6YTLS95,1.6558647355665282e-06
2013,2014,GB00B7KR2P84,2.082328424848813e-06
2013,2014,GB00B82YXW83,4.227798470844351e-06
2013,2014,GB00B8C3BL03,1.512654631788283e-06
2013,2014,GB00BD6K4575,5.052217079308798e-07
2013,2014,GB00BDCPN049,2.660632857734525e-06
2013,2014,GB00BDR05C01,7.001771191415334e-07
2013,2014,GB00BF044593,2.941792899395859e-06
2013,2014,GB00BF5H9P87,2.7232040148109226e-06
2013,2014,GB00BF8Q6K64,2.974069148940856e-06
2013,2014,GB00BG11K365,2.2497297993672913e-06
2013,2014,GB00BGDT3G23,2.5495254442643762e-06
2013,2014,GB00BGLP8L22,3.883618383134125e-06
2013,2014,GB00BH4HKS39,1.088167828795623e-06
2013,2014,GB00BHJYC057,2.129168722695418e-06
2013,2014,GB00BJ1F4N75,1.1207724505641806e-06
2013,2014,GB00BJFFLV09,2.2723117651315722e-06
2013,2014,GB00BJQZC279,3.384660265825588e-06
2013,2014,GB00BK9RKT01,6.665795510446163e-06
2013,2014,GB00BKP36R26,4.030706723552995e-06
2013,2014,GB00BKY40Q38,2.8050204195907143e-06
2013,2014,GB00BL6XZ716,7.043708292371766e-06
2013,2014,GB00BLGZ9862,8.400921695200899e-07
2013,2014,GB00BM8PJY71,6.6967610191352095e-06
2013,2014,GB00BMJ6DW54,2.9833841145402133e-06
2013,2014,GB00BN7SWP63,5.05668495688666e-07
2013,2014,GB00BNGDN821,3.801316146695302e-06
2013,2014,GB00BNNTLN49,7.389851346507851e-07
2013,2014,GB00BNR4T868,5.6242926340081e-06
2013,2014,GB00BP6MXD84,1.1995116163508723e-06
2013,2014,GB00BP92CJ43,1.6507197988601278e-06
2013,2014,GB00BP9LHF23,3.172981293068201e-06
2013,2014,GB00BPQY8M80,3.6633612742459304e-06
2013,2014,GB00BRB37M78,0.024964349300342092
2013,2014,GB00BV9FP302,1.270576447683737e-06
2013,2014,GB00BVFNZH21,1.618025523813311e-06
2013,2014,GB00BWFGQN14,1.730413412288187e-06
2013,2014,GB00BYQ0JC66,2.356295776665585e-06
2013,2014,GB00BYT1DJ19,5.361816276831203e-06
2013,2014,GB00BYW0PQ60,3.7166256159785873e-06
2013,2014,GB00BYYTFB60,8.770819621549729e-07
2013,2014,GB00BZ4BQC70,2.979018128357252e-06
2013,2014,IE0001827041,2.674842492756992e-06
2013,2014,IE0002424939,1.699764714324755e-06
2013,2014,IE0003864109,2.6474196920727132e-06
2013,2014,IE0004927939,3.7768453819684638e-06
2013,2014,IE00B4BNMY34,1.539776459156062e-06
2013,2014,IE00B8KQN827,2.844351946011199e-06
2013,2014,IE00BD1RP616,5.888149277265245e-06
2013,2014,IE00BF0L3536,4.577073547607185e-06
2013,2014,IE00BK9ZQ967,4.875614503538662e-06
2013,2014,IE00BLP1HW54,9.507686800490961e-07
2013,2014,IE00BTN1Y115,1.127817394028918e-06
2013,2014,IE00BY7QL619,2.4540916814464043e-06
2013,2014,IL0002810146,2.4837358914918495e-06
2013,2014,IL0006046119,3.5856376210861064e-06
2013,2014,IL0006625771,3.080674005967965e-06
2013,2014,IL0006954379,2.2655381336873146e-06
2013,2014,IL0010811243,1.2261631344707656e-06
2013,2014,IT0000062072,2.836971152892807e-06
2013,2014,IT0000062957,2.7151112978310883e-06
2013,2014,IT0000072618,3.5768217349684886e-06
2013,2014,IT0001137345,3.365762507153074e-06
2013,2014,IT0001233417,1.720533533365486e-06
2013,2014,IT0001347308,3.9569907645826625e-06
2013,2014,IT0001469383,2.3761633049495172e-06
2013,2014,IT0003128367,2.0651830741345117e-06
2013,2014,IT0003132476,1.6311239535460198e-06
2013,2014,IT0003153415,4.956663252049538e-07
2013,2014,IT0003242622,9.159800866117343e-07
2013,2014,IT0003497168,1.1468429263760355e-06
2013,2014,IT0003506190,1.7835370590491713e-06
2013,2014,IT0003856405,2.4158144274860073e-06
2013,2014,IT0004810054,2.4980481817334554e-06
2013,2014,IT0005239360,4.778544056669983e-06
2013,2014,IT0005495657,4.005080006654215e-06
2013,2014,IT0005508921,1.7499555852272303e-06
2013,2014,JE00B8KF9B49,2.801187678199486e-06
2013,2014,JE00BJ1DLW90,2.4340813735736533e-06
2013,2014,LR0008862868,7.008294061935121e-06
2013,2014,LU0075646355,3.809291609263435e-06
2013,2014,NL0000008977,9.433796397138287e-07
2013,2014,NL0000009082,0.0
2013,2014,NL0000009165,8.154442783279263e-07
2013,2014,NL0000009538,3.439087887126856e-06
2013,2014,NL0000226223,3.172847478883476e-06
2013,2014,NL0000235190,2.157230169844355e-06
2013,2014,NL0000289213,2.5180174327065267e-06
2013,2014,NL0000337319,4.473370436400372e-06
2013,2014,NL0000360618,1.8627697422131845e-06
2013,2014,NL0000379121,4.382854361508393e-06
2013,2014,NL0000395903,1.603924762901707e-06
2013,2014,NL0009432491,2.9521799099800745e-06
2013,2014,NL0010273215,3.138558538106361e-06
2013,2014,NL0010583399,2.6372962094754805e-06
2013,2014,NL0011794037,6.612768596200186e-07
2013,2014,NL0011821202,7.55013667087882e-06
2013,2014,NL0013267909,2.8223344699941114e-06
2013,2014,NL00150001Q9,5.035747986368051e-06
2013,2014,NL0015001FS8,4.350953335515013e-06
2013,2014,NO0003028904,6.785792405546876e-06
2013,2014,NO0003053605,5.158416840875825e-06
2013,2014,NO0003054108,0.015493215663759984
2013,2014,NO0003733800,3.2298652493989113e-06
2013,2014,NO0005052605,4.3412901371678145e-06
2013,2014,NO0010063308,2.957036186188299e-06
2013,2014,NO0010096985,1.7847693560441154e-06
2013,2014,NO0010112675,8.702865913268058e-06
2013,2014,NO0010199151,4.81155381101661e-06
2013,2014,NO0010208051,4.262415961372541e-06
2013,2014,NO0010861990,2.924889776745458e-06
2013,2014,NO0012470089,2.392908603133867e-06
2013,2014,PA1436583006,2.5988142140612956e-06
2013,2014,PTBCP0AM0015,2.6926127684172175e-06
2013,2014,PTEDP0AM0009,1.4997197161736316e-06
2013,2014,PTJMT0AE0001,2.2145221766738004e-06
2013,2014,PTSON0AM0001,2.4739907287896094e-06
2013,2014,PTZON0AM0006,2.346663150700072e-06
2013,2014,SE0000106270,2.0370258835045992e-06
2013,2014,SE0000108227,4.187058269127774e-06
2013,2014,SE0000108656,2.010388931129567e-06
2013,2014,SE0000112724,3.2357563776803907e-06
2013,2014,SE0000113250,4.543415967364461e-06
2013,2014,SE0000114837,1.1849777327676447e-05
2013,2014,SE0000148884,4.796334178226844e-06
2013,2014,SE0000163594,2.7126812867189687e-06
2013,2014,SE0000163628,2.187407242577238e-06
2013,2014,SE0000171100,4.20907255665308e-06
2013,2014,SE0000190126,4.585580667015464e-06
2013,2014,SE0000202624,2.7441274121357045e-06
2013,2014,SE0000242455,7.381204947100199e-06
2013,2014,SE0000379190,3.210720267938387e-06
2013,2014,SE0000667891,4.139803479618044e-06
2013,2014,SE0000667925,2.2383662703436377e-06
2013,2014,SE0000695876,3.464476036592821e-06
2013,2014,SE0000806994,6.115086155679513e-06
2013,2014,SE0000862997,7.06672154553017e-06
2013,2014,SE0000949331,5.519002506225999e-06
2013,2014,SE0001662230,4.105061241624538e-06
2013,2014,SE0003366871,4.632690117721744e-06
2013,2014,SE0005190238,3.0006504549506344e-06
2013,2014,SE0006993770,1.8756600179109378e-06
2013,2014,SE0007100581,2.8490275570745326e-06
2013,2014,SE0007100599,3.434631411594456e-06
2013,2014,SE0011090018,3.481741591411553e-06
2013,2014,SE0011166974,5.037601453464878e-06
2013,2014,SE0011256312,1.4032086646915422e-05
2013,2014,SE0015811955,3.415540230369314e-06
2013,2014,SE0015812219,6.632770464694732e-07
2013,2014,SE0016589188,4.205074150641266e-06
2013,2014,SE0017486889,4.023919940205276e-06
2013,2014,SE0018012494,6.013878845092149e-06
2013,2014,SE0018012635,3.200527422730778e-06
2013,2014,SE0020050417,5.598185506110126e-06
2013,2014,US0010551028,3.885548437634956e-06
2013,2014,US00130H1059,1.964146890884416e-06
2013,2014,US00206R1023,2.9136582791379783e-07
2013,2014,US0028241000,0.0
2013,2014,US0028962076,2.255274661544272e-06
2013,2014,US00724F1012,3.123841957299669e-06
2013,2014,US0079031078,3.57012515674692e-06
2013,2014,US0082521081,4.900852664823598e-06
2013,2014,US00846U1016,3.1560054650038982e-06
2013,2014,US0091581068,2.0205312901056616e-06
2013,2014,US00971T1016,0.0017815981499112326
2013,2014,US0126531013,3.5220992615007403e-06
2013,2014,US0185811082,1.9897907947847513e-06
2013,2014,US0188021085,0.0
2013,2014,US0200021014,2.705877693005111e-06
2013,2014,US02079K3059,1.1930172980118967e-06
2013,2014,US02209S1033,2.5629402377929886e-07
2013,2014,US0236081024,8.995940079019809e-07
2013,2014,US0255371017,1.0128008378121649e-06
2013,2014,US0258161092,5.139039274813625e-06
2013,2014,US0268747849,5.9505645000015245e-06
2013,2014,US03027X1000,6.655435877799228e-07
2013,2014,US0311621009,1.1174325667129515e-06
2013,2014,US0326541051,1.6745483245455519e-06
2013,2014,US0367521038,1.1739187610035858e-06
2013,2014,US03743Q1085,1.7525618617334738e-06
2013,2014,US0378331005,1.8916844550744793e-06
2013,2014,US0382221051,2.7080952664573973e-06
2013,2014,US0441861046,6.410084962907351e-06
2013,2014,US0527691069,3.969897664984528e-06
2013,2014,US0530151036,5.301968384623814e-07
2013,2014,US0534841012,2.4273035749351808e-06
2013,2014,US0536111091,2.5805189451621125e-06
2013,2014,US0538071038,3.557567738194951e-06
2013,2014,US0584981064,3.256783368582634e-07
2013,2014,US0605051046,3.110952023303998e-06
2013,2014,US0640581007,0.0
2013,2014,US0708301041,2.683108374981669e-06
2013,2014,US0718131099,4.0064204533544784e-07
2013,2014,US0758871091,0.0
2013,2014,US0865161014,1.1842399216251415e-06
2013,2014,US09062X1037,8.79791057473712e-07
2013,2014,US0970231058,1.2311786860224408e-06
2013,2014,US1011371077,1.4179197123896057e-06
2013,2014,US1101221083,0.0
2013,2014,US1156372096,1.4562453603861983e-06
2013,2014,US12504L1098,7.4070200495007665e-06
2013,2014,US1255231003,2.605897424225672e-06
2013,2014,US1258961002,1.1029348232269193e-06
2013,2014,US1264081035,2.2983684773273086e-06
2013,2014,US12653C1080,2.0005984539558692e-06
2013,2014,US1266501006,5.180831379553346e-07
2013,2014,US1270551013,3.916360865114312e-06
2013,2014,US1344291091,0.0
2013,2014,US14040H1059,2.9776912576166064e-06
2013,2014,US14149Y1082,1.5077894029631792e-06
2013,2014,US1491231015,4.540207189326795e-06
2013,2014,US1508701034,6.724624019046703e-06
2013,2014,US15189T1079,1.1249577338035877e-06
2013,2014,US1667641005,7.644054760502819e-07
2013,2014,US1720621010,1.0413231062527255e-06
2013,2014,US17275R1023,1.9281978970800737e-06
2013,2014,US1729674242,4.145975141540031e-06
2013,2014,US1858991011,6.923175849649501e-06
2013,2014,US1890541097,2.636763588262272e-07
2013,2014,US1912161007,6.109831938246181e-09
2013,2014,US1924461023,2.0564625318278958e-06
2013,2014,US1941621039,0.0
2013,2014,US2003401070,1.15085784903774e-06
2013,2014,US2058871029,8.180668776276271e-07
2013,2014,US20825C1045,1.322074575291914e-06
2013,2014,US2091151041,0.10547711621378528
2013,2014,US21036P1084,1.354940389285395e-06
2013,2014,US22160K1051,0.0
2013,2014,US2283681060,1.2559979624853824e-06
2013,2014,US2310211063,4.2964696764383234e-06
2013,2014,US2333311072,9.058574601374343e-07
2013,2014,US23355L1061,1.0514665193448303e-06
2013,2014,US2371941053,1.157599036313725e-06
2013,2014,US2441991054,3.2680964790448535e-06
2013,2014,US2473617023,1.6548492983862164e-06
2013,2014,US25179M1036,1.342745845628602e-06
2013,2014,US2546871060,1.8470803589016701e-06
2013,2014,US25746U1097,2.893739701549058e-07
2013,2014,US2600031080,2.275400764323608e-06
2013,2014,US26441C2044,0.0
2013,2014,US26875P1012,1.204294983077585e-06
2013,2014,US26884L1098,9.122548339815321e-07
2013,2014,US2774321002,4.824949308667876e-06
2013,2014,US2786421030,3.628971018211227e-06
2013,2014,US2788651006,9.449740667647996e-07
2013,2014,US2810201077,4.2954187804389606e-07
2013,2014,US28176E1082,4.319508342095689e-07
2013,2014,US2910111044,2.596876908002153e-06
2013,2014,US29364G1031,2.885497859554299e-07
2013,2014,US29670G1022,0.05319798015115603
2013,2014,US30040W1080,3.3683792138501583e-07
2013,2014,US30161N1019,6.895409134992822e-07
2013,2014,US3021301094,0.0038236331425744153
2013,2014,US30231G1022,3.360012397907136e-07
2013,2014,US3024913036,1.574833558590836e-06
2013,2014,US31428X1063,2.5204228312304594e-06
2013,2014,US3156161024,2.9614877618045584e-06
2013,2014,US3167731005,2.3842580021223955e-06
2013,2014,US3379321074,9.2937132630556e-07
2013,2014,US3434121022,1.5717052241930215e-06
2013,2014,US34354P1057,3.3246525806832405e-06
2013,2014,US3453708600,7.738559066331349e-06
2013,2014,US3546131018,2.8193259028749016e-06
2013,2014,US35671D8570,4.15371645618167e-06
2013,2014,US3647601083,9.360477128075336e-07
2013,2014,US3703341046,0.0955630461782369
2013,2014,US37045V1008,1.1050126496629264e-06
2013,2014,US3719011096,3.807572750400139e-06
2013,2014,US37247D1063,1.751200608274857e-06
2013,2014,US3755581036,2.1690842320368257e-07
2013,2014,US38141G1040,2.812063138107469e-06
2013,2014,US3825501014,7.96690346633559e-06
2013,2014,US3848021040,1.4776365644847272e-06
2013,2014,US3976241071,2.9364463927604362e-06
2013,2014,US40434L1052,2.3335226536966106e-06
2013,2014,US4062161017,3.608764287689893e-06
2013,2014,US4128221086,5.8974674779273464e-06
2013,2014,US4165151048,6.8896153273297265e-06
2013,2014,US4180561072,2.1869398657891766e-06
2013,2014,US4198701009,6.48429149754387e-07
2013,2014,US42250P1030,3.3595321072100247e-06
2013,2014,US4278661081,0.07583914246228601
2013,2014,US42809H1077,7.396338504256553e-07
2013,2014,US4370761029,1.2913049010813252e-06
2013,2014,US4385161066,2.3762177736349865e-06
2013,2014,US4404521001,4.378842387273198e-08
2013,2014,US44107P1049,5.833501490751538e-06
2013,2014,US4448591028,2.022698305224261e-06
2013,2014,US4456581077,7.358211454291763e-07
2013,2014,US4461501045,1.835150077771696e-06
2013,2014,US4470111075,5.912850688484928e-06
2013,2014,US45073V1089,1.714181668639791e-06
2013,2014,US4523081093,1.2958376967789909e-06
2013,2014,US4581401001,1.2236712011436914e-06
2013,2014,US4592001014,1.4506063753773672e-06
2013,2014,US4595061015,1.3118544909949668e-06
2013,2014,US4601461035,5.574440989326757e-06
2013,2014,US4612021034,0.0
2013,2014,US46284V1017,1.4738760605122734e-06
2013,2014,US4657411066,8.550846303557973e-07
2013,2014,US46625H1005,2.349142501504778e-06
2013,2014,US4663131039,4.52727618713177e-06
2013,2014,US46982L1089,1.996466570022405e-06
2013,2014,US4781601046,2.887128178442208e-07
2013,2014,US48020Q1076,3.867295651008203e-06
2013,2014,US48203R1041,3.412134622459673e-06
2013,2014,US48242W1062,1.4855915204283092e-06
2013,2014,US4824801009,4.5362112269089965e-06
2013,2014,US4878361082,0.016584192870209086
2013,2014,US4891701009,3.257377240545772e-06
2013,2014,US4932671088,0.0
2013,2014,US4943681035,0.0
2013,2014,US49446R1095,5.6519953379484615e-06
2013,2014,US4972661064,1.7189206896069e-06
2013,2014,US5002551043,1.2008201155666405e-06
2013,2014,US5010441013,0.0
2013,2014,US5178341070,1.0747602069509739e-05
2013,2014,US5184391044,2.114118683954624e-06
2013,2014,US5324571083,5.987408704435812e-07
2013,2014,US5339001068,3.917118786633367e-06
2013,2014,US5341871094,5.444927760566115e-06
2013,2014,US5398301094,9.970408052530846e-07
2013,2014,US5486611073,1.5056691229954853e-06
2013,2014,US5502411037,1.3123368607400704e-07
2013,2014,US5526761086,1.7995843848625417e-06
2013,2014,US5529531015,1.3379168083312737e-05
2013,2014,US5635714059,7.62521265648419e-06
2013,2014,US56418H1005,3.7710605838096505e-06
2013,2014,US5658491064,2.2519558749427235e-06
2013,2014,US5717481023,1.3430879269501106e-06
2013,2014,US5719032022,2.7115550338220415e-06
2013,2014,US5738741041,2.664123750670756e-06
2013,2014,US5745991068,4.321950971938241e-06
2013,2014,US57636Q1040,1.8590416582038078e-06
2013,2014,US5770811025,2.375865373844201e-06
2013,2014,US5797802064,1.7327561091702414e-07
2013,2014,US5801351017,2.853991006424752e-07
2013,2014,US58155Q1031,8.376491213730687e-07
2013,2014,US58933Y1055,0.0
2013,2014,US59156R1086,3.9757261256142426e-06
2013,2014,US5926881054,2.004501490535527e-06
2013,2014,US5949181045,5.577299183158264e-07
2013,2014,US5950171042,1.40871777638378e-06
2013,2014,US5951121038,1.8031497763184696e-06
2013,2014,US6005441000,1.7010017209464342e-06
2013,2014,US6081901042,5.677895280773861e-06
2013,2014,US60871R2094,1.0560899525693083e-06
2013,2014,US6092071058,8.71517266307248e-07
2013,2014,US6174464486,1.9079020069899078e-06
2013,2014,US61945C1036,2.051610705783326e-06
2013,2014,US6200763075,2.9820749621579274e-06
2013,2014,US6293775085,3.51931532944187e-07
2013,2014,US6311031081,9.147699837712897e-07
2013,2014,US6365181022,2.7562646794063197e-06
2013,2014,US64110D1046,2.722741469556713e-06
2013,2014,US6512291062,4.273855516547475e-06
2013,2014,US6516391066,0.03274525932599626
2013,2014,US65339F1012,6.242564947222096e-07
2013,2014,US6541061031,1.226362212240943e-06
2013,2014,US65473P1057,1.4303660295844203e-06
2013,2014,US6556641008,3.7012229463432883e-06
2013,2014,US6558441084,1.9011544804733713e-06
2013,2014,US6658591044,9.334208965427823e-07
2013,2014,US6668071029,1.4250770431198697e-06
2013,2014,US6687711084,2.4666175420327676e-06
2013,2014,US67066G1040,4.0984531428131765e-06
2013,2014,US6708371033,9.232302539202109e-07
2013,2014,US67098H1041,5.8779964595852255e-06
2013,2014,US6745991058,1.244696364893566e-06
2013,2014,US6819191064,2.6699132100263846e-06
2013,2014,US6826801036,2.1383482246777766e-06
2013,2014,US68389X1054,1.5699154844302115e-06
2013,2014,US6866881021,1.2406614490277287e-06
2013,2014,US6882392011,6.054425817672632e-06
2013,2014,US69331C1080,0.011718072556209665
2013,2014,US6934751057,1.8074563718729516e-06
2013,2014,US6935061076,2.269385539804347e-06
2013,2014,US69351T1060,0.027998233298962158
2013,2014,US6936561009,3.5932905264295254e-06
2013,2014,US6937181088,3.5662006314611405e-06
2013,2014,US7010941042,2.8814953300803373e-06
2013,2014,US70211M1099,1.3202362523100616e-06
2013,2014,US7134481081,1.1562017295105483e-08
2013,2014,US7140461093,1.2857577727206962e-06
2013,2014,US7170811035,3.057636585237742e-08
2013,2014,US7234841010,9.295967583374991e-07
2013,2014,US7244791007,1.3056242424225317e-06
2013,2014,US7310681025,4.664414944202827e-06
2013,2014,US74144T1088,3.2917513238042274e-06
2013,2014,US74251V1026,7.270428990865014e-06
2013,2014,US7427181091,1.3240575239892862e-07
2013,2014,US7433151039,1.260918024891051e-06
2013,2014,US74340W1036,4.816677289330906e-06
2013,2014,US7443201022,4.951424009449044e-06
2013,2014,US7445731067,5.786465939013578e-07
2013,2014,US7475251036,2.1144933500464268e-06
2013,2014,US74834L1008,0.05409393060689493
2013,2014,US75281A1097,0.010603687699899698
2013,2014,US75513E1010,1.2620885774126517e-06
2013,2014,US7588491032,4.109899747924319e-06
2013,2014,US7739031091,4.238915534312996e-06
2013,2014,US7835491082,2.573394165829678e-06
2013,2014,US78409V1044,2.4376568166875197e-06
2013,2014,US78440X8873,5.206989326813696e-06
2013,2014,US79466L3024,3.196418518526227e-06
2013,2014,US8101861065,4.1240104308286755e-07
2013,2014,US81211K1007,3.512608577150189e-06
2013,2014,US8168511090,8.336902499580771e-07
2013,2014,US8243481061,6.159551707137272e-07
2013,2014,US8288061091,4.173541914436834e-06
2013,2014,US8326964058,1.052049129211934e-06
2013,2014,US8354951027,1.8250078799746169e-06
2013,2014,US8425871071,0.029453979099024124
2013,2014,US84265V1052,3.7348461166317072e-06
2013,2014,US8447411088,1.8727338475229354e-06
2013,2014,US8545021011,3.104848018472454e-06
2013,2014,US8552441094,1.5040799491313531e-06
2013,2014,US8574771031,1.0786814000660036e-06
2013,2014,US8676524064,6.283780003048259e-06
2013,2014,US8718291078,7.971026840265702e-07
2013,2014,US8725401090,0.020519971854386834
2013,2014,US87612E1064,1.2327320752924005e-06
2013,2014,US8807701029,4.676556701153366e-06
2013,2014,US8816242098,0.058583011814485775
2013,2014,US8825081040,1.57266562313643e-06
2013,2014,US8832031012,6.671098931218761e-06
2013,2014,US88337F1057,5.751815622209561e-06
2013,2014,US8835561023,9.313124018966525e-07
2013,2014,US88579Y1010,1.1250245940213078e-06
2013,2014,US89417E1091,9.452334405590357e-07
2013,2014,US89832Q1094,1.9912679008032912e-06
2013,2014,US9024941034,8.274099954323488e-07
2013,2014,US9029733048,1.6654716376509585e-06
2013,2014,US9078181081,2.2140698146019042e-06
2013,2014,US9111631035,7.444633371940205e-07
2013,2014,US9113121068,9.208591244411134e-07
2013,2014,US9129091081,6.153449082295559e-06
2013,2014,US91529Y1064,4.320862087815651e-06
2013,2014,US91822M5022,0.0
2013,2014,US91913Y1001,1.7730828981454822e-06
2013,2014,US92276F1003,3.278336480381882e-06
2013,2014,US92343V1044,5.413098088487139e-07
2013,2014,US9255501051,5.400141253030509e-06
2013,2014,US9291601097,2.4821964360234737e-06
2013,2014,US92939U1060,0.0007467777277738014
2013,2014,US9311421039,0.13749502221610096
2013,2014,US9314271084,2.0900039440761574e-06
2013,2014,US94106L1098,5.395186676729923e-07
2013,2014,US9418481035,1.7560879341190489e-06
2013,2014,US9497461015,1.7280479907550145e-06
2013,2014,US95040Q1040,2.472414985267707e-06
2013,2014,US9581021055,2.3725754227274924e-06
2013,2014,US9621661043,3.533153120384851e-06
2013,2014,US9633201069,4.423205920805368e-06
2013,2014,US9694571004,2.337797242331913e-06
2013,2014,US98389B1008,6.854306140424862e-07
2013,2014,US9839191015,2.129061866189751e-06
2013,2014,US98421M1062,3.1562324677530564e-06
2013,2014,US9884981013,1.7800077052785508e-06
2013,2014,US98956P1021,2.1194390195974896e-06
2014,2015,AN8068571086,1.293496972010368e-19
2014,2015,AT000000STR1,1.5665868967877356e-19
2014,2015,AT0000606306,2.217945565827677e-19
2014,2015,AT0000652011,1.074416700218476e-19
2014,2015,AT0000720008,1.5507630130417696e-20
2014,2015,AT0000743059,0.0
2014,2015,AT0000746409,0.0
2014,2015,BE0003470755,5.352342211715924e-21
2014,2015,BE0003565737,2.6684896086178264e-20
2014,2015,BE0003593044,6.409666869102549e-20
2014,2015,BE0003735496,1.7721558938175224e-19
2014,2015,BE0003739530,7.933767243910368e-20
2014,2015,BE0003755692,1.050462345898069e-19
2014,2015,BE0003810273,7.118042416539081e-20
2014,2015,BE0974258874,1.3979826423385722e-20
2014,2015,BE0974264930,2.344727224818383e-20
2014,2015,BE0974293251,0.0
2014,2015,CA00208D4084,2.5223038990714535e-19
2014,2015,CA0084741085,2.5168082766542614e-19
2014,2015,CA00900Q1037,1.0662983896330881e-19
2014,2015,CA05534B7604,0.0
2014,2015,CA0636711016,0.0
2014,2015,CA0641491075,5.728682045062856e-20
2014,2015,CA0977518616,1.9003238445363546e-19
2014,2015,CA1247651088,6.406665221900506e-20
2014,2015,CA12532H1047,0.0
2014,2015,CA13321L1085,0.0
2014,2015,CA1360691010,1.2189991966443212e-20
2014,2015,CA1363751027,0.0
2014,2015,CA1363851017,6.491611212052783e-20
2014,2015,CA13646K1084,0.0
2014,2015,CA1366812024,1.5936736813008395e-20
2014,2015,CA1367178326,0.0
2014,2015,CA2849025093,1.4050263360452375e-20
2014,2015,CA29250N1050,2.3929282726694535e-20
2014,2015,CA2927661025,1.1408459768735497e-19
2014,2015,CA3180714048,2.1556285145126823e-19
2014,2015,CA3359341052,0.0
2014,2015,CA3495531079,0.0
2014,2015,CA3759161035,0.0
2014,2015,CA4495861060,1.2390826764425825e-19
2014,2015,CA4530384086,5.982047647749915e-20
2014,2015,CA45823T1066,0.0
2014,2015,CA4969024047,0.0
2014,2015,CA5394811015,0.005029724161625574
2014,2015,CA5592224011,6.984198047385638e-20
2014,2015,CA56501R1064,6.520321938661675e-20
2014,2015,CA59151K1084,1.3980076526518761e-19
2014,2015,CA6744822033,1.2635522646083124e-19
2014,2015,CA7392391016,6.502321555883104e-20
2014,2015,CA7751092007,1.2243653461728715e-19
2014,2015,CA7800871021,0.0
2014,2015,CA8029121057,0.0
2014,2015,CA85472N1096,7.987023910582163e-20
2014,2015,CA8667961053,1.6721646232061223e-19
2014,2015,CA8672241079,1.5338789117651838e-19
2014,2015,CA87807B1076,2.177926651356952e-20
2014,2015,CA8787422044,0.0
2014,2015,CA87971M1032,0.0
2014,2015,CA8849038085,9.049374158327534e-20
2014,2015,CA8911605092,0.0
2014,2015,CA89346D1078,1.144639246038109e-19
2014,2015,CA8959451037,2.5772478996503765e-19
2014,2015,CA98462Y1007,0.0
2014,2015,CH0008038389,7.78128155508382e-20
2014,2015,CH0008742519,1.0380402705537944e-19
2014,2015,CH0010570759,1.477220433914352e-19
2014,2015,CH0010645932,1.339500381343671e-19
2014,2015,CH0011075394,4.7474788989230144e-20
2014,2015,CH0012005267,7.872343024171052e-20
2014,2015,CH0012032048,1.6485464285276223e-20
2014,2015,CH0012138530,0.0
2014,2015,CH0012138605,9.202894664223904e-20
2014,2015,CH0012142631,1.6340715303802138e-19
2014,2015,CH0012214059,1.6337255206673819e-19
2014,2015,CH0012221716,1.0331461921743139e-19
2014,2015,CH0012549785,2.0123551995851843e-19
2014,2015,CH0013841017,6.405297288925656e-20
2014,2015,CH0014786500,0.051032536128507645
2014,2015,CH0014852781,0.0
2014,2015,CH0018294154,1.373467168307544e-19
2014,2015,CH0024608827,2.160806458365004e-19
2014,2015,CH0024638212,1.5646752282215895e-19
2014,2015,CH0025238863,6.173557186031783e-21
2014,2015,CH0025751329,1.2808205530428106e-19
2014,2015,CH0030170408,2.0741180663611054e-19
2014,2015,CH0038388911,2.7841909640880606e-19
2014,2015,CH0038863350,1.1441220394414823e-19
2014,2015,CH0044328745,8.224584790041598e-20
2014,2015,CH0048265513,0.0
2014,2015,CH0102484968,5.81685160040642e-20
2014,2015,CH0126881561,1.9767800798613628e-19
2014,2015,CH0210483332,1.7961253788124153e-20
2014,2015,CH0244767585,0.0
2014,2015,CH0319416936,7.635044768111231e-20
2014,2015,CH0418792922,2.871537376820798e-19
2014,2015,CH1169151003,1.6049565258472378e-19
2014,2015,CH1175448666,0.0
2014,2015,CH1256740924,0.0
2014,2015,DE0005140008,1.0140953915588667e-19
2014,2015,DE0005190003,2.208244370321815e-19
2014,2015,DE0005200000,5.962832555825885e-20
2014,2015,DE0005408884,4.496255478176566e-19
2014,2015,DE0005439004,3.2994664962259365e-19
2014,2015,DE0005470405,3.7961867409487885e-19
2014,2015,DE0005552004,1.5184854107646277e-19
2014,2015,DE0005557508,7.656841717148066e-20
2014,2015,DE0005773303,2.0259978673165954e-19
2014,2015,DE0005810055,0.0
2014,2015,DE0005909006,4.914886392361377e-20
2014,2015,DE0006047004,6.005309458041494e-20
2014,2015,DE0006048432,1.253454253903232e-19
2014,2015,DE0006070006,7.268154032977117e-20
2014,2015,DE0006202005,1.1155878408081846e-20
2014,2015,DE0006231004,1.6788740778693887e-19
2014,2015,DE0006599905,7.172565193591217e-20
2014,2015,DE0006602006,1.8772327725027743e-19
2014,2015,DE0006969603,1.869020473222638e-19
2014,2015,DE0007037129,1.0445156501798599e-19
2014,2015,DE0007042301,1.7739667074476686e-19
2014,2015,DE0007100000,8.04468631610766e-20
2014,2015,DE0007164600,5.160753493264894e-20
2014,2015,DE0007236101,7.608574840965428e-20
2014,2015,DE0007257503,1.2862396019783331e-19
2014,2015,DE0007500001,1.3649245887465063e-19
2014,2015,DE0007664039,1.66301504268887e-19
2014,2015,DE0008232125,2.362128936411687e-19
2014,2015,DE0008402215,1.1226503514728056e-19
2014,2015,DE0008404005,1.6082124270855754e-19
2014,2015,DE0008430026,1.2013665319053342e-19
2014,2015,DE000A0D9PT0,2.293013174592755e-19
2014,2015,DE000A0S8488,2.404316325133042e-19
2014,2015,DE000BASF111,2.363686695956653e-19
2014,2015,DE000BAY0017,1.0057809958490917e-19
2014,2015,DE000CBK1001,2.1311306965769849e-19
2014,2015,DE000ENAG999,1.3257053504715932e-19
2014,2015,DE000KSAG888,3.8397984687341175e-19
2014,2015,DE000TUAG505,4.668843756605205e-20
2014,2015,DK0010181759,8.11335743672302e-20
2014,2015,DK0010234467,2.3328848922480086e-19
2014,2015,DK0010244508,7.572549621312486e-20
2014,2015,DK0010274414,1.0307017634234236e-19
2014,2015,DK0010287663,0.0
2014,2015,DK0060079531,8.821378641580356e-20
2014,2015,DK0060336014,1.1152378153697638e-19
2014,2015,DK0060448595,0.05090847156180195
2014,2015,DK0060477503,1.0307356202185933e-19
2014,2015,DK0060636678,0.0
2014,2015,DK0060738599,0.0
2014,2015,DK0061539921,2.609545299892558e-19
2014,2015,ES0109427734,6.152954878977062e-20
2014,2015,ES0112501012,1.247424516811221e-19
2014,2015,ES0113211835,8.407008477474e-20
2014,2015,ES0113679I37,0.0
2014,2015,ES0113860A34,3.495185508056219e-20
2014,2015,ES0113900J37,1.1681330671233123e-19
2014,2015,ES0116870314,5.718660997233885e-20
2014,2015,ES0118594417,8.763175695598165e-20
2014,2015,ES0122060314,0.0
2014,2015,ES0124244E34,5.464387327594481e-20
2014,2015,ES0125220311,3.206659843984474e-20
2014,2015,ES0130670112,8.606336783700476e-20
2014,2015,ES0130960018,7.042657445862337e-20
2014,2015,ES0132105018,1.1368132232989807e-19
2014,2015,ES0144580Y14,0.0
2014,2015,ES0148396007,6.411612584079341e-20
2014,2015,ES0152503035,5.892426065507155e-20
2014,2015,ES0161560018,2.3736863866272073e-19
2014,2015,ES0167050915,0.0
2014,2015,ES0171743901,1.8958406531542947e-19
2014,2015,ES0171996087,1.233464646381722e-19
2014,2015,ES0173093024,6.369493302698632e-20
2014,2015,ES0173516115,1.0296252624168041e-19
2014,2015,ES0178430E18,7.698422909751935e-20
2014,2015,ES0182870214,0.0
2014,2015,FI0009000202,0.0
2014,2015,FI0009000277,6.727201754883414e-20
2014,2015,FI0009000459,1.5524156817954473e-19
2014,2015,FI0009000681,0.0
2014,2015,FI0009002158,1.8720869881596158e-19
2014,2015,FI0009002422,3.2038308490074837e-19
2014,2015,FI0009003727,1.2460507229091648e-19
2014,2015,FI0009005318,8.964248364640321e-20
2014,2015,FI0009005870,7.857210612271519e-20
2014,2015,FI0009005961,5.978269779579424e-20
2014,2015,FI0009005987,1.3519161064730294e-19
2014,2015,FI0009007132,1.4978272796356562e-20
2014,2015,FI0009007694,0.0
2014,2015,FI0009007884,0.0
2014,2015,FI0009013296,0.0
2014,2015,FI0009013403,7.245121775373544e-20
2014,2015,FI0009800643,1.9996480965624696e-19
2014,2015,FI4000440664,2.649773427259047e-19
2014,2015,FR0000035081,9.854124634807473e-20
2014,2015,FR0000039109,3.8991508451462015e-19
2014,2015,FR0000044448,3.325669821799458e-19
2014,2015,FR0000045072,0.0
2014,2015,FR0000054900,3.3611134800097266e-20
2014,2015,FR0000064578,1.9686880761497846e-19
2014,2015,FR0000073272,9.961610442916041e-20
2014,2015,FR0000077919,7.118093517556305e-20
2014,2015,FR0000120073,9.878124523848017e-20
2014,2015,FR0000120172,0.0
2014,2015,FR0000120222,8.406243784756118e-20
2014,2015,FR0000120271,1.8927058891815982e-20
2014,2015,FR0000120321,7.739513119246814e-20
2014,2015,FR0000120404,1.9987663728687878e-19
2014,2015,FR0000120503,0.0
2014,2015,FR0000120560,1.3007962090821974e-19
2014,2015,FR0000120578,4.933392606994397e-21
2014,2015,FR0000120628,9.580384212169258e-20
2014,2015,FR0000120644,1.149154287898003e-19
2014,2015,FR0000120693,2.0967107835220387e-19
2014,2015,FR0000120859,9.050496423188801e-20
2014,2015,FR0000120966,1.2789191157928176e-19
2014,2015,FR0000121014,4.9033662427278526e-20
2014,2015,FR0000121121,1.7310693188043908e-19
2014,2015,FR0000121220,1.0704706392526433e-19
2014,2015,FR0000121329,1.0852089521706598e-20
2014,2015,FR0000121485,1.296070806906721e-19
2014,2015,FR0000121667,1.5683057133115732e-19
2014,2015,FR0000121964,1.833466858136876e-19
2014,2015,FR0000121972,1.278468260614799e-19
2014,2015,FR0000124141,1.9147113539723617e-19
2014,2015,FR0000125007,1.0234354276619189e-19
2014,2015,FR0000125338,8.318620725095469e-20
2014,2015,FR0000125486,6.165413889029398e-20
2014,2015,FR0000127771,0.0
2014,2015,FR0000130213,1.4314516983805638e-19
2014,2015,FR0000130395,2.9427680664211546e-19
2014,2015,FR0000130403,4.6840798066595396e-20
2014,2015,FR0000130452,0.0
2014,2015,FR0000130577,1.3245485210473036e-19
2014,2015,FR0000130809,0.0
2014,2015,FR0000131104,0.0
2014,2015,FR0000131906,8.179931890622934e-20
2014,2015,FR0000133308,3.489382654228385e-20
2014,2015,FR0010040865,1.0510332828749268e-19
2014,2015,FR0010220475,1.1238829523136839e-20
2014,2015,FR0010242511,6.416010525179196e-20
2014,2015,FR0010307819,1.3329137949536373e-19
2014,2015,FR0010313833,2.1648504710738162e-19
2014,2015,FR0010340141,1.3064466060136777e-19
2014,2015,FR0010533075,0.0
2014,2015,FR0013176526,0.0
2014,2015,FR0013280286,1.4275423031621465e-20
2014,2015,FR0013326246,7.470488232360712e-21
2014,2015,FR0013505062,2.0820416032990472e-19
2014,2015,FR0013506730,1.5955850036176612e-19
2014,2015,FR0014003TT8,1.3583739647087278e-19
2014,2015,FR001400AJ45,1.0243043787773513e-19
2014,2015,GB0000163088,2.1469232952532206e-19
2014,2015,GB0000456144,0.0
2014,2015,GB0000536739,2.2775281569312716e-19
2014,2015,GB0000811801,1.250270013094099e-19
2014,2015,GB0000904986,0.0
2014,2015,GB0000961622,3.844662025097127e-22
2014,2015,GB0001367019,1.0124266519390359e-19
2014,2015,GB0001500809,1.6117237705765223e-19
2014,2015,GB0001638955,0.0
2014,2015,GB0001765816,0.0
2014,2015,GB0001826634,2.2737974718467622e-20
2014,2015,GB0001859296,2.5935343768214263e-20
2014,2015,GB0002074580,1.0789093856011879e-19
2014,2015,GB0002148343,1.28388146298439e-19
2014,2015,GB0002318888,1.2980674557393237e-20
2014,2015,GB0002374006,1.2677651323872034e-19
2014,2015,GB0002418548,0.0
2014,2015,GB0002634946,2.057883634710195e-20
2014,2015,GB0002652740,9.88039871525951e-20
2014,2015,GB0002670437,0.0034525897421492464
2014,2015,GB0002869419,1.4678488297472723e-19
2014,2015,GB0002875804,8.792084144709751e-20
2014,2015,GB0003096442,0.0
2014,2015,GB0003308607,1.4357007531953815e-19
2014,2015,GB0003452173,1.905422233426444e-19
2014,2015,GB0003753778,1.9836939825911328e-20
2014,2015,GB0004052071,9.691228566217075e-20
2014,2015,GB0004082847,0.0
2014,2015,GB0004161021,8.289064061083291e-20
2014,2015,GB0004478896,2.4193982418767964e-19
2014,2015,GB0004544929,1.094450742635672e-19
2014,2015,GB0004657408,2.528890012334394e-21
2014,2015,GB0004726096,0.0
2014,2015,GB0004866223,1.5568266498089023e-19
2014,2015,GB0004915632,0.0
2014,2015,GB0005405286,8.288701987120261e-20
2014,2015,GB0005576813,0.0
2014,2015,GB0005603997,1.029438572285109e-19
2014,2015,GB0005746358,0.0
2014,2015,GB0005758098,1.467157072362219e-19
2014,2015,GB0006027295,1.4720199589123084e-19
2014,2015,GB0006215205,2.783280615488914e-19
2014,2015,GB0006650450,8.046848346174325e-20
2014,2015,GB0006731235,6.255574887518244e-20
2014,2015,GB0006776081,7.353364515905947e-21
2014,2015,GB0006825383,0.0
2014,2015,GB0006886666,0.004223590686399702
2014,2015,GB0006928617,0.0
2014,2015,GB0007099541,1.3374196326324871e-19
2014,2015,GB0007188757,0.0
2014,2015,GB0007323586,2.8301259937232854e-20
2014,2015,GB0007594764,2.455835956657339e-19
2014,2015,GB0007668071,0.0
2014,2015,GB0007669376,0.0
2014,2015,GB0007908733,4.451183931393034e-20
2014,2015,GB0007958233,1.9981188976256275e-19
2014,2015,GB0007973794,1.4673431271836749e-19
2014,2015,GB0007980591,0.0
2014,2015,GB0008025412,2.291034228739952e-19
2014,2015,GB0008085614,5.911088713998972e-20
2014,2015,GB0008220112,1.1905292574405228e-19
2014,2015,GB0008706128,2.0228542228031486e-19
2014,2015,GB0008782301,1.398653163648762e-19
2014,2015,GB0008794710,0.023274528010562838
2014,2015,GB0009067447,0.023961116166749136
2014,2015,GB0009123323,1.1217753021560294e-19
2014,2015,GB0009223206,0.0
2014,2015,GB0009292243,7.97472866325649e-20
2014,2015,GB0009465807,8.756702873154827e-20
2014,2015,GB0009633180,0.0
2014,2015,GB0009697037,1.5886823433944255e-19
2014,2015,GB0009895292,1.1576283242877822e-20
2014,2015,GB0022569080,0.0
2014,2015,GB0030232317,1.304278587631405e-19
2014,2015,GB0030913577,3.0114975861239823e-19
2014,2015,GB0031274896,0.0
2014,2015,GB0031348658,1.9755185047662423e-20
2014,2015,GB0031638363,1.8798834087087565e-19
2014,2015,GB0031743007,0.0
2014,2015,GB0032089863,0.0
2014,2015,GB0033195214,7.898544997516311e-21
2014,2015,GB0033986497,2.743247513792565e-19
2014,2015,GB00B012BV22,0.0
2014,2015,GB00B012TP20,0.0
2014,2015,GB00B019KW72,0.0
2014,2015,GB00B02J6398,2.9018421690686745e-20
2014,2015,GB00B033F229,4.2448938627340844e-20
2014,2015,GB00B03HDJ73,0.0009899269579904371
2014,2015,GB00B04V1276,4.7466832949136616e-20
2014,2015,GB00B06QFB75,0.0
2014,2015,GB00B0744359,5.688816367240882e-20
2014,2015,GB00B0744B38,2.010512031333148e-20
2014,2015,GB00B082RF11,3.43530048415415e-20
2014,2015,GB00B0FYMT95,0.0
2014,2015,GB00B0KM9T71,1.4685868221102362e-19
2014,2015,GB00B0LCW083,3.120933061801839e-20
2014,2015,GB00B0N8QD54,6.973876321413922e-20
2014,2015,GB00B0SWJX34,0.0
2014,2015,GB00B0WMWD03,2.47143340441488e-19
2014,2015,GB00B0YG1K06,0.0
2014,2015,GB00B132NW22,1.3430509112269415e-20
2014,2015,GB00B135BJ46,2.4637258557685467e-19
2014,2015,GB00B18P5K83,0.0
2014,2015,GB00B19Z1432,0.0
2014,2015,GB00B1FH8J72,2.0788432549948313e-20
2014,2015,GB00B1FP6H53,0.0
2014,2015,GB00B1FW5029,0.0
2014,2015,GB00B1JQDM80,6.448082590648079e-20
2014,2015,GB00B1KJJ408,3.0460833187077454e-20
2014,2015,GB00B1L5QH97,4.785794129809127e-20
2014,2015,GB00B1P6ZR11,0.0
2014,2015,GB00B1VNSX38,0.0
2014,2015,GB00B1WY2338,1.2930205099819975e-19
2014,2015,GB00B1XH2C03,0.0
2014,2015,GB00B1YW4409,0.0
2014,2015,GB00B27YGJ97,0.0
2014,2015,GB00B2B0DG97,1.3925502462224612e-20
2014,2015,GB00B2NGPM57,1.872160879200882e-19
2014,2015,GB00B2PDGW16,0.0
2014,2015,GB00B39J2M42,5.588226996513073e-20
2014,2015,GB00B3DGH821,0.0037729265585647893
2014,2015,GB00B3FLWH99,3.5093778560744707e-20
2014,2015,GB00B41H7391,0.0
2014,2015,GB00B45C9X44,3.2708368899792655e-20
2014,2015,GB00B572ZV91,0.013685787259716158
2014,2015,GB00B5N0P849,1.996059421310127e-19
2014,2015,GB00B5ZN1N88,1.2754788812109912e-19
2014,2015,GB00B61TVQ02,0.0
2014,2015,GB00B63H8491,1.0458257439565242e-19
2014,2015,GB00B63QSB39,0.0
2014,2015,GB00B67G5X01,1.5247699548130602e-19
2014,2015,GB00B6XZKY75,9.361526370182338e-20
2014,2015,GB00B6YTLS95,1.5851566670961012e-19
2014,2015,GB00B71N6K86,0.028743542046306927
2014,2015,GB00B7KR2P84,0.0
2014,2015,GB00B82YXW83,1.0391953856366583e-19
2014,2015,GB00B8B4R053,0.006476287185691673
2014,2015,GB00B8C3BL03,0.0
2014,2015,GB00BD6K4575,3.966317657760134e-20
2014,2015,GB00BDCPN049,8.163751067749161e-20
2014,2015,GB00BDR05C01,3.0953212077090577e-21
2014,2015,GB00BF044593,0.0
2014,2015,GB00BF5H9P87,1.0867118981282995e-20
2014,2015,GB00BF8Q6K64,4.6047680450796744e-20
2014,2015,GB00BG11K365,0.0
2014,2015,GB00BGDT3G23,0.0
2014,2015,GB00BGLP8L22,7.452080184616584e-20
2014,2015,GB00BH4HKS39,1.2719252656854092e-19
2014,2015,GB00BHJYC057,1.377260344917334e-19
2014,2015,GB00BJ1F4N75,0.0
2014,2015,GB00BJFFLV09,4.573871223465729e-20
2014,2015,GB00BJQZC279,0.0
2014,2015,GB00BK9RKT01,1.305322913896327e-19
2014,2015,GB00BKP36R26,0.0
2014,2015,GB00BKY40Q38,7.758082247765558e-21
2014,2015,GB00BL6XZ716,2.201215459744576e-19
2014,2015,GB00BLGZ9862,0.0
2014,2015,GB00BM8PJY71,3.586661864182673e-19
2014,2015,GB00BM8Q5M07,0.0
2014,2015,GB00BMJ6DW54,8.699424267953213e-20
2014,2015,GB00BN7SWP63,1.1635235683762716e-19
2014,2015,GB00BNGDN821,0.0
2014,2015,GB00BNNTLN49,2.828268576181115e-20
2014,2015,GB00BNR4T868,5.0555112710913725e-20
2014,2015,GB00BP6MXD84,1.164396418687253e-19
2014,2015,GB00BP92CJ43,2.8831639421369105e-19
2014,2015,GB00BP9LHF23,0.0
2014,2015,GB00BPQY8M80,1.5662716050524356e-19
2014,2015,GB00BRB37M78,0.028437712077820563
2014,2015,GB00BV9FP302,0.0
2014,2015,GB00BVFNZH21,8.49500043187811e-20
2014,2015,GB00BWFGQN14,8.935087899559608e-20
2014,2015,GB00BYQ0JC66,2.1502359392987488e-19
2014,2015,GB00BYT1DJ19,0.0
2014,2015,GB00BYW0PQ60,9.443869034587055e-20
2014,2015,GB00BYYTFB60,0.0
2014,2015,GB00BZ4BQC70,1.3951018020949537e-19
2014,2015,IE0001827041,3.0591002938744296e-20
2014,2015,IE0002424939,4.3030469053914344e-20
2014,2015,IE0003864109,2.452038434396787e-19
2014,2015,IE0004927939,1.8112641984195402e-20
2014,2015,IE00B4BNMY34,6.306949242996693e-20
2014,2015,IE00B8KQN827,1.4838146570745243e-19
2014,2015,IE00BD1RP616,0.0
2014,2015,IE00BF0L3536,3.610163742586666e-19
2014,2015,IE00BGH1M568,0.0
2014,2015,IE00BK9ZQ967,9.379098711520338e-20
2014,2015,IE00BLP1HW54,2.6858188513258388e-20
2014,2015,IE00BTN1Y115,0.0
2014,2015,IE00BY7QL619,1.0368452806567047e-19
2014,2015,IL0002810146,1.2756452550629985e-19
2014,2015,IL0006046119,5.553655928706551e-20
2014,2015,IL0006625771,6.224188397235409e-20
2014,2015,IL0006954379,1.1682693110269707e-19
2014,2015,IL0010811243,2.687793734958454e-20
2014,2015,IT0000062072,2.095582820369937e-20
2014,2015,IT0000062957,1.615631966354243e-20
2014,2015,IT0000072618,3.2058177655297315e-20
2014,2015,IT0001137345,2.5343254754859292e-20
2014,2015,IT0001233417,0.0
2014,2015,IT0001347308,1.4363621095547651e-19
2014,2015,IT0001469383,1.3425979592207684e-19
2014,2015,IT0003128367,6.223671720342486e-20
2014,2015,IT0003132476,1.0536295019690338e-19
2014,2015,IT0003153415,4.277847262803333e-20
2014,2015,IT0003242622,6.213978215724223e-20
2014,2015,IT0003497168,1.6981060903475693e-19
2014,2015,IT0003506190,7.141124180916979e-20
2014,2015,IT0003856405,1.5560109025039312e-19
2014,2015,IT0004810054,8.917184312907625e-20
2014,2015,IT0004827447,1.710547076687751e-19
2014,2015,IT0005239360,1.0817232373903868e-19
2014,2015,IT0005495657,1.059872983573394e-19
2014,2015,IT0005508921,4.47568319505963e-19
2014,2015,JE00B8KF9B49,8.382376928970879e-20
2014,2015,JE00BJ1DLW90,0.0
2014,2015,LR0008862868,1.998978860051239e-19
2014,2015,LU0075646355,1.4870269380186124e-19
2014,2015,NL0000008977,9.913567436766662e-20
2014,2015,NL0000009082,5.0717544890458635e-20
2014,2015,NL0000009165,3.0552994080730024e-20
2014,2015,NL0000009538,1.1963580183366747e-19
2014,2015,NL0000226223,1.3892620585670854e-19
2014,2015,NL0000235190,7.405747860916454e-20
2014,2015,NL0000289213,9.576455786496125e-20
2014,2015,NL0000337319,8.060306131162473e-20
2014,2015,NL0000360618,6.842565670256355e-20
2014,2015,NL0000379121,5.172940656133131e-20
2014,2015,NL0000395903,1.2693887729599227e-19
2014,2015,NL0009432491,1.7572609366470683e-19
2014,2015,NL0010273215,0.0
2014,2015,NL0010583399,7.689979595084374e-20
2014,2015,NL0011794037,0.0
2014,2015,NL0011821202,2.074121531350171e-19
2014,2015,NL0013267909,9.732126212370057e-20
2014,2015,NL00150001Q9,5.6593572240528395e-21
2014,2015,NL0015001FS8,2.2027911426192695e-20
2014,2015,NO0003028904,4.4394210418254996e-21
2014,2015,NO0003053605,1.5402713962961715e-19
2014,2015,NO0003054108,0.026350701436704205
2014,2015,NO0003733800,1.4981181508273212e-19
2014,2015,NO0005052605,1.1190131176225575e-19
2014,2015,NO0010063308,2.0539007422503068e-19
2014,2015,NO0010096985,6.470793431766141e-20
2014,2015,NO0010112675,7.887701380060454e-20
2014,2015,NO0010199151,2.2502247739811365e-19
2014,2015,NO0010208051,1.9005859941392076e-19
2014,2015,NO0010861990,1.9248891292374285e-19
2014,2015,NO0012470089,0.0
2014,2015,PA1436583006,1.119308543142976e-19
2014,2015,PTBCP0AM0015,3.621791919037532e-19
2014,2015,PTEDP0AM0009,1.6390707626059547e-20
2014,2015,PTJMT0AE0001,2.1655087939229463e-19
2014,2015,PTSON0AM0001,0.0
2014,2015,PTZON0AM0006,0.0
2014,2015,SE0000106270,6.555461064841199e-20
2014,2015,SE0000108227,1.5349870350306982e-19
2014,2015,SE0000108656,9.385636852619763e-20
2014,2015,SE0000112724,7.675603199489715e-20
2014,2015,SE0000113250,8.921451296637182e-20
2014,2015,SE0000114837,8.738681640833683e-20
2014,2015,SE0000148884,1.2568891144260397e-19
2014,2015,SE0000163594,7.508089687247769e-20
2014,2015,SE0000163628,0.0
2014,2015,SE0000171100,1.1684861175750304e-19
2014,2015,SE0000190126,1.4944664210660474e-19
2014,2015,SE0000202624,0.0
2014,2015,SE0000242455,1.8194373131547665e-19
2014,2015,SE0000379190,8.58456370835996e-20
2014,2015,SE0000667891,2.0315164409064586e-19
2014,2015,SE0000667925,8.430019663751688e-20
2014,2015,SE0000695876,1.3071603580950573e-19
2014,2015,SE0000806994,3.24942415937646e-20
2014,2015,SE0000862997,2.6529044631055502e-20
2014,2015,SE0000949331,7.448748216683748e-20
2014,2015,SE0001662230,3.28207657395536e-20
2014,2015,SE0003366871,0.0
2014,2015,SE0005190238,8.711394235029081e-21
2014,2015,SE0006993770,2.095601731585924e-19
2014,2015,SE0007100581,1.5905015770126716e-19
2014,2015,SE0007100599,1.1918515082660692e-19
2014,2015,SE0011090018,0.0
2014,2015,SE0011166974,0.0
2014,2015,SE0011256312,0.0
2014,2015,SE0015811955,7.405778218771464e-20
2014,2015,SE0015812219,2.0770197879161421e-19
2014,2015,SE0015988019,4.598026563705076e-20
2014,2015,SE0016589188,9.109096898770596e-20
2014,2015,SE0017486889,1.4745375744444544e-19
2014,2015,SE0018012494,2.3462207213566123e-19
2014,2015,SE0018012635,7.608914176931765e-20
2014,2015,SE0020050417,0.0
2014,2015,US0010551028,2.1811135151097976e-19
2014,2015,US00130H1059,1.5346115008296914e-19
2014,2015,US00206R1023,1.92358050258822e-19
2014,2015,US0028241000,0.0
2014,2015,US0028962076,1.4742479954648226e-19
2014,2015,US00724F1012,0.0
2014,2015,US0079031078,0.0
2014,2015,US0082521081,1.1426191533141352e-19
2014,2015,US00846U1016,0.0
2014,2015,US0091581068,0.0
2014,2015,US00971T1016,0.00467424595158772
2014,2015,US0126531013,0.0
2014,2015,US0185811082,7.762871288940799e-20
2014,2015,US0188021085,0.0
2014,2015,US0200021014,2.158113657030262e-19
2014,2015,US02079K3059,2.6439893680597207e-20
2014,2015,US02209S1033,0.011832531893010855
2014,2015,US0236081024,5.501885496343665e-20
2014,2015,US0255371017,2.4098115276191593e-20
2014,2015,US0258161092,4.766218662500295e-20
2014,2015,US0268747849,0.0
2014,2015,US03027X1000,0.0
2014,2015,US0311621009,0.0
2014,2015,US0326541051,1.957181276677695e-20
2014,2015,US0367521038,0.0
2014,2015,US03743Q1085,6.161235810979577e-20
2014,2015,US0378331005,0.0
2014,2015,US0382221051,0.0
2014,2015,US0383361039,8.075524663074822e-20
2014,2015,US0441861046,0.0
2014,2015,US0527691069,1.944700952050269e-19
2014,2015,US0530151036,6.825882693156998e-20
2014,2015,US0534841012,1.1014652645313167e-19
2014,2015,US0536111091,2.3383683964796743e-19
2014,2015,US0538071038,1.0855689750088084e-19
2014,2015,US0584981064,9.52709496404016e-20
2014,2015,US0605051046,0.0
2014,2015,US0640581007,0.0
2014,2015,US0708301041,2.271847825527662e-19
2014,2015,US0718131099,0.0
2014,2015,US0758871091,0.0
2014,2015,US0865161014,4.363843691946716e-20
2014,2015,US09062X1037,0.0
2014,2015,US0970231058,0.0
2014,2015,US1011371077,0.0
2014,2015,US1101221083,0.0
2014,2015,US1156372096,1.905744969663677e-19
2014,2015,US12504L1098,1.2723625721346096e-19
2014,2015,US1255231003,4.6251975673651034e-20
2014,2015,US1258961002,0.0
2014,2015,US1264081035,1.2739350952220172e-19
2014,2015,US12653C1080,6.861228761978916e-20
2014,2015,US1266501006,0.0
2014,2015,US1270551013,3.076189567965518e-20
2014,2015,US1344291091,0.0035818969779807474
2014,2015,US14040H1059,2.0599123274851325e-19
2014,2015,US14149Y1082,0.0
2014,2015,US1491231015,2.1050612112915779e-19
2014,2015,US1508701034,2.1573208552420142e-20
2014,2015,US15189T1079,4.064498893106191e-20
2014,2015,US1667641005,2.6360769031819723e-20
2014,2015,US1720621010,1.0349827005663959e-19
2014,2015,US17275R1023,5.93117555249099e-20
2014,2015,US1729674242,0.0
2014,2015,US1858991011,0.0
2014,2015,US1890541097,0.00528131937914489
2014,2015,US1912161007,1.1096472583256523e-19
2014,2015,US1924461023,0.0
2014,2015,US1941621039,7.778909765022134e-20
2014,2015,US2003401070,8.399313985075182e-20
2014,2015,US2058871029,4.505071775579923e-20
2014,2015,US20825C1045,1.8072374161884834e-19
2014,2015,US2091151041,0.1126175083559415
2014,2015,US21036P1084,2.0641733403176236e-19
2014,2015,US22160K1051,2.530251762793707e-21
2014,2015,US2283681060,0.0
2014,2015,US2310211063,7.443924364547245e-20
2014,2015,US2333311072,1.2509830312024364e-20
2014,2015,US23355L1061,0.0
2014,2015,US2371941053,0.0
2014,2015,US2441991054,7.661123982167226e-20
2014,2015,US2473617023,0.0
2014,2015,US25179M1036,6.762635542009506e-20
2014,2015,US2546871060,7.183191672420621e-20
2014,2015,US25746U1097,4.715868902498289e-20
2014,2015,US2600031080,1.0699287410515775e-19
2014,2015,US26441C2044,0.0
2014,2015,US26875P1012,0.0
2014,2015,US26884L1098,1.0677052074965454e-20
2014,2015,US2774321002,6.803655355517646e-21
2014,2015,US2786421030,6.371273668417901e-21
2014,2015,US2788651006,2.874019451915564e-20
2014,2015,US2810201077,5.258216282416514e-20
2014,2015,US28176E1082,0.0
2014,2015,US2910111044,1.426412081503257e-20
2014,2015,US29364G1031,1.4908206472195225e-19
2014,2015,US29444U7000,0.0
2014,2015,US29670G1022,0.025402040164525633
2014,2015,US30040W1080,0.0
2014,2015,US30161N1019,1.405965218818272e-19
2014,2015,US3021301094,5.551667299241995e-20
2014,2015,US30231G1022,6.048792727150208e-20
2014,2015,US3024913036,4.065021618628623e-20
2014,2015,US31428X1063,6.634591442589119e-20
2014,2015,US3156161024,4.1900016875398436e-20
2014,2015,US3167731005,3.106720582793336e-19
2014,2015,US3379321074,8.223556700912829e-20
2014,2015,US3434121022,1.6805973660645796e-19
2014,2015,US34354P1057,1.8001336519701008e-20
2014,2015,US3453708600,0.0
2014,2015,US3546131018,1.8627204067415336e-19
2014,2015,US35671D8570,5.920095199256134e-20
2014,2015,US3647601083,2.3798524616885e-19
2014,2015,US3703341046,0.06647934425722851
2014,2015,US37045V1008,0.0
2014,2015,US3719011096,0.0
2014,2015,US37247D1063,1.781644065098604e-19
2014,2015,US3755581036,0.0
2014,2015,US38141G1040,0.0
2014,2015,US3825501014,0.0
2014,2015,US3848021040,5.0892152996821766e-20
2014,2015,US3976241071,1.9061411316255453e-19
2014,2015,US40434L1052,0.0
2014,2015,US4062161017,1.6252322302544676e-19
2014,2015,US4128221086,8.223860867888144e-20
2014,2015,US4165151048,3.384396987732225e-19
2014,2015,US4180561072,6.118700311027457e-21
2014,2015,US4198701009,6.184000736035837e-21
2014,2015,US42250P1030,1.1666472473690202e-19
2014,2015,US4278661081,0.08800176311731361
2014,2015,US42809H1077,1.807345129280157e-19
2014,2015,US4370761029,4.8843788927867285e-20
2014,2015,US4385161066,5.453372136385529e-20
2014,2015,US4404521001,3.05277712702752e-20
2014,2015,US44107P1049,2.0114979164993833e-19
2014,2015,US4448591028,0.0
2014,2015,US4456581077,2.797892809920457e-20
2014,2015,US4461501045,2.4273198221390633e-19
2014,2015,US4470111075,0.0
2014,2015,US45073V1089,1.1925053277621752e-20
2014,2015,US4523081093,1.3877856658561025e-19
2014,2015,US4581401001,1.3039314368749075e-19
2014,2015,US4592001014,0.0
2014,2015,US4595061015,9.996267693222408e-21
2014,2015,US4601461035,0.0
2014,2015,US4606901001,6.414282899423197e-20
2014,2015,US4612021034,4.8044413693112463e-20
2014,2015,US46284V1017,4.6361484865200696e-20
2014,2015,US4657411066,3.5638283569150446e-19
2014,2015,US46625H1005,2.1563411880013713e-20
2014,2015,US4663131039,0.0
2014,2015,US46982L1089,1.6433157873082094e-19
2014,2015,US4781601046,6.156206626157011e-20
2014,2015,US48020Q1076,4.8042743469737283e-20
2014,2015,US48203R1041,1.7859893961006774e-19
2014,2015,US48242W1062,6.392122061483652e-20
2014,2015,US4824801009,1.8491784304956798e-20
2014,2015,US4878361082,7.860317744549883e-20
2014,2015,US4891701009,2.318697067008635e-19
2014,2015,US4932671088,3.199209126022305e-20
2014,2015,US4943681035,0.0
2014,2015,US49446R1095,1.6433310056441237e-19
2014,2015,US4972661064,1.6592616658846518e-19
2014,2015,US5002551043,1.2118255980318662e-19
2014,2015,US5010441013,0.0
2014,2015,US5178341070,9.479322026174432e-20
2014,2015,US5184391044,1.4624664247952013e-20
2014,2015,US5324571083,2.4989211801369392e-20
2014,2015,US5339001068,1.6476004716067334e-19
2014,2015,US5341871094,3.370867901212071e-19
2014,2015,US5398301094,0.0
2014,2015,US5486611073,5.472478933282344e-22
2014,2015,US5502411037,7.042552608717537e-20
2014,2015,US5526761086,9.647693651211659e-20
2014,2015,US5529531015,5.246332518837501e-19
2014,2015,US5635714059,4.454009070759534e-19
2014,2015,US56418H1005,1.397106373769474e-19
2014,2015,US5658491064,5.065550441298507e-21
2014,2015,US5717481023,4.706631607333787e-20
2014,2015,US5719032022,1.4984118375718403e-19
2014,2015,US5738741041,0.0
2014,2015,US5745991068,2.389395329450137e-19
2014,2015,US57636Q1040,1.3068109138325904e-19
2014,2015,US5770811025,9.003912875105718e-20
2014,2015,US5797802064,1.0587934604844038e-19
2014,2015,US5801351017,0.0035277654784068514
2014,2015,US58155Q1031,0.0
2014,2015,US58933Y1055,0.0
2014,2015,US59156R1086,1.695324276921918e-19
2014,2015,US5926881054,4.1739948208918814e-20
2014,2015,US5949181045,1.355186377070368e-19
2014,2015,US5950171042,8.228363406189661e-20
2014,2015,US5951121038,0.0
2014,2015,US6005441000,1.2503508569140415e-19
2014,2015,US6081901042,6.457246051902223e-20
2014,2015,US60871R2094,1.8991719623790297e-19
2014,2015,US6092071058,0.0
2014,2015,US6174464486,2.5525692691354953e-20
2014,2015,US61945C1036,3.226813800108918e-20
2014,2015,US6200763075,2.7911550199767074e-20
2014,2015,US6293775085,1.751896079967741e-19
2014,2015,US6311031081,1.024817277806216e-19
2014,2015,US6365181022,0.0
2014,2015,US64110D1046,1.0848035993481569e-19
2014,2015,US6512291062,6.889228870345491e-20
2014,2015,US6516391066,0.021648475790424216
2014,2015,US65339F1012,2.726083638003809e-20
2014,2015,US6541061031,0.0
2014,2015,US65473P1057,7.331711333823187e-20
2014,2015,US6556641008,6.42461719083949e-20
2014,2015,US6558441084,4.944873247995655e-20
2014,2015,US6658591044,6.407946848055347e-20
2014,2015,US6668071029,0.0
2014,2015,US6687711084,0.0
2014,2015,US67066G1040,0.0
2014,2015,US6708371033,1.132221612274705e-19
2014,2015,US67098H1041,3.4086368330231653e-19
2014,2015,US6745991058,1.0580010751441478e-19
2014,2015,US6819191064,1.3572228128109747e-19
2014,2015,US6826801036,6.181636983776213e-20
2014,2015,US68389X1054,4.6255539561080464e-20
2014,2015,US6866881021,1.3505743421501849e-19
2014,2015,US6882392011,1.4123354412608874e-19
2014,2015,US69331C1080,0.0013893611355773503
2014,2015,US6934751057,1.3609378415060334e-19
2014,2015,US6935061076,1.6345913929583258e-20
2014,2015,US69351T1060,0.03125806797039031
2014,2015,US6936561009,1.20084485336834e-19
2014,2015,US6937181088,1.3203438766320687e-19
2014,2015,US7010941042,8.557917687450162e-20
2014,2015,US70211M1099,0.0
2014,2015,US7134481081,5.721408190358283e-20
2014,2015,US7140461093,9.047911040540131e-20
2014,2015,US7170811035,0.0
2014,2015,US7234841010,0.0
2014,2015,US7244791007,1.2737841753398475e-19
2014,2015,US7310681025,1.0770752328137744e-19
2014,2015,US74144T1088,7.982353044518846e-20
2014,2015,US74251V1026,3.2155632170611373e-19
2014,2015,US7427181091,4.557155571658931e-20
2014,2015,US7433151039,9.052021924410901e-20
2014,2015,US74340W1036,1.208989701967912e-19
2014,2015,US7443201022,2.1376822087083924e-19
2014,2015,US7445731067,3.621895397026791e-21
2014,2015,US7475251036,0.0
2014,2015,US74834L1008,0.06563219845371776
2014,2015,US75281A1097,0.01351677177295544
2014,2015,US75513E1010,1.4837210305685587e-20
2014,2015,US7588491032,2.0203440338789818e-19
2014,2015,US7739031091,6.823426961119906e-20
2014,2015,US7835491082,2.616681028253277e-19
2014,2015,US78409V1044,0.0
2014,2015,US78440X8873,2.1692233746402904e-19
2014,2015,US78473E1038,8.912397196635576e-20
2014,2015,US79466L3024,0.0
2014,2015,US8101861065,8.510842188956231e-20
2014,2015,US81211K1007,0.0
2014,2015,US8168511090,2.1864545845727914e-20
2014,2015,US8243481061,4.362119174058937e-20
2014,2015,US8288061091,8.776877432975807e-20
2014,2015,US8326964058,6.701629526006372e-20
2014,2015,US8354951027,5.405829490002237e-20
2014,2015,US8425871071,0.05729887001211479
2014,2015,US84265V1052,0.0
2014,2015,US8447411088,0.0
2014,2015,US8545021011,9.897466827156988e-21
2014,2015,US8552441094,0.0
2014,2015,US8574771031,2.0298662874053936e-19
2014,2015,US8676524064,9.461422258904071e-20
2014,2015,US8718291078,4.850110113935627e-20
2014,2015,US8725401090,4.0378238516236276e-20
2014,2015,US87612E1064,0.0
2014,2015,US8807701029,0.0
2014,2015,US8816242098,0.09005750324279463
2014,2015,US8825081040,0.0
2014,2015,US8832031012,2.3045722720062987e-19
2014,2015,US88337F1057,1.4447249171801699e-19
2014,2015,US8835561023,7.945436871266053e-20
2014,2015,US88579Y1010,4.513690668519228e-20
2014,2015,US89417E1091,1.793098447512216e-20
2014,2015,US89832Q1094,9.625152804135472e-20
2014,2015,US9024941034,1.199777623412901e-19
2014,2015,US9029733048,1.9871105727254738e-19
2014,2015,US9078181081,0.0
2014,2015,US9111631035,0.0
2014,2015,US9113121068,1.1740699948221455e-19
2014,2015,US9113631090,3.823344328072255e-19
2014,2015,US9129091081,1.5694662522978169e-19
2014,2015,US91529Y1064,9.981682062838445e-20
2014,2015,US91822M5022,1.384637710069651e-19
2014,2015,US91913Y1001,5.230673170402623e-20
2014,2015,US92276F1003,1.38524823674736e-19
2014,2015,US92343V1044,1.1296998457925909e-19
2014,2015,US9255501051,0.0
2014,2015,US9291601097,2.291185828555511e-19
2014,2015,US92939U1060,0.0
2014,2015,US9311421039,0.12746089606629424
2014,2015,US9314271084,0.0
2014,2015,US94106L1098,1.9487685989129793e-20
2014,2015,US9418481035,2.214565898176765e-20
2014,2015,US9497461015,1.549716185808287e-19
2014,2015,US95040Q1040,5.035813710862572e-20
2014,2015,US95082P1057,1.4730701522921258e-19
2014,2015,US9581021055,0.0
2014,2015,US9621661043,1.0037114874480809e-19
2014,2015,US9633201069,7.081025954063261e-20
2014,2015,US9694571004,6.616668854926467e-20
2014,2015,US98389B1008,0.0
2014,2015,US9839191015,0.0
2014,2015,US98421M1062,1.9167721117082165e-19
2014,2015,US9884981013,1.8982231037161007e-19
2014,2015,US98956P1021,7.801695086953473e-20
2015,2016,AN8068571086,5.209307387510892e-20
2015,2016,AT000000STR1,3.1375378256883713e-21
2015,2016,AT00000VIE62,7.318887934611978e-20
2015,2016,AT0000606306,0.0
2015,2016,AT0000652011,0.0
2015,2016,AT0000720008,4.732663836134757e-21
2015,2016,AT0000743059,0.0
2015,2016,AT0000746409,0.0
2015,2016,BE0003470755,0.0
2015,2016,BE0003565737,0.0
2015,2016,BE0003593044,1.2462243195956063e-20
2015,2016,BE0003735496,0.0
2015,2016,BE0003739530,2.8140066357003586e-20
2015,2016,BE0003755692,0.0
2015,2016,BE0003810273,1.6525473914152948e-20
2015,2016,BE0974258874,0.0
2015,2016,BE0974264930,0.0
2015,2016,BE0974293251,0.0
2015,2016,CA00208D4084,8.53820441527978e-20
2015,2016,CA0084741085,1.060979760273555e-19
2015,2016,CA00900Q1037,0.0
2015,2016,CA05534B7604,0.0
2015,2016,CA0636711016,0.0
2015,2016,CA0641491075,0.0
2015,2016,CA0977518616,9.717159009735101e-20
2015,2016,CA1247651088,0.0
2015,2016,CA12532H1047,0.0
2015,2016,CA13321L1085,0.0
2015,2016,CA1360691010,0.0
2015,2016,CA1363751027,0.0
2015,2016,CA1363851017,5.071433415518234e-20
2015,2016,CA13646K1084,0.0
2015,2016,CA1366812024,0.0
2015,2016,CA1367178326,0.0
2015,2016,CA2849025093,6.841307526176137e-20
2015,2016,CA29250N1050,0.0
2015,2016,CA2927661025,1.1421786232483992e-20
2015,2016,CA3180714048,5.059058615896679e-20
2015,2016,CA3359341052,0.0
2015,2016,CA3495531079,0.0
2015,2016,CA3759161035,0.0
2015,2016,CA39138C1068,0.0
2015,2016,CA4495861060,3.977697863197274e-20
2015,2016,CA4530384086,3.68127070173873e-20
2015,2016,CA45823T1066,0.0
2015,2016,CA4969024047,4.254260139346717e-20
2015,2016,CA5394811015,0.0
2015,2016,CA5592224011,2.980000819951528e-20
2015,2016,CA56501R1064,8.217322211483224e-21
2015,2016,CA59151K1084,4.2555078209505435e-20
2015,2016,CA6744822033,0.0
2015,2016,CA7392391016,0.0
2015,2016,CA7751092007,3.4449239026767285e-20
2015,2016,CA7800871021,0.0
2015,2016,CA8029121057,0.0
2015,2016,CA8239011031,2.5174755207210696e-20
2015,2016,CA85472N1096,3.7119728496818245e-20
2015,2016,CA8667961053,4.454707611032318e-20
2015,2016,CA8672241079,4.168718129654665e-20
2015,2016,CA87807B1076,0.0
2015,2016,CA8787422044,0.0
2015,2016,CA87971M1032,0.0
2015,2016,CA8849038085,3.123262867959218e-20
2015,2016,CA8911605092,0.0
2015,2016,CA89346D1078,4.3132340918411064e-20
2015,2016,CA8959451037,1.1271653460341988e-19
2015,2016,CA98462Y1007,3.455835599067213e-20
2015,2016,CH0008038389,0.0
2015,2016,CH0008742519,6.652361175456115e-21
2015,2016,CH0010570759,1.7971629399974466e-21
2015,2016,CH0010645932,4.434335788845663e-20
2015,2016,CH0011075394,2.353460192450123e-20
2015,2016,CH0012005267,0.0
2015,2016,CH0012032048,0.0
2015,2016,CH0012138530,0.0
2015,2016,CH0012138605,5.473643222201224e-21
2015,2016,CH0012142631,5.01824468271386e-20
2015,2016,CH0012214059,3.0420296138860255e-20
2015,2016,CH0012221716,0.0
2015,2016,CH0012549785,6.741028288959851e-20
2015,2016,CH0013841017,0.0
2015,2016,CH0014786500,0.08878693050270695
2015,2016,CH0014852781,0.0
2015,2016,CH0018294154,1.8518894379368925e-20
2015,2016,CH0024608827,0.0
2015,2016,CH0024638212,2.530267148089375e-20
2015,2016,CH0025238863,0.0
2015,2016,CH0025751329,6.137381866729741e-20
2015,2016,CH0030170408,4.425258132494154e-20
2015,2016,CH0038388911,1.6489344666475662e-20
2015,2016,CH0038863350,1.1982928357544789e-20
2015,2016,CH0044328745,1.0619167294724873e-20
2015,2016,CH0048265513,0.0
2015,2016,CH0102484968,0.0
2015,2016,CH0126881561,1.9546483933049718e-20
2015,2016,CH0210483332,0.0
2015,2016,CH0244767585,0.0
2015,2016,CH0319416936,0.0
2015,2016,CH0418792922,5.295163787813126e-20
2015,2016,CH1169151003,4.618981289237205e-20
2015,2016,CH1175448666,0.0
2015,2016,CH1256740924,0.0
2015,2016,DE0005140008,0.0
2015,2016,DE0005190003,7.01227038560388e-20
2015,2016,DE0005200000,0.0
2015,2016,DE0005408884,1.2497816844128122e-19
2015,2016,DE0005439004,1.1865886610253575e-19
2015,2016,DE0005470405,6.130635321117731e-20
2015,2016,DE0005552004,4.427657628470645e-20
2015,2016,DE0005557508,0.0
2015,2016,DE0005773303,4.0321543896022356e-20
2015,2016,DE0005810055,0.0
2015,2016,DE0005909006,0.0
2015,2016,DE0006047004,0.0
2015,2016,DE0006048432,9.148365167596314e-21
2015,2016,DE0006070006,9.73733227543593e-21
2015,2016,DE0006202005,1.1047868451126033e-20
2015,2016,DE0006231004,3.6956810533586323e-20
2015,2016,DE0006599905,2.678721007768559e-21
2015,2016,DE0006602006,5.300317292947875e-20
2015,2016,DE0006969603,2.2833510109641628e-20
2015,2016,DE0007030009,0.0
2015,2016,DE0007037129,0.0
2015,2016,DE0007042301,8.147723924146513e-20
2015,2016,DE0007100000,1.916393714877042e-20
2015,2016,DE0007164600,0.0
2015,2016,DE0007236101,1.6410166762545877e-21
2015,2016,DE0007257503,0.0
2015,2016,DE0007500001,4.08946955414835e-20
2015,2016,DE0007664039,3.530146468170194e-20
2015,2016,DE0008232125,8.473806274735875e-20
2015,2016,DE0008402215,1.680739308417765e-20
2015,2016,DE0008404005,1.384529515786072e-20
2015,2016,DE0008430026,2.739765725681517e-20
2015,2016,DE000A0D9PT0,5.254979619008017e-20
2015,2016,DE000A0S8488,6.230123614183349e-20
2015,2016,DE000BASF111,4.1871200058847854e-20
2015,2016,DE000BAY0017,9.806282693035325e-21
2015,2016,DE000CBK1001,1.5115160583683953e-20
2015,2016,DE000ENAG999,1.8537978902248066e-20
2015,2016,DE000KSAG888,6.738193727140719e-20
2015,2016,DE000PSM7770,2.9809380169172215e-20
2015,2016,DE000TUAG505,4.466297947358077e-21
2015,2016,DK0010181759,0.0
2015,2016,DK0010234467,2.6182105485577467e-20
2015,2016,DK0010244508,1.4575204348308164e-20
2015,2016,DK0010274414,0.0
2015,2016,DK0010287663,0.0
2015,2016,DK0060079531,1.0516685685058558e-20
2015,2016,DK0060336014,0.0
2015,2016,DK0060448595,0.020993494139857148
2015,2016,DK0060477503,2.894221730704447e-20
2015,2016,DK0060636678,0.0
2015,2016,DK0060738599,0.0
2015,2016,DK0061539921,8.311381643808672e-20
2015,2016,ES0109427734,3.646383400063626e-21
2015,2016,ES0112501012,0.0
2015,2016,ES0113211835,0.0
2015,2016,ES0113679I37,0.0
2015,2016,ES0113860A34,0.0
2015,2016,ES0113900J37,6.2638664659423945e-21
2015,2016,ES0116870314,0.0
2015,2016,ES0118594417,0.0
2015,2016,ES0122060314,0.0
2015,2016,ES0124244E34,0.0
2015,2016,ES0125220311,0.0
2015,2016,ES0130670112,0.0
2015,2016,ES0130960018,7.134756514601416e-21
2015,2016,ES0132105018,2.889026260101017e-20
2015,2016,ES0144580Y14,0.0
2015,2016,ES0148396007,0.0
2015,2016,ES0152503035,1.752989234449663e-20
2015,2016,ES0161560018,5.329700511135259e-20
2015,2016,ES0167050915,0.0
2015,2016,ES0171743901,4.123215282289141e-20
2015,2016,ES0171996087,1.2025614908766081e-20
2015,2016,ES0173093024,0.0
2015,2016,ES0173516115,2.115757657170607e-21
2015,2016,ES0178430E18,0.0
2015,2016,ES0182870214,0.0
2015,2016,FI0009000202,0.0
2015,2016,FI0009000277,0.0
2015,2016,FI0009000459,0.0
2015,2016,FI0009000681,0.0
2015,2016,FI0009002158,0.0
2015,2016,FI0009002422,2.730149657556227e-20
2015,2016,FI0009003727,4.386908728953119e-20
2015,2016,FI0009005318,0.0
2015,2016,FI0009005870,0.0
2015,2016,FI0009005961,2.035357929866533e-20
2015,2016,FI0009005987,1.4359765236562993e-20
2015,2016,FI0009007132,0.0
2015,2016,FI0009007694,0.0
2015,2016,FI0009007884,0.0
2015,2016,FI0009013296,0.0
2015,2016,FI0009013403,1.031873974136958e-20
2015,2016,FI0009800643,1.3397584154766806e-20
2015,2016,FI4000440664,4.080614963191975e-21
2015,2016,FR0000035081,0.0
2015,2016,FR0000039109,2.4021665900314356e-20
2015,2016,FR0000044448,3.4143888786058714e-20
2015,2016,FR0000045072,0.0
2015,2016,FR0000051070,0.0
2015,2016,FR0000054900,2.0004244855520295e-20
2015,2016,FR0000064578,4.8556956194842666e-20
2015,2016,FR0000073272,2.5122816766382007e-20
2015,2016,FR0000077919,0.0
2015,2016,FR0000120073,0.0
2015,2016,FR0000120172,0.0
2015,2016,FR0000120222,5.829188517352343e-21
2015,2016,FR0000120271,0.0
2015,2016,FR0000120321,0.0
2015,2016,FR0000120404,2.5017947633753552e-20
2015,2016,FR0000120503,0.0
2015,2016,FR0000120560,5.609190072857717e-20
2015,2016,FR0000120578,0.0
2015,2016,FR0000120628,3.2214971221556794e-21
2015,2016,FR0000120644,1.2481821468888764e-20
2015,2016,FR0000120693,4.458089840665805e-20
2015,2016,FR0000120859,0.0
2015,2016,FR0000120966,0.0
2015,2016,FR0000121014,0.0
2015,2016,FR0000121121,0.0
2015,2016,FR0000121204,0.0
2015,2016,FR0000121220,3.6973310269665006e-20
2015,2016,FR0000121329,0.0
2015,2016,FR0000121485,0.0
2015,2016,FR0000121667,0.0
2015,2016,FR0000121964,9.439527157195382e-21
2015,2016,FR0000121972,2.7475156182619186e-20
2015,2016,FR0000124141,2.5778679062027587e-20
2015,2016,FR0000125007,0.0
2015,2016,FR0000125338,0.0
2015,2016,FR0000125486,0.0
2015,2016,FR0000127771,0.0
2015,2016,FR0000130213,1.8693229536469214e-21
2015,2016,FR0000130395,7.028884799830794e-20
2015,2016,FR0000130403,0.0
2015,2016,FR0000130452,0.0
2015,2016,FR0000130577,1.823839701328979e-20
2015,2016,FR0000130809,0.0
2015,2016,FR0000131104,0.0
2015,2016,FR0000131906,0.0
2015,2016,FR0000133308,0.0
2015,2016,FR0010040865,0.0
2015,2016,FR0010220475,0.0
2015,2016,FR0010242511,0.0
2015,2016,FR0010307819,1.1819696636939515e-20
2015,2016,FR0010313833,0.0
2015,2016,FR0010340141,9.967553041613253e-21
2015,2016,FR0010533075,0.0
2015,2016,FR0013176526,0.0
2015,2016,FR0013280286,0.0
2015,2016,FR0013326246,0.0
2015,2016,FR0013505062,7.114650381656032e-20
2015,2016,FR0013506730,3.2131983188842194e-20
2015,2016,FR0014003TT8,8.208554365294659e-21
2015,2016,FR001400AJ45,2.5425572273647743e-20
2015,2016,GB0000163088,1.454500873311473e-19
2015,2016,GB0000456144,0.0
2015,2016,GB0000536739,1.014305292160454e-19
2015,2016,GB0000811801,0.0
2015,2016,GB0000904986,0.0
2015,2016,GB0000961622,0.0
2015,2016,GB0001048619,0.0
2015,2016,GB0001367019,2.732688936343558e-20
2015,2016,GB0001500809,3.0839727048155095e-20
2015,2016,GB0001638955,0.0
2015,2016,GB0001765816,0.0
2015,2016,GB0001826634,1.8022434032714673e-20
2015,2016,GB0001859296,0.0
2015,2016,GB0002018363,0.0
2015,2016,GB0002074580,1.7281537161629855e-20
2015,2016,GB0002148343,4.1187723584589136e-20
2015,2016,GB0002318888,0.010067776480079
2015,2016,GB0002374006,1.1922468646585084e-20
2015,2016,GB0002418548,0.0
2015,2016,GB0002634946,0.0
2015,2016,GB0002652740,0.0
2015,2016,GB0002670437,0.002404770129932897
2015,2016,GB0002869419,5.178939025689666e-20
2015,2016,GB0002875804,0.0
2015,2016,GB0003096442,0.0
2015,2016,GB0003308607,6.816981962367824e-20
2015,2016,GB0003395000,2.739545641589268e-20
2015,2016,GB0003452173,4.268595798209836e-20
2015,2016,GB0003753778,3.567801252327348e-21
2015,2016,GB0004052071,6.609254006886566e-20
2015,2016,GB0004082847,0.0
2015,2016,GB0004161021,2.2387041268252973e-20
2015,2016,GB0004170089,0.0
2015,2016,GB0004270301,5.310384265916202e-20
2015,2016,GB0004478896,2.4654444584007552e-20
2015,2016,GB0004544929,4.887715750358932e-24
2015,2016,GB0004657408,0.0
2015,2016,GB0004726096,0.0
2015,2016,GB0004866223,2.8675448522800714e-20
2015,2016,GB0004915632,0.0
2015,2016,GB0005405286,2.1320659024996584e-20
2015,2016,GB0005576813,0.0
2015,2016,GB0005603997,2.7163594306558715e-20
2015,2016,GB0005746358,0.0
2015,2016,GB0005758098,3.996162078037227e-20
2015,2016,GB0006027295,4.9780857509428365e-20
2015,2016,GB0006215205,9.808347233771584e-20
2015,2016,GB0006650450,4.6932707212801654e-20
2015,2016,GB0006731235,5.7320080515947694e-21
2015,2016,GB0006776081,0.0
2015,2016,GB0006825383,0.0
2015,2016,GB0006886666,0.007632818886167319
2015,2016,GB0006928617,0.0
2015,2016,GB0007099541,2.9483587081787504e-20
2015,2016,GB0007188757,0.0
2015,2016,GB0007323586,8.969574285856251e-20
2015,2016,GB0007594764,1.009712344133301e-20
2015,2016,GB0007668071,0.0
2015,2016,GB0007669376,0.0
2015,2016,GB0007908733,0.0
2015,2016,GB0007958233,1.6558956126829258e-20
2015,2016,GB0007973794,0.0
2015,2016,GB0007980591,0.0
2015,2016,GB0008025412,2.712657999442976e-20
2015,2016,GB0008085614,1.3426101514676344e-20
2015,2016,GB0008220112,2.758175255343073e-20
2015,2016,GB0008706128,0.0
2015,2016,GB0008782301,2.3128694673957252e-20
2015,2016,GB0008794710,0.01438889229065303
2015,2016,GB0009067447,0.02889915124704751
2015,2016,GB0009123323,3.2747158839643743e-20
2015,2016,GB0009223206,0.0
2015,2016,GB0009292243,0.0
2015,2016,GB0009465807,0.0
2015,2016,GB0009633180,0.0
2015,2016,GB0009697037,4.309310378335837e-20
2015,2016,GB0009895292,0.0
2015,2016,GB0022569080,0.0
2015,2016,GB0030232317,1.1502349328442027e-20
2015,2016,GB0030913577,8.915355597192244e-20
2015,2016,GB0031274896,0.0
2015,2016,GB0031348658,0.0
2015,2016,GB0031638363,5.637438197763539e-21
2015,2016,GB0031743007,0.0
2015,2016,GB0032089863,0.0
2015,2016,GB0033195214,0.0
2015,2016,GB0033986497,9.032090423441573e-20
2015,2016,GB00B012BV22,0.0
2015,2016,GB00B012TP20,0.0
2015,2016,GB00B019KW72,0.0
2015,2016,GB00B01QGK86,0.02726249890032942
2015,2016,GB00B02J6398,1.2344747663227962e-20
2015,2016,GB00B033F229,2.642946771238405e-21
2015,2016,GB00B03HDJ73,0.0
2015,2016,GB00B04V1276,3.052645991326886e-20
2015,2016,GB00B06QFB75,1.7494181429621797e-20
2015,2016,GB00B0744359,0.0
2015,2016,GB00B0744B38,4.0717125688752825e-21
2015,2016,GB00B082RF11,1.922378156387878e-20
2015,2016,GB00B0FYMT95,0.0
2015,2016,GB00B0KM9T71,0.0
2015,2016,GB00B0LCW083,0.0
2015,2016,GB00B0N8QD54,0.0
2015,2016,GB00B0SWJX34,0.0
2015,2016,GB00B0WMWD03,3.4201962892532874e-20
2015,2016,GB00B0YG1K06,0.0
2015,2016,GB00B128J450,5.1956379554152804e-20
2015,2016,GB00B132NW22,0.0
2015,2016,GB00B135BJ46,3.542829160295502e-20
2015,2016,GB00B17MMZ46,0.0
2015,2016,GB00B18P5K83,0.0
2015,2016,GB00B19Z1432,7.860894993862385e-21
2015,2016,GB00B1FH8J72,0.0
2015,2016,GB00B1FP6H53,0.0
2015,2016,GB00B1FW5029,0.0
2015,2016,GB00B1JQDM80,0.0
2015,2016,GB00B1KJJ408,0.0
2015,2016,GB00B1L5QH97,0.0
2015,2016,GB00B1P6ZR11,1.1800914373237528e-20
2015,2016,GB00B1VNSX38,2.317764110531513e-20
2015,2016,GB00B1WY2338,3.798417528634841e-20
2015,2016,GB00B1XH2C03,0.0
2015,2016,GB00B1YW4409,0.0
2015,2016,GB00B27YGJ97,0.0
2015,2016,GB00B2B0DG97,0.0
2015,2016,GB00B2NGPM57,5.104508381435891e-20
2015,2016,GB00B2PDGW16,0.0
2015,2016,GB00B39J2M42,1.1638050202476957e-20
2015,2016,GB00B3DGH821,0.002664009835963751
2015,2016,GB00B3FLWH99,0.0
2015,2016,GB00B41H7391,0.0
2015,2016,GB00B45C9X44,4.6565475358815544e-20
2015,2016,GB00B572ZV91,0.010634657683538789
2015,2016,GB00B5N0P849,9.82942864870973e-21
2015,2016,GB00B5ZN1N88,1.8106973792626603e-20
2015,2016,GB00B61TVQ02,0.0
2015,2016,GB00B63H8491,1.1553265348967594e-20
2015,2016,GB00B63QSB39,0.0
2015,2016,GB00B67G5X01,0.0
2015,2016,GB00B6XZKY75,0.0
2015,2016,GB00B6YTLS95,5.3483633270369187e-20
2015,2016,GB00B71N6K86,0.015768746211708186
2015,2016,GB00B7KR2P84,0.0
2015,2016,GB00B82YXW83,0.0
2015,2016,GB00B8B4R053,0.00588458551929501
2015,2016,GB00B8C3BL03,0.0
2015,2016,GB00BD6K4575,0.0
2015,2016,GB00BDCPN049,3.511679380694179e-22
2015,2016,GB00BDR05C01,0.0
2015,2016,GB00BF044593,0.0
2015,2016,GB00BF5H9P87,0.0
2015,2016,GB00BF8Q6K64,0.0
2015,2016,GB00BG11K365,0.0
2015,2016,GB00BGDT3G23,0.0
2015,2016,GB00BGLP8L22,0.0
2015,2016,GB00BH4HKS39,2.741719953164817e-20
2015,2016,GB00BHJYC057,9.540947191493766e-21
2015,2016,GB00BJ1F4N75,0.0
2015,2016,GB00BJFFLV09,0.0
2015,2016,GB00BJQZC279,0.0
2015,2016,GB00BK9RKT01,0.0
2015,2016,GB00BKP36R26,0.0
2015,2016,GB00BKY40Q38,0.0
2015,2016,GB00BL6XZ716,7.130163067740534e-20
2015,2016,GB00BLGZ9862,0.0
2015,2016,GB00BM8PJY71,1.4485053511166838e-19
2015,2016,GB00BM8Q5M07,0.0
2015,2016,GB00BMJ6DW54,0.0
2015,2016,GB00BN7SWP63,4.927905751155398e-22
2015,2016,GB00BNGDN821,0.0
2015,2016,GB00BNNTLN49,4.887506793267772e-21
2015,2016,GB00BNR4T868,1.0273088915334397e-20
2015,2016,GB00BP6MXD84,1.0957430464597561e-20
2015,2016,GB00BP92CJ43,1.054037125824705e-19
2015,2016,GB00BP9LHF23,0.0
2015,2016,GB00BPQY8M80,3.8578663874403255e-20
2015,2016,GB00BRB37M78,0.014096256905696774
2015,2016,GB00BV9FP302,0.0
2015,2016,GB00BVFNZH21,1.2430424336834318e-21
2015,2016,GB00BWFGQN14,1.784283048867402e-20
2015,2016,GB00BYQ0JC66,5.873462402511842e-20
2015,2016,GB00BYT1DJ19,0.0
2015,2016,GB00BYW0PQ60,3.181266965415114e-20
2015,2016,GB00BYYTFB60,1.7022540268980797e-20
2015,2016,GB00BZ4BQC70,4.581179548435932e-21
2015,2016,IE0001827041,2.057382876472893e-20
2015,2016,IE0002424939,0.0
2015,2016,IE0003864109,5.311819750224721e-20
2015,2016,IE0004927939,0.0
2015,2016,IE00B4BNMY34,1.1258212076442592e-20
2015,2016,IE00B8KQN827,4.574292080623683e-20
2015,2016,IE00BD1RP616,0.0
2015,2016,IE00BF0L3536,0.0
2015,2016,IE00BGH1M568,0.0
2015,2016,IE00BK9ZQ967,1.629654038204604e-20
2015,2016,IE00BLP1HW54,1.634323381832087e-20
2015,2016,IE00BLS09M33,4.909334164695834e-21
2015,2016,IE00BTN1Y115,0.0
2015,2016,IE00BY7QL619,6.536366076011444e-21
2015,2016,IL0002810146,5.9815331041969416e-21
2015,2016,IL0006046119,0.0
2015,2016,IL0006625771,0.0
2015,2016,IL0006954379,0.0
2015,2016,IL0010811243,0.0
2015,2016,IT0000062072,0.0
2015,2016,IT0000062957,0.0
2015,2016,IT0000072618,0.0
2015,2016,IT0000784196,0.0
2015,2016,IT0001137345,0.0
2015,2016,IT0001233417,0.0
2015,2016,IT0001347308,2.6155424687304486e-20
2015,2016,IT0001469383,0.0
2015,2016,IT0003128367,0.0
2015,2016,IT0003132476,0.0
2015,2016,IT0003153415,0.0
2015,2016,IT0003242622,0.0
2015,2016,IT0003497168,3.2032542841397634e-20
2015,2016,IT0003506190,0.0
2015,2016,IT0003856405,0.0
2015,2016,IT0004810054,0.0
2015,2016,IT0004827447,0.0
2015,2016,IT0005218380,0.0
2015,2016,IT0005239360,0.0
2015,2016,IT0005495657,0.0
2015,2016,IT0005508921,3.5398489980302095e-21
2015,2016,JE00B8KF9B49,0.0
2015,2016,JE00BJ1DLW90,0.0
2015,2016,LR0008862868,0.0
2015,2016,LU0075646355,0.0
2015,2016,NL0000008977,0.0
2015,2016,NL0000009082,2.421018016297926e-21
2015,2016,NL0000009165,0.0
2015,2016,NL0000009538,1.3505000722787415e-20
2015,2016,NL0000226223,4.992892887785489e-20
2015,2016,NL0000235190,2.2444273694259496e-20
2015,2016,NL0000289213,0.0
2015,2016,NL0000337319,0.0
2015,2016,NL0000360618,0.0
2015,2016,NL0000379121,0.0
2015,2016,NL0000395903,0.0
2015,2016,NL0009432491,1.9870807617771237e-20
2015,2016,NL0010273215,0.0
2015,2016,NL0010583399,1.1299546043570303e-20
2015,2016,NL0011794037,0.0
2015,2016,NL0011821202,2.6490509664360855e-20
2015,2016,NL0013267909,0.0
2015,2016,NL00150001Q9,0.0
2015,2016,NL0015001FS8,0.0
2015,2016,NO0003028904,0.0
2015,2016,NO0003053605,2.543857590637822e-20
2015,2016,NO0003054108,0.025192313183062257
2015,2016,NO0003733800,0.0
2015,2016,NO0005052605,0.0
2015,2016,NO0010063308,6.825203519048396e-21
2015,2016,NO0010096985,0.0
2015,2016,NO0010112675,0.0
2015,2016,NO0010199151,5.431395744493584e-20
2015,2016,NO0010208051,0.0
2015,2016,NO0010861990,2.0890251244634597e-21
2015,2016,NO0012470089,0.0
2015,2016,PA1436583006,0.0
2015,2016,PTBCP0AM0015,3.6142966444782743e-20
2015,2016,PTEDP0AM0009,0.0
2015,2016,PTJMT0AE0001,2.51584235528746e-21
2015,2016,PTSON0AM0001,0.0
2015,2016,PTZON0AM0006,0.0
2015,2016,SE0000106270,0.0
2015,2016,SE0000108227,7.038818283562491e-20
2015,2016,SE0000108656,6.513126546632832e-20
2015,2016,SE0000112724,0.0
2015,2016,SE0000113250,0.0
2015,2016,SE0000114837,5.3536779956950175e-20
2015,2016,SE0000148884,0.0
2015,2016,SE0000163594,0.0
2015,2016,SE0000163628,0.0
2015,2016,SE0000171100,0.0
2015,2016,SE0000190126,1.2550119012494941e-20
2015,2016,SE0000202624,0.0
2015,2016,SE0000242455,1.7973232670601475e-21
2015,2016,SE0000379190,0.0
2015,2016,SE0000667891,3.737947485440778e-20
2015,2016,SE0000667925,1.3644398061710028e-20
2015,2016,SE0000695876,3.885119397965908e-20
2015,2016,SE0000806994,0.0
2015,2016,SE0000862997,0.0
2015,2016,SE0000949331,0.0
2015,2016,SE0001662230,0.0
2015,2016,SE0003366871,0.0
2015,2016,SE0005190238,3.817683303362102e-21
2015,2016,SE0006993770,4.4743855601005904e-20
2015,2016,SE0007100581,1.256002710047867e-20
2015,2016,SE0007100599,0.0
2015,2016,SE0011090018,1.0344592881667086e-20
2015,2016,SE0011166974,0.0
2015,2016,SE0011256312,0.0
2015,2016,SE0015811955,1.2381322358403921e-20
2015,2016,SE0015812219,4.11598465392923e-20
2015,2016,SE0015988019,1.8904069083622708e-20
2015,2016,SE0016589188,8.544815172372371e-22
2015,2016,SE0017486889,4.0561126686064724e-20
2015,2016,SE0018012494,1.5696439217405919e-21
2015,2016,SE0018012635,1.0599278057449418e-20
2015,2016,SE0020050417,0.0
2015,2016,US0010551028,3.589703674619299e-20
2015,2016,US00130H1059,2.03535966381824e-20
2015,2016,US00206R1023,0.0024497249934836386
2015,2016,US0028241000,0.0
2015,2016,US0028962076,0.0
2015,2016,US00724F1012,0.0
2015,2016,US0079031078,0.0
2015,2016,US0082521081,1.4933747156530675e-20
2015,2016,US00846U1016,0.0
2015,2016,US0091581068,0.0
2015,2016,US00971T1016,0.0
2015,2016,US0126531013,0.0
2015,2016,US0185811082,1.1752414071662889e-20
2015,2016,US0188021085,1.541277888641791e-21
2015,2016,US0200021014,6.278633679831151e-20
2015,2016,US02079K3059,0.0
2015,2016,US02209S1033,0.0
2015,2016,US0236081024,1.5956774324531212e-20
2015,2016,US0255371017,1.1569153894163232e-20
2015,2016,US0258161092,0.0
2015,2016,US0268747849,0.0
2015,2016,US03027X1000,0.0
2015,2016,US03073E1055,0.0
2015,2016,US0311621009,0.0
2015,2016,US0326541051,0.0
2015,2016,US0367521038,0.0
2015,2016,US03743Q1085,1.026570288682315e-20
2015,2016,US0378331005,0.0
2015,2016,US0382221051,9.766660674954861e-21
2015,2016,US0383361039,4.3214144717419554e-20
2015,2016,US0441861046,0.0
2015,2016,US0527691069,4.447224849779919e-20
2015,2016,US0530151036,0.0
2015,2016,US0534841012,2.4291007993873047e-20
2015,2016,US0536111091,2.6736086989399973e-20
2015,2016,US0538071038,0.0
2015,2016,US0584981064,2.4296914320181334e-20
2015,2016,US0605051046,0.0
2015,2016,US0640581007,0.0
2015,2016,US0708301041,6.931221433545243e-20
2015,2016,US0718131099,0.0
2015,2016,US0758871091,0.0
2015,2016,US0865161014,0.0
2015,2016,US09062X1037,0.0
2015,2016,US0970231058,0.0
2015,2016,US0997241064,6.555696247609438e-20
2015,2016,US1011211018,4.835805316637688e-20
2015,2016,US1011371077,0.0
2015,2016,US1101221083,0.0
2015,2016,US1124631045,0.0
2015,2016,US1156372096,4.0820059391466963e-20
2015,2016,US12504L1098,1.6127555357878605e-20
2015,2016,US1255231003,0.0
2015,2016,US1258961002,0.0
2015,2016,US1264081035,2.3065769632537298e-20
2015,2016,US12653C1080,3.037838180243277e-20
2015,2016,US1266501006,0.0
2015,2016,US1270551013,0.0
2015,2016,US1307881029,3.371183117320007e-20
2015,2016,US1344291091,0.0
2015,2016,US14040H1059,5.3772973468245296e-20
2015,2016,US14149Y1082,0.0
2015,2016,US1491231015,8.142632778828089e-20
2015,2016,US1508701034,0.0
2015,2016,US15189T1079,6.728278024279591e-21
2015,2016,US1667641005,2.8465818821090026e-20
2015,2016,US1717793095,0.0
2015,2016,US1720621010,1.9398949983615216e-20
2015,2016,US17275R1023,0.0
2015,2016,US1729674242,0.0
2015,2016,US1858991011,0.0
2015,2016,US1890541097,0.0
2015,2016,US1912161007,0.0
2015,2016,US1924461023,0.0
2015,2016,US1941621039,3.860679399562387e-21
2015,2016,US2003401070,0.0
2015,2016,US2058871029,0.0
2015,2016,US20825C1045,5.094041693603075e-20
2015,2016,US2091151041,0.09258946769783641
2015,2016,US21036P1084,5.086960818890381e-20
2015,2016,US22160K1051,0.0
2015,2016,US2283681060,0.0
2015,2016,US2310211063,4.0636244592801293e-20
2015,2016,US2333311072,4.614600459920173e-21
2015,2016,US23355L1061,0.0
2015,2016,US2371941053,0.0
2015,2016,US2441991054,0.0
2015,2016,US2473617023,0.0
2015,2016,US25179M1036,2.173342167314576e-20
2015,2016,US2533931026,7.396392836686924e-20
2015,2016,US2546871060,0.0
2015,2016,US25746U1097,1.0403268280945387e-20
2015,2016,US2600031080,4.554391707384015e-20
2015,2016,US26441C2044,0.0
2015,2016,US26875P1012,1.672091002888972e-20
2015,2016,US26884L1098,0.0
2015,2016,US2774321002,0.0
2015,2016,US2786421030,0.0
2015,2016,US2788651006,0.0
2015,2016,US2810201077,0.0
2015,2016,US28176E1082,0.0
2015,2016,US2910111044,9.122446457159614e-21
2015,2016,US29364G1031,3.0837031191526444e-20
2015,2016,US29444U7000,0.0
2015,2016,US29670G1022,0.04165487042167755
2015,2016,US30040W1080,1.5090679764277978e-20
2015,2016,US30161N1019,1.384032297960601e-20
2015,2016,US3021301094,0.00660658096357547
2015,2016,US30231G1022,4.3269857144142705e-20
2015,2016,US3024913036,0.0
2015,2016,US31428X1063,0.0
2015,2016,US3156161024,1.0008827085130956e-20
2015,2016,US3167731005,2.6506280236888387e-20
2015,2016,US3379321074,1.515967487707611e-20
2015,2016,US3434121022,9.289915790469019e-20
2015,2016,US34354P1057,0.0
2015,2016,US3453708600,2.5894559874491338e-20
2015,2016,US3546131018,3.251057708775781e-20
2015,2016,US35671D8570,0.0
2015,2016,US3647601083,7.153451257084724e-20
2015,2016,US3703341046,0.10571147327138472
2015,2016,US37045V1008,0.0
2015,2016,US3719011096,0.0
2015,2016,US37247D1063,0.0
2015,2016,US3755581036,0.0
2015,2016,US38141G1040,0.0
2015,2016,US3825501014,0.0
2015,2016,US3848021040,5.259608579002955e-21
2015,2016,US3976241071,4.092849063436298e-20
2015,2016,US40434L1052,0.0
2015,2016,US4062161017,3.4387346692989843e-20
2015,2016,US4128221086,3.2676699830544784e-20
2015,2016,US4165151048,3.515598017271546e-20
2015,2016,US4180561072,0.0
2015,2016,US4198701009,1.4095666119637897e-20
2015,2016,US42250P1030,3.222147289261601e-20
2015,2016,US4278661081,0.09372459901552657
2015,2016,US42809H1077,2.877744997446761e-20
2015,2016,US4370761029,2.9721167745718204e-21
2015,2016,US4385161066,4.771936010401299e-21
2015,2016,US4404521001,0.0
2015,2016,US44107P1049,5.1993258886317574e-20
2015,2016,US4448591028,0.0
2015,2016,US4456581077,6.082079854786779e-22
2015,2016,US4461501045,6.107089898521208e-20
2015,2016,US4470111075,0.0
2015,2016,US45073V1089,2.7814711790698473e-20
2015,2016,US4523081093,5.0104178462831965e-20
2015,2016,US4581401001,2.6681421098300655e-20
2015,2016,US4592001014,0.0
2015,2016,US4595061015,0.0
2015,2016,US4601461035,0.0
2015,2016,US4606901001,0.0
2015,2016,US4612021034,0.0
2015,2016,US46284V1017,4.501628728076143e-21
2015,2016,US4657411066,8.102034924125252e-20
2015,2016,US46625H1005,0.0
2015,2016,US4663131039,0.0
2015,2016,US46982L1089,5.823756913348106e-20
2015,2016,US4781601046,0.0
2015,2016,US48020Q1076,0.0
2015,2016,US48203R1041,2.737974132629146e-20
2015,2016,US48242W1062,0.0
2015,2016,US4824801009,4.104140441779666e-20
2015,2016,US4878361082,4.2698484417256456e-21
2015,2016,US4891701009,7.283602522869226e-20
2015,2016,US4932671088,0.0
2015,2016,US4943681035,0.0
2015,2016,US49446R1095,5.598716248961726e-20
2015,2016,US4972661064,2.056555540194356e-20
2015,2016,US5002551043,0.0
2015,2016,US5010441013,0.0
2015,2016,US5178341070,1.9524978087573943e-20
2015,2016,US5184391044,0.0
2015,2016,US5324571083,1.6600391056269852e-21
2015,2016,US5339001068,6.3614084802716e-20
2015,2016,US5341871094,8.477233370896825e-20
2015,2016,US5398301094,0.0
2015,2016,US5486611073,1.0204984419452437e-20
2015,2016,US5502411037,0.0
2015,2016,US5526761086,7.193845081416252e-21
2015,2016,US5529531015,2.1146996045476083e-19
2015,2016,US5543821012,1.4274965301390825e-19
2015,2016,US5635714059,1.2289800028928542e-19
2015,2016,US56418H1005,2.4045717543094126e-20
2015,2016,US5658491064,0.0
2015,2016,US5717481023,3.762775150431176e-20
2015,2016,US5719032022,1.6616265324316855e-20
2015,2016,US5738741041,0.0
2015,2016,US5745991068,9.487470847747437e-21
2015,2016,US57636Q1040,0.0
2015,2016,US5770811025,3.326643551485156e-20
2015,2016,US5797802064,1.0699451360098907e-20
2015,2016,US5801351017,0.023382892198274288
2015,2016,US58155Q1031,0.0
2015,2016,US58933Y1055,0.0
2015,2016,US59156R1086,3.1991208229694296e-20
2015,2016,US5926881054,5.699984371938727e-20
2015,2016,US5949181045,1.680443800755972e-20
2015,2016,US5950171042,0.0
2015,2016,US5951121038,0.0
2015,2016,US6005441000,4.560853183016028e-20
2015,2016,US6081901042,7.60720889194569e-21
2015,2016,US60871R2094,5.793637975524639e-20
2015,2016,US6092071058,0.0
2015,2016,US6174464486,0.0
2015,2016,US61945C1036,0.0
2015,2016,US6200763075,0.0
2015,2016,US6267171022,4.434072668034118e-20
2015,2016,US6293775085,4.645849620994216e-20
2015,2016,US6311031081,0.0
2015,2016,US6365181022,2.0692335565546485e-20
2015,2016,US64110D1046,0.0
2015,2016,US6512291062,0.0
2015,2016,US6516391066,0.026672657106222016
2015,2016,US65339F1012,0.0
2015,2016,US6541061031,0.0
2015,2016,US65473P1057,1.1902651931250932e-20
2015,2016,US6556641008,1.1219855069243238e-20
2015,2016,US6558441084,0.0
2015,2016,US6658591044,0.0
2015,2016,US6668071029,0.0
2015,2016,US6687711084,2.3207946569966162e-21
2015,2016,US67066G1040,0.0
2015,2016,US6708371033,3.090163362036959e-20
2015,2016,US67098H1041,1.0266527164154551e-19
2015,2016,US6745991058,3.95027327819568e-20
2015,2016,US6819191064,4.3145708824017984e-20
2015,2016,US6821891057,0.0
2015,2016,US6826801036,1.2693696414247422e-20
2015,2016,US68389X1054,0.0
2015,2016,US6866881021,0.0
2015,2016,US6882392011,2.71431402539632e-20
2015,2016,US69331C1080,0.0005643823925171857
2015,2016,US6934751057,5.006132427294753e-21
2015,2016,US6935061076,0.0
2015,2016,US69351T1060,0.0
2015,2016,US6936561009,5.115649570182546e-21
2015,2016,US6937181088,3.4657530410668086e-20
2015,2016,US7010941042,2.5815314022324844e-20
2015,2016,US70211M1099,0.0
2015,2016,US7134481081,0.0
2015,2016,US7140461093,3.144854269063745e-20
2015,2016,US7170811035,0.0
2015,2016,US7234841010,0.0
2015,2016,US7244791007,4.390798706346303e-20
2015,2016,US7310681025,6.52654267239519e-20
2015,2016,US74144T1088,3.4971661689520323e-20
2015,2016,US74251V1026,6.415426301708248e-20
2015,2016,US7427181091,5.16872356439438e-21
2015,2016,US7433151039,1.4668436980612744e-20
2015,2016,US74340W1036,4.1243554918470497e-20
2015,2016,US7443201022,3.337405048797189e-20
2015,2016,US7445731067,0.0
2015,2016,US7475251036,0.0
2015,2016,US74834L1008,0.07104925358516329
2015,2016,US75281A1097,0.020269904773354108
2015,2016,US75513E1010,0.0
2015,2016,US7588491032,8.975475354842019e-20
2015,2016,US7607591002,3.47767597859066e-20
2015,2016,US7739031091,4.3504376114332636e-20
2015,2016,US7835491082,4.3425045704356764e-20
2015,2016,US78409V1044,0.0
2015,2016,US78440X8873,3.683005868676497e-20
2015,2016,US78473E1038,4.08992468079715e-20
2015,2016,US79466L3024,0.0
2015,2016,US8101861065,1.9195132704697418e-21
2015,2016,US81211K1007,0.0
2015,2016,US8168511090,7.611864378145842e-22
2015,2016,US8243481061,1.4650534948663394e-20
2015,2016,US8288061091,2.572978372368061e-20
2015,2016,US8326964058,0.0
2015,2016,US8354951027,1.150143106574752e-20
2015,2016,US8425871071,0.04967074631585025
2015,2016,US84265V1052,0.0
2015,2016,US8447411088,0.0
2015,2016,US8545021011,0.0
2015,2016,US8552441094,0.0
2015,2016,US8574771031,1.2524985195466454e-20
2015,2016,US8676524064,5.727528929702313e-20
2015,2016,US8718291078,0.0
2015,2016,US8725401090,0.002348286034530612
2015,2016,US87612E1064,0.0
2015,2016,US8807701029,6.3780476705118095e-21
2015,2016,US8816242098,0.06610209778310529
2015,2016,US8825081040,0.0
2015,2016,US8832031012,7.864408352754031e-20
2015,2016,US88337F1057,0.0
2015,2016,US8835561023,4.5784141314732256e-21
2015,2016,US88579Y1010,7.807656357696799e-21
2015,2016,US89417E1091,0.0
2015,2016,US89832Q1094,2.548199677273651e-20
2015,2016,US9024941034,1.4241579086434982e-20
2015,2016,US9029733048,6.057676201109387e-20
2015,2016,US9078181081,0.0
2015,2016,US9111631035,3.8326224543355864e-20
2015,2016,US9113121068,1.4356877919596253e-20
2015,2016,US9113631090,2.1672820382542514e-19
2015,2016,US9129091081,3.440423713329043e-20
2015,2016,US91324P1021,0.0
2015,2016,US91529Y1064,2.430196508757513e-20
2015,2016,US91822M5022,0.0
2015,2016,US91913Y1001,0.0
2015,2016,US92276F1003,2.781883464673834e-20
2015,2016,US92343V1044,0.0
2015,2016,US9255501051,3.0489132373227037e-21
2015,2016,US92556V1061,0.0
2015,2016,US9291601097,8.144079461157057e-20
2015,2016,US92939U1060,0.0
2015,2016,US9311421039,0.12252616153146055
2015,2016,US9314271084,0.0
2015,2016,US94106L1098,0.0
2015,2016,US9418481035,3.197630706322019e-20
2015,2016,US9427491025,0.0
2015,2016,US9497461015,4.5707303300069015e-20
2015,2016,US95040Q1040,2.045625024132912e-20
2015,2016,US95082P1057,5.671236061105258e-20
2015,2016,US9581021055,0.0
2015,2016,US9621661043,1.3539639682918588e-20
2015,2016,US9633201069,1.4430202420651733e-20
2015,2016,US9694571004,1.2466213243117391e-20
2015,2016,US98389B1008,4.2319881728997464e-21
2015,2016,US9839191015,4.554058267776386e-22
2015,2016,US98421M1062,3.6201665786211e-20
2015,2016,US9884981013,4.54344767686261e-20
2015,2016,US98956P1021,2.1112288112664773e-20
2016,2017,AN8068571086,3.1770902473019595e-06
2016,2017,AT000000STR1,5.83722448483248e-06
2016,2017,AT00000VIE62,3.6308672878859446e-06
2016,2017,AT0000606306,6.612229547940351e-06
2016,2017,AT0000652011,7.77708158833133e-06
2016,2017,AT0000720008,2.1249682460399323e-06
2016,2017,AT0000743059,3.765498805589886e-06
2016,2017,AT0000746409,4.066992253608197e-06
2016,2017,AT0000938204,2.1492176351165227e-06
2016,2017,BE0003470755,3.760889428669814e-06
2016,2017,BE0003565737,7.37818869129701e-06
2016,2017,BE0003593044,2.150332499844061e-06
2016,2017,BE0003735496,1.833666798393149e-08
2016,2017,BE0003739530,1.5149619405778132e-06
2016,2017,BE0003755692,4.81288546607962e-06
2016,2017,BE0003810273,9.948966762618895e-07
2016,2017,BE0974258874,6.150937529586911e-06
2016,2017,BE0974264930,8.081767657001284e-06
2016,2017,BE0974293251,2.5111445762093403e-06
2016,2017,CA00208D4084,3.31206189767452e-06
2016,2017,CA0084741085,0.0037551789862408087
2016,2017,CA00900Q1037,1.1377439776771525e-06
2016,2017,CA01626P1484,5.779991809627915e-07
2016,2017,CA05534B7604,1.6090636942831839e-06
2016,2017,CA0636711016,2.782273006975059e-06
2016,2017,CA0641491075,3.0705453570379045e-06
2016,2017,CA0977518616,5.094160675238123e-06
2016,2017,CA1247651088,3.2925771118906985e-06
2016,2017,CA12532H1047,1.9818063496004247e-06
2016,2017,CA13321L1085,4.2740535324879095e-06
2016,2017,CA1360691010,2.7380260431419475e-06
2016,2017,CA1363751027,1.8536734278602134e-06
2016,2017,CA1363851017,4.129408068544426e-06
2016,2017,CA13646K1084,2.950039836248181e-06
2016,2017,CA1366812024,1.656271674419436e-06
2016,2017,CA1367178326,5.187333464407406e-07
2016,2017,CA2849025093,1.319271506599465e-06
2016,2017,CA29250N1050,1.0957558535772087e-06
2016,2017,CA2927661025,2.6215698091760622e-06
2016,2017,CA3180714048,4.137648331079906e-06
2016,2017,CA3359341052,6.325111015190781e-06
2016,2017,CA3495531079,9.411220803666937e-07
2016,2017,CA3759161035,2.8420227582804656e-06
2016,2017,CA39138C1068,3.4312342639758986e-06
2016,2017,CA4495861060,3.331349486884221e-06
2016,2017,CA4530384086,2.053839174480175e-06
2016,2017,CA45823T1066,1.0395026923612284e-06
2016,2017,CA4969024047,9.321765337359089e-07
2016,2017,CA5394811015,1.497968319413053e-06
2016,2017,CA5592224011,2.4512806091932785e-06
2016,2017,CA56501R1064,5.441030504352941e-06
2016,2017,CA59151K1084,4.554561671492752e-06
2016,2017,CA6744822033,3.8768696146295236e-06
2016,2017,CA7392391016,3.398022598534165e-06
2016,2017,CA7751092007,1.6108312554017825e-06
2016,2017,CA7800871021,2.572199129975486e-06
2016,2017,CA8029121057,9.601147078446765e-07
2016,2017,CA8239011031,7.193114679180892e-06
2016,2017,CA85472N1096,3.846964844675474e-06
2016,2017,CA8667961053,3.850657878881872e-06
2016,2017,CA8672241079,4.134090162461133e-06
2016,2017,CA87807B1076,1.6114530139219666e-06
2016,2017,CA8787422044,9.890327072856963e-06
2016,2017,CA87971M1032,9.593177180810392e-07
2016,2017,CA8849038085,1.6773029763587445e-06
2016,2017,CA8911605092,2.7490313029890043e-06
2016,2017,CA89346D1078,1.8131710808178156e-06
2016,2017,CA8959451037,4.918844500331661e-06
2016,2017,CA98462Y1007,1.2428761421110376e-06
2016,2017,CH0008038389,1.2709435257605136e-06
2016,2017,CH0008742519,4.838840654759705e-07
2016,2017,CH0010570759,9.291455952827809e-07
2016,2017,CH0010645932,2.3350113952973806e-06
2016,2017,CH0011075394,3.0702063275863167e-06
2016,2017,CH0012005267,8.167940981789779e-07
2016,2017,CH0012032048,8.616203906506367e-07
2016,2017,CH0012138530,3.490002550798923e-06
2016,2017,CH0012138605,3.547423958325486e-06
2016,2017,CH0012142631,4.949215919945114e-06
2016,2017,CH0012214059,4.816728398096221e-06
2016,2017,CH0012221716,3.6042487687314727e-06
2016,2017,CH0012549785,2.053768552042003e-06
2016,2017,CH0013841017,2.639488385179737e-06
2016,2017,CH0014786500,0.09758633354966414
2016,2017,CH0014852781,4.8039912170153405e-06
2016,2017,CH0018294154,1.84197001272112e-06
2016,2017,CH0024608827,4.282416308852585e-06
2016,2017,CH0024638212,1.768314469042402e-06
2016,2017,CH0025238863,2.243599164239905e-06
2016,2017,CH0025751329,4.0762871169751125e-06
2016,2017,CH0030170408,2.449452562974273e-06
2016,2017,CH0038388911,4.739282218381314e-06
2016,2017,CH0038863350,8.668736828408263e-07
2016,2017,CH0044328745,8.730218596134609e-07
2016,2017,CH0048265513,2.0200649550313194e-06
2016,2017,CH0102484968,2.300741532153791e-06
2016,2017,CH0126881561,6.004027809844106e-06
2016,2017,CH0198251305,0.016309252538829967
2016,2017,CH0210483332,3.114865719571019e-06
2016,2017,CH0244767585,4.6885705654313525e-06
2016,2017,CH0319416936,2.5883017621976417e-06
2016,2017,CH0418792922,3.7785073256037872e-06
2016,2017,CH1169151003,6.099401633652608e-06
2016,2017,CH1175448666,2.661961418111226e-06
2016,2017,CH1256740924,1.7831770032008193e-06
2016,2017,DE0005089031,3.537090595172321e-06
2016,2017,DE0005140008,5.8790462335588396e-06
2016,2017,DE0005190003,3.1834326838932085e-06
2016,2017,DE0005200000,1.049266804157249e-06
2016,2017,DE0005408884,7.063124180844903e-06
2016,2017,DE0005439004,6.387705023606526e-06
2016,2017,DE0005470405,4.840903870440956e-06
2016,2017,DE0005552004,4.786910966266713e-06
2016,2017,DE0005557508,5.40888851792228e-07
2016,2017,DE0005773303,3.979980303838097e-06
2016,2017,DE0005810055,3.325968767335989e-06
2016,2017,DE0005909006,3.8588082966553314e-06
2016,2017,DE0006047004,5.024870656233073e-06
2016,2017,DE0006048432,2.1383773413915295e-06
2016,2017,DE0006070006,6.64953326932651e-06
2016,2017,DE0006202005,5.052817713329095e-06
2016,2017,DE0006231004,8.926921303133786e-06
2016,2017,DE0006599905,2.2354891569431844e-06
2016,2017,DE0006602006,4.436831716293222e-06
2016,2017,DE0006969603,4.21513805245688e-06
2016,2017,DE0007030009,4.513829466080603e-06
2016,2017,DE0007037129,3.19861402220676e-06
2016,2017,DE0007042301,1.3912351739008809e-06
2016,2017,DE0007100000,5.060681045103803e-06
2016,2017,DE0007164600,2.7013815823245123e-06
2016,2017,DE0007236101,4.006672885294175e-06
2016,2017,DE0007257503,4.6055730023731575e-06
2016,2017,DE0007500001,5.429772600714545e-06
2016,2017,DE0007664039,5.26957856794188e-06
2016,2017,DE0008232125,4.0586443977913e-06
2016,2017,DE0008402215,2.2531849763163566e-06
2016,2017,DE0008404005,4.880979296128578e-06
2016,2017,DE0008430026,1.964930070422087e-06
2016,2017,DE000A0D9PT0,2.722861899452638e-06
2016,2017,DE000A0S8488,5.499598746579023e-06
2016,2017,DE000BASF111,3.840116961777786e-06
2016,2017,DE000BAY0017,2.760429865258702e-06
2016,2017,DE000CBK1001,6.075791100328834e-06
2016,2017,DE000CLS1001,3.2825386924349303e-06
2016,2017,DE000ENAG999,3.904864859740206e-06
2016,2017,DE000KSAG888,4.102761295898487e-06
2016,2017,DE000PSM7770,9.034077363935293e-06
2016,2017,DE000TUAG505,6.455767367233408e-06
2016,2017,DK0010181759,4.130270563600118e-06
2016,2017,DK0010234467,4.413488344833747e-06
2016,2017,DK0010244508,2.5952394625155635e-06
2016,2017,DK0010274414,5.562465279449482e-06
2016,2017,DK0010287663,3.7982529594887023e-06
2016,2017,DK0060079531,4.229357455141954e-06
2016,2017,DK0060336014,1.8722851104187577e-06
2016,2017,DK0060448595,0.008808716961538041
2016,2017,DK0060477503,2.1961526269883648e-06
2016,2017,DK0060636678,1.578344319840196e-06
2016,2017,DK0060738599,2.221917628303146e-06
2016,2017,DK0061539921,5.7428151524885e-06
2016,2017,ES0109427734,4.963483999317747e-06
2016,2017,ES0112501012,1.7981854944646485e-06
2016,2017,ES0113211835,5.678445721541814e-06
2016,2017,ES0113679I37,3.969840004865278e-06
2016,2017,ES0113860A34,3.0373419585769494e-06
2016,2017,ES0113900J37,5.8584114547126655e-06
2016,2017,ES0116870314,3.488795524258106e-06
2016,2017,ES0118594417,2.536519980716626e-06
2016,2017,ES0122060314,2.2548122882190665e-06
2016,2017,ES0124244E34,5.412475543674433e-06
2016,2017,ES0125220311,4.3517910064677165e-06
2016,2017,ES0130670112,3.3516770704076643e-06
2016,2017,ES0130960018,3.2960845230815082e-06
2016,2017,ES0132105018,4.125455302457726e-06
2016,2017,ES0144580Y14,3.7997410493645155e-06
2016,2017,ES0148396007,2.0796054761424327e-06
2016,2017,ES0152503035,5.012631196010184e-06
2016,2017,ES0161560018,6.600243690853522e-06
2016,2017,ES0167050915,2.997096039683508e-06
2016,2017,ES0171743901,7.0815273752566575e-06
2016,2017,ES0171996087,2.6022554233351983e-06
2016,2017,ES0173093024,2.9874200838754603e-06
2016,2017,ES0173516115,4.158422945454314e-06
2016,2017,ES0178430E18,2.7441268780891477e-06
2016,2017,ES0182870214,7.069686278780858e-06
2016,2017,FI0009000202,3.295725366171258e-06
2016,2017,FI0009000277,3.1443158266584573e-06
2016,2017,FI0009000459,3.120255013136159e-06
2016,2017,FI0009000681,2.8198498744674753e-06
2016,2017,FI0009002158,4.148063136269265e-06
2016,2017,FI0009002422,5.457924468714652e-06
2016,2017,FI0009003727,4.979798462087337e-06
2016,2017,FI0009005318,4.26620633498054e-06
2016,2017,FI0009005870,4.931197273244524e-06
2016,2017,FI0009005961,4.667778314197833e-06
2016,2017,FI0009005987,4.252106727611304e-06
2016,2017,FI0009007132,3.5791616904953255e-06
2016,2017,FI0009007694,2.761128147139596e-06
2016,2017,FI0009007884,2.348850165736668e-06
2016,2017,FI0009013296,3.3350134923341317e-06
2016,2017,FI0009013403,2.380221722160553e-06
2016,2017,FI0009800643,4.720399156256597e-06
2016,2017,FI4000440664,5.384769493251669e-06
2016,2017,FR0000035081,3.524583779481817e-06
2016,2017,FR0000039109,3.6555528799614972e-06
2016,2017,FR0000044448,5.765851996633361e-06
2016,2017,FR0000045072,5.429851753904464e-06
2016,2017,FR0000051070,3.9435159027426504e-06
2016,2017,FR0000054900,4.912024992117034e-06
2016,2017,FR0000064578,4.883895730386506e-06
2016,2017,FR0000073272,2.7676632880641268e-06
2016,2017,FR0000077919,3.227540218818543e-06
2016,2017,FR0000120073,1.8862118131686917e-06
2016,2017,FR0000120172,2.7559456639118245e-06
2016,2017,FR0000120222,3.6108396588106646e-06
2016,2017,FR0000120271,2.076238407210925e-06
2016,2017,FR0000120321,2.0839249437197815e-06
2016,2017,FR0000120404,3.8729293346394604e-06
2016,2017,FR0000120503,3.3127090531522823e-06
2016,2017,FR0000120560,1.7817672909544297e-06
2016,2017,FR0000120578,1.9703513395619983e-06
2016,2017,FR0000120628,6.363890999581378e-06
2016,2017,FR0000120644,1.7961416990038758e-06
2016,2017,FR0000120693,3.2967426957295204e-06
2016,2017,FR0000120859,4.170165942174887e-06
2016,2017,FR0000120966,8.526943512526515e-07
2016,2017,FR0000121014,3.3512396985854463e-06
2016,2017,FR0000121121,5.693739160349091e-06
2016,2017,FR0000121204,6.67996011168689e-06
2016,2017,FR0000121220,2.074101195557199e-06
2016,2017,FR0000121329,2.547029426905871e-06
2016,2017,FR0000121485,3.822188694103803e-06
2016,2017,FR0000121667,1.4000851508523164e-06
2016,2017,FR0000121964,4.6812930144163496e-06
2016,2017,FR0000121972,3.8124571601433167e-06
2016,2017,FR0000124141,4.868583370386024e-06
2016,2017,FR0000125007,5.2510962853797295e-06
2016,2017,FR0000125338,4.779428673242655e-06
2016,2017,FR0000125486,4.222369080669409e-06
2016,2017,FR0000127771,3.1955079746857393e-06
2016,2017,FR0000130213,3.1457627625872944e-06
2016,2017,FR0000130395,2.7499381774282844e-06
2016,2017,FR0000130403,4.085044391470679e-06
2016,2017,FR0000130452,5.252351114174518e-06
2016,2017,FR0000130577,3.3415574697461095e-06
2016,2017,FR0000130809,7.492406336861877e-06
2016,2017,FR0000131104,5.370135504449959e-06
2016,2017,FR0000131906,8.457570421141505e-06
2016,2017,FR0000133308,1.2948930107673722e-06
2016,2017,FR0010040865,6.6148038413410625e-06
2016,2017,FR0010220475,4.474048709092935e-06
2016,2017,FR0010242511,3.969949974473124e-06
2016,2017,FR0010307819,3.4656345156118672e-06
2016,2017,FR0010313833,5.336823765973211e-06
2016,2017,FR0010340141,3.1174224849972532e-06
2016,2017,FR0010533075,4.602058667759331e-06
2016,2017,FR0013176526,6.0954471449971e-06
2016,2017,FR0013280286,9.644053316827107e-07
2016,2017,FR0013326246,3.037540140243753e-06
2016,2017,FR0013505062,8.162374024975241e-06
2016,2017,FR0013506730,5.0597318471534655e-06
2016,2017,FR0014003TT8,2.172996813948103e-06
2016,2017,FR001400AJ45,4.385506867080813e-06
2016,2017,GB0000163088,3.0926201054736094e-06
2016,2017,GB0000456144,3.538651765862902e-06
2016,2017,GB0000536739,4.66555492473248e-06
2016,2017,GB0000811801,6.08710367873822e-06
2016,2017,GB0000904986,2.1102324644073866e-06
2016,2017,GB0000961622,1.7404162485399646e-06
2016,2017,GB0001048619,0.0007900145582511077
2016,2017,GB0001367019,2.2285243121048636e-06
2016,2017,GB0001500809,2.4458129066975278e-06
2016,2017,GB0001638955,5.653422186821371e-07
2016,2017,GB0001765816,1.4474037529088477e-06
2016,2017,GB0001826634,1.7945170768265655e-06
2016,2017,GB0001859296,2.8228011307221726e-06
2016,2017,GB0002018363,1.491993425349671e-06
2016,2017,GB0002074580,6.896943411496665e-07
2016,2017,GB0002148343,7.414238848969438e-07
2016,2017,GB0002318888,0.007017535343671365
2016,2017,GB0002374006,1.2536930385191737e-06
2016,2017,GB0002418548,2.5536708430533097e-06
2016,2017,GB0002634946,1.4286824464573548e-06
2016,2017,GB0002652740,3.453181108837537e-06
2016,2017,GB0002670437,2.1703113605888117e-07
2016,2017,GB0002869419,3.617420962700601e-06
2016,2017,GB0002875804,1.4704031235331286e-06
2016,2017,GB0003096442,2.471371248330112e-06
2016,2017,GB0003308607,3.822830287988875e-06
2016,2017,GB0003395000,2.2251859882665175e-06
2016,2017,GB0003452173,2.4074868387787055e-06
2016,2017,GB0003753778,1.992180687891162e-06
2016,2017,GB0004052071,1.6746370843291685e-06
2016,2017,GB0004082847,5.233726102262111e-06
2016,2017,GB0004161021,2.8215844535437503e-06
2016,2017,GB0004170089,2.000406104496125e-06
2016,2017,GB0004270301,3.1994678652964567e-06
2016,2017,GB0004478896,2.8716500965480847e-06
2016,2017,GB0004544929,1.0414962797723075e-06
2016,2017,GB0004657408,1.2352804467498512e-06
2016,2017,GB0004726096,1.994531634376619e-06
2016,2017,GB0004866223,3.7490179963708557e-06
2016,2017,GB0004915632,2.11046201303291e-06
2016,2017,GB0005405286,3.0531462387086996e-06
2016,2017,GB0005576813,5.485772114678588e-06
2016,2017,GB0005603997,5.123393705035154e-06
2016,2017,GB0005746358,7.85456417540091e-07
2016,2017,GB0005758098,2.9778509159764484e-06
2016,2017,GB0006027295,5.07110335272754e-06
2016,2017,GB0006215205,4.902627161235503e-06
2016,2017,GB0006650450,1.9099027159483274e-06
2016,2017,GB0006731235,1.382572852980882e-06
2016,2017,GB0006776081,8.015318216616185e-07
2016,2017,GB0006825383,2.1787829099705794e-06
2016,2017,GB0006886666,0.012989055121162423
2016,2017,GB0006928617,6.78141801665469e-06
2016,2017,GB0007099541,4.967893050191412e-06
2016,2017,GB0007188757,3.907531320885851e-06
2016,2017,GB0007323586,4.005148209543051e-06
2016,2017,GB0007594764,3.80370342869543e-06
2016,2017,GB0007668071,2.2083164457401225e-06
2016,2017,GB0007669376,2.190271921326348e-06
2016,2017,GB0007908733,1.2843580555250682e-06
2016,2017,GB0007958233,4.428779977759603e-06
2016,2017,GB0007973794,1.5675180931451252e-06
2016,2017,GB0007980591,2.1667953524919345e-06
2016,2017,GB0008025412,4.145263799524057e-06
2016,2017,GB0008085614,0.021496168448962724
2016,2017,GB0008220112,4.874213545567877e-06
2016,2017,GB0008706128,4.886305092523925e-06
2016,2017,GB0008782301,7.118791753883011e-06
2016,2017,GB0008794710,0.015238640546309292
2016,2017,GB0009067447,0.021964377487840834
2016,2017,GB0009123323,1.2643635558371817e-06
2016,2017,GB0009223206,2.0965400222822147e-07
2016,2017,GB0009292243,2.2431297325103132e-06
2016,2017,GB0009465807,4.318928984650806e-06
2016,2017,GB0009633180,6.109025824422593e-07
2016,2017,GB0009697037,1.2773590608108642e-06
2016,2017,GB0009895292,1.5780528873872189e-06
2016,2017,GB0022569080,1.5038525305950723e-06
2016,2017,GB0030232317,4.1619694506580405e-06
2016,2017,GB0030913577,2.2821713365591118e-06
2016,2017,GB0031274896,8.067053740709239e-07
2016,2017,GB0031348658,7.21123450762371e-06
2016,2017,GB0031638363,1.800568723060226e-06
2016,2017,GB0031743007,3.8548784899894695e-06
2016,2017,GB0032089863,1.133474320943399e-06
2016,2017,GB0033195214,2.3493952035111242e-06
2016,2017,GB0033986497,4.808135954920132e-06
2016,2017,GB00B012BV22,3.5148026297134325e-06
2016,2017,GB00B012TP20,1.1603939282072774e-06
2016,2017,GB00B019KW72,1.2745288613828877e-06
2016,2017,GB00B01QGK86,0.017909571265015686
2016,2017,GB00B02J6398,2.078336240773322e-06
2016,2017,GB00B033F229,8.067919725203267e-07
2016,2017,GB00B03HDJ73,5.555043379419844e-08
2016,2017,GB00B04V1276,6.251065290441274e-06
2016,2017,GB00B06QFB75,2.0574280066184197e-06
2016,2017,GB00B0744359,3.045555676105706e-06
2016,2017,GB00B0744B38,1.1901727470271546e-06
2016,2017,GB00B082RF11,3.088343805401749e-06
2016,2017,GB00B0FYMT95,1.5474471216722324e-06
2016,2017,GB00B0KM9T71,3.661192955364715e-06
2016,2017,GB00B0LCW083,2.2633729408541627e-06
2016,2017,GB00B0N8QD54,1.0748728269249286e-06
2016,2017,GB00B0SWJX34,3.617063996695178e-06
2016,2017,GB00B0WMWD03,8.212709248341735e-07
2016,2017,GB00B0YG1K06,1.6490726038582308e-06
2016,2017,GB00B128J450,4.187366509190007e-06
2016,2017,GB00B132NW22,5.4422507107324214e-06
2016,2017,GB00B135BJ46,1.8087271289984702e-06
2016,2017,GB00B17MMZ46,4.502526938359901e-06
2016,2017,GB00B18P5K83,5.1587254996270616e-06
2016,2017,GB00B19Z1432,2.104945997802211e-06
2016,2017,GB00B1FH8J72,7.573583419273576e-07
2016,2017,GB00B1FP6H53,2.1010040701453966e-06
2016,2017,GB00B1FW5029,2.1973215599103326e-06
2016,2017,GB00B1JQDM80,3.0528000910904447e-06
2016,2017,GB00B1KJJ408,2.18532152139502e-06
2016,2017,GB00B1L5QH97,1.3111803259666636e-06
2016,2017,GB00B1P6ZR11,9.052792318857746e-07
2016,2017,GB00B1VNSX38,1.5283268063906451e-06
2016,2017,GB00B1WY2338,1.8389781623545467e-06
2016,2017,GB00B1XH2C03,1.019266998797696e-05
2016,2017,GB00B1YW4409,4.947050474470948e-06
2016,2017,GB00B27YGJ97,2.889191677783013e-06
2016,2017,GB00B2B0DG97,1.2380432441812536e-06
2016,2017,GB00B2NGPM57,5.299579885987091e-06
2016,2017,GB00B2PDGW16,1.3209454061647908e-06
2016,2017,GB00B39J2M42,8.179752061104632e-07
2016,2017,GB00B3DGH821,6.087046430431938e-08
2016,2017,GB00B3FLWH99,4.150561426527307e-06
2016,2017,GB00B41H7391,8.06444286681276e-06
2016,2017,GB00B45C9X44,1.1546035822354224e-06
2016,2017,GB00B572ZV91,0.0028543401323448494
2016,2017,GB00B5N0P849,3.0360979183743686e-06
2016,2017,GB00B5ZN1N88,5.5371635783181345e-06
2016,2017,GB00B61TVQ02,6.015442633887182e-06
2016,2017,GB00B63H8491,2.359416448106313e-06
2016,2017,GB00B63QSB39,1.185885017596545e-06
2016,2017,GB00B67G5X01,3.6592415428008686e-06
2016,2017,GB00B6XZKY75,3.614365664562566e-07
2016,2017,GB00B6YTLS95,1.5978679933322032e-06
2016,2017,GB00B71N6K86,0.0030353204839974187
2016,2017,GB00B7KR2P84,1.5213452015269512e-06
2016,2017,GB00B82YXW83,6.677212182273592e-06
2016,2017,GB00B8B4R053,0.0048715378179920305
2016,2017,GB00B8C3BL03,1.7984684612952065e-06
2016,2017,GB00BD6K4575,1.3671464578544482e-06
2016,2017,GB00BDCPN049,3.3343454494197103e-06
2016,2017,GB00BDR05C01,9.311896591424966e-07
2016,2017,GB00BF044593,1.9790523520955773e-06
2016,2017,GB00BF5H9P87,2.387199024307026e-06
2016,2017,GB00BF8Q6K64,2.5487252079769868e-06
2016,2017,GB00BG11K365,1.4072407530161321e-06
2016,2017,GB00BGDT3G23,2.8520055994862334e-06
2016,2017,GB00BGLP8L22,3.6364476985294448e-06
2016,2017,GB00BH4HKS39,1.0004720080101215e-06
2016,2017,GB00BHJYC057,2.2275790429958787e-06
2016,2017,GB00BJ1F4N75,2.2098599283121737e-06
2016,2017,GB00BJFFLV09,2.1514056997663627e-06
2016,2017,GB00BJQZC279,3.1038501361693007e-06
2016,2017,GB00BK9RKT01,6.979814873545885e-06
2016,2017,GB00BKP36R26,4.40556327191188e-06
2016,2017,GB00BKY40Q38,1.8404462650376436e-06
2016,2017,GB00BL6XZ716,5.515962618646762e-06
2016,2017,GB00BLGZ9862,1.649746809388492e-06
2016,2017,GB00BM8PJY71,6.2574304709780285e-06
2016,2017,GB00BM8Q5M07,1.3270849523140178e-06
2016,2017,GB00BMJ6DW54,3.755398444398969e-06
2016,2017,GB00BN7SWP63,1.1913547891964186e-06
2016,2017,GB00BNGDN821,4.432255870795593e-06
2016,2017,GB00BNNTLN49,1.0054592999807356e-06
2016,2017,GB00BNR4T868,5.3732028498961585e-06
2016,2017,GB00BP6MXD84,1.616678643795921e-06
2016,2017,GB00BP92CJ43,1.5537854377248091e-06
2016,2017,GB00BP9LHF23,3.534707494015848e-06
2016,2017,GB00BPQY8M80,3.7132885700766255e-06
2016,2017,GB00BRB37M78,0.023982543025895968
2016,2017,GB00BV9FP302,2.029852750880188e-06
2016,2017,GB00BVFNZH21,1.992355294550408e-06
2016,2017,GB00BWFGQN14,1.56951741534568e-06
2016,2017,GB00BYQ0JC66,1.8793303079022814e-06
2016,2017,GB00BYT1DJ19,6.547369218816614e-06
2016,2017,GB00BYW0PQ60,2.939722662308028e-06
2016,2017,GB00BYYTFB60,1.1558844829367236e-06
2016,2017,GB00BZ4BQC70,3.4931531393452123e-06
2016,2017,IE0001827041,2.11820095772391e-06
2016,2017,IE0002424939,2.553556083168166e-06
2016,2017,IE0003864109,3.978050808586941e-06
2016,2017,IE0004927939,3.979776740976414e-06
2016,2017,IE00B00MZ448,6.004983448371114e-06
2016,2017,IE00B4BNMY34,1.117837923057114e-06
2016,2017,IE00B8KQN827,2.989147998822476e-06
2016,2017,IE00BD1RP616,1.4599603257226232e-05
2016,2017,IE00BF0L3536,1.0880843421864861e-05
2016,2017,IE00BGH1M568,1.5039144086654414e-06
2016,2017,IE00BK9ZQ967,4.4369231785089896e-06
2016,2017,IE00BLP1HW54,5.225027994832088e-07
2016,2017,IE00BLS09M33,1.8537370286774053e-06
2016,2017,IE00BTN1Y115,1.962343459843096e-06
2016,2017,IE00BWT6H894,1.5102931460222976e-06
2016,2017,IE00BY7QL619,2.7450272871002243e-06
2016,2017,IL0002810146,3.324107638244854e-06
2016,2017,IL0006046119,3.3688955543312287e-06
2016,2017,IL0006625771,3.1497917884249075e-06
2016,2017,IL0006954379,1.6171126573449821e-06
2016,2017,IL0010811243,1.9276253661180792e-06
2016,2017,IT0000062072,4.552647248216273e-06
2016,2017,IT0000062957,4.115069646910778e-06
2016,2017,IT0000066123,3.5778589584942417e-06
2016,2017,IT0000072618,4.858870414425859e-06
2016,2017,IT0000784154,3.6140326563186465e-06
2016,2017,IT0000784196,1.8889861774410805e-06
2016,2017,IT0001137345,3.713840238817188e-06
2016,2017,IT0001233417,3.938887506179014e-06
2016,2017,IT0001347308,5.640390362319565e-06
2016,2017,IT0001469383,5.115997572051648e-06
2016,2017,IT0003128367,2.943094085796776e-06
2016,2017,IT0003132476,2.3122710301996258e-06
2016,2017,IT0003153415,1.2481380260939519e-06
2016,2017,IT0003242622,1.5564431701483044e-06
2016,2017,IT0003497168,1.9703943027910675e-06
2016,2017,IT0003506190,3.4009095769367044e-06
2016,2017,IT0003856405,4.174600271358646e-06
2016,2017,IT0004810054,5.574780901509516e-06
2016,2017,IT0004827447,5.833232765307653e-06
2016,2017,IT0005218380,6.055224326697542e-06
2016,2017,IT0005239360,7.263580921299742e-06
2016,2017,IT0005495657,4.906267278285517e-06
2016,2017,IT0005508921,4.429973677565866e-06
2016,2017,JE00B8KF9B49,2.9174815904000744e-06
2016,2017,JE00BJ1DLW90,3.563667833529141e-06
2016,2017,LR0008862868,7.525237543174576e-06
2016,2017,LU0075646355,4.950595474861478e-06
2016,2017,NL0000008977,2.7827984679275073e-06
2016,2017,NL0000009082,7.781628743694837e-08
2016,2017,NL0000009165,2.449506455913185e-06
2016,2017,NL0000009538,3.8043794851220316e-06
2016,2017,NL0000226223,4.2213161421296045e-06
2016,2017,NL0000235190,2.5588518059397476e-06
2016,2017,NL0000289213,3.134947291017767e-06
2016,2017,NL0000337319,5.016228781007481e-06
2016,2017,NL0000360618,1.6281991020027292e-06
2016,2017,NL0000379121,5.180024041051585e-06
2016,2017,NL0000395903,2.4806810852604924e-06
2016,2017,NL0009432491,2.956566690037153e-06
2016,2017,NL0010273215,3.1871571508861713e-06
2016,2017,NL0010583399,3.4144586468068313e-06
2016,2017,NL0011794037,1.4304287587486456e-06
2016,2017,NL0011821202,8.328105868477954e-06
2016,2017,NL0013267909,3.6825950872591254e-06
2016,2017,NL00150001Q9,5.624156269600537e-06
2016,2017,NL0015001FS8,5.100726018704702e-06
2016,2017,NO0003028904,7.5115699819363454e-06
2016,2017,NO0003053605,5.346005179612471e-06
2016,2017,NO0003054108,0.03718511258254132
2016,2017,NO0003733800,3.839519934055717e-06
2016,2017,NO0005052605,5.449710281958109e-06
2016,2017,NO0010063308,5.01643449089673e-06
2016,2017,NO0010096985,2.508874580979588e-06
2016,2017,NO0010112675,1.2639878296585755e-05
2016,2017,NO0010199151,6.350147390827329e-06
2016,2017,NO0010208051,5.453749332943136e-06
2016,2017,NO0010861990,3.7225391606409173e-06
2016,2017,NO0012470089,2.7544550985943397e-06
2016,2017,PA1436583006,2.229280143136641e-06
2016,2017,PTBCP0AM0015,5.026556042275299e-06
2016,2017,PTEDP0AM0009,2.554476102258587e-06
2016,2017,PTJMT0AE0001,3.4989459686005493e-06
2016,2017,PTSON0AM0001,3.8022403608705814e-06
2016,2017,PTZON0AM0006,3.4014523315681596e-06
2016,2017,SE0000106270,2.1635666630863925e-06
2016,2017,SE0000108227,3.139314975552454e-06
2016,2017,SE0000108656,1.0452287623113478e-06
2016,2017,SE0000112724,3.690290373434599e-06
2016,2017,SE0000113250,4.679740583842984e-06
2016,2017,SE0000114837,9.332359764361581e-06
2016,2017,SE0000148884,5.821897946530958e-06
2016,2017,SE0000163594,2.8155951160910982e-06
2016,2017,SE0000163628,1.6695919753173234e-06
2016,2017,SE0000171100,5.689703556590557e-06
2016,2017,SE0000190126,4.391899637638943e-06
2016,2017,SE0000202624,2.9251362581977248e-06
2016,2017,SE0000242455,7.118058776024641e-06
2016,2017,SE0000379190,3.3201143447665323e-06
2016,2017,SE0000667891,4.23447324146894e-06
2016,2017,SE0000667925,2.587888057940994e-06
2016,2017,SE0000695876,3.480403703927831e-06
2016,2017,SE0000806994,6.525894149676315e-06
2016,2017,SE0000862997,6.790788574938078e-06
2016,2017,SE0000949331,6.957468760421716e-06
2016,2017,SE0001662230,4.438628830178639e-06
2016,2017,SE0003366871,4.854120686312636e-06
2016,2017,SE0005190238,2.8962917676157193e-06
2016,2017,SE0006993770,2.2415075690026604e-06
2016,2017,SE0007100581,3.0998077278435806e-06
2016,2017,SE0007100599,3.7248247026983324e-06
2016,2017,SE0011090018,3.361293873476882e-06
2016,2017,SE0011166974,5.008156903472751e-06
2016,2017,SE0011256312,1.979965209344171e-05
2016,2017,SE0015811955,3.628972284500015e-06
2016,2017,SE0015812219,1.5339040286800125e-06
2016,2017,SE0015988019,2.104086986433892e-06
2016,2017,SE0016589188,4.288490837621771e-06
2016,2017,SE0017486889,3.729410878080654e-06
2016,2017,SE0018012494,6.486503037378691e-06
2016,2017,SE0018012635,3.35249787094212e-06
2016,2017,SE0020050417,5.354566027992007e-06
2016,2017,US0010551028,4.535760219126193e-06
2016,2017,US00130H1059,4.074319447929157e-06
2016,2017,US00206R1023,1.6572280808418263e-07
2016,2017,US0028241000,4.978453294661364e-07
2016,2017,US0028962076,3.774204845182045e-06
2016,2017,US00724F1012,3.7588955979014846e-06
2016,2017,US0079031078,3.875021378560611e-06
2016,2017,US0082521081,4.9558947041973296e-06
2016,2017,US00846U1016,2.6869971203199625e-06
2016,2017,US0091581068,2.5078932583766494e-06
2016,2017,US00971T1016,1.6672032474127038e-06
2016,2017,US0126531013,3.963690768270981e-06
2016,2017,US0185811082,3.4130933970702733e-06
2016,2017,US0188021085,9.953093058143593e-07
2016,2017,US0200021014,3.665218421027659e-06
2016,2017,US02079K3059,1.5185594691936105e-06
2016,2017,US02209S1033,2.90640275374603e-07
2016,2017,US0236081024,1.1551791131178544e-06
2016,2017,US0255371017,9.991926910220482e-07
2016,2017,US0258161092,4.432957752532989e-06
2016,2017,US0268747849,8.980301940014797e-06
2016,2017,US03027X1000,9.056763665401009e-07
2016,2017,US03073E1055,8.116081508516913e-07
2016,2017,US0311621009,8.59193122502583e-07
2016,2017,US0326541051,2.339710079659971e-06
2016,2017,US0367521038,1.1087493457460889e-06
2016,2017,US03743Q1085,2.577178256747601e-06
2016,2017,US0378331005,1.7299716716192486e-06
2016,2017,US0382221051,2.3457000819096766e-06
2016,2017,US0383361039,1.2103820597831306e-06
2016,2017,US0394831020,8.829535555848148e-07
2016,2017,US0441861046,7.054530565995855e-06
2016,2017,US0495601058,5.787619350574877e-07
2016,2017,US0527691069,4.428207931059854e-06
2016,2017,US0530151036,6.228425840496892e-07
2016,2017,US0534841012,2.522116914966605e-06
2016,2017,US0536111091,2.887803055064477e-06
2016,2017,US0538071038,3.0732578886816947e-06
2016,2017,US0584981064,4.678262615018911e-07
2016,2017,US0605051046,5.433074568004599e-06
2016,2017,US0640581007,9.752729271380756e-07
2016,2017,US0708301041,2.546552104669468e-06
2016,2017,US0718131099,9.771454495294089e-07
2016,2017,US0758871091,9.188820795484396e-07
2016,2017,US0844231029,0.01968717447787122
2016,2017,US0865161014,2.0909600710173956e-06
2016,2017,US09062X1037,4.978861025531203e-07
2016,2017,US0970231058,2.226071505650685e-06
2016,2017,US0997241064,3.222324889731945e-06
2016,2017,US1011211018,2.9381340618215704e-06
2016,2017,US1011371077,2.2455883079526806e-06
2016,2017,US1101221083,6.826394294958616e-07
2016,2017,US1124631045,9.359139896155125e-06
2016,2017,US1156372096,1.4425369766230328e-06
2016,2017,US12504L1098,6.214381834631835e-06
2016,2017,US1252691001,2.276309538422916e-06
2016,2017,US1255231003,2.0781730261241433e-06
2016,2017,US1258961002,8.194587028553614e-07
2016,2017,US1264081035,2.480177942710678e-06
2016,2017,US12653C1080,4.726441480394067e-06
2016,2017,US1266501006,9.71272709182049e-07
2016,2017,US1270551013,4.197503571252731e-06
2016,2017,US1307881029,0.0
2016,2017,US1344291091,0.006743012243620755
2016,2017,US14040H1059,3.647023391054732e-06
2016,2017,US14149Y1082,1.1867160891964579e-06
2016,2017,US1491231015,4.201643215286624e-06
2016,2017,US1508701034,5.996382473038291e-06
2016,2017,US15189T1079,1.3612115854357343e-06
2016,2017,US1667641005,1.162219449807116e-06
2016,2017,US1717793095,4.432556534372655e-06
2016,2017,US1720621010,1.053620107247814e-06
2016,2017,US17275R1023,1.9095566013589153e-06
2016,2017,US1729674242,5.888849806919305e-06
2016,2017,US1858991011,6.783437931267997e-06
2016,2017,US1890541097,0.03927285830245942
2016,2017,US1912161007,6.009157686956679e-07
2016,2017,US1924461023,1.7740995773853883e-06
2016,2017,US1941621039,7.037317397249486e-07
2016,2017,US2003401070,1.6716409396357467e-06
2016,2017,US2058871029,7.29671603917143e-07
2016,2017,US20825C1045,1.9571938551423785e-06
2016,2017,US2091151041,0.10732974108682736
2016,2017,US21036P1084,2.2185229818619783e-06
2016,2017,US22160K1051,3.556414005093764e-07
2016,2017,US2283681060,1.6183385255535245e-06
2016,2017,US2310211063,4.694769222060422e-06
2016,2017,US2333311072,1.1332206015313777e-06
2016,2017,US23355L1061,2.311886243417171e-06
2016,2017,US2371941053,1.0497096114504728e-06
2016,2017,US2441991054,3.2581707113880603e-06
2016,2017,US2473617023,8.406447430456663e-07
2016,2017,US25179M1036,2.8133904063282267e-06
2016,2017,US2533931026,2.0592051166789376e-06
2016,2017,US2546871060,2.6254765215863145e-06
2016,2017,US25746U1097,6.113637208983328e-07
2016,2017,US2576511099,2.166998430979633e-06
2016,2017,US2600031080,2.782252296274282e-06
2016,2017,US26441C2044,3.951826344242635e-07
2016,2017,US26875P1012,2.0142697808018403e-06
2016,2017,US26884L1098,1.8971010960026637e-06
2016,2017,US2774321002,4.902507215710333e-06
2016,2017,US2774614067,0.01478941206654031
2016,2017,US2786421030,3.3712467415004047e-06
2016,2017,US2788651006,1.1649210929076268e-06
2016,2017,US2810201077,9.5881219591835e-07
2016,2017,US28176E1082,1.5516414889752885e-07
2016,2017,US2910111044,2.403426858834419e-06
2016,2017,US29364G1031,9.157155640549954e-07
2016,2017,US29444U7000,2.71708126037943e-06
2016,2017,US29670G1022,0.01802660658098741
2016,2017,US2971781057,1.7048170583191284e-06
2016,2017,US30034W1062,1.1670406838783015e-06
2016,2017,US30040W1080,8.928953893385509e-07
2016,2017,US30161N1019,8.890243415428794e-07
2016,2017,US3021301094,0.0033874989815900606
2016,2017,US30231G1022,1.6217054188471065e-07
2016,2017,US3024913036,1.93398789699927e-06
2016,2017,US31428X1063,2.220800667229824e-06
2016,2017,US3156161024,2.5604121422708158e-06
2016,2017,US3167731005,4.854576676929612e-06
2016,2017,US3379321074,9.917468349274355e-07
2016,2017,US3434121022,3.37704948414646e-06
2016,2017,US34354P1057,4.549696687951493e-06
2016,2017,US3453708600,6.595897989190891e-06
2016,2017,US3546131018,3.3983722518641555e-06
2016,2017,US35671D8570,4.847771958923439e-06
2016,2017,US3647601083,2.844155675710795e-06
2016,2017,US3703341046,0.04551741014944362
2016,2017,US37045V1008,9.255039661332415e-07
2016,2017,US3719011096,2.7475079344629367e-06
2016,2017,US37247D1063,9.879527976837273e-06
2016,2017,US3755581036,5.32199519098505e-07
2016,2017,US38141G1040,3.080954539473428e-06
2016,2017,US3825501014,7.746627316138585e-06
2016,2017,US3848021040,1.3995842806703332e-06
2016,2017,US3976241071,2.876614427073872e-06
2016,2017,US40434L1052,2.625383552746502e-06
2016,2017,US4062161017,3.717902764848758e-06
2016,2017,US4128221086,4.9243591309977485e-06
2016,2017,US4165151048,8.628673686324972e-06
2016,2017,US4180561072,1.829520123128029e-06
2016,2017,US4198701009,7.420562221849181e-07
2016,2017,US42250P1030,3.434662922488652e-06
2016,2017,US4278661081,0.06804378779261683
2016,2017,US42809H1077,2.547243862975431e-06
2016,2017,US4370761029,3.4280636365649064e-07
2016,2017,US4385161066,2.633764413257419e-06
2016,2017,US4404521001,6.354026722627317e-07
2016,2017,US44107P1049,5.9888827103524704e-06
2016,2017,US4448591028,1.3818861564892289e-06
2016,2017,US4456581077,1.7582530447435237e-06
2016,2017,US4461501045,3.3135851856097607e-06
2016,2017,US4470111075,5.355481024029125e-06
2016,2017,US45073V1089,1.6722620115934302e-06
2016,2017,US4523081093,1.7389227707600704e-06
2016,2017,US4581401001,1.3883347831063098e-06
2016,2017,US4592001014,9.394001767786877e-07
2016,2017,US4595061015,1.4174908409903852e-06
2016,2017,US4601461035,6.19240203216735e-06
2016,2017,US4606901001,3.940750394644768e-06
2016,2017,US4612021034,9.55223608875596e-07
2016,2017,US46284V1017,2.0389212867317234e-06
2016,2017,US4657411066,3.555931922731317e-06
2016,2017,US46625H1005,2.6383496466869057e-06
2016,2017,US4663131039,4.217706299442935e-06
2016,2017,US46982L1089,3.4436471585029535e-06
2016,2017,US4781601046,1.0100208985704126e-06
2016,2017,US48020Q1076,4.0941129229245275e-06
2016,2017,US48203R1041,3.790691559194767e-06
2016,2017,US48242W1062,1.5553723182721954e-06
2016,2017,US4824801009,4.209860033277169e-06
2016,2017,US4878361082,6.624377574598174e-07
2016,2017,US4891701009,3.490166776637518e-06
2016,2017,US4932671088,0.0
2016,2017,US4943681035,1.8677920012862753e-07
2016,2017,US49446R1095,5.402337890742711e-06
2016,2017,US4972661064,1.768420297850598e-06
2016,2017,US5002551043,1.086854604917169e-06
2016,2017,US5010441013,1.8632219242735674e-07
2016,2017,US5178341070,1.0240813538013972e-05
2016,2017,US5184391044,2.0589092606880885e-06
2016,2017,US5218652049,1.5335797976407098e-06
2016,2017,US5324571083,1.1055764195580812e-06
2016,2017,US5339001068,3.847695000730819e-06
2016,2017,US5341871094,7.951532807583193e-06
2016,2017,US5398301094,1.5566049550231002e-06
2016,2017,US5486611073,1.2011121923187245e-06
2016,2017,US5502411037,1.5614914629172867e-06
2016,2017,US5526761086,1.6323512200841594e-06
2016,2017,US5529531015,1.0807318102581756e-05
2016,2017,US5543821012,7.83641253311246e-06
2016,2017,US5635714059,8.034527705740406e-06
2016,2017,US56418H1005,4.124138859304263e-06
2016,2017,US5658491064,3.182697910347789e-06
2016,2017,US5717481023,9.487184413357377e-07
2016,2017,US5719032022,2.8447157512454927e-06
2016,2017,US5738741041,2.3397112986013404e-06
2016,2017,US5745991068,5.750758499370943e-06
2016,2017,US57636Q1040,1.276065304996097e-06
2016,2017,US5770811025,2.322731009319364e-06
2016,2017,US5797802064,4.831376892410174e-07
2016,2017,US5801351017,0.06974864112398547
2016,2017,US58155Q1031,1.3273658883118404e-06
2016,2017,US58933Y1055,9.195921696359748e-07
2016,2017,US59156R1086,4.9598373906711786e-06
2016,2017,US5926881054,2.3488545251978218e-06
2016,2017,US5949181045,1.3880043417708384e-06
2016,2017,US5950171042,1.6915153457287398e-06
2016,2017,US5951121038,1.9819971399161256e-06
2016,2017,US6005441000,1.6375182432183481e-06
2016,2017,US6081901042,4.832398016205566e-06
2016,2017,US60871R2094,1.902676459498886e-06
2016,2017,US6092071058,1.0679505327952685e-06
2016,2017,US6153691059,3.224191973700539e-06
2016,2017,US6174464486,3.452426884051986e-06
2016,2017,US61945C1036,3.4726456691335267e-06
2016,2017,US6200763075,2.7158476607175174e-06
2016,2017,US6267171022,2.701241015232129e-06
2016,2017,US6293775085,1.9046366395529583e-06
2016,2017,US6311031081,1.0589590545239113e-06
2016,2017,US6365181022,1.9942239346048473e-06
2016,2017,US64110D1046,2.722622542672553e-06
2016,2017,US6512291062,4.331890086992925e-06
2016,2017,US6516391066,0.027505014050688868
2016,2017,US65249B1098,1.208858304942305e-06
2016,2017,US65339F1012,1.1044603956356997e-06
2016,2017,US6541061031,2.4983124654806417e-07
2016,2017,US65473P1057,1.192082047356976e-06
2016,2017,US6556641008,2.5867146224989812e-06
2016,2017,US6558441084,1.615741705051265e-06
2016,2017,US6658591044,1.4103617700720451e-06
2016,2017,US6668071029,1.8171631748675745e-06
2016,2017,US6687711084,1.6219003277342987e-06
2016,2017,US67066G1040,2.6465056684195123e-06
2016,2017,US6708371033,1.6292449713697659e-06
2016,2017,US67098H1041,6.594201295117656e-06
2016,2017,US6745991058,2.322989894582928e-06
2016,2017,US6819191064,2.1841744993766905e-06
2016,2017,US6821891057,5.08777110032896e-06
2016,2017,US6826801036,2.2922299752609868e-06
2016,2017,US68389X1054,2.07623322882053e-06
2016,2017,US6866881021,2.2866952931442906e-06
2016,2017,US6882392011,6.691601004484386e-06
2016,2017,US69331C1080,0.0030554536447293616
2016,2017,US6934751057,2.041200640080914e-06
2016,2017,US6935061076,2.5655012866349635e-06
2016,2017,US69351T1060,5.148823594074078e-07
2016,2017,US6936561009,3.478918065622906e-06
2016,2017,US6937181088,3.306416743816986e-06
2016,2017,US6951561090,4.04671909573461e-06
2016,2017,US7010941042,2.8777630261552884e-06
2016,2017,US70211M1099,1.6864986049665778e-06
2016,2017,US7134481081,4.903268459847852e-07
2016,2017,US7140461093,1.1681425380360337e-06
2016,2017,US7170811035,1.222606741980891e-06
2016,2017,US7234841010,1.3414289111118356e-06
2016,2017,US7244791007,2.0995828214343526e-06
2016,2017,US7310681025,3.677084496138673e-06
2016,2017,US74144T1088,3.7364305756009313e-06
2016,2017,US74251V1026,9.029205237025133e-06
2016,2017,US7427181091,5.029307731638324e-07
2016,2017,US7433151039,1.6828432254938496e-06
2016,2017,US74340W1036,4.984734197222139e-06
2016,2017,US7443201022,6.405896850043263e-06
2016,2017,US7445731067,1.0044781336114136e-06
2016,2017,US7475251036,2.0477507422882736e-06
2016,2017,US74834L1008,0.04390640485483338
2016,2017,US75281A1097,5.387553149285167e-07
2016,2017,US75513E1010,1.7517595554245457e-06
2016,2017,US7588491032,3.937621009702339e-06
2016,2017,US75886F1075,3.1260755914404496e-06
2016,2017,US7607591002,1.973544647313758e-06
2016,2017,US7739031091,3.5903793885381443e-06
2016,2017,US7835491082,3.574114082211747e-06
2016,2017,US78409V1044,2.2578963203418356e-06
2016,2017,US78440X8873,6.248850566689089e-06
2016,2017,US78473E1038,2.68196053015109e-06
2016,2017,US79466L3024,3.217678276524269e-06
2016,2017,US8101861065,0.001840374222720731
2016,2017,US81211K1007,3.731466912194097e-06
2016,2017,US8168511090,1.1911511196130381e-06
2016,2017,US8243481061,1.9953749434896152e-07
2016,2017,US8288061091,3.6928555330835744e-06
2016,2017,US8326964058,1.1948068442814312e-06
2016,2017,US8354951027,2.0406920421865284e-06
2016,2017,US8425871071,0.0064201656650426705
2016,2017,US84265V1052,3.0924972627891764e-06
2016,2017,US8447411088,2.160648072485418e-06
2016,2017,US8545021011,2.976172517875365e-06
2016,2017,US8552441094,1.097032242034664e-06
2016,2017,US8574771031,3.0673111283335963e-06
2016,2017,US8676524064,7.122522691404298e-06
2016,2017,US8718291078,5.553756138757466e-07
2016,2017,US8725401090,0.010361031276667156
2016,2017,US8760301072,2.1180193558632078e-06
2016,2017,US87612E1064,1.3265835587297678e-06
2016,2017,US8807701029,4.349637847135001e-06
2016,2017,US8816242098,0.08202220475336744
2016,2017,US8825081040,1.8960468861316126e-06
2016,2017,US8832031012,6.455113668216334e-06
2016,2017,US88337F1057,8.969482854731566e-06
2016,2017,US8835561023,1.5250944139773153e-06
2016,2017,US88579Y1010,1.1951167244369336e-06
2016,2017,US89417E1091,8.097958405869786e-07
2016,2017,US89832Q1094,1.2010600900660725e-06
2016,2017,US9024941034,1.9623253563540643e-06
2016,2017,US9029733048,1.3363278612609685e-06
2016,2017,US9078181081,1.8674369626627384e-06
2016,2017,US9111631035,7.327147168650859e-07
2016,2017,US9113121068,9.096066136905414e-07
2016,2017,US9113631090,5.361189981166716e-06
2016,2017,US9129091081,7.5839216001106944e-06
2016,2017,US91324P1021,1.489645346125582e-06
2016,2017,US91529Y1064,4.698956412742422e-06
2016,2017,US91822M5022,1.1883062606667782e-06
2016,2017,US91913Y1001,3.075718458862988e-06
2016,2017,US92276F1003,3.670424873212474e-06
2016,2017,US92343V1044,3.5058278851239046e-07
2016,2017,US9255501051,6.087244373561155e-06
2016,2017,US92556V1061,1.6638099772442804e-06
2016,2017,US9290421091,3.6116300553763216e-06
2016,2017,US9291601097,3.175102974935078e-06
2016,2017,US92939U1060,2.79201160220155e-07
2016,2017,US9311421039,0.1337508246256586
2016,2017,US9314271084,2.099769881787297e-06
2016,2017,US94106L1098,7.502077037540944e-07
2016,2017,US9418481035,1.8115249007596967e-06
2016,2017,US9427491025,2.3896097637958407e-06
2016,2017,US9497461015,2.7218707563376836e-06
2016,2017,US95040Q1040,2.079409353513869e-06
2016,2017,US95082P1057,4.372304457408429e-06
2016,2017,US9581021055,2.6259980432286478e-06
2016,2017,US9604131022,3.3332364017361707e-06
2016,2017,US9621661043,3.5830469706839886e-06
2016,2017,US9633201069,5.621868485548798e-06
2016,2017,US9694571004,2.208696671278151e-06
2016,2017,US98389B1008,4.6358949956080624e-07
2016,2017,US9839191015,2.0559676009874605e-06
2016,2017,US98421M1062,3.682298219300518e-06
2016,2017,US9884981013,1.5933885989105428e-06
2016,2017,US98956P1021,1.8792815127851782e-06
2017,2018,AN8068571086,8.886900509688946e-20
2017,2018,AT000000STR1,1.254058603034179e-19
2017,2018,AT00000VIE62,6.54009344192294e-20
2017,2018,AT0000606306,0.0
2017,2018,AT0000652011,1.1159657900850352e-19
2017,2018,AT0000720008,0.0
2017,2018,AT0000730007,0.0
2017,2018,AT0000743059,0.0
2017,2018,AT0000746409,2.1942396593314408e-20
2017,2018,AT0000938204,6.412963023845137e-20
2017,2018,BE0003470755,3.143724297194759e-20
2017,2018,BE0003565737,2.8059352779096574e-20
2017,2018,BE0003593044,4.066115225312426e-20
2017,2018,BE0003735496,3.037441859930623e-21
2017,2018,BE0003739530,6.299210282203576e-20
2017,2018,BE0003755692,0.0
2017,2018,BE0003810273,0.0
2017,2018,BE0974258874,2.5248278435026293e-20
2017,2018,BE0974264930,0.0
2017,2018,BE0974293251,3.883619629360352e-20
2017,2018,BE0974320526,2.6120926665934756e-20
2017,2018,CA00208D4084,1.396707015630535e-19
2017,2018,CA0084741085,1.016590174469467e-19
2017,2018,CA00900Q1037,3.1853122805683854e-19
2017,2018,CA01626P1484,0.0
2017,2018,CA05534B7604,0.0
2017,2018,CA0636711016,4.012246277975442e-20
2017,2018,CA0641491075,1.173500134230215e-19
2017,2018,CA0977518616,6.974438352345721e-20
2017,2018,CA1247651088,5.318767823216494e-20
2017,2018,CA12532H1047,0.0
2017,2018,CA13321L1085,0.0
2017,2018,CA1360691010,1.0307237405924925e-19
2017,2018,CA1363751027,0.0
2017,2018,CA1363851017,1.5351607826826708e-19
2017,2018,CA13646K1084,6.721154565667025e-20
2017,2018,CA1366812024,0.0
2017,2018,CA1367178326,1.7031585235195503e-20
2017,2018,CA2849025093,0.0
2017,2018,CA29250N1050,3.7811111731529015e-20
2017,2018,CA2927661025,4.461930632186357e-20
2017,2018,CA3180714048,3.4738870761703937e-19
2017,2018,CA3359341052,0.0
2017,2018,CA3495531079,7.32201558025862e-22
2017,2018,CA3518581051,0.01604864069167178
2017,2018,CA3759161035,0.0
2017,2018,CA39138C1068,1.5963403829018536e-20
2017,2018,CA4495861060,1.1145696839537448e-19
2017,2018,CA4530384086,9.681837959377352e-20
2017,2018,CA45823T1066,0.0
2017,2018,CA4969024047,0.0
2017,2018,CA5394811015,0.0
2017,2018,CA5592224011,1.2297408094812523e-19
2017,2018,CA56501R1064,0.0
2017,2018,CA59151K1084,1.923209389895147e-19
2017,2018,CA6744822033,0.0
2017,2018,CA7392391016,5.3068881605533305e-20
2017,2018,CA7751092007,0.0
2017,2018,CA7800871021,9.670149230930125e-20
2017,2018,CA8029121057,5.822779310562627e-20
2017,2018,CA8239011031,2.0235026969909792e-19
2017,2018,CA85472N1096,1.5309019530324724e-19
2017,2018,CA8667961053,8.397734203595133e-20
2017,2018,CA8672241079,3.114608348119794e-20
2017,2018,CA87807B1076,1.6239200375769156e-20
2017,2018,CA8787422044,3.965930699084319e-20
2017,2018,CA87971M1032,0.0
2017,2018,CA8849038085,0.0
2017,2018,CA8911605092,1.0174834157618743e-19
2017,2018,CA89346D1078,0.0
2017,2018,CA8959451037,3.1995872153925925e-19
2017,2018,CA98462Y1007,0.0
2017,2018,CH0008038389,5.084600526633861e-20
2017,2018,CH0008742519,0.0
2017,2018,CH0010570759,2.987855376644717e-20
2017,2018,CH0010645932,7.666129987466721e-20
2017,2018,CH0011075394,5.54700203628019e-20
2017,2018,CH0012005267,1.5543994825251462e-20
2017,2018,CH0012032048,1.361290175858879e-20
2017,2018,CH0012138530,3.372702124112515e-20
2017,2018,CH0012138605,3.9665417313074837e-20
2017,2018,CH0012142631,1.043583208134624e-19
2017,2018,CH0012214059,1.8703803068692038e-19
2017,2018,CH0012221716,7.578444435267598e-20
2017,2018,CH0012549785,1.059684578882288e-19
2017,2018,CH0013841017,4.8192869552908076e-20
2017,2018,CH0014786500,0.08627171852642052
2017,2018,CH0014852781,2.663929203793151e-20
2017,2018,CH0018294154,1.2750281792038752e-19
2017,2018,CH0024608827,5.134333881274926e-20
2017,2018,CH0024638212,4.946164253064166e-20
2017,2018,CH0025238863,2.7942695254506016e-20
2017,2018,CH0025751329,1.869253302176631e-19
2017,2018,CH0030170408,3.3006237659543e-20
2017,2018,CH0038388911,1.242930577693597e-19
2017,2018,CH0038863350,2.951986772611279e-20
2017,2018,CH0044328745,5.687121806447048e-20
2017,2018,CH0048265513,5.554244046722138e-20
2017,2018,CH0102484968,0.0
2017,2018,CH0126881561,9.071943945163535e-20
2017,2018,CH0198251305,0.028284234637587342
2017,2018,CH0210483332,0.0
2017,2018,CH0244767585,0.0
2017,2018,CH0319416936,0.0
2017,2018,CH0418792922,1.4350127288190762e-19
2017,2018,CH1169151003,3.7970447374934706e-20
2017,2018,CH1175448666,1.4342166876692321e-19
2017,2018,CH1256740924,5.125721597635077e-20
2017,2018,DE0005089031,0.0
2017,2018,DE0005140008,0.0
2017,2018,DE0005190003,3.3525843719684214e-19
2017,2018,DE0005200000,0.0
2017,2018,DE0005408884,3.1903169686290547e-19
2017,2018,DE0005439004,3.3113190171360595e-19
2017,2018,DE0005470405,2.1216969337179814e-19
2017,2018,DE0005552004,1.2322550161772392e-19
2017,2018,DE0005557508,0.0
2017,2018,DE0005773303,6.162073916566861e-20
2017,2018,DE0005785604,4.9342708037938895e-20
2017,2018,DE0005785802,4.2662776671309916e-20
2017,2018,DE0005810055,5.405067493278742e-21
2017,2018,DE0005909006,1.0611922023727308e-20
2017,2018,DE0006047004,1.4225804593578776e-19
2017,2018,DE0006048432,8.583698993175456e-20
2017,2018,DE0006070006,1.1937476757727427e-19
2017,2018,DE0006202005,0.0
2017,2018,DE0006231004,3.0436060600240806e-19
2017,2018,DE0006569908,1.140594435766947e-19
2017,2018,DE0006599905,3.292145763199124e-20
2017,2018,DE0006602006,2.0025384790876762e-19
2017,2018,DE0006969603,1.354038005722354e-19
2017,2018,DE0007030009,1.989565738973374e-19
2017,2018,DE0007037129,7.459005576991417e-20
2017,2018,DE0007042301,2.1195683090930637e-19
2017,2018,DE0007100000,2.8774734679752873e-19
2017,2018,DE0007164600,1.0899649233585022e-19
2017,2018,DE0007236101,1.3262465735174242e-19
2017,2018,DE0007257503,3.6589663416554666e-20
2017,2018,DE0007500001,6.598739065548305e-20
2017,2018,DE0007664039,3.1019854099708353e-19
2017,2018,DE0008232125,7.169097419381962e-20
2017,2018,DE0008402215,0.0
2017,2018,DE0008404005,8.037547735435196e-20
2017,2018,DE0008430026,1.4690103007678056e-21
2017,2018,DE000A0D9PT0,9.78206491707677e-20
2017,2018,DE000A0S8488,1.247640054927027e-19
2017,2018,DE000A1EWWW0,6.183012678897695e-20
2017,2018,DE000BASF111,1.332827417066135e-19
2017,2018,DE000BAY0017,2.2915642305844788e-20
2017,2018,DE000CBK1001,5.637164020309606e-20
2017,2018,DE000CLS1001,1.4489063543473894e-19
2017,2018,DE000ENAG999,7.060208897349433e-20
2017,2018,DE000KSAG888,0.0
2017,2018,DE000PSM7770,9.218522104971517e-20
2017,2018,DE000TUAG505,1.121500107233972e-19
2017,2018,DK0010181759,0.0
2017,2018,DK0010234467,0.0
2017,2018,DK0010244508,2.4981996545816448e-20
2017,2018,DK0010274414,8.924079915545351e-21
2017,2018,DK0010287663,0.0
2017,2018,DK0010311471,0.0
2017,2018,DK0060079531,7.709469542095094e-20
2017,2018,DK0060336014,0.0
2017,2018,DK0060448595,0.009704180116183582
2017,2018,DK0060477503,9.63641970665608e-20
2017,2018,DK0060636678,2.4318101854341176e-20
2017,2018,DK0060738599,2.4585437882768044e-20
2017,2018,DK0061539921,1.3437337892836549e-19
2017,2018,ES0109427734,5.40459901954038e-21
2017,2018,ES0112501012,0.0
2017,2018,ES0113211835,4.754637676221906e-20
2017,2018,ES0113679I37,0.0
2017,2018,ES0113860A34,1.0942423778540349e-20
2017,2018,ES0113900J37,6.069772410502504e-20
2017,2018,ES0116870314,3.1732898809055715e-20
2017,2018,ES0118594417,1.2374664181590195e-19
2017,2018,ES0122060314,0.0
2017,2018,ES0124244E34,0.0
2017,2018,ES0125220311,3.910989620763829e-20
2017,2018,ES0130670112,8.109386487233462e-20
2017,2018,ES0130960018,1.1842977226290224e-19
2017,2018,ES0132105018,1.5160827660500793e-19
2017,2018,ES0144580Y14,6.074244389875454e-20
2017,2018,ES0148396007,6.633302953771799e-20
2017,2018,ES0152503035,0.0
2017,2018,ES0161560018,1.0192699206959811e-19
2017,2018,ES0167050915,0.0
2017,2018,ES0171743901,3.038045361951269e-19
2017,2018,ES0171996087,9.502350524175239e-21
2017,2018,ES0173093024,4.883447212922842e-20
2017,2018,ES0173516115,4.264901008057994e-20
2017,2018,ES0178430E18,3.236680641109386e-20
2017,2018,ES0182870214,0.0
2017,2018,FI0009000202,0.0
2017,2018,FI0009000277,0.0
2017,2018,FI0009000459,0.0
2017,2018,FI0009000681,0.0
2017,2018,FI0009002158,1.4347160154036043e-19
2017,2018,FI0009002422,9.918586657044933e-20
2017,2018,FI0009003727,1.2774871095373313e-19
2017,2018,FI0009005318,0.0
2017,2018,FI0009005870,6.986060099247347e-20
2017,2018,FI0009005961,6.512329234233652e-20
2017,2018,FI0009005987,3.823044251320824e-20
2017,2018,FI0009007132,1.2473651641091853e-19
2017,2018,FI0009007694,1.917709828679308e-19
2017,2018,FI0009007884,1.0469197677289013e-19
2017,2018,FI0009013296,1.1164340226021963e-20
2017,2018,FI0009013403,5.432977487682431e-20
2017,2018,FI0009800643,2.5764547783615967e-20
2017,2018,FI4000440664,1.742109455230275e-19
2017,2018,FR0000035081,2.2318109807836192e-20
2017,2018,FR0000039109,0.0
2017,2018,FR0000044448,1.7469776285270869e-19
2017,2018,FR0000045072,0.0
2017,2018,FR0000051070,2.2093419472706337e-19
2017,2018,FR0000054900,0.0
2017,2018,FR0000064578,6.567283177031235e-20
2017,2018,FR0000073272,0.0
2017,2018,FR0000077919,7.75279924662903e-20
2017,2018,FR0000120073,2.93295961850495e-20
2017,2018,FR0000120172,0.0
2017,2018,FR0000120222,0.0
2017,2018,FR0000120271,0.0
2017,2018,FR0000120321,5.456286467733728e-21
2017,2018,FR0000120404,5.0963412317465505e-20
2017,2018,FR0000120503,0.0
2017,2018,FR0000120560,0.0
2017,2018,FR0000120578,0.0
2017,2018,FR0000120628,1.253463499234218e-19
2017,2018,FR0000120644,7.253335025226752e-20
2017,2018,FR0000120693,1.0428966392242236e-19
2017,2018,FR0000120859,1.3668681010703765e-19
2017,2018,FR0000120966,9.704673117792361e-20
2017,2018,FR0000121014,1.988921491989594e-20
2017,2018,FR0000121121,8.368781331954119e-20
2017,2018,FR0000121204,6.920556277622484e-20
2017,2018,FR0000121220,4.068325945118928e-20
2017,2018,FR0000121329,0.0
2017,2018,FR0000121485,1.6320666743602862e-19
2017,2018,FR0000121667,1.0053940223486108e-20
2017,2018,FR0000121964,4.489553231685429e-20
2017,2018,FR0000121972,9.922979292766773e-20
2017,2018,FR0000124141,1.1359500654254863e-20
2017,2018,FR0000125007,1.5532892659821255e-19
2017,2018,FR0000125338,9.775234480577496e-20
2017,2018,FR0000125486,3.255158144704331e-20
2017,2018,FR0000127771,9.245029945630928e-21
2017,2018,FR0000130213,0.0
2017,2018,FR0000130395,1.5209574253886176e-19
2017,2018,FR0000130403,0.0
2017,2018,FR0000130452,3.3063954029875696e-20
2017,2018,FR0000130577,1.265425773739803e-20
2017,2018,FR0000130809,0.0
2017,2018,FR0000131104,0.0
2017,2018,FR0000131906,2.2549143076188383e-19
2017,2018,FR0000133308,0.0
2017,2018,FR0010040865,2.0990835871699494e-20
2017,2018,FR0010220475,6.871650554533059e-20
2017,2018,FR0010242511,2.3615036425315592e-20
2017,2018,FR0010307819,1.0809861699473585e-19
2017,2018,FR0010313833,1.561538594553637e-19
2017,2018,FR0010340141,6.565722845199999e-20
2017,2018,FR0010533075,1.2082415046159179e-19
2017,2018,FR0013176526,1.8164126307070764e-19
2017,2018,FR0013280286,0.0
2017,2018,FR0013326246,5.450069189112969e-20
2017,2018,FR0013505062,3.121659751438042e-19
2017,2018,FR0013506730,2.6931502194108932e-20
2017,2018,FR0014003TT8,1.258880160903585e-19
2017,2018,FR001400AJ45,1.324526789704116e-19
2017,2018,GB0000163088,3.315845858196575e-19
2017,2018,GB0000456144,0.0
2017,2018,GB0000536739,3.339521822523493e-19
2017,2018,GB0000811801,1.8020717173029742e-19
2017,2018,GB0000904986,9.45877880204057e-20
2017,2018,GB0000961622,2.0569721994941928e-20
2017,2018,GB0001048619,2.5335160194809053e-20
2017,2018,GB0001367019,6.274397811230113e-20
2017,2018,GB0001500809,2.6136574977914924e-20
2017,2018,GB0001638955,3.2950227687156796e-20
2017,2018,GB0001765816,0.0
2017,2018,GB0001826634,4.4627018055518815e-20
2017,2018,GB0001859296,8.182397732975481e-20
2017,2018,GB0002018363,4.1149869727389025e-20
2017,2018,GB0002074580,2.1423890772659982e-20
2017,2018,GB0002148343,3.813622641855412e-20
2017,2018,GB0002318888,0.0
2017,2018,GB0002374006,3.725097987045421e-20
2017,2018,GB0002418548,0.0
2017,2018,GB0002634946,0.0
2017,2018,GB0002652740,9.233395864469042e-20
2017,2018,GB0002670437,0.0
2017,2018,GB0002869419,1.4571413045037766e-19
2017,2018,GB0002875804,1.9474655241935736e-20
2017,2018,GB0003096442,0.0
2017,2018,GB0003308607,1.860913173327022e-19
2017,2018,GB0003395000,5.90041424168129e-20
2017,2018,GB0003452173,1.0182606809204497e-19
2017,2018,GB0003753778,3.944310643061006e-20
2017,2018,GB0004052071,1.723781319622163e-19
2017,2018,GB0004082847,3.100982590060968e-20
2017,2018,GB0004161021,4.1124727550758385e-20
2017,2018,GB0004170089,1.505123858369925e-20
2017,2018,GB0004270301,1.0159345630290071e-19
2017,2018,GB0004478896,1.2165779423638425e-19
2017,2018,GB0004544929,5.182686618830314e-20
2017,2018,GB0004657408,0.0
2017,2018,GB0004726096,0.0
2017,2018,GB0004866223,0.0
2017,2018,GB0004915632,0.0
2017,2018,GB0005405286,0.0
2017,2018,GB0005576813,0.0
2017,2018,GB0005603997,7.290489375127778e-20
2017,2018,GB0005746358,0.0
2017,2018,GB0005758098,2.033020325436997e-21
2017,2018,GB0006027295,2.0066738963882615e-19
2017,2018,GB0006215205,1.1233619138343303e-19
2017,2018,GB0006650450,9.284389927963537e-20
2017,2018,GB0006731235,0.0
2017,2018,GB0006776081,0.0
2017,2018,GB0006825383,0.0
2017,2018,GB0006886666,0.003772600986086285
2017,2018,GB0006928617,1.4949219257291034e-19
2017,2018,GB0007099541,4.752882318712826e-20
2017,2018,GB0007188757,0.0
2017,2018,GB0007323586,1.9256382128257138e-19
2017,2018,GB0007594764,1.749257146275889e-19
2017,2018,GB0007668071,2.507984691361155e-21
2017,2018,GB0007669376,2.5621808331106093e-20
2017,2018,GB0007908733,5.542977326571066e-20
2017,2018,GB0007958233,2.285591685037198e-19
2017,2018,GB0007973794,1.3336082206476051e-20
2017,2018,GB0007980591,0.0
2017,2018,GB0008025412,8.133756769296054e-20
2017,2018,GB0008085614,0.0
2017,2018,GB0008220112,9.892792299630131e-20
2017,2018,GB0008706128,1.3409249597774861e-20
2017,2018,GB0008782301,9.939971433470087e-20
2017,2018,GB0008794710,0.01559433090587405
2017,2018,GB0009067447,0.03193659435594231
2017,2018,GB0009123323,0.0
2017,2018,GB0009223206,0.0
2017,2018,GB0009292243,1.0145241559939081e-19
2017,2018,GB0009465807,1.0470620223689506e-19
2017,2018,GB0009633180,0.0
2017,2018,GB0009697037,6.990420276015204e-20
2017,2018,GB0009895292,5.856408704446796e-20
2017,2018,GB0022569080,2.0028246297420012e-20
2017,2018,GB0030232317,1.1835458448128257e-20
2017,2018,GB0030329360,1.6620692303005176e-20
2017,2018,GB0030913577,7.476560104696468e-20
2017,2018,GB0031274896,0.0
2017,2018,GB0031348658,8.843876744755322e-20
2017,2018,GB0031638363,4.186512601109387e-20
2017,2018,GB0031743007,2.3632084185510292e-20
2017,2018,GB0032089863,2.060641414242861e-21
2017,2018,GB0033195214,3.352602514449625e-20
2017,2018,GB0033986497,7.769726754164338e-20
2017,2018,GB00B012BV22,1.6332539368625268e-19
2017,2018,GB00B012TP20,0.0
2017,2018,GB00B019KW72,0.0
2017,2018,GB00B01QGK86,0.027753062761753704
2017,2018,GB00B02J6398,5.1674460646972964e-21
2017,2018,GB00B033F229,0.0
2017,2018,GB00B03HDJ73,0.0
2017,2018,GB00B04V1276,2.411968328066758e-19
2017,2018,GB00B06QFB75,0.0
2017,2018,GB00B0744359,8.95466745232036e-20
2017,2018,GB00B0744B38,1.3824453283303802e-20
2017,2018,GB00B082RF11,1.0840859739750777e-19
2017,2018,GB00B0FYMT95,0.0
2017,2018,GB00B0KM9T71,1.0170042435637149e-19
2017,2018,GB00B0LCW083,4.844556085587226e-20
2017,2018,GB00B0N8QD54,0.0
2017,2018,GB00B0SWJX34,3.966197977251383e-20
2017,2018,GB00B0WMWD03,4.357321117659241e-20
2017,2018,GB00B0YG1K06,1.487122618081985e-20
2017,2018,GB00B128J450,3.205848988625746e-19
2017,2018,GB00B132NW22,1.8701024683742902e-19
2017,2018,GB00B135BJ46,1.432476738329866e-20
2017,2018,GB00B17MMZ46,0.0
2017,2018,GB00B18P5K83,0.0
2017,2018,GB00B19Z1432,8.1512614720422e-20
2017,2018,GB00B1FH8J72,0.0
2017,2018,GB00B1FP6H53,7.678862495775473e-20
2017,2018,GB00B1FW5029,0.0
2017,2018,GB00B1JQDM80,0.0
2017,2018,GB00B1KJJ408,4.004611261697119e-20
2017,2018,GB00B1L5QH97,1.717753252184333e-19
2017,2018,GB00B1P6ZR11,0.0
2017,2018,GB00B1VNSX38,1.2085430239738618e-19
2017,2018,GB00B1WY2338,4.783362901417849e-20
2017,2018,GB00B1XH2C03,0.0
2017,2018,GB00B1YW4409,0.0
2017,2018,GB00B27YGJ97,0.0
2017,2018,GB00B2B0DG97,0.0
2017,2018,GB00B2NGPM57,1.9889107376664726e-19
2017,2018,GB00B2PDGW16,0.0
2017,2018,GB00B39J2M42,0.0
2017,2018,GB00B3DGH821,5.2804989704381366e-20
2017,2018,GB00B3FLWH99,3.658751297233466e-20
2017,2018,GB00B41H7391,0.0
2017,2018,GB00B45C9X44,1.1435106358479713e-20
2017,2018,GB00B572ZV91,0.0055094872474625535
2017,2018,GB00B5N0P849,1.3883156342327667e-19
2017,2018,GB00B5ZN1N88,1.0061051832158656e-19
2017,2018,GB00B61TVQ02,1.0167011057900776e-19
2017,2018,GB00B63H8491,3.471710319890802e-21
2017,2018,GB00B63QSB39,0.0
2017,2018,GB00B67G5X01,1.8695361972131244e-19
2017,2018,GB00B6XZKY75,1.1476823762645838e-20
2017,2018,GB00B6YTLS95,8.22478499858273e-20
2017,2018,GB00B71N6K86,0.01781838581800762
2017,2018,GB00B7KR2P84,0.0
2017,2018,GB00B82YXW83,1.5080624913955228e-19
2017,2018,GB00B8B4R053,0.0038760640792158923
2017,2018,GB00B8C3BL03,1.919830588686036e-20
2017,2018,GB00BD6K4575,0.0
2017,2018,GB00BDCPN049,1.7076550011321936e-19
2017,2018,GB00BDR05C01,0.0
2017,2018,GB00BF044593,0.0
2017,2018,GB00BF5H9P87,2.3649970176941492e-20
2017,2018,GB00BF8Q6K64,0.0
2017,2018,GB00BG11K365,0.0
2017,2018,GB00BGDT3G23,0.0
2017,2018,GB00BGLP8L22,2.350286363338005e-20
2017,2018,GB00BH4HKS39,0.0
2017,2018,GB00BHJYC057,0.0
2017,2018,GB00BJ1F4N75,3.350027706589396e-20
2017,2018,GB00BJFFLV09,4.2520549785285455e-20
2017,2018,GB00BJQZC279,3.690264867045145e-20
2017,2018,GB00BK9RKT01,1.4245038080818368e-19
2017,2018,GB00BKP36R26,0.0
2017,2018,GB00BKY40Q38,1.8851157441759817e-19
2017,2018,GB00BL6XZ716,0.0
2017,2018,GB00BLGZ9862,0.0
2017,2018,GB00BM8PJY71,3.5319045234131083e-19
2017,2018,GB00BM8Q5M07,1.9319807367322712e-20
2017,2018,GB00BMJ6DW54,4.9044842835045926e-20
2017,2018,GB00BN7SWP63,0.0
2017,2018,GB00BNGDN821,4.065206763286522e-20
2017,2018,GB00BNNTLN49,3.3012501884849576e-20
2017,2018,GB00BNR4T868,1.718975089035416e-19
2017,2018,GB00BP6MXD84,0.0
2017,2018,GB00BP92CJ43,1.3588143669913354e-19
2017,2018,GB00BP9LHF23,0.0
2017,2018,GB00BPQY8M80,1.0999472254584606e-19
2017,2018,GB00BRB37M78,0.025647090717621696
2017,2018,GB00BV9FP302,0.0
2017,2018,GB00BVFNZH21,1.6518193211014244e-19
2017,2018,GB00BWFGQN14,6.622924145129489e-20
2017,2018,GB00BYQ0JC66,8.478055399406438e-20
2017,2018,GB00BYT1DJ19,3.475734447550155e-21
2017,2018,GB00BYW0PQ60,9.711231325364185e-20
2017,2018,GB00BYYTFB60,9.197163749062242e-20
2017,2018,GB00BZ4BQC70,1.4367690025283443e-19
2017,2018,IE0001827041,1.0279237548259579e-19
2017,2018,IE0002424939,0.0
2017,2018,IE0003864109,7.262773414393936e-20
2017,2018,IE0004906560,0.0
2017,2018,IE0004927939,1.3020037491966903e-19
2017,2018,IE00B00MZ448,2.378648272000376e-19
2017,2018,IE00B4BNMY34,7.657661635681533e-20
2017,2018,IE00B8KQN827,6.10454194037344e-20
2017,2018,IE00BD1RP616,0.0
2017,2018,IE00BF0L3536,0.0
2017,2018,IE00BGH1M568,7.798685731958537e-20
2017,2018,IE00BK9ZQ967,1.0618061204068587e-20
2017,2018,IE00BLP1HW54,3.682183244515604e-20
2017,2018,IE00BLS09M33,5.115780613644388e-20
2017,2018,IE00BTN1Y115,0.0
2017,2018,IE00BWT6H894,0.014546970113526929
2017,2018,IE00BY7QL619,1.95337494805742e-20
2017,2018,IL0002300114,5.876301895173866e-20
2017,2018,IL0002810146,0.0
2017,2018,IL0006046119,1.069018520158318e-20
2017,2018,IL0006625771,5.656645454571617e-20
2017,2018,IL0006954379,5.464876975895964e-20
2017,2018,IL0010811243,1.0355719543145838e-19
2017,2018,IT0000062072,0.0
2017,2018,IT0000062957,0.0
2017,2018,IT0000066123,0.0
2017,2018,IT0000072618,0.0
2017,2018,IT0000784154,7.600540221554589e-20
2017,2018,IT0000784196,1.6812025161211657e-20
2017,2018,IT0001137345,0.0
2017,2018,IT0001233417,0.0
2017,2018,IT0001347308,1.8923284585181752e-19
2017,2018,IT0001469383,0.0
2017,2018,IT0003128367,3.233586742361437e-20
2017,2018,IT0003132476,1.0040824280550746e-20
2017,2018,IT0003153415,3.506423290379253e-20
2017,2018,IT0003242622,0.0
2017,2018,IT0003497168,3.4660480741697637e-20
2017,2018,IT0003506190,0.0
2017,2018,IT0003856405,1.2953560765080566e-20
2017,2018,IT0004810054,0.0
2017,2018,IT0004827447,0.0
2017,2018,IT0005218380,2.2597572965611413e-20
2017,2018,IT0005239360,0.0
2017,2018,IT0005495657,1.7401892993246872e-19
2017,2018,IT0005508921,2.4815230729073807e-19
2017,2018,JE00B8KF9B49,5.638179125648996e-21
2017,2018,JE00BJ1DLW90,8.473422589652878e-20
2017,2018,LR0008862868,2.647617232995168e-19
2017,2018,LU0075646355,2.070959522984879e-20
2017,2018,NL0000008977,2.2704131799204014e-20
2017,2018,NL0000009082,0.0
2017,2018,NL0000009165,4.2049059713340145e-21
2017,2018,NL0000009538,9.546842662025846e-20
2017,2018,NL0000226223,1.4955172951419826e-19
2017,2018,NL0000235190,0.0
2017,2018,NL0000289213,4.1079680350605426e-20
2017,2018,NL0000337319,1.3589585991919056e-19
2017,2018,NL0000360618,0.0
2017,2018,NL0000379121,0.0
2017,2018,NL0000395903,0.0
2017,2018,NL0009432491,0.0
2017,2018,NL0010273215,6.716372497361514e-20
2017,2018,NL0010583399,0.0
2017,2018,NL0011794037,0.0
2017,2018,NL0011821202,1.2760784039371542e-19
2017,2018,NL0013267909,4.353395601951622e-20
2017,2018,NL00150001Q9,1.4850110225940389e-19
2017,2018,NL00150003E1,0.0
2017,2018,NL0015001FS8,3.6230749755865806e-20
2017,2018,NL0015435975,5.143163298467251e-20
2017,2018,NO0003028904,9.411640115051039e-22
2017,2018,NO0003053605,4.2964425449114575e-20
2017,2018,NO0003054108,0.011612623832367533
2017,2018,NO0003733800,1.4320951016754935e-20
2017,2018,NO0005052605,4.417075019613057e-20
2017,2018,NO0010063308,6.348460994518234e-20
2017,2018,NO0010096985,0.0
2017,2018,NO0010112675,1.90804111272619e-19
2017,2018,NO0010199151,2.1462872881271143e-19
2017,2018,NO0010208051,0.0
2017,2018,NO0010215684,3.57888801624763e-19
2017,2018,NO0010861990,7.508801171929292e-20
2017,2018,NO0012470089,0.0
2017,2018,PA1436583006,6.735668835768073e-20
2017,2018,PTBCP0AM0015,1.3423722959403342e-20
2017,2018,PTEDP0AM0009,2.83720755587849e-20
2017,2018,PTJMT0AE0001,4.6926526590938176e-20
2017,2018,PTSON0AM0001,0.0
2017,2018,PTZON0AM0006,0.0
2017,2018,SE0000106270,0.0
2017,2018,SE0000108227,2.0390264859110495e-19
2017,2018,SE0000108656,0.0
2017,2018,SE0000112724,0.0
2017,2018,SE0000113250,7.10588531066601e-20
2017,2018,SE0000114837,2.584036679263632e-19
2017,2018,SE0000148884,1.735735740021692e-19
2017,2018,SE0000163594,4.3049365630014104e-21
2017,2018,SE0000163628,0.0
2017,2018,SE0000171100,0.0
2017,2018,SE0000190126,9.756892096857072e-20
2017,2018,SE0000202624,0.0
2017,2018,SE0000242455,1.8288281986365478e-19
2017,2018,SE0000379190,1.0616328298059792e-19
2017,2018,SE0000667891,1.4367852985150002e-19
2017,2018,SE0000667925,3.328718085952023e-20
2017,2018,SE0000695876,1.3283618208266506e-19
2017,2018,SE0000806994,5.543152105066966e-20
2017,2018,SE0000862997,4.947134192894267e-20
2017,2018,SE0000949331,2.753946193700444e-20
2017,2018,SE0001662230,6.19646972559462e-20
2017,2018,SE0003366871,1.6925779784699087e-19
2017,2018,SE0005190238,2.5883114257523955e-20
2017,2018,SE0006993770,9.361459004624481e-20
2017,2018,SE0007100581,1.0647431139966402e-19
2017,2018,SE0007100599,8.005400925370276e-20
2017,2018,SE0011090018,5.60324266870397e-20
2017,2018,SE0011166974,1.09484072837058e-19
2017,2018,SE0011256312,1.131016267399749e-19
2017,2018,SE0015811955,7.88944771744243e-20
2017,2018,SE0015812219,5.954219571889862e-20
2017,2018,SE0015988019,1.0744607596909425e-19
2017,2018,SE0016589188,6.06098581006578e-20
2017,2018,SE0017486889,1.8095700089271912e-19
2017,2018,SE0018012494,4.4265224760155867e-20
2017,2018,SE0018012635,5.406409397755052e-20
2017,2018,SE0020050417,1.674375375865629e-20
2017,2018,US0010551028,4.7988476030178046e-20
2017,2018,US0010841023,1.619592527647304e-20
2017,2018,US00130H1059,1.0350377040075814e-19
2017,2018,US00206R1023,8.318365275673341e-21
2017,2018,US0028241000,0.0
2017,2018,US0028962076,6.71756869481594e-20
2017,2018,US00724F1012,8.174558696322811e-20
2017,2018,US0079031078,8.187810708415551e-20
2017,2018,US0082521081,1.6763111009540046e-19
2017,2018,US00846U1016,2.4122647557823862e-20
2017,2018,US0091581068,1.4501162817809785e-20
2017,2018,US00971T1016,0.011808302091704682
2017,2018,US0126531013,5.998983678778155e-20
2017,2018,US0185811082,7.51427941038302e-20
2017,2018,US0188021085,2.947145360391824e-20
2017,2018,US0200021014,1.296594123328125e-19
2017,2018,US02079K3059,0.0
2017,2018,US02209S1033,0.0
2017,2018,US0236081024,4.199517948388675e-20
2017,2018,US0255371017,3.7219260477706225e-20
2017,2018,US0258161092,2.569613636758375e-20
2017,2018,US0268747849,0.0
2017,2018,US03027X1000,2.931138205417666e-20
2017,2018,US03073E1055,0.0
2017,2018,US0311621009,8.080416605090775e-20
2017,2018,US0320951017,2.7758672192652495e-20
2017,2018,US0326541051,0.0
2017,2018,US0367521038,0.0
2017,2018,US03743Q1085,4.3428130198105257e-20
2017,2018,US0378331005,0.0
2017,2018,US0382221051,9.160889397181608e-20
2017,2018,US0383361039,9.403226574445672e-20
2017,2018,US0394831020,0.0
2017,2018,US0441861046,1.201017595336119e-19
2017,2018,US04621X1081,1.9892586980087305e-19
2017,2018,US0495601058,0.0
2017,2018,US0527691069,1.0568799182982956e-19
2017,2018,US0528001094,8.349712515429955e-20
2017,2018,US0530151036,0.0
2017,2018,US0534841012,1.1704104538170101e-19
2017,2018,US0536111091,1.256714934509597e-19
2017,2018,US0538071038,1.3345277904622916e-19
2017,2018,US0584981064,9.808712241053513e-20
2017,2018,US0605051046,2.3581203977696415e-19
2017,2018,US0640581007,0.0
2017,2018,US0708301041,1.6277845553252597e-19
2017,2018,US0718131099,0.003411459170596138
2017,2018,US0758871091,0.0
2017,2018,US0844231029,0.014765508745351956
2017,2018,US0865161014,0.0
2017,2018,US09062X1037,0.004573767229784196
2017,2018,US0970231058,0.0
2017,2018,US09857L1089,0.0
2017,2018,US0997241064,2.0087488960190955e-19
2017,2018,US1011211018,1.12803569067156e-19
2017,2018,US1011371077,8.796771805741914e-20
2017,2018,US1101221083,0.0
2017,2018,US1124631045,1.1368172664541867e-19
2017,2018,US1156372096,6.650684898079172e-20
2017,2018,US12504L1098,1.889699924664367e-19
2017,2018,US1252691001,0.0
2017,2018,US1255231003,7.798293100179664e-20
2017,2018,US1258961002,0.0
2017,2018,US1264081035,0.0
2017,2018,US12653C1080,0.0
2017,2018,US1266501006,2.907629301046115e-20
2017,2018,US1270551013,1.279892886719371e-19
2017,2018,US1307881029,4.707955085315114e-20
2017,2018,US1344291091,0.0
2017,2018,US14040H1059,1.5350951925815193e-19
2017,2018,US14149Y1082,0.0
2017,2018,US1491231015,2.18091765516255e-19
2017,2018,US1508701034,2.1621030612807265e-19
2017,2018,US15189T1079,5.407648660076008e-20
2017,2018,US1667641005,1.6977748718879508e-20
2017,2018,US1717793095,0.0
2017,2018,US1720621010,2.577605827676155e-20
2017,2018,US17275R1023,3.896888905041065e-20
2017,2018,US1729674242,4.800803186959911e-20
2017,2018,US1858991011,0.0
2017,2018,US1890541097,0.04886754811805108
2017,2018,US1912161007,1.0801541443789093e-21
2017,2018,US1924461023,0.0
2017,2018,US1941621039,2.8736950561998526e-20
2017,2018,US2003401070,9.016696823964817e-20
2017,2018,US2058871029,9.900123570371754e-21
2017,2018,US20825C1045,7.239217574551737e-20
2017,2018,US2091151041,0.04801471940614203
2017,2018,US21036P1084,1.6483344698773235e-19
2017,2018,US22160K1051,0.0
2017,2018,US2283681060,3.1576017475054743e-20
2017,2018,US2310211063,9.768221396716056e-20
2017,2018,US2333311072,4.576013969501233e-20
2017,2018,US23355L1061,0.0
2017,2018,US2371941053,0.008328909681856369
2017,2018,US2441991054,0.0
2017,2018,US2473617023,1.07741947146454e-20
2017,2018,US25179M1036,4.647079677591606e-20
2017,2018,US2533931026,1.8498765170065032e-19
2017,2018,US2546871060,0.0
2017,2018,US25746U1097,4.390710460503425e-20
2017,2018,US2576511099,4.928283271746507e-20
2017,2018,US25960P1093,2.101948387074742e-19
2017,2018,US2600031080,1.65041303702264e-19
2017,2018,US26441C2044,0.0
2017,2018,US26875P1012,5.704406564855665e-20
2017,2018,US26884L1098,0.0
2017,2018,US2774321002,1.1863774416047528e-19
2017,2018,US2774614067,0.010741507983696828
2017,2018,US2786421030,8.779500139852205e-20
2017,2018,US2788651006,7.422345908921031e-20
2017,2018,US2810201077,5.284718798021681e-21
2017,2018,US28176E1082,0.0
2017,2018,US2910111044,3.2364849535675363e-20
2017,2018,US29364G1031,2.1908114428732965e-20
2017,2018,US29444U7000,1.276331724517852e-20
2017,2018,US29476L1070,1.0408959122020534e-19
2017,2018,US29670G1022,0.01701764913221207
2017,2018,US2971781057,4.649460154280816e-20
2017,2018,US30034W1062,8.446636099324348e-20
2017,2018,US30040W1080,0.0
2017,2018,US30161N1019,0.0
2017,2018,US3021301094,8.444414549748299e-21
2017,2018,US30231G1022,0.01070644211070144
2017,2018,US3024913036,0.0
2017,2018,US31428X1063,2.3470813755957024e-20
2017,2018,US3156161024,2.291692261312057e-20
2017,2018,US3167731005,2.0627071494468814e-19
2017,2018,US3379321074,0.0
2017,2018,US3434121022,2.1106851667777117e-19
2017,2018,US34354P1057,7.714174247090196e-20
2017,2018,US3453708600,7.740017368899889e-20
2017,2018,US3546131018,1.096208562469789e-19
2017,2018,US35671D8570,0.0
2017,2018,US3647601083,4.188489330151127e-20
2017,2018,US3703341046,0.08137558848010071
2017,2018,US37045V1008,0.0
2017,2018,US3719011096,0.0
2017,2018,US37247D1063,1.8694420844340068e-19
2017,2018,US3755581036,1.0032281491093882e-20
2017,2018,US38141G1040,1.9272143024096035e-20
2017,2018,US3825501014,3.362826008593791e-20
2017,2018,US3848021040,1.3161614731321785e-19
2017,2018,US3976241071,9.320887764385755e-20
2017,2018,US40434L1052,8.706666806985579e-20
2017,2018,US4062161017,1.1427559647622918e-19
2017,2018,US4103451021,6.39224961414014e-20
2017,2018,US4128221086,1.9467609915879257e-19
2017,2018,US4165151048,1.3786693390309986e-19
2017,2018,US4180561072,0.0
2017,2018,US4198701009,3.493700322291439e-21
2017,2018,US42250P1030,9.062501983159954e-20
2017,2018,US4278661081,0.06490331475132688
2017,2018,US42809H1077,0.0
2017,2018,US4370761029,6.135306536717316e-20
2017,2018,US4385161066,3.8800827358888985e-20
2017,2018,US4404521001,8.174600209311046e-21
2017,2018,US44107P1049,1.0341372116831037e-19
2017,2018,US4448591028,0.0
2017,2018,US4456581077,2.0317683723544387e-20
2017,2018,US4461501045,2.1975319679465117e-19
2017,2018,US4470111075,0.0
2017,2018,US45073V1089,1.5221111494170874e-19
2017,2018,US4523081093,8.901127815060397e-20
2017,2018,US4581401001,1.8013548686787663e-19
2017,2018,US4592001014,8.095917156633028e-20
2017,2018,US4595061015,1.1892683238782743e-19
2017,2018,US4601461035,1.388687140315981e-19
2017,2018,US4606901001,8.615095183374566e-20
2017,2018,US4612021034,7.423357568293658e-21
2017,2018,US46284V1017,1.3945195531869942e-19
2017,2018,US4657411066,2.7216115761049133e-20
2017,2018,US46625H1005,8.77017829067441e-20
2017,2018,US4663131039,2.296071962024935e-21
2017,2018,US46982L1089,1.455052427332601e-19
2017,2018,US4781601046,2.954680265370088e-20
2017,2018,US48020Q1076,1.1011819340065634e-19
2017,2018,US48203R1041,0.0
2017,2018,US48242W1062,1.1248008432256264e-19
2017,2018,US4824801009,1.926341989199623e-19
2017,2018,US4878361082,0.0
2017,2018,US4891701009,2.2208345106202336e-19
2017,2018,US4932671088,1.950476185529068e-20
2017,2018,US4943681035,0.0
2017,2018,US49446R1095,1.58797494366374e-19
2017,2018,US4972661064,2.253700194670909e-19
2017,2018,US5002551043,0.0
2017,2018,US5010441013,0.0
2017,2018,US5178341070,1.2563851785107686e-19
2017,2018,US5184391044,7.8672002666788e-20
2017,2018,US5218652049,3.0672198706369733e-21
2017,2018,US5261071071,5.531555737740736e-20
2017,2018,US5324571083,1.386793901311327e-19
2017,2018,US5339001068,1.432968212137733e-19
2017,2018,US5341871094,1.1253780894646725e-19
2017,2018,US5398301094,5.531511182391166e-21
2017,2018,US5486611073,6.743461744484355e-20
2017,2018,US5502411037,0.0
2017,2018,US55261F1049,1.0235098171763785e-19
2017,2018,US5526761086,0.0
2017,2018,US5529531015,3.683540430467331e-19
2017,2018,US5543821012,2.0390177108609702e-19
2017,2018,US55616P1049,1.7615242406300384e-19
2017,2018,US5635714059,3.429725387547177e-19
2017,2018,US56418H1005,6.632987729000067e-20
2017,2018,US5658491064,1.3900160993891005e-19
2017,2018,US5717481023,6.576520738518876e-20
2017,2018,US5719032022,6.244504070160347e-20
2017,2018,US5738741041,0.0
2017,2018,US5745991068,1.8698301447384188e-19
2017,2018,US57636Q1040,1.5982748157281836e-20
2017,2018,US5770811025,1.7197296844297297e-19
2017,2018,US5797802064,1.4995619362753455e-20
2017,2018,US5801351017,0.055139745458103004
2017,2018,US58155Q1031,0.0
2017,2018,US58933Y1055,0.0
2017,2018,US59156R1086,2.178135768925653e-19
2017,2018,US5926881054,6.667185817781398e-20
2017,2018,US5949181045,1.3420747309377438e-19
2017,2018,US5950171042,6.433564094644425e-20
2017,2018,US5951121038,0.0
2017,2018,US6005441000,1.406884518307674e-19
2017,2018,US6081901042,2.1872737835450616e-19
2017,2018,US60871R2094,7.466945181466889e-20
2017,2018,US6092071058,0.0
2017,2018,US6153691059,1.6106209492348277e-20
2017,2018,US6174464486,0.0
2017,2018,US61945C1036,0.0
2017,2018,US6200763075,9.297687921745866e-20
2017,2018,US6267171022,1.6342111921671557e-20
2017,2018,US6293775085,0.0
2017,2018,US6311031081,8.689570674657689e-20
2017,2018,US6365181022,1.1676051427597009e-19
2017,2018,US64110D1046,0.0
2017,2018,US6512291062,1.1214415898982267e-19
2017,2018,US6516391066,0.0017802359088696553
2017,2018,US65249B1098,5.576212711746153e-20
2017,2018,US65339F1012,0.0
2017,2018,US6541061031,2.9932555258021196e-20
2017,2018,US65473P1057,4.337946429012878e-20
2017,2018,US6556641008,7.700705350456321e-20
2017,2018,US6558441084,7.792731831809476e-20
2017,2018,US6658591044,3.6355354309399475e-20
2017,2018,US6668071029,0.0
2017,2018,US6687711084,1.31148696747511e-19
2017,2018,US6703461052,0.0
2017,2018,US67066G1040,0.0
2017,2018,US6708371033,8.171688400231881e-20
2017,2018,US67098H1041,2.0338106876054106e-19
2017,2018,US6745991058,9.824517384708869e-20
2017,2018,US6819191064,0.0
2017,2018,US6821891057,7.88776115428285e-21
2017,2018,US6826801036,0.0
2017,2018,US68389X1054,3.149667648903488e-20
2017,2018,US6866881021,0.0
2017,2018,US6882392011,8.756910215608563e-20
2017,2018,US69331C1080,0.07760415333523758
2017,2018,US6934751057,3.9658286657550174e-20
2017,2018,US6935061076,5.3019044337378144e-20
2017,2018,US69351T1060,0.0
2017,2018,US6936561009,1.9342854421802291e-19
2017,2018,US6937181088,1.380364960321913e-19
2017,2018,US6951561090,4.8903660915357525e-20
2017,2018,US7010941042,5.552719154125332e-20
2017,2018,US70211M1099,0.0
2017,2018,US7134481081,2.821149652822245e-20
2017,2018,US7140461093,9.962631605429131e-20
2017,2018,US7170811035,2.3118999916910184e-20
2017,2018,US7234841010,0.0
2017,2018,US7244791007,1.5668621881394089e-19
2017,2018,US7310681025,2.5114281075579874e-19
2017,2018,US74144T1088,8.084003430405007e-20
2017,2018,US74251V1026,1.575350822395247e-19
2017,2018,US7427181091,0.0
2017,2018,US7433151039,6.21659588830102e-21
2017,2018,US74340W1036,2.3375768826310367e-19
2017,2018,US7443201022,1.9059371346446205e-19
2017,2018,US7445731067,0.0
2017,2018,US7475251036,2.590846324437467e-20
2017,2018,US74834L1008,0.03743764134274011
2017,2018,US75281A1097,0.00878601170014932
2017,2018,US75513E1010,0.0
2017,2018,US7588491032,1.8695616708178438e-19
2017,2018,US75886F1075,1.6760748379810077e-19
2017,2018,US7607591002,3.217826112076848e-20
2017,2018,US7739031091,1.8988013026032963e-19
2017,2018,US7835491082,1.770420825392581e-19
2017,2018,US78409V1044,0.0
2017,2018,US78410G1040,0.0
2017,2018,US78440X8873,1.6049423820510553e-19
2017,2018,US78473E1038,6.078594968855557e-20
2017,2018,US79466L3024,6.905812390378256e-20
2017,2018,US8101861065,0.013140929353477052
2017,2018,US81211K1007,4.89454132931592e-20
2017,2018,US8168511090,2.2258894417072448e-20
2017,2018,US8243481061,6.004824043612256e-20
2017,2018,US8288061091,1.4375485816689141e-19
2017,2018,US8326964058,2.771655911149602e-20
2017,2018,US8354951027,0.0
2017,2018,US8425871071,0.029915804872233102
2017,2018,US84265V1052,1.3483391608985027e-20
2017,2018,US8447411088,3.25218364763531e-20
2017,2018,US8454671095,0.0
2017,2018,US8545021011,1.3051654806508492e-19
2017,2018,US8552441094,0.0
2017,2018,US8574771031,9.265489762134326e-20
2017,2018,US8676524064,2.2282598707841896e-20
2017,2018,US8718291078,0.0
2017,2018,US8725401090,0.0020101468388521193
2017,2018,US8760301072,6.595901752890462e-20
2017,2018,US87612E1064,1.0302778580592791e-20
2017,2018,US8807701029,1.2353293113045067e-19
2017,2018,US8807791038,3.5506715580620126e-19
2017,2018,US8816242098,0.033236413432889945
2017,2018,US8825081040,5.901564744191211e-21
2017,2018,US8832031012,1.0926337701410858e-19
2017,2018,US88337F1057,0.0
2017,2018,US8835561023,6.996316071181399e-20
2017,2018,US88579Y1010,2.1121815041514172e-20
2017,2018,US89417E1091,0.0
2017,2018,US89832Q1094,1.3388000404833467e-19
2017,2018,US9024941034,4.645235308987708e-20
2017,2018,US9026811052,0.0
2017,2018,US9029733048,1.3732528056951877e-19
2017,2018,US9078181081,0.0
2017,2018,US9111631035,7.682685037841914e-20
2017,2018,US9113121068,5.4130373632533325e-20
2017,2018,US9113631090,5.949396378830869e-19
2017,2018,US9129091081,1.2271294607053917e-19
2017,2018,US91324P1021,0.0
2017,2018,US91529Y1064,1.7401188300883918e-19
2017,2018,US91822M5022,0.0
2017,2018,US91913Y1001,2.8796836968798414e-20
2017,2018,US92276F1003,1.0411256226390057e-19
2017,2018,US92343V1044,2.3542270684102055e-21
2017,2018,US92532F1003,0.0
2017,2018,US9255501051,0.0
2017,2018,US92556V1061,0.0
2017,2018,US9290421091,9.673045957978864e-20
2017,2018,US9291601097,2.296913061318898e-19
2017,2018,US92939U1060,0.0
2017,2018,US9297401088,1.0835392834536885e-19
2017,2018,US9311421039,0.1180582160662018
2017,2018,US9314271084,0.0
2017,2018,US94106L1098,0.0
2017,2018,US9418481035,1.2232161699255472e-19
2017,2018,US9427491025,9.256189160147863e-20
2017,2018,US9497461015,1.6117298035346306e-19
2017,2018,US95040Q1040,5.583782724507228e-21
2017,2018,US95082P1057,2.7099175672137164e-19
2017,2018,US9581021055,3.7109030900018806e-21
2017,2018,US9604131022,2.4874090334553576e-19
2017,2018,US9621661043,7.694867948887615e-20
2017,2018,US9633201069,1.4312700763306198e-19
2017,2018,US9694571004,4.3109822967768204e-20
2017,2018,US98389B1008,1.9642200696400657e-20
2017,2018,US9839191015,1.0396637689168936e-19
2017,2018,US98421M1062,1.558802299539409e-19
2017,2018,US9884981013,6.792725647453143e-20
2017,2018,US98956P1021,1.1908323604443137e-19
2018,2019,AN8068571086,3.3756898492864734e-06
2018,2019,AT000000STR1,4.574248328823292e-06
2018,2019,AT00000VIE62,3.7750128269290897e-06
2018,2019,AT0000606306,6.672715613850061e-06
2018,2019,AT0000652011,9.400212194748255e-06
2018,2019,AT0000720008,2.1949800653802993e-06
2018,2019,AT0000730007,1.3292606368245896e-06
2018,2019,AT0000743059,3.893940547859456e-06
2018,2019,AT0000746409,5.034892100192982e-06
2018,2019,AT0000937503,5.672865030199883e-06
2018,2019,AT0000938204,2.563007674776533e-06
2018,2019,AT0000A21KS2,6.327454357893866e-07
2018,2019,BE0003470755,3.7910401072958395e-06
2018,2019,BE0003565737,7.948293229939734e-06
2018,2019,BE0003593044,2.0184205669763777e-06
2018,2019,BE0003735496,8.112205386008858e-07
2018,2019,BE0003739530,1.5402010608469388e-06
2018,2019,BE0003755692,2.463522659884961e-06
2018,2019,BE0003810273,2.060397495537475e-06
2018,2019,BE0974258874,6.015164945572856e-06
2018,2019,BE0974264930,2.211055832639951e-06
2018,2019,BE0974293251,9.427847392235293e-07
2018,2019,BE0974320526,3.3709735838103615e-06
2018,2019,CA00208D4084,3.011650033479686e-06
2018,2019,CA0084741085,0.010284854903076516
2018,2019,CA00900Q1037,1.4063765616238876e-06
2018,2019,CA01626P1484,1.0521835766784666e-06
2018,2019,CA05534B7604,7.75870826324209e-07
2018,2019,CA0636711016,2.348403716455467e-06
2018,2019,CA0641491075,3.2153923814048e-06
2018,2019,CA0977518616,4.670263285021661e-06
2018,2019,CA1247651088,2.5746984910682224e-06
2018,2019,CA12532H1047,2.003407816094943e-06
2018,2019,CA13321L1085,3.1635533900340382e-06
2018,2019,CA1360691010,2.2197103670781e-06
2018,2019,CA1363751027,1.9711533272983247e-06
2018,2019,CA1363851017,4.772454822690327e-06
2018,2019,CA13646K1084,2.7263949632037465e-06
2018,2019,CA1366812024,1.198986961420534e-06
2018,2019,CA1367178326,1.566820578573311e-06
2018,2019,CA2849025093,2.3502485567422244e-06
2018,2019,CA29250N1050,8.959697664713955e-07
2018,2019,CA2927661025,3.554465110349143e-06
2018,2019,CA3180714048,2.694478012742433e-06
2018,2019,CA3359341052,2.4712348046319427e-06
2018,2019,CA3495531079,1.638211308560533e-06
2018,2019,CA3518581051,0.0
2018,2019,CA3759161035,3.7110003296024055e-06
2018,2019,CA39138C1068,3.6697186370405063e-06
2018,2019,CA4495861060,3.108637614631759e-06
2018,2019,CA4530384086,1.708348447234351e-06
2018,2019,CA45823T1066,2.1849547691237874e-07
2018,2019,CA4969024047,2.3665013781737496e-06
2018,2019,CA5394811015,1.4217790228332437e-06
2018,2019,CA5592224011,2.4430752740418416e-06
2018,2019,CA56501R1064,4.121711003263827e-06
2018,2019,CA59151K1084,3.1816434356318936e-06
2018,2019,CA6744822033,7.972014086756288e-06
2018,2019,CA7392391016,3.1393684049488646e-06
2018,2019,CA7751092007,1.9231900294317867e-06
2018,2019,CA7800871021,2.891440705710831e-06
2018,2019,CA8029121057,7.592362607325608e-07
2018,2019,CA8239011031,3.882860604775281e-06
2018,2019,CA85472N1096,2.6626209796117146e-06
2018,2019,CA8667961053,2.757565407060263e-06
2018,2019,CA8672241079,3.6545775665156502e-06
2018,2019,CA87807B1076,1.6458688288448226e-06
2018,2019,CA8787422044,8.449012410271766e-06
2018,2019,CA87971M1032,2.2398928436217064e-06
2018,2019,CA8849038085,1.2253900392589478e-06
2018,2019,CA8911605092,2.460167073940773e-06
2018,2019,CA89346D1078,1.5276656261459347e-06
2018,2019,CA8959451037,4.410984745614932e-06
2018,2019,CA98462Y1007,5.019825609228108e-07
2018,2019,CH0008038389,2.1808532649831037e-06
2018,2019,CH0008742519,2.1150657434803793e-06
2018,2019,CH0010570759,6.54235372500003e-07
2018,2019,CH0010645932,1.9690669064132123e-06
2018,2019,CH0011075394,3.135203243572801e-06
2018,2019,CH0012005267,1.547950852831864e-06
2018,2019,CH0012032048,2.5648533324983e-06
2018,2019,CH0012138530,4.43631317502006e-06
2018,2019,CH0012138605,3.5166700390480047e-06
2018,2019,CH0012142631,4.871346575027083e-06
2018,2019,CH0012214059,4.764106049382426e-06
2018,2019,CH0012221716,3.7620511193431053e-06
2018,2019,CH0012549785,2.169105194087129e-06
2018,2019,CH0013841017,2.4892210788508567e-06
2018,2019,CH0014786500,0.07780049561751015
2018,2019,CH0014852781,4.737007204533987e-06
2018,2019,CH0018294154,2.291662696838285e-06
2018,2019,CH0024608827,3.094618655817699e-06
2018,2019,CH0024638212,1.453198806680301e-07
2018,2019,CH0025238863,2.175025086185491e-06
2018,2019,CH0025751329,3.62184244947293e-06
2018,2019,CH0030170408,2.593581543842801e-06
2018,2019,CH0038388911,3.8132476289556337e-06
2018,2019,CH0038863350,1.7183696342133273e-06
2018,2019,CH0044328745,1.6818199960609299e-06
2018,2019,CH0048265513,1.543543960749426e-06
2018,2019,CH0102484968,1.8972231607550259e-06
2018,2019,CH0126881561,6.7593913775990365e-06
2018,2019,CH0198251305,0.0231285156668949
2018,2019,CH0210483332,4.813103826903846e-06
2018,2019,CH0244767585,3.952972024724407e-06
2018,2019,CH0319416936,2.0508988134523185e-06
2018,2019,CH0418792922,3.65353918616744e-06
2018,2019,CH1169151003,5.556004008894423e-06
2018,2019,CH1175448666,2.19175525616481e-06
2018,2019,CH1256740924,1.782696891729552e-06
2018,2019,DE0005089031,3.977841376751463e-06
2018,2019,DE0005140008,7.834181157913406e-06
2018,2019,DE0005190003,3.0599392518283808e-06
2018,2019,DE0005200000,2.815808534110009e-06
2018,2019,DE0005408884,7.769687881655999e-06
2018,2019,DE0005439004,6.759756107465066e-06
2018,2019,DE0005470405,4.598948961051828e-06
2018,2019,DE0005552004,5.51887835326945e-06
2018,2019,DE0005557508,3.0712655524897596e-06
2018,2019,DE0005773303,3.8050554041095085e-06
2018,2019,DE0005785604,7.32041180679725e-07
2018,2019,DE0005785802,9.780560358085777e-07
2018,2019,DE0005810055,4.482182903627749e-06
2018,2019,DE0005909006,3.8919449230373e-06
2018,2019,DE0006047004,4.58180471778648e-06
2018,2019,DE0006048432,3.270087624207295e-06
2018,2019,DE0006070006,6.29118968590741e-06
2018,2019,DE0006202005,5.065022486473125e-06
2018,2019,DE0006231004,8.830443781085883e-06
2018,2019,DE0006569908,3.980649691725574e-06
2018,2019,DE0006599905,1.954763137630007e-06
2018,2019,DE0006602006,4.544612962816931e-06
2018,2019,DE0006969603,1.0829359811349931e-06
2018,2019,DE0007030009,2.7183463019735704e-06
2018,2019,DE0007037129,5.74717802546145e-06
2018,2019,DE0007042301,2.8729159540199955e-07
2018,2019,DE0007100000,5.428809846979352e-06
2018,2019,DE0007164600,2.6852110080514376e-06
2018,2019,DE0007236101,4.031970362773805e-06
2018,2019,DE0007257503,6.866931821014552e-06
2018,2019,DE0007314007,5.403384978638737e-06
2018,2019,DE0007500001,5.270274070263976e-06
2018,2019,DE0007664039,4.184359035142633e-06
2018,2019,DE0008232125,3.6105181059215163e-06
2018,2019,DE0008402215,7.122262074845237e-07
2018,2019,DE0008404005,4.467177164613946e-06
2018,2019,DE0008430026,1.66306361210022e-06
2018,2019,DE000A0D6554,6.2209995654571964e-06
2018,2019,DE000A0D9PT0,6.170792357723056e-07
2018,2019,DE000A0S8488,3.3430916360727563e-06
2018,2019,DE000A0WMPJ6,6.199108363047388e-06
2018,2019,DE000A1EWWW0,2.4014552848580975e-06
2018,2019,DE000A2GS401,2.2595586262490874e-06
2018,2019,DE000BASF111,5.196548382932585e-06
2018,2019,DE000BAY0017,4.1141168252302385e-06
2018,2019,DE000CBK1001,9.504802552651738e-06
2018,2019,DE000CLS1001,2.6123219732830665e-06
2018,2019,DE000ENAG999,4.656524156166242e-06
2018,2019,DE000KSAG888,2.7158068678376977e-06
2018,2019,DE000PSM7770,1.0233827140201663e-05
2018,2019,DE000TUAG505,3.2757190846046426e-06
2018,2019,DK0010181759,2.962113200632307e-06
2018,2019,DK0010234467,4.0431678635836045e-06
2018,2019,DK0010244508,2.308158632449422e-06
2018,2019,DK0010274414,7.954348164757187e-06
2018,2019,DK0010287663,3.996259110312495e-06
2018,2019,DK0010311471,4.469259008741352e-06
2018,2019,DK0060079531,2.8532939624754466e-06
2018,2019,DK0060336014,2.879326910256101e-06
2018,2019,DK0060448595,6.624526434640676e-07
2018,2019,DK0060477503,1.138492371321552e-06
2018,2019,DK0060636678,1.8475132476931889e-06
2018,2019,DK0060738599,2.4809869403323877e-06
2018,2019,DK0061539921,4.107422183069677e-06
2018,2019,ES0109427734,7.870439774803136e-06
2018,2019,ES0112501012,1.5951722686686347e-06
2018,2019,ES0113211835,8.404846398655442e-06
2018,2019,ES0113679I37,5.9897431746014626e-06
2018,2019,ES0113860A34,6.971822243827993e-06
2018,2019,ES0113900J37,7.134037639995823e-06
2018,2019,ES0116870314,5.841564587626127e-06
2018,2019,ES0118594417,4.302361472696088e-06
2018,2019,ES0122060314,5.12955571050398e-06
2018,2019,ES0124244E34,5.800949599088243e-06
2018,2019,ES0125220311,5.919311499058235e-06
2018,2019,ES0130670112,5.0229858722585615e-06
2018,2019,ES0130960018,4.066170393137327e-06
2018,2019,ES0132105018,4.5671623007257185e-06
2018,2019,ES0142090317,8.485871177380105e-06
2018,2019,ES0144580Y14,4.640618601205927e-06
2018,2019,ES0148396007,2.366445332354375e-06
2018,2019,ES0152503035,6.8445378901840885e-06
2018,2019,ES0161560018,5.875324514687294e-06
2018,2019,ES0167050915,4.312125859578285e-06
2018,2019,ES0171743901,1.35572383496023e-05
2018,2019,ES0171996087,1.557381700191608e-06
2018,2019,ES0173093024,3.8679203769503244e-06
2018,2019,ES0173516115,6.206545027442199e-06
2018,2019,ES0178430E18,5.000847577523892e-06
2018,2019,ES0182870214,9.860928720803895e-06
2018,2019,FI0009000202,2.62242204989802e-06
2018,2019,FI0009000277,7.885943273254706e-07
2018,2019,FI0009000459,1.4759469801045216e-06
2018,2019,FI0009000681,3.343554647292625e-06
2018,2019,FI0009002158,4.90816830502127e-06
2018,2019,FI0009002422,4.180459855483035e-06
2018,2019,FI0009003727,2.8469219148874e-06
2018,2019,FI0009005318,1.8407247169177398e-06
2018,2019,FI0009005870,3.0046914406113753e-06
2018,2019,FI0009005961,5.180842610497609e-06
2018,2019,FI0009005987,5.013757773137227e-06
2018,2019,FI0009007132,4.100307498837272e-06
2018,2019,FI0009007694,3.383458588815148e-06
2018,2019,FI0009007884,3.7649848820060634e-06
2018,2019,FI0009013296,3.973232536594555e-06
2018,2019,FI0009013403,1.5249913361792143e-06
2018,2019,FI0009800643,2.7547655226622145e-06
2018,2019,FI4000440664,5.544143325080273e-06
2018,2019,FR0000035081,2.591352990232078e-06
2018,2019,FR0000039109,5.213179305397596e-06
2018,2019,FR0000044448,6.073543666032936e-06
2018,2019,FR0000045072,5.874926081560761e-06
2018,2019,FR0000051070,5.470119551421952e-06
2018,2019,FR0000052292,2.6885846042872073e-06
2018,2019,FR0000054900,6.7139721201948355e-06
2018,2019,FR0000064578,4.717499048488216e-06
2018,2019,FR0000073272,2.286481091802804e-06
2018,2019,FR0000077919,5.0760190089973175e-06
2018,2019,FR0000120073,3.051185782469957e-06
2018,2019,FR0000120172,4.296614658844735e-06
2018,2019,FR0000120222,3.0687196149130623e-06
2018,2019,FR0000120271,3.968973902973137e-06
2018,2019,FR0000120321,3.1073487072803163e-06
2018,2019,FR0000120404,3.2602217997914825e-06
2018,2019,FR0000120503,3.013186102728115e-06
2018,2019,FR0000120560,2.2876972585764903e-06
2018,2019,FR0000120578,2.3072890622275675e-06
2018,2019,FR0000120628,6.982293596737175e-06
2018,2019,FR0000120644,1.9706274600689492e-06
2018,2019,FR0000120693,3.431179160073048e-06
2018,2019,FR0000120859,4.554561864454113e-06
2018,2019,FR0000120966,1.8840563574498173e-06
2018,2019,FR0000121014,3.2699929715701244e-06
2018,2019,FR0000121121,5.8892306851547145e-06
2018,2019,FR0000121204,6.0864979442178715e-06
2018,2019,FR0000121220,1.5178853546683657e-06
2018,2019,FR0000121329,9.984737415944858e-07
2018,2019,FR0000121485,3.976512862122444e-06
2018,2019,FR0000121667,2.418259228467467e-06
2018,2019,FR0000121964,3.6162349322003973e-06
2018,2019,FR0000121972,3.681922097577373e-06
2018,2019,FR0000124141,4.366124203974973e-06
2018,2019,FR0000125007,6.2373609522602725e-06
2018,2019,FR0000125338,4.0814599230674156e-06
2018,2019,FR0000125486,4.849075976497854e-06
2018,2019,FR0000127771,3.6716409352951182e-06
2018,2019,FR0000130213,3.4795814918287154e-06
2018,2019,FR0000130395,3.5426397152757447e-06
2018,2019,FR0000130403,2.8966827798161286e-06
2018,2019,FR0000130452,5.451378569312837e-06
2018,2019,FR0000130577,3.326737935104892e-06
2018,2019,FR0000130809,8.688409233690274e-06
2018,2019,FR0000131104,7.193795368674459e-06
2018,2019,FR0000131757,5.806582786328278e-06
2018,2019,FR0000131906,8.221829591482454e-06
2018,2019,FR0000133308,3.2639506039121843e-06
2018,2019,FR0010040865,5.833227318499539e-06
2018,2019,FR0010220475,4.615345420416905e-06
2018,2019,FR0010242511,5.1574428638422134e-06
2018,2019,FR0010307819,3.251179329690069e-06
2018,2019,FR0010313833,5.386299549051992e-06
2018,2019,FR0010340141,3.847029828597975e-06
2018,2019,FR0010533075,3.0020890743093445e-06
2018,2019,FR0013176526,6.095676210404735e-06
2018,2019,FR0013280286,1.5446393142358588e-06
2018,2019,FR0013326246,3.72155458492861e-06
2018,2019,FR0013505062,4.8003768227119945e-06
2018,2019,FR0013506730,7.2221030162747205e-06
2018,2019,FR0014003TT8,1.755514290971392e-06
2018,2019,FR001400AJ45,3.976427929081524e-06
2018,2019,GB0000163088,0.0
2018,2019,GB0000456144,1.4605618258015428e-06
2018,2019,GB0000536739,2.329351490984205e-06
2018,2019,GB0000811801,1.684637047680044e-06
2018,2019,GB0000904986,7.800169263265361e-07
2018,2019,GB0000961622,0.0
2018,2019,GB0001048619,1.8097590478211617e-07
2018,2019,GB0001367019,1.4698776108459794e-06
2018,2019,GB0001500809,1.9658786937286946e-06
2018,2019,GB0001638955,0.0
2018,2019,GB0001765816,6.930769649014897e-07
2018,2019,GB0001826634,1.7279491366886263e-06
2018,2019,GB0001859296,1.1585985847316806e-06
2018,2019,GB0002018363,0.0
2018,2019,GB0002074580,0.0
2018,2019,GB0002148343,4.311419910917579e-07
2018,2019,GB0002318888,0.013214961881533455
2018,2019,GB0002374006,1.3292529578568507e-06
2018,2019,GB0002418548,6.541864216962394e-07
2018,2019,GB0002634946,3.4226804156869585e-07
2018,2019,GB0002652740,2.2207496691351863e-06
2018,2019,GB0002670437,1.0441126021043016e-06
2018,2019,GB0002869419,2.6555581569533155e-06
2018,2019,GB0002875804,1.869796562436936e-06
2018,2019,GB0003096442,7.839382061330177e-07
2018,2019,GB0003308607,1.274034567911091e-06
2018,2019,GB0003395000,1.869299196651109e-06
2018,2019,GB0003452173,3.7775816299424603e-06
2018,2019,GB0003718474,0.010423513748513103
2018,2019,GB0003753778,6.498968698853251e-07
2018,2019,GB0004052071,1.8486931156406088e-06
2018,2019,GB0004082847,6.340986396219946e-06
2018,2019,GB0004161021,9.593728113247546e-07
2018,2019,GB0004170089,1.6547634350023275e-06
2018,2019,GB0004270301,1.0442537474101938e-06
2018,2019,GB0004478896,2.31618080883638e-06
2018,2019,GB0004544929,1.5068932802312517e-06
2018,2019,GB0004657408,1.7186398822581737e-06
2018,2019,GB0004726096,1.4607821907774187e-06
2018,2019,GB0004866223,2.718078235768847e-06
2018,2019,GB0004915632,8.85849750049847e-07
2018,2019,GB0005405286,3.1080719121906075e-06
2018,2019,GB0005576813,3.2888238003313204e-06
2018,2019,GB0005603997,3.6818226703777825e-06
2018,2019,GB0005746358,1.437342714739488e-06
2018,2019,GB0005758098,6.162498831812334e-07
2018,2019,GB0005790059,3.9587331903605245e-06
2018,2019,GB0006027295,3.5645682078315883e-06
2018,2019,GB0006215205,3.887234236062055e-06
2018,2019,GB0006640972,1.1615631675429766e-06
2018,2019,GB0006650450,1.6395298848859507e-07
2018,2019,GB0006731235,9.925148913227928e-07
2018,2019,GB0006776081,7.68806783575404e-07
2018,2019,GB0006825383,0.0
2018,2019,GB0006886666,0.0014238792954776656
2018,2019,GB0006928617,9.028229166731706e-06
2018,2019,GB0007099541,4.05067390298807e-06
2018,2019,GB0007188757,2.001974131797925e-06
2018,2019,GB0007323586,3.1323329959359727e-06
2018,2019,GB0007594764,2.8282055293949536e-06
2018,2019,GB0007668071,1.3531173957097422e-06
2018,2019,GB0007669376,2.6435253008380824e-06
2018,2019,GB0007908733,8.704978757030541e-07
2018,2019,GB0007958233,3.689175190096174e-06
2018,2019,GB0007973794,2.148257157736732e-06
2018,2019,GB0007980591,3.6379285126911438e-06
2018,2019,GB0008025412,3.3203557883247217e-06
2018,2019,GB0008085614,1.3074310527583945e-06
2018,2019,GB0008220112,1.8052471941622053e-06
2018,2019,GB0008481250,2.0357024795093383e-06
2018,2019,GB0008706128,5.010260817527794e-06
2018,2019,GB0008782301,2.9305282443415835e-07
2018,2019,GB0008794710,0.05590410545737927
2018,2019,GB0009067447,0.02370364024437676
2018,2019,GB0009123323,0.0
2018,2019,GB0009223206,0.0
2018,2019,GB0009292243,1.9057291620624176e-06
2018,2019,GB0009465807,2.809853867679628e-06
2018,2019,GB0009633180,0.0
2018,2019,GB0009697037,5.203133716774464e-07
2018,2019,GB0009895292,2.5065526331178548e-06
2018,2019,GB0022569080,1.5645501392612888e-06
2018,2019,GB0030232317,2.3565670870200215e-06
2018,2019,GB0030329360,4.894268078108301e-06
2018,2019,GB0030913577,1.868693408278567e-06
2018,2019,GB0031274896,4.53588720793277e-09
2018,2019,GB0031348658,5.004467578389441e-06
2018,2019,GB0031638363,7.74887458831322e-07
2018,2019,GB0031743007,1.7292555191812092e-06
2018,2019,GB0032089863,7.182907863463834e-07
2018,2019,GB0033195214,1.3533982236619027e-06
2018,2019,GB0033986497,4.116086031821285e-06
2018,2019,GB00B012BV22,2.3167756728344615e-06
2018,2019,GB00B012TP20,8.983144601969696e-07
2018,2019,GB00B019KW72,7.983538243016826e-07
2018,2019,GB00B01QGK86,0.0060221127062864655
2018,2019,GB00B02J6398,1.455876555644867e-06
2018,2019,GB00B033F229,8.70860237126919e-07
2018,2019,GB00B03HDJ73,8.264941917657047e-07
2018,2019,GB00B04V1276,4.5102592383600944e-06
2018,2019,GB00B06QFB75,0.0
2018,2019,GB00B0744359,2.896543195315551e-06
2018,2019,GB00B0744B38,8.279662425405852e-07
2018,2019,GB00B082RF11,1.3336264965311936e-06
2018,2019,GB00B0FYMT95,0.0
2018,2019,GB00B0KM9T71,1.1766370239211647e-06
2018,2019,GB00B0LCW083,1.3905724043769937e-06
2018,2019,GB00B0N8QD54,1.892955727288616e-06
2018,2019,GB00B0SWJX34,1.9215422861271066e-06
2018,2019,GB00B0WMWD03,0.008722027197815932
2018,2019,GB00B0YG1K06,4.471208727570163e-07
2018,2019,GB00B128J450,2.9443994301092473e-06
2018,2019,GB00B132NW22,2.9712373729751e-06
2018,2019,GB00B135BJ46,3.1148904883643914e-07
2018,2019,GB00B17MMZ46,1.8028961574947677e-06
2018,2019,GB00B18P5K83,6.229438276426509e-06
2018,2019,GB00B19Z1432,1.0488432366809064e-06
2018,2019,GB00B1FH8J72,8.068190169244599e-07
2018,2019,GB00B1FP6H53,3.066298532484053e-08
2018,2019,GB00B1FW5029,1.1997591954974906e-06
2018,2019,GB00B1G5HX72,4.064486003718692e-06
2018,2019,GB00B1JQDM80,9.718755005038336e-07
2018,2019,GB00B1KJJ408,2.354970268967107e-06
2018,2019,GB00B1L5QH97,1.5110287866358298e-06
2018,2019,GB00B1P6ZR11,1.0754391177689308e-06
2018,2019,GB00B1VNSX38,1.5905108029011034e-06
2018,2019,GB00B1WY2338,1.4357857715154907e-06
2018,2019,GB00B1XH2C03,0.0
2018,2019,GB00B1YW4409,5.640225768788415e-06
2018,2019,GB00B27YGJ97,0.0
2018,2019,GB00B2B0DG97,1.3721824476761175e-06
2018,2019,GB00B2NGPM57,3.5032911279036936e-06
2018,2019,GB00B2PDGW16,6.973477407742909e-07
2018,2019,GB00B39J2M42,1.1879834130446932e-06
2018,2019,GB00B3DGH821,0.0
2018,2019,GB00B3FLWH99,2.1532816642739865e-06
2018,2019,GB00B41H7391,5.194275597737492e-06
2018,2019,GB00B45C9X44,7.562880996455015e-07
2018,2019,GB00B572ZV91,2.104084286484367e-06
2018,2019,GB00B5N0P849,2.1355788508043116e-06
2018,2019,GB00B5ZN1N88,5.7977104571408486e-06
2018,2019,GB00B61TVQ02,5.491277491112118e-06
2018,2019,GB00B63H8491,1.0258762515138444e-06
2018,2019,GB00B63QSB39,9.241857342598409e-07
2018,2019,GB00B64NSP76,0.0
2018,2019,GB00B67G5X01,7.006249360788955e-06
2018,2019,GB00B6XZKY75,8.838484709364372e-07
2018,2019,GB00B6YTLS95,1.5301721592660517e-06
2018,2019,GB00B71N6K86,0.01315748653108111
2018,2019,GB00B7KR2P84,0.0
2018,2019,GB00B82YXW83,6.734438147859966e-06
2018,2019,GB00B8B4R053,0.003312185251353877
2018,2019,GB00B8C3BL03,1.210675763770015e-06
2018,2019,GB00BD6K4575,6.752787931775545e-07
2018,2019,GB00BDCPN049,1.5921180595918744e-06
2018,2019,GB00BDFBVT43,0.016711931117927206
2018,2019,GB00BDR05C01,7.5216342857897e-07
2018,2019,GB00BF044593,5.915635493195352e-07
2018,2019,GB00BF5H9P87,1.3666541050353817e-06
2018,2019,GB00BF8Q6K64,1.891628563497334e-06
2018,2019,GB00BG11K365,8.413484610240837e-07
2018,2019,GB00BGDT3G23,1.3659739599683105e-06
2018,2019,GB00BGLP8L22,2.2906057420552825e-06
2018,2019,GB00BH4HKS39,2.6099463341002603e-06
2018,2019,GB00BHJYC057,1.8977681619999907e-06
2018,2019,GB00BJ1F4N75,2.966951176828855e-06
2018,2019,GB00BJFFLV09,8.506723284640479e-07
2018,2019,GB00BJQZC279,3.079420334542691e-07
2018,2019,GB00BK9RKT01,4.58356451307302e-06
2018,2019,GB00BKP36R26,4.250252718564729e-06
2018,2019,GB00BKY40Q38,0.0
2018,2019,GB00BL6XZ716,2.516052790699506e-06
2018,2019,GB00BLGZ9862,2.013222102566924e-06
2018,2019,GB00BM8PJY71,3.7970708607560834e-06
2018,2019,GB00BM8Q5M07,9.815166529409167e-07
2018,2019,GB00BMJ6DW54,2.9998017915247732e-06
2018,2019,GB00BN7SWP63,1.8058821567730933e-06
2018,2019,GB00BNGDN821,4.214402580278718e-06
2018,2019,GB00BNNTLN49,1.1219667402773318e-06
2018,2019,GB00BNR4T868,6.0218857490062526e-06
2018,2019,GB00BP6MXD84,3.17358336877218e-06
2018,2019,GB00BP92CJ43,3.405635850340555e-06
2018,2019,GB00BP9LHF23,3.6618215372541577e-06
2018,2019,GB00BPQY8M80,4.1129905525926316e-06
2018,2019,GB00BRB37M78,0.008217934055002478
2018,2019,GB00BV9FP302,2.871608562747637e-08
2018,2019,GB00BVFNZH21,1.9588372357721716e-06
2018,2019,GB00BWFGQN14,1.3717111910323452e-06
2018,2019,GB00BYQ0JC66,9.145818875610395e-07
2018,2019,GB00BYT1DJ19,5.429569275297815e-06
2018,2019,GB00BYW0PQ60,2.6183259375007103e-06
2018,2019,GB00BYYTFB60,1.0753581027911959e-06
2018,2019,GB00BYZN9041,1.5981925689997194e-07
2018,2019,GB00BZ4BQC70,3.921392907031866e-06
2018,2019,IE0001827041,1.2334106249356194e-06
2018,2019,IE0002424939,2.1033202308567714e-06
2018,2019,IE0003864109,3.6995379553165795e-06
2018,2019,IE0004906560,5.2323961443357926e-08
2018,2019,IE0004927939,2.6422745510147797e-06
2018,2019,IE00B00MZ448,5.046691108447364e-06
2018,2019,IE00B4BNMY34,6.988778489809856e-07
2018,2019,IE00B8KQN827,2.252039634762563e-06
2018,2019,IE00BD1RP616,1.9667910942559428e-05
2018,2019,IE00BF0L3536,1.2660350985434333e-05
2018,2019,IE00BGH1M568,6.58635086254869e-07
2018,2019,IE00BK9ZQ967,1.631677005553517e-06
2018,2019,IE00BLP1HW54,0.0
2018,2019,IE00BLS09M33,9.11303269963827e-07
2018,2019,IE00BTN1Y115,1.311973102648569e-06
2018,2019,IE00BWT6H894,0.029459483855757185
2018,2019,IE00BY7QL619,6.210950116088781e-07
2018,2019,IL0002300114,1.9906023621789217e-06
2018,2019,IL0002810146,2.610103019625639e-06
2018,2019,IL0006046119,2.5758146320463243e-06
2018,2019,IL0006625771,2.485808410394773e-06
2018,2019,IL0006954379,1.928976421552798e-06
2018,2019,IL0010811243,1.5250763005917309e-06
2018,2019,IT0000062072,6.9987357811403446e-06
2018,2019,IT0000062957,7.257231177660799e-06
2018,2019,IT0000066123,8.82918383398199e-06
2018,2019,IT0000072618,7.715718241267552e-06
2018,2019,IT0000784154,5.316649926615936e-06
2018,2019,IT0000784196,4.7598277031790085e-06
2018,2019,IT0001137345,4.834427859456345e-06
2018,2019,IT0001233417,5.604211679400871e-06
2018,2019,IT0001347308,5.359819823793433e-06
2018,2019,IT0001469383,7.776207722375948e-06
2018,2019,IT0003128367,4.500601635515268e-06
2018,2019,IT0003132476,3.5913851012272633e-06
2018,2019,IT0003153415,2.7233517409575363e-06
2018,2019,IT0003242622,2.413447713765124e-06
2018,2019,IT0003497168,5.328927032945876e-06
2018,2019,IT0003506190,5.1073097064165704e-06
2018,2019,IT0003856405,3.934826540063515e-06
2018,2019,IT0004810054,6.760055572965627e-06
2018,2019,IT0004827447,7.645562081221992e-06
2018,2019,IT0005218380,1.1053168997618875e-05
2018,2019,IT0005239360,1.062991816781844e-05
2018,2019,IT0005495657,3.39530231353627e-06
2018,2019,IT0005496473,8.730763922363165e-06
2018,2019,IT0005508921,1.0686326991920844e-05
2018,2019,JE00B8KF9B49,2.869797827826975e-06
2018,2019,JE00BJ1DLW90,3.6145463485343925e-06
2018,2019,LR0008862868,5.067155878562166e-06
2018,2019,LU0075646355,5.057327403535014e-06
2018,2019,NL0000008977,3.0466926048865494e-06
2018,2019,NL0000009082,3.092459255326382e-06
2018,2019,NL0000009165,2.5775774203468654e-06
2018,2019,NL0000009538,4.301183350487903e-06
2018,2019,NL0000226223,4.984752558990453e-06
2018,2019,NL0000235190,2.6341988228314457e-06
2018,2019,NL0000289213,3.4682000156636197e-06
2018,2019,NL0000337319,2.9700004616481803e-06
2018,2019,NL0000360618,3.331486353263046e-06
2018,2019,NL0000379121,6.481688525074968e-06
2018,2019,NL0000395903,2.7177464290465195e-06
2018,2019,NL0006237562,3.4669556502365503e-06
2018,2019,NL0009432491,1.9948875046643383e-06
2018,2019,NL0010273215,3.914554942498243e-06
2018,2019,NL0010583399,3.330605624145831e-06
2018,2019,NL0011794037,2.6758132306904316e-06
2018,2019,NL0011821202,8.036322413792933e-06
2018,2019,NL0013267909,4.1773958525775306e-06
2018,2019,NL00150001Q9,7.603284586104724e-06
2018,2019,NL00150003E1,6.267501054805447e-06
2018,2019,NL0015001FS8,3.990561264562335e-06
2018,2019,NL0015435975,3.434721943143387e-06
2018,2019,NO0003028904,5.723428297050353e-06
2018,2019,NO0003053605,2.3772306152110155e-06
2018,2019,NO0003054108,0.032771731110613156
2018,2019,NO0003078800,5.086115135443295e-06
2018,2019,NO0003733800,3.2809379187362583e-06
2018,2019,NO0005052605,4.757909492887392e-06
2018,2019,NO0010063308,4.3328708636893945e-06
2018,2019,NO0010096985,2.601402734187965e-06
2018,2019,NO0010112675,1.3680373357024799e-05
2018,2019,NO0010199151,6.899999814331811e-06
2018,2019,NO0010208051,3.4295124033313556e-06
2018,2019,NO0010215684,4.794836699579776e-06
2018,2019,NO0010861990,7.234649455725425e-07
2018,2019,NO0012470089,1.1185702796607988e-06
2018,2019,PA1436583006,8.905655597158859e-07
2018,2019,PTBCP0AM0015,7.12592442394512e-06
2018,2019,PTEDP0AM0009,3.691103672314487e-06
2018,2019,PTJMT0AE0001,4.609240535641961e-06
2018,2019,PTSON0AM0001,5.022562097439615e-06
2018,2019,PTZON0AM0006,2.3316878248158663e-06
2018,2019,SE0000106270,1.919499645032052e-06
2018,2019,SE0000108227,1.973503608568257e-06
2018,2019,SE0000108656,0.0
2018,2019,SE0000112724,4.446741135044257e-06
2018,2019,SE0000113250,3.961096950357049e-06
2018,2019,SE0000114837,5.65856225768441e-06
2018,2019,SE0000148884,7.067516466075953e-06
2018,2019,SE0000163594,2.717890189242286e-06
2018,2019,SE0000163628,0.0
2018,2019,SE0000171100,5.031686370659116e-06
2018,2019,SE0000190126,3.265490795071433e-06
2018,2019,SE0000202624,5.422909969050951e-07
2018,2019,SE0000242455,7.043326459731071e-06
2018,2019,SE0000379190,3.0144757446955426e-06
2018,2019,SE0000667891,3.4307605502551285e-06
2018,2019,SE0000667925,3.648895456410071e-06
2018,2019,SE0000695876,2.7910769881391754e-06
2018,2019,SE0000806994,4.269716347949656e-06
2018,2019,SE0000862997,4.53297107266902e-06
2018,2019,SE0000949331,6.325255377054698e-06
2018,2019,SE0001662230,5.670616156803818e-06
2018,2019,SE0003366871,3.976267200991217e-06
2018,2019,SE0005190238,2.9638369032229662e-06
2018,2019,SE0006993770,2.3601155956417685e-06
2018,2019,SE0007100581,2.785528464928671e-06
2018,2019,SE0007100599,4.25815325555873e-06
2018,2019,SE0011090018,3.4918006884533847e-06
2018,2019,SE0011166974,3.5774668025599406e-06
2018,2019,SE0015811955,4.272622933288794e-06
2018,2019,SE0015812219,2.267014192276526e-06
2018,2019,SE0015988019,8.861447132756564e-07
2018,2019,SE0016589188,3.95842403629306e-06
2018,2019,SE0017486889,2.599584338596814e-06
2018,2019,SE0018012494,5.572112441793063e-06
2018,2019,SE0018012635,2.2321038768865795e-06
2018,2019,SE0020050417,4.6432622510710276e-06
2018,2019,US0010551028,5.568588356990136e-06
2018,2019,US0010841023,3.7594618263459964e-06
2018,2019,US00130H1059,3.7819904785509805e-06
2018,2019,US00206R1023,1.2956060496453145e-06
2018,2019,US0028241000,6.45868575594728e-07
2018,2019,US0028962076,4.1117327528457863e-07
2018,2019,US00724F1012,1.7524429170092565e-06
2018,2019,US0079031078,3.3301810315657043e-06
2018,2019,US0082521081,2.379084582649697e-06
2018,2019,US00846U1016,1.2966049384381163e-06
2018,2019,US0091581068,1.2519033616148926e-06
2018,2019,US00971T1016,0.02158464492917134
2018,2019,US0126531013,2.343211211010271e-06
2018,2019,US0152711091,2.4826771587039796e-06
2018,2019,US01741R1023,2.3813040054489126e-06
2018,2019,US0185811082,2.8797643727347154e-06
2018,2019,US0188021085,1.6928518749333283e-06
2018,2019,US0200021014,3.849232722178013e-06
2018,2019,US02079K3059,1.2239332997421915e-06
2018,2019,US02209S1033,3.5639458266750916e-07
2018,2019,US0231351067,0.0
2018,2019,US0236081024,1.0200960440325043e-06
2018,2019,US0255371017,8.197785077943699e-07
2018,2019,US0258161092,1.5832373595006024e-06
2018,2019,US0268747849,1.1041237831125709e-05
2018,2019,US03027X1000,1.3311272607243465e-08
2018,2019,US03073E1055,5.668037385344421e-07
2018,2019,US0311621009,1.0639920861735943e-06
2018,2019,US0320951017,3.521757092972551e-07
2018,2019,US0326541051,2.2827041780331916e-07
2018,2019,US0367521038,5.982762861097726e-07
2018,2019,US03743Q1085,4.040613496296197e-06
2018,2019,US0378331005,6.465709009716927e-07
2018,2019,US0382221051,2.3154315141660173e-06
2018,2019,US0383361039,1.154176432739142e-06
2018,2019,US0394831020,1.205983404745562e-06
2018,2019,US0441861046,6.427240206019661e-06
2018,2019,US04621X1081,2.2010271811177884e-06
2018,2019,US0495601058,7.289395681947303e-07
2018,2019,US0527691069,3.3085484471264695e-06
2018,2019,US0528001094,3.3064834681497798e-06
2018,2019,US0530151036,5.516502235542381e-07
2018,2019,US0534841012,1.7718107936483292e-06
2018,2019,US0536111091,2.7944661865670204e-06
2018,2019,US0537741052,1.2854317766542044e-05
2018,2019,US0538071038,1.0282219171501207e-06
2018,2019,US0584981064,0.00877276798236921
2018,2019,US0605051046,6.69264978871579e-06
2018,2019,US0640581007,2.6482361247946534e-06
2018,2019,US0708301041,1.781582708132431e-06
2018,2019,US0718131099,1.0314711270647978e-06
2018,2019,US0758871091,9.8035719439628e-07
2018,2019,US0844231029,8.058044496820288e-07
2018,2019,US0865161014,7.850455742271069e-07
2018,2019,US09062X1037,0.0
2018,2019,US0970231058,2.4332515639828185e-06
2018,2019,US09857L1089,4.064153205168412e-07
2018,2019,US0997241064,3.1721328467302216e-06
2018,2019,US1011211018,1.4960941493526435e-06
2018,2019,US1011371077,2.465643591201372e-06
2018,2019,US1053682035,3.5722369700708885e-06
2018,2019,US1101221083,8.1044519205458e-07
2018,2019,US1124631045,6.389371206202784e-06
2018,2019,US1156372096,3.5618000042810803e-07
2018,2019,US12504L1098,3.8146813064834617e-06
2018,2019,US1252691001,0.0
2018,2019,US12541W2098,1.0307878950505085e-06
2018,2019,US1255231003,0.0
2018,2019,US1258961002,0.016360893202372526
2018,2019,US1264081035,2.0977199510532177e-06
2018,2019,US12653C1080,3.3274409405108654e-06
2018,2019,US1266501006,1.4023934391808656e-06
2018,2019,US1270551013,4.700868777566281e-06
2018,2019,US1273871087,0.0
2018,2019,US1307881029,1.766874051522872e-07
2018,2019,US1344291091,8.215942479380755e-07
2018,2019,US14040H1059,4.728736610140382e-06
2018,2019,US14149Y1082,0.01894803727168256
2018,2019,US1491231015,3.7952724703888777e-06
2018,2019,US1508701034,4.264501295702787e-06
2018,2019,US15189T1079,3.1628690231801896e-07
2018,2019,US1567821046,2.0953158760556247e-06
2018,2019,US1598641074,1.810853611184038e-06
2018,2019,US1667641005,1.918445165226903e-06
2018,2019,US1713401024,0.043349476763751116
2018,2019,US1717793095,1.644571527695546e-06
2018,2019,US1720621010,1.172700333230563e-06
2018,2019,US17275R1023,1.2314917536057152e-06
2018,2019,US1729674242,7.650307161063828e-06
2018,2019,US1858991011,2.4602982794411e-06
2018,2019,US1890541097,0.0
2018,2019,US1912161007,8.812232709755071e-07
2018,2019,US1924461023,6.626642544782553e-07
2018,2019,US1941621039,9.599105869128298e-07
2018,2019,US2003401070,2.5994165942779427e-06
2018,2019,US2017231034,0.0
2018,2019,US2058871029,5.13887273698568e-07
2018,2019,US20825C1045,2.5351504523915682e-06
2018,2019,US2091151041,4.762084625602367e-07
2018,2019,US21036P1084,5.146822953751649e-07
2018,2019,US22160K1051,7.873808748083439e-07
2018,2019,US2283681060,5.622446830715509e-07
2018,2019,US2310211063,2.6666992304128424e-06
2018,2019,US2333311072,1.6861920296195807e-06
2018,2019,US23355L1061,1.3797136624737785e-06
2018,2019,US2358511028,7.590080321370421e-07
2018,2019,US2371941053,0.041130505001833934
2018,2019,US23918K1088,0.0
2018,2019,US2441991054,2.27027641340451e-06
2018,2019,US2473617023,2.214085408781332e-06
2018,2019,US25179M1036,5.143934867367102e-06
2018,2019,US2533931026,1.1739407120872516e-06
2018,2019,US2546871060,2.9056454867331775e-06
2018,2019,US25525P1075,2.9268141889688434e-06
2018,2019,US25746U1097,9.574335624013872e-07
2018,2019,US2576511099,2.0124949843786934e-06
2018,2019,US25960P1093,2.8131191293591107e-06
2018,2019,US2600031080,1.6352616846905243e-06
2018,2019,US26441C2044,6.696805525442818e-07
2018,2019,US26875P1012,3.014456692725303e-06
2018,2019,US26884L1098,2.4832419658526067e-06
2018,2019,US2774321002,4.631266675708621e-06
2018,2019,US2774614067,0.0
2018,2019,US2786421030,1.5962440102416488e-06
2018,2019,US2788651006,4.066524358150973e-07
2018,2019,US2810201077,8.403165231284287e-07
2018,2019,US28176E1082,0.006071101998012235
2018,2019,US2910111044,1.496474803677573e-06
2018,2019,US29364G1031,1.249342297245212e-06
2018,2019,US29444U7000,2.1972098271422123e-06
2018,2019,US29476L1070,1.7182062774946646e-06
2018,2019,US29670G1022,7.858301150673541e-07
2018,2019,US2971781057,1.143728604378116e-06
2018,2019,US30034W1062,1.0087328976864132e-06
2018,2019,US30040W1080,6.691334681059884e-07
2018,2019,US30161N1019,1.1469767566638252e-06
2018,2019,US3021301094,9.141358041536898e-07
2018,2019,US30231G1022,4.5661093355770206e-07
2018,2019,US3024913036,1.961126596087981e-06
2018,2019,US3029411093,0.023435989838628265
2018,2019,US31428X1063,2.7565817306039976e-06
2018,2019,US3156161024,1.3985048222527582e-06
2018,2019,US3167731005,7.920440431658263e-06
2018,2019,US3379321074,0.030260880222641947
2018,2019,US3434121022,3.5511139862329704e-06
2018,2019,US34354P1057,1.9437902095531933e-06
2018,2019,US3453708600,2.9118467257059513e-06
2018,2019,US3546131018,2.7036477308338328e-06
2018,2019,US35671D8570,2.7853072118397136e-06
2018,2019,US3647601083,3.584938236291295e-06
2018,2019,US3703341046,3.294267996824006e-07
2018,2019,US37045V1008,4.8883221889944314e-08
2018,2019,US3719011096,1.5778701048586224e-06
2018,2019,US37247D1063,1.2625027854481834e-05
2018,2019,US3755581036,4.110400974203463e-07
2018,2019,US38141G1040,4.921179341480812e-07
2018,2019,US3825501014,4.161788589193632e-06
2018,2019,US3848021040,4.706155707612677e-07
2018,2019,US3976241071,1.6653570717473628e-06
2018,2019,US40434L1052,1.6197361223854293e-06
2018,2019,US4062161017,4.1958127636142085e-06
2018,2019,US4103451021,4.507537759220859e-06
2018,2019,US4108671052,5.549318839132707e-07
2018,2019,US4128221086,4.0300706227100145e-06
2018,2019,US4158641070,2.8394347114735894e-06
2018,2019,US4165151048,6.831247806353662e-06
2018,2019,US4180561072,1.5384417819266473e-06
2018,2019,US4198701009,8.186017265831658e-07
2018,2019,US42250P1030,1.9783672436115657e-06
2018,2019,US4234521015,1.7494220671053697e-06
2018,2019,US4278661081,0.08273404878878461
2018,2019,US42809H1077,3.4897629160206695e-06
2018,2019,US4370761029,8.586867331799666e-07
2018,2019,US4385161066,1.3643851180322127e-06
2018,2019,US4404521001,0.030306341865035304
2018,2019,US44107P1049,4.87168065644927e-06
2018,2019,US4448591028,0.0
2018,2019,US4456581077,1.3042964573898667e-06
2018,2019,US4461501045,6.187023154495506e-06
2018,2019,US4470111075,5.838924553457334e-06
2018,2019,US45073V1089,1.312619925769719e-06
2018,2019,US45167R1041,1.1599130696383772e-06
2018,2019,US4523081093,1.3139396713342018e-06
2018,2019,US4523271090,0.004923443461653654
2018,2019,US4581401001,3.839984170577342e-07
2018,2019,US4592001014,0.0
2018,2019,US4595061015,1.656770407608254e-06
2018,2019,US4601461035,5.3246869954928465e-06
2018,2019,US4606901001,1.0609573773750437e-06
2018,2019,US4612021034,9.624154911976472e-07
2018,2019,US46284V1017,2.0036009383509893e-06
2018,2019,US4657411066,1.241241032116162e-06
2018,2019,US46625H1005,2.068867337017411e-06
2018,2019,US4663131039,3.996680337084099e-06
2018,2019,US46982L1089,2.5259970863734893e-06
2018,2019,US4781601046,1.0280940686475574e-06
2018,2019,US48020Q1076,3.7997094010980037e-06
2018,2019,US48203R1041,2.2701025601137807e-06
2018,2019,US48242W1062,2.0215073267268624e-06
2018,2019,US4824801009,2.984474865721034e-06
2018,2019,US4878361082,7.175996791899353e-08
2018,2019,US4891701009,2.5216099248230756e-06
2018,2019,US4932671088,1.2902024024303922e-06
2018,2019,US4943681035,4.331849161340184e-07
2018,2019,US49446R1095,3.3874245002241638e-06
2018,2019,US49456B1017,0.03928796657455135
2018,2019,US4972661064,1.4564247337628497e-06
2018,2019,US5002551043,0.02848567980999813
2018,2019,US5010441013,9.145640002374693e-07
2018,2019,US5178341070,5.876150239905432e-06
2018,2019,US5184391044,1.6571936529081405e-06
2018,2019,US5218652049,1.4845757651940155e-06
2018,2019,US5261071071,1.5859768982998774e-06
2018,2019,US5324571083,1.32214398213501e-06
2018,2019,US5339001068,1.8496896038270806e-06
2018,2019,US5341871094,5.743291223063731e-06
2018,2019,US5398301094,7.548004982542694e-07
2018,2019,US5486611073,1.6330139250562117e-06
2018,2019,US5502411037,1.8020951593091554e-06
2018,2019,US55261F1049,2.2034793858312864e-06
2018,2019,US5526761086,1.939173536346494e-06
2018,2019,US5529531015,3.664652782123114e-06
2018,2019,US5543821012,1.4721578345346046e-06
2018,2019,US55616P1049,5.868992653050381e-08
2018,2019,US5635714059,3.884068231275852e-06
2018,2019,US56418H1005,3.680807367830275e-06
2018,2019,US5658491064,3.2976231446941516e-06
2018,2019,US5717481023,4.5991890468286383e-07
2018,2019,US5719032022,1.75196604264486e-06
2018,2019,US5732841060,1.2842368910314393e-06
2018,2019,US5738741041,1.5397988015506744e-06
2018,2019,US5745991068,5.842312681161812e-06
2018,2019,US57636Q1040,8.758621158359162e-08
2018,2019,US5770811025,1.0080340048000197e-06
2018,2019,US5797802064,0.0
2018,2019,US5801351017,0.04551746941702469
2018,2019,US58155Q1031,0.0
2018,2019,US58933Y1055,1.687706598818064e-06
2018,2019,US59156R1086,4.735193726280891e-06
2018,2019,US5926881054,1.0385960258640562e-06
2018,2019,US5949181045,1.712842046866819e-06
2018,2019,US5950171042,6.874754325491061e-07
2018,2019,US5951121038,3.1331020629404706e-06
2018,2019,US6005441000,1.6859318909332987e-06
2018,2019,US6081901042,4.17849835507559e-06
2018,2019,US60871R2094,2.0186091244620888e-06
2018,2019,US6092071058,1.2402138371183418e-06
2018,2019,US6153691059,1.8215652141874781e-06
2018,2019,US6174464486,8.226426536533625e-07
2018,2019,US61945C1036,1.3263765323102497e-06
2018,2019,US6200763075,5.910375551321264e-07
2018,2019,US6267171022,2.762279727047051e-06
2018,2019,US6293775085,3.3209243155416027e-06
2018,2019,US62955J1034,1.578207833414075e-06
2018,2019,US6311031081,6.12529193082403e-07
2018,2019,US6365181022,0.0
2018,2019,US64110D1046,1.5157204037496184e-06
2018,2019,US6512291062,4.151172618898286e-06
2018,2019,US6516391066,0.030198250791544777
2018,2019,US65249B1098,2.5141416039221487e-06
2018,2019,US65339F1012,9.32277617033686e-07
2018,2019,US6541061031,3.1985132374650525e-07
2018,2019,US65473P1057,1.37258189689534e-06
2018,2019,US6556641008,3.1174692577719385e-07
2018,2019,US6558441084,1.992079426049298e-06
2018,2019,US6658591044,1.445137919092802e-07
2018,2019,US6668071029,9.843144794120698e-07
2018,2019,US6687711084,6.985992122406402e-07
2018,2019,US6703461052,2.1730111741642527e-06
2018,2019,US67066G1040,1.8202160103800698e-06
2018,2019,US6708371033,1.232114233283425e-06
2018,2019,US67098H1041,4.087901204636668e-06
2018,2019,US6745991058,3.1616041736126582e-06
2018,2019,US6819191064,4.557079578051263e-07
2018,2019,US6821891057,1.610113680510419e-06
2018,2019,US6826801036,3.086917256779976e-06
2018,2019,US68389X1054,1.6057247602407424e-06
2018,2019,US6866881021,3.0642044951852534e-06
2018,2019,US6882392011,5.772744568023038e-06
2018,2019,US69036R8631,5.250102645537826e-06
2018,2019,US69331C1080,0.023181585164006098
2018,2019,US6934751057,1.5720686943510527e-06
2018,2019,US6935061076,2.621506959616859e-06
2018,2019,US69351T1060,5.21806787987357e-07
2018,2019,US6936561009,3.395892348035024e-06
2018,2019,US6937181088,9.439386459113125e-07
2018,2019,US6951561090,4.24856608393482e-06
2018,2019,US7010941042,1.315961725019208e-06
2018,2019,US70211M1099,3.039174662000178e-06
2018,2019,US7043261079,9.714376050899459e-07
2018,2019,US7134481081,7.735517427785006e-07
2018,2019,US7140461093,4.819356368307745e-07
2018,2019,US7170811035,2.2687634454316523e-06
2018,2019,US7234841010,7.40828359425132e-07
2018,2019,US7244791007,4.433540182057701e-06
2018,2019,US7310681025,1.8872730160538813e-06
2018,2019,US74144T1088,2.8702091281474974e-06
2018,2019,US74251V1026,6.685689633968903e-06
2018,2019,US7427181091,7.378218133181075e-07
2018,2019,US7433151039,1.0409759815538953e-06
2018,2019,US74340W1036,4.28120635294126e-06
2018,2019,US7443201022,4.530746300591647e-06
2018,2019,US7445731067,1.163142057263346e-06
2018,2019,US7475251036,1.1022744244984478e-06
2018,2019,US74834L1008,0.01622238961193316
2018,2019,US75281A1097,2.2281749812315503e-06
2018,2019,US75513E1010,1.5817175912223544e-06
2018,2019,US7588491032,2.522133803284048e-06
2018,2019,US75886F1075,1.0276443707061825e-06
2018,2019,US7591EP1005,3.842153966176021e-06
2018,2019,US7607591002,7.536215929501502e-07
2018,2019,US7739031091,3.0526324856908708e-06
2018,2019,US7835491082,4.430429388543374e-06
2018,2019,US78409V1044,1.9463728186534817e-06
2018,2019,US78410G1040,0.0
2018,2019,US78440X8873,5.189663848685628e-06
2018,2019,US78473E1038,7.999110297462906e-07
2018,2019,US79466L3024,1.1967508549323043e-06
2018,2019,US8101861065,1.4191794728568437e-06
2018,2019,US81211K1007,3.0118796029352847e-06
2018,2019,US8168511090,1.0340122667987978e-06
2018,2019,US8243481061,7.193195026165752e-07
2018,2019,US8288061091,2.0619821428752922e-06
2018,2019,US8326964058,5.825688054998705e-07
2018,2019,US8354951027,1.2055070779697247e-06
2018,2019,US8425871071,0.12996991300623073
2018,2019,US84265V1052,1.922252405961884e-06
2018,2019,US8447411088,3.0963662416214604e-06
2018,2019,US8454671095,3.7578460450910237e-06
2018,2019,US8485741099,1.1231376219320863e-07
2018,2019,US8545021011,1.8478115032542581e-06
2018,2019,US8552441094,8.978849881037334e-08
2018,2019,US8574771031,4.097813977017203e-06
2018,2019,US8581191009,2.6634580041841277e-06
2018,2019,US8676524064,5.078795824499927e-06
2018,2019,US8716071076,0.0
2018,2019,US8718291078,0.0
2018,2019,US8725401090,0.0
2018,2019,US8760301072,1.6684266239989569e-06
2018,2019,US87612E1064,1.1834427868380168e-07
2018,2019,US8803491054,1.0592680727637544e-05
2018,2019,US8807701029,1.7350244994142325e-06
2018,2019,US8807791038,5.221481885946221e-06
2018,2019,US8816242098,1.202225607189494e-06
2018,2019,US8825081040,2.085687030649332e-06
2018,2019,US8832031012,5.849251854405012e-06
2018,2019,US88337F1057,8.435318659489295e-06
2018,2019,US8835561023,4.1827014935859257e-07
2018,2019,US88579Y1010,1.6176012935458267e-06
2018,2019,US8873891043,2.5607131078279126e-06
2018,2019,US89417E1091,9.483300570319046e-07
2018,2019,US8962391004,3.065167267617539e-06
2018,2019,US89832Q1094,9.562362471391183e-07
2018,2019,US9024941034,1.076419438093603e-06
2018,2019,US9026531049,2.387827528546965e-06
2018,2019,US9026811052,1.0219746302164038e-06
2018,2019,US9029733048,1.6735451543964754e-06
2018,2019,US9078181081,1.1663864484189553e-06
2018,2019,US9111631035,3.5952210359492796e-06
2018,2019,US9113121068,1.598878615625079e-06
2018,2019,US9113631090,4.345921898894125e-06
2018,2019,US9129091081,6.482060980921138e-06
2018,2019,US91324P1021,8.692291364819913e-07
2018,2019,US91529Y1064,3.2261634323121656e-06
2018,2019,US91822M5022,4.263187549971146e-06
2018,2019,US91913Y1001,3.19662002211086e-06
2018,2019,US92276F1003,2.9840055267223654e-06
2018,2019,US92343V1044,8.971842258303954e-07
2018,2019,US92532F1003,2.3460002606390653e-07
2018,2019,US9255501051,2.1516634195922713e-06
2018,2019,US92556V1061,0.0
2018,2019,US9282981086,3.14637724095741e-06
2018,2019,US9290421091,3.0431883678768635e-06
2018,2019,US9291601097,2.4805492315064022e-06
2018,2019,US92922P1066,6.440245159289868e-06
2018,2019,US92939U1060,5.64578312117195e-07
2018,2019,US9297401088,2.6050133569509188e-06
2018,2019,US9311421039,0.02225886541112618
2018,2019,US9314271084,3.3074153876071566e-07
2018,2019,US94106L1098,7.049537501721052e-07
2018,2019,US9418481035,0.0
2018,2019,US9427491025,2.5772370494680222e-06
2018,2019,US9497461015,4.044461530067555e-06
2018,2019,US95040Q1040,1.47496295571527e-06
2018,2019,US95082P1057,2.0107305042678866e-06
2018,2019,US9581021055,2.6588800550335648e-06
2018,2019,US9604131022,3.4082820667033207e-06
2018,2019,US96145D1054,1.4209936890500435e-06
2018,2019,US9621661043,3.53919423890374e-06
2018,2019,US9633201069,5.655536281159674e-06
2018,2019,US9694571004,2.6089511048854315e-06
2018,2019,US9699041011,0.0
2018,2019,US98389B1008,4.1176608592932455e-07
2018,2019,US9839191015,0.0
2018,2019,US98421M1062,3.276808130352544e-06
2018,2019,US9884981013,0.0
2018,2019,US98956P1021,1.6148230355566893e-06
2019,2020,AN8068571086,2.997611004344047e-06
2019,2020,AT000000STR1,3.3128953974471265e-06
2019,2020,AT00000VIE62,3.7418734524104514e-06
2019,2020,AT0000606306,6.1697179527654276e-06
2019,2020,AT0000652011,4.579047593835479e-06
2019,2020,AT0000720008,3.4770361261494804e-06
2019,2020,AT0000730007,4.862704367101049e-06
2019,2020,AT0000743059,4.216636336126698e-06
2019,2020,AT0000746409,2.7503528727290083e-06
2019,2020,AT0000908504,3.6569634855905436e-06
2019,2020,AT0000937503,7.566143457147098e-06
2019,2020,AT0000938204,2.5804121604433162e-06
2019,2020,AT0000A21KS2,5.053942777941459e-06
2019,2020,BE0003470755,5.671687641478393e-06
2019,2020,BE0003565737,4.407048364221444e-06
2019,2020,BE0003593044,2.5096164469229866e-06
2019,2020,BE0003735496,2.1311592109233642e-06
2019,2020,BE0003739530,1.2732415654215385e-06
2019,2020,BE0003755692,0.0
2019,2020,BE0003797140,2.98620819334673e-06
2019,2020,BE0003810273,9.491077275467196e-07
2019,2020,BE0003822393,1.1392459568893356e-06
2019,2020,BE0974258874,5.903509034795376e-06
2019,2020,BE0974264930,4.342948425538392e-06
2019,2020,BE0974293251,1.69548089887021e-06
2019,2020,BE0974320526,4.326974599525185e-06
2019,2020,BMG850801025,5.638341954168462e-06
2019,2020,CA00208D4084,4.453650823205508e-09
2019,2020,CA0084741085,0.02889550704344152
2019,2020,CA00900Q1037,5.414467496880964e-06
2019,2020,CA01626P1484,1.010426331759654e-06
2019,2020,CA05534B7604,6.329437092389301e-07
2019,2020,CA0636711016,2.359172124838436e-06
2019,2020,CA0641491075,3.1931398412451826e-06
2019,2020,CA0977518616,5.3258794617442295e-06
2019,2020,CA1247651088,5.512612589623228e-07
2019,2020,CA12532H1047,9.85138284547529e-07
2019,2020,CA13321L1085,4.238930921416892e-06
2019,2020,CA1360691010,2.7583091983808794e-06
2019,2020,CA1363751027,1.6718126685605823e-06
2019,2020,CA1363851017,2.7256931730224202e-06
2019,2020,CA13646K1084,2.6336587846380495e-06
2019,2020,CA1366812024,1.7753021688490637e-06
2019,2020,CA1367178326,1.7404250891985847e-06
2019,2020,CA2849025093,1.8315317311553911e-06
2019,2020,CA2918434077,0.04976624139148487
2019,2020,CA29250N1050,8.199825768808325e-07
2019,2020,CA2927661025,3.80960661543338e-06
2019,2020,CA3180714048,4.088493387159482e-06
2019,2020,CA3359341052,1.0060851661955543e-05
2019,2020,CA3495531079,1.6338256714018644e-06
2019,2020,CA3518581051,1.8936449855818542e-06
2019,2020,CA3759161035,4.409173510105998e-06
2019,2020,CA39138C1068,3.63512447259042e-06
2019,2020,CA4495861060,2.926008246690486e-06
2019,2020,CA4530384086,1.218655926771483e-06
2019,2020,CA45823T1066,1.3851458996883e-06
2019,2020,CA4969024047,4.150771871894223e-06
2019,2020,CA5394811015,1.2803709883609682e-06
2019,2020,CA5592224011,3.340120697843967e-06
2019,2020,CA56501R1064,5.158879755774566e-06
2019,2020,CA59151K1084,6.57182755697365e-06
2019,2020,CA6744822033,0.0
2019,2020,CA6837151068,7.863690050254195e-07
2019,2020,CA7392391016,2.364526752979025e-06
2019,2020,CA74022D4075,5.110205893786707e-06
2019,2020,CA7669101031,1.8104361831469447e-06
2019,2020,CA7751092007,1.3882053849385357e-06
2019,2020,CA7800871021,2.959534286722321e-06
2019,2020,CA8029121057,1.0670767378672537e-06
2019,2020,CA82028K2002,9.704766554942867e-07
2019,2020,CA8239011031,7.301425549237889e-06
2019,2020,CA85472N1096,3.1495261868261587e-06
2019,2020,CA8667961053,3.893821043354012e-06
2019,2020,CA8672241079,3.8587122531206856e-06
2019,2020,CA87807B1076,1.4152272397275884e-06
2019,2020,CA8787422044,7.95576624946899e-06
2019,2020,CA87971M1032,1.3901162404726777e-06
2019,2020,CA8849038085,2.1302160018028533e-06
2019,2020,CA8911605092,1.8094085193630983e-06
2019,2020,CA89346D1078,1.1354124117071812e-06
2019,2020,CA8959451037,4.374974045771352e-06
2019,2020,CA9611485090,1.3069857046153844e-06
2019,2020,CA98462Y1007,3.744123018317389e-06
2019,2020,CH0000816824,5.5423221758723854e-06
2019,2020,CH0008038389,1.5376547546972135e-06
2019,2020,CH0008742519,1.0155493185604985e-06
2019,2020,CH0010570759,2.730242379048912e-06
2019,2020,CH0010645932,1.548189471432473e-06
2019,2020,CH0011075394,2.2636922131062955e-06
2019,2020,CH0012005267,7.782547408849067e-07
2019,2020,CH0012032048,7.495620083583827e-07
2019,2020,CH0012138530,2.464066521100484e-06
2019,2020,CH0012138605,5.6399665102036725e-06
2019,2020,CH0012142631,6.861411659509688e-06
2019,2020,CH0012214059,4.040695321474899e-06
2019,2020,CH0012221716,4.661590584170313e-06
2019,2020,CH0012255151,5.016401513846246e-06
2019,2020,CH0012549785,0.0
2019,2020,CH0013841017,1.5766790190144496e-06
2019,2020,CH0014786500,0.05759537138975829
2019,2020,CH0014852781,4.980529041911418e-06
2019,2020,CH0018294154,1.6911212860500447e-06
2019,2020,CH0024608827,2.304967190299614e-06
2019,2020,CH0024638212,1.93568642131708e-06
2019,2020,CH0025238863,3.078274494332622e-06
2019,2020,CH0025751329,3.9264473746524715e-06
2019,2020,CH0030170408,2.7981918605119982e-06
2019,2020,CH0038388911,4.8065386432168685e-06
2019,2020,CH0038863350,1.7329860066509976e-06
2019,2020,CH0044328745,1.205172200721051e-06
2019,2020,CH0048265513,3.3232799812243766e-06
2019,2020,CH0102484968,4.985379399590208e-06
2019,2020,CH0126881561,2.3647814791138705e-06
2019,2020,CH0198251305,0.02642429319268968
2019,2020,CH0210483332,5.065124832585226e-06
2019,2020,CH0244767585,3.1312225973502747e-06
2019,2020,CH0319416936,2.208308908352283e-06
2019,2020,CH0418792922,3.333934480146851e-06
2019,2020,CH1169151003,5.971252221190333e-06
2019,2020,CH1175448666,7.651723276470689e-07
2019,2020,CH1256740924,1.931152267569674e-06
2019,2020,DE0005089031,6.416082721009134e-06
2019,2020,DE0005140008,4.191974580300853e-06
2019,2020,DE0005190003,4.623203865453811e-06
2019,2020,DE0005200000,2.650461618827081e-06
2019,2020,DE0005408884,9.718113387918962e-06
2019,2020,DE0005439004,4.994206131079603e-06
2019,2020,DE0005470405,5.2100100223682275e-06
2019,2020,DE0005552004,4.542079897033903e-06
2019,2020,DE0005557508,1.997759776750866e-06
2019,2020,DE0005773303,3.8081729918918137e-06
2019,2020,DE0005785604,1.7571507871329473e-06
2019,2020,DE0005785802,1.2889720058171772e-06
2019,2020,DE0005810055,3.227232250538166e-06
2019,2020,DE0005909006,2.5914655252303005e-06
2019,2020,DE0006047004,5.410291500593214e-06
2019,2020,DE0006048432,3.176301992355096e-06
2019,2020,DE0006070006,5.164457155650351e-06
2019,2020,DE0006202005,6.7941197732314885e-06
2019,2020,DE0006231004,3.3614603409155868e-06
2019,2020,DE0006569908,4.983008843619916e-06
2019,2020,DE0006599905,1.9670759127748993e-06
2019,2020,DE0006602006,5.253719319609201e-06
2019,2020,DE0006969603,3.831686857784958e-06
2019,2020,DE0007030009,6.2839401209352e-06
2019,2020,DE0007037129,2.279842697851451e-06
2019,2020,DE0007042301,1.7121180317330161e-06
2019,2020,DE0007100000,3.5777122109207986e-06
2019,2020,DE0007164600,2.324675416507639e-06
2019,2020,DE0007236101,3.0924036858243434e-06
2019,2020,DE0007257503,5.710360534310122e-06
2019,2020,DE0007297004,4.115349797203131e-06
2019,2020,DE0007314007,4.72683112494837e-06
2019,2020,DE0007500001,6.373261814363922e-06
2019,2020,DE0007507501,1.7092444823689755e-06
2019,2020,DE0007664039,3.950374946263962e-06
2019,2020,DE0008232125,4.967801199789814e-06
2019,2020,DE0008402215,2.3184726447373614e-06
2019,2020,DE0008404005,3.3203500181442753e-06
2019,2020,DE0008430026,2.318615866239364e-06
2019,2020,DE000A0D6554,3.6833866452191184e-06
2019,2020,DE000A0D9PT0,1.2970147405114827e-06
2019,2020,DE000A0S8488,6.132706287839112e-06
2019,2020,DE000A0WMPJ6,1.4591553225842495e-06
2019,2020,DE000A1EWWW0,3.001063730668122e-06
2019,2020,DE000A2GS401,6.3811792335917545e-06
2019,2020,DE000BASF111,5.426287421301475e-06
2019,2020,DE000BAY0017,3.343946873491359e-06
2019,2020,DE000CBK1001,3.394864934453002e-06
2019,2020,DE000CLS1001,3.3817920656414986e-06
2019,2020,DE000ENAG999,1.265365930964733e-06
2019,2020,DE000KSAG888,3.465932471560074e-06
2019,2020,DE000PSM7770,5.144023680828667e-06
2019,2020,DE000TUAG505,5.979785083341752e-06
2019,2020,DK0010181759,3.875215995358475e-06
2019,2020,DK0010234467,5.791496403582409e-06
2019,2020,DK0010244508,5.41422326775516e-06
2019,2020,DK0010272632,3.2470469298241007e-06
2019,2020,DK0010274414,5.0012927740281335e-06
2019,2020,DK0010287663,4.479643346870601e-06
2019,2020,DK0010307958,4.75897002819002e-06
2019,2020,DK0010311471,4.093795583409928e-06
2019,2020,DK0060079531,4.539602077232137e-06
2019,2020,DK0060336014,3.08504373722302e-06
2019,2020,DK0060448595,1.0586246281038415e-06
2019,2020,DK0060477503,2.174407735622006e-06
2019,2020,DK0060636678,1.4472972210038384e-06
2019,2020,DK0060738599,0.0
2019,2020,DK0061539921,2.0138452281448243e-06
2019,2020,ES0109427734,8.543300915659348e-06
2019,2020,ES0112501012,2.8951535227120053e-06
2019,2020,ES0113211835,4.051146983460631e-06
2019,2020,ES0113679I37,4.215528733977765e-06
2019,2020,ES0113860A34,4.92637888251371e-06
2019,2020,ES0113900J37,4.621146705325972e-06
2019,2020,ES0116870314,3.2418207010534106e-06
2019,2020,ES0117160111,3.898108925163644e-06
2019,2020,ES0118594417,4.195906577978286e-06
2019,2020,ES0122060314,4.993068897757566e-06
2019,2020,ES0124244E34,4.664319275657337e-06
2019,2020,ES0125220311,3.3564443646760557e-06
2019,2020,ES0130670112,3.990967692200756e-06
2019,2020,ES0130960018,3.975279919355249e-06
2019,2020,ES0132105018,5.477455662745998e-06
2019,2020,ES0134950F36,5.628921195397334e-06
2019,2020,ES0142090317,8.136066777096618e-06
2019,2020,ES0144580Y14,3.966601711843072e-06
2019,2020,ES0148396007,2.8605219896098735e-06
2019,2020,ES0152503035,4.972097805030445e-06
2019,2020,ES0161560018,7.57662618025922e-06
2019,2020,ES0167050915,4.699251141460961e-06
2019,2020,ES0171743901,4.2594051836938505e-06
2019,2020,ES0171996087,2.2388708204557375e-06
2019,2020,ES0173093024,4.338344006957207e-06
2019,2020,ES0173516115,3.1085229155144774e-06
2019,2020,ES0178430E18,3.821166317212219e-06
2019,2020,ES0182870214,5.2523979665801485e-06
2019,2020,ES0184933812,3.4340501804818804e-06
2019,2020,FI0009000202,1.9618244841659108e-06
2019,2020,FI0009000277,3.003658437219798e-06
2019,2020,FI0009000459,4.113795526536071e-06
2019,2020,FI0009000681,4.570492061157658e-06
2019,2020,FI0009002158,5.796565659015981e-06
2019,2020,FI0009002422,4.98138084050027e-06
2019,2020,FI0009003727,4.290720771082159e-06
2019,2020,FI0009005318,5.864225354760848e-06
2019,2020,FI0009005870,7.084535980525335e-06
2019,2020,FI0009005961,5.59047505651285e-06
2019,2020,FI0009005987,4.367920121969692e-06
2019,2020,FI0009007132,2.6875576687405906e-06
2019,2020,FI0009007694,2.8379304182692743e-06
2019,2020,FI0009007884,2.063062177037324e-06
2019,2020,FI0009013296,3.4210371914566772e-06
2019,2020,FI0009013403,3.4238501390680833e-06
2019,2020,FI0009800643,4.224264217226052e-06
2019,2020,FI4000440664,5.208283257186905e-06
2019,2020,FR0000035081,3.485343104598214e-06
2019,2020,FR0000039109,5.162977928638718e-06
2019,2020,FR0000044448,5.921024941069695e-06
2019,2020,FR0000045072,7.282661317142578e-06
2019,2020,FR0000051070,5.9809251864909965e-06
2019,2020,FR0000052292,3.830856360482922e-06
2019,2020,FR0000054900,6.475364732733672e-06
2019,2020,FR0000064578,3.26524742161069e-06
2019,2020,FR0000073272,3.292251499126852e-06
2019,2020,FR0000077919,6.140106396808233e-06
2019,2020,FR0000120073,2.9996794325018507e-06
2019,2020,FR0000120172,2.5058767788284294e-06
2019,2020,FR0000120222,4.162123720002024e-06
2019,2020,FR0000120271,2.3605101858859305e-06
2019,2020,FR0000120321,2.64758383091989e-06
2019,2020,FR0000120404,5.141128769128971e-06
2019,2020,FR0000120503,4.873587478316918e-06
2019,2020,FR0000120560,0.02314603275334518
2019,2020,FR0000120578,1.6488805020067993e-06
2019,2020,FR0000120628,4.540751078375023e-06
2019,2020,FR0000120644,2.765584892295334e-06
2019,2020,FR0000120693,2.3580021172520296e-06
2019,2020,FR0000120859,6.651878926013462e-06
2019,2020,FR0000120966,2.9938340492069223e-06
2019,2020,FR0000121014,4.405750858980926e-06
2019,2020,FR0000121121,6.4366085478219465e-06
2019,2020,FR0000121204,6.445073513703367e-06
2019,2020,FR0000121220,1.5886096393098475e-06
2019,2020,FR0000121329,4.428569329736811e-06
2019,2020,FR0000121485,4.238320552792469e-06
2019,2020,FR0000121667,1.988596321376308e-06
2019,2020,FR0000121964,4.16097106768765e-06
2019,2020,FR0000121972,4.719259950222603e-06
2019,2020,FR0000124141,3.094823993097701e-06
2019,2020,FR0000125007,5.616546212335497e-06
2019,2020,FR0000125338,4.883423377553026e-06
2019,2020,FR0000125486,4.619475696330865e-06
2019,2020,FR0000127771,4.077700505643723e-06
2019,2020,FR0000130213,4.370967307103738e-06
2019,2020,FR0000130395,3.6913507354313444e-06
2019,2020,FR0000130403,4.780845273020768e-06
2019,2020,FR0000130452,5.676817535861665e-06
2019,2020,FR0000130577,5.249276504172646e-06
2019,2020,FR0000130809,6.354138038475985e-06
2019,2020,FR0000131104,5.02564523183756e-06
2019,2020,FR0000131757,8.937593325215857e-06
2019,2020,FR0000131906,5.624711971135946e-06
2019,2020,FR0000133308,1.666742971386844e-06
2019,2020,FR0010040865,3.0467007497247147e-06
2019,2020,FR0010220475,4.2300877826732585e-06
2019,2020,FR0010242511,2.698293000461971e-06
2019,2020,FR0010307819,3.8937355233389325e-06
2019,2020,FR0010313833,6.694938847314592e-06
2019,2020,FR0010340141,3.3598423682635072e-06
2019,2020,FR0010411983,2.8468728932437414e-06
2019,2020,FR0010533075,3.633206480171364e-06
2019,2020,FR0013176526,8.731253465241813e-06
2019,2020,FR0013280286,9.153117539713276e-07
2019,2020,FR0013326246,4.658184097077859e-06
2019,2020,FR0013505062,4.2279863718624996e-06
2019,2020,FR0013506730,5.523870074967918e-06
2019,2020,FR0014003TT8,1.9317139923734945e-06
2019,2020,FR001400AJ45,3.7805550769239757e-06
2019,2020,GB0000163088,2.4218159136483066e-06
2019,2020,GB0000456144,6.126145378845197e-06
2019,2020,GB0000536739,5.412209446863153e-06
2019,2020,GB0000811801,4.929879457091184e-06
2019,2020,GB0000904986,5.769666033593566e-06
2019,2020,GB0000961622,1.4029189528809861e-06
2019,2020,GB0001048619,1.903522414213878e-06
2019,2020,GB0001110096,2.9276905616158682e-06
2019,2020,GB0001367019,4.099402591699182e-06
2019,2020,GB0001500809,2.1210442313787323e-06
2019,2020,GB0001638955,1.3620211858333126e-06
2019,2020,GB0001667087,1.3881797118259527e-06
2019,2020,GB0001765816,4.1876958503767015e-06
2019,2020,GB0001826634,3.131632827620968e-06
2019,2020,GB0001859296,4.109657019622501e-06
2019,2020,GB0002018363,0.0
2019,2020,GB0002074580,2.003677054684835e-06
2019,2020,GB0002148343,3.7036222899454402e-06
2019,2020,GB0002318888,4.4771564632991443e-07
2019,2020,GB0002374006,1.277913319230204e-06
2019,2020,GB0002418548,5.9267380796409355e-06
2019,2020,GB0002634946,8.930356728753259e-07
2019,2020,GB0002652740,3.2647469093658925e-06
2019,2020,GB0002670437,2.590114628190232e-06
2019,2020,GB0002869419,3.7168289496859514e-06
2019,2020,GB0002875804,6.072744933056797e-07
2019,2020,GB0003096442,4.860685565701127e-06
2019,2020,GB0003308607,6.261022994752293e-06
2019,2020,GB0003395000,2.772166387898044e-06
2019,2020,GB0003452173,2.0183771702920515e-06
2019,2020,GB0003718474,3.9272223542055764e-06
2019,2020,GB0003753778,3.7190081816816983e-06
2019,2020,GB0004052071,2.696107413658818e-06
2019,2020,GB0004082847,4.4014790418396475e-06
2019,2020,GB0004161021,5.7512731990086924e-06
2019,2020,GB0004170089,3.0407752960541355e-06
2019,2020,GB0004270301,3.145000671294289e-06
2019,2020,GB0004478896,2.1290736221959495e-06
2019,2020,GB0004544929,9.451054952930631e-07
2019,2020,GB0004657408,5.020772857422873e-07
2019,2020,GB0004726096,2.8243628029836674e-06
2019,2020,GB0004866223,4.860341125723275e-06
2019,2020,GB0004915632,3.90956586320716e-06
2019,2020,GB0005405286,2.438861405833037e-06
2019,2020,GB0005576813,3.137488537071973e-06
2019,2020,GB0005603997,3.8090758101598485e-06
2019,2020,GB0005630420,2.4252036297980054e-06
2019,2020,GB0005746358,3.62649794313712e-06
2019,2020,GB0005758098,3.3864073565533305e-06
2019,2020,GB0005790059,2.8345851233502742e-06
2019,2020,GB0006027295,5.041316991579822e-06
2019,2020,GB0006215205,3.075430779105668e-06
2019,2020,GB0006449366,8.338809941381662e-06
2019,2020,GB0006640972,3.64104816150039e-06
2019,2020,GB0006650450,5.172046474784953e-06
2019,2020,GB0006731235,2.433183774085519e-06
2019,2020,GB0006776081,1.8942535266458988e-06
2019,2020,GB0006825383,4.934357480527379e-06
2019,2020,GB0006886666,0.049512692078771736
2019,2020,GB0006928617,2.6995915378629128e-06
2019,2020,GB0007099541,5.031405260596159e-06
2019,2020,GB0007188757,4.623246432431086e-06
2019,2020,GB0007323586,4.084648726933217e-06
2019,2020,GB0007594764,5.573637303789652e-06
2019,2020,GB0007668071,4.197229147278062e-06
2019,2020,GB0007669376,4.293144400373326e-06
2019,2020,GB0007689002,1.400582115004463e-06
2019,2020,GB0007908733,1.8963171397238303e-06
2019,2020,GB0007958233,2.756041581481352e-06
2019,2020,GB0007973794,7.445155767450348e-07
2019,2020,GB0007980591,2.8194627932852217e-06
2019,2020,GB0008025412,6.831030751292803e-06
2019,2020,GB0008085614,1.7251037186393186e-06
2019,2020,GB0008220112,4.468836020838801e-06
2019,2020,GB0008475088,3.842672968137296e-06
2019,2020,GB0008481250,7.238949996258388e-06
2019,2020,GB0008706128,3.670813114416362e-06
2019,2020,GB0008782301,4.435263898212965e-06
2019,2020,GB0008794710,0.025704435709561126
2019,2020,GB0009067447,0.014968915640879144
2019,2020,GB0009123323,0.0
2019,2020,GB0009223206,1.770358454573653e-06
2019,2020,GB0009286963,1.8998643120070341e-06
2019,2020,GB0009292243,4.911705480476894e-06
2019,2020,GB0009465807,5.083843157796747e-06
2019,2020,GB0009633180,7.335728264107129e-07
2019,2020,GB0009697037,2.69526954945767e-06
2019,2020,GB0009895292,0.0
2019,2020,GB0022569080,1.152661012511144e-06
2019,2020,GB0030181522,6.071180726869332e-06
2019,2020,GB0030232317,5.126152783964425e-06
2019,2020,GB0030329360,4.949271000778303e-06
2019,2020,GB0030913577,2.375097902869312e-06
2019,2020,GB0031274896,1.0847875407975833e-06
2019,2020,GB0031348658,2.4151189059266535e-06
2019,2020,GB0031638363,1.7903296098782006e-06
2019,2020,GB0031743007,5.701930225730709e-06
2019,2020,GB0032089863,0.0
2019,2020,GB0033195214,2.2155073203913018e-06
2019,2020,GB0033986497,3.515620178536223e-06
2019,2020,GB00B00FPT80,1.1721439666215845e-06
2019,2020,GB00B012BV22,2.566084647552422e-06
2019,2020,GB00B012TP20,3.0050086739453146e-06
2019,2020,GB00B019KW72,1.915220311599691e-06
2019,2020,GB00B01QGK86,1.2566900394418354e-06
2019,2020,GB00B02J6398,3.258323435619073e-06
2019,2020,GB00B033F229,1.5174973484393983e-06
2019,2020,GB00B03HDJ73,1.5978512915646015e-06
2019,2020,GB00B04V1276,4.497511774754896e-06
2019,2020,GB00B06QFB75,1.2681154684656337e-06
2019,2020,GB00B0744359,2.779207700700476e-06
2019,2020,GB00B0744B38,1.4916166857695581e-06
2019,2020,GB00B082RF11,2.969181167291413e-06
2019,2020,GB00B0FYMT95,3.863410149319127e-06
2019,2020,GB00B0KM9T71,8.217258999195616e-06
2019,2020,GB00B0LCW083,4.20434614905036e-06
2019,2020,GB00B0N8QD54,2.5997124538119997e-06
2019,2020,GB00B0SWJX34,3.736566828536724e-06
2019,2020,GB00B0WMWD03,1.6554796664434006e-07
2019,2020,GB00B0YG1K06,1.5189864109778775e-06
2019,2020,GB00B128J450,4.869521960703654e-06
2019,2020,GB00B132NW22,5.267998903220461e-06
2019,2020,GB00B135BJ46,4.714169045703735e-06
2019,2020,GB00B17MMZ46,1.7679332293579525e-06
2019,2020,GB00B18P5K83,3.0013409609910716e-06
2019,2020,GB00B19Z1432,4.157742712474102e-06
2019,2020,GB00B1FH8J72,2.0670352867535935e-06
2019,2020,GB00B1FP6H53,1.5350703337805432e-06
2019,2020,GB00B1FW5029,9.420982516490326e-06
2019,2020,GB00B1G5HX72,5.631780370786095e-06
2019,2020,GB00B1JQDM80,2.370757637042287e-06
2019,2020,GB00B1KJJ408,3.3578304699921574e-06
2019,2020,GB00B1L5QH97,2.119717687862009e-06
2019,2020,GB00B1P6ZR11,1.9534884549114573e-06
2019,2020,GB00B1VNSX38,7.177770116823993e-07
2019,2020,GB00B1WY2338,2.3585640431670246e-06
2019,2020,GB00B1XH2C03,5.1570774198251055e-06
2019,2020,GB00B1YW4409,3.969792317468863e-06
2019,2020,GB00B27YGJ97,2.7928172359288865e-06
2019,2020,GB00B2B0DG97,2.9508698569475117e-06
2019,2020,GB00B2NGPM57,3.023634586456764e-06
2019,2020,GB00B2PDGW16,2.5754419531478902e-06
2019,2020,GB00B39J2M42,2.137071483191686e-06
2019,2020,GB00B3DGH821,3.7714958076144474e-06
2019,2020,GB00B3FLWH99,5.61385433974305e-06
2019,2020,GB00B41H7391,9.411607156447904e-06
2019,2020,GB00B45C9X44,5.146818346989967e-07
2019,2020,GB00B572ZV91,2.4077273367205475e-06
2019,2020,GB00B5N0P849,2.575812246979703e-06
2019,2020,GB00B5ZN1N88,2.6168200727971385e-06
2019,2020,GB00B61TVQ02,5.835272169583871e-06
2019,2020,GB00B63H8491,3.991896493630958e-06
2019,2020,GB00B63QSB39,1.9321451065586822e-06
2019,2020,GB00B64NSP76,0.0
2019,2020,GB00B67G5X01,3.887340546319502e-06
2019,2020,GB00B6XZKY75,9.460188736531296e-07
2019,2020,GB00B6YTLS95,1.3743894169629173e-06
2019,2020,GB00B71N6K86,3.5705968539944083e-06
2019,2020,GB00B7KR2P84,3.568356787106838e-06
2019,2020,GB00B82YXW83,6.956166435348703e-06
2019,2020,GB00B8B4R053,6.044670569027676e-06
2019,2020,GB00B8C3BL03,2.188959604118154e-06
2019,2020,GB00BD6K4575,1.3945807787648637e-06
2019,2020,GB00BDCPN049,8.285250438907974e-07
2019,2020,GB00BDFBVT43,0.019468385563599037
2019,2020,GB00BDR05C01,4.4762865348032716e-07
2019,2020,GB00BF044593,2.768458759895357e-06
2019,2020,GB00BF5H9P87,2.949954124362277e-06
2019,2020,GB00BF8Q6K64,5.050211686628901e-06
2019,2020,GB00BG11K365,5.4369944606223604e-06
2019,2020,GB00BGDT3G23,3.055311062704637e-06
2019,2020,GB00BGLP8L22,6.258455475193356e-06
2019,2020,GB00BH4HKS39,1.4250490297391046e-06
2019,2020,GB00BHJYC057,2.344550862257967e-06
2019,2020,GB00BJ1F4N75,5.309845414007956e-06
2019,2020,GB00BJFFLV09,2.4247541238857976e-06
2019,2020,GB00BJQZC279,4.04732247271103e-06
2019,2020,GB00BK9RKT01,6.433763850237653e-06
2019,2020,GB00BKP36R26,8.784377724913833e-06
2019,2020,GB00BKY40Q38,3.389670025352113e-06
2019,2020,GB00BL6XZ716,2.594604224487226e-06
2019,2020,GB00BLGZ9862,1.583806857479671e-06
2019,2020,GB00BM8PJY71,3.7059423701822473e-06
2019,2020,GB00BM8Q5M07,4.983630876545758e-07
2019,2020,GB00BMJ6DW54,3.2389684935670583e-06
2019,2020,GB00BN7SWP63,3.8364177225577714e-07
2019,2020,GB00BNGDN821,4.337056925299942e-06
2019,2020,GB00BNNTLN49,4.04770356409749e-07
2019,2020,GB00BNR4T868,5.461819627235037e-06
2019,2020,GB00BP6MXD84,2.3609852447703843e-06
2019,2020,GB00BP92CJ43,1.7914212210509043e-06
2019,2020,GB00BP9LHF23,5.628184416237286e-06
2019,2020,GB00BPQY8M80,3.4959429315926425e-06
2019,2020,GB00BRB37M78,0.005086053404792848
2019,2020,GB00BV9FP302,9.935562118765073e-07
2019,2020,GB00BVFNZH21,3.5945578783476682e-06
2019,2020,GB00BWFGQN14,2.453595925097786e-06
2019,2020,GB00BYQ0JC66,3.492742640343896e-06
2019,2020,GB00BYRJ5J14,0.0
2019,2020,GB00BYT1DJ19,5.374440125619638e-06
2019,2020,GB00BYW0PQ60,3.9267609727749146e-06
2019,2020,GB00BYYTFB60,0.0
2019,2020,GB00BYZN9041,5.286466671261587e-06
2019,2020,GB00BZ4BQC70,3.3295591191040033e-06
2019,2020,IE0001827041,3.028731020785848e-06
2019,2020,IE0002424939,3.2944317610173753e-06
2019,2020,IE0003864109,1.7573227115917878e-06
2019,2020,IE0004906560,2.447046624202732e-06
2019,2020,IE0004927939,4.82986094167194e-06
2019,2020,IE00B00MZ448,6.354730548883431e-06
2019,2020,IE00B4BNMY34,2.4474342956573823e-06
2019,2020,IE00B8KQN827,3.279551952166275e-06
2019,2020,IE00BD1RP616,8.290443918720041e-06
2019,2020,IE00BDB6Q211,1.0364986389948414e-07
2019,2020,IE00BF0L3536,1.4317132439900247e-05
2019,2020,IE00BGH1M568,0.0
2019,2020,IE00BJ3V9050,0.0
2019,2020,IE00BK9ZQ967,4.177169373966217e-06
2019,2020,IE00BLP1HW54,1.767389077115949e-06
2019,2020,IE00BLS09M33,1.706206879386981e-06
2019,2020,IE00BTN1Y115,1.4978017441745522e-06
2019,2020,IE00BWT6H894,0.04743161665525362
2019,2020,IE00BY7QL619,8.584957005923867e-07
2019,2020,IL0002300114,4.081044734701453e-06
2019,2020,IL0002810146,5.745397449261536e-06
2019,2020,IL0006046119,3.5464868548151593e-06
2019,2020,IL0006625771,3.34765475376661e-06
2019,2020,IL0006954379,1.8550526070876615e-06
2019,2020,IL0010811243,2.1389117517903016e-06
2019,2020,IT0000062072,5.5251129395149235e-06
2019,2020,IT0000062957,7.35273295718428e-06
2019,2020,IT0000066123,5.469835589304633e-06
2019,2020,IT0000072618,4.693712187834934e-06
2019,2020,IT0000784154,3.6487867881924836e-06
2019,2020,IT0000784196,2.590805994946393e-06
2019,2020,IT0001137345,2.586868643223296e-06
2019,2020,IT0001233417,4.591013695460974e-06
2019,2020,IT0001347308,6.609371565567196e-06
2019,2020,IT0001469383,1.009204986535197e-05
2019,2020,IT0003128367,4.375483508956252e-06
2019,2020,IT0003132476,3.2215004600514013e-06
2019,2020,IT0003153415,2.5569380890980886e-06
2019,2020,IT0003242622,2.014533294007677e-06
2019,2020,IT0003497168,3.6328316990890025e-06
2019,2020,IT0003506190,1.6658808665844373e-06
2019,2020,IT0003856405,4.882704504956599e-06
2019,2020,IT0004810054,6.1586625147903675e-06
2019,2020,IT0004827447,9.212500496798243e-06
2019,2020,IT0005218380,4.945379190377263e-06
2019,2020,IT0005239360,6.233275738918984e-06
2019,2020,IT0005495657,1.965967068500443e-06
2019,2020,IT0005496473,3.2277913979487123e-06
2019,2020,IT0005508921,6.498153762578477e-06
2019,2020,JE00B8KF9B49,5.162323562630819e-06
2019,2020,JE00BJ1DLW90,5.195384799801826e-06
2019,2020,LR0008862868,6.000846433894863e-06
2019,2020,LU0075646355,5.147991129488997e-06
2019,2020,NL0000008977,3.045930786011318e-06
2019,2020,NL0000009082,6.715271052878751e-08
2019,2020,NL0000009165,3.31281722750436e-06
2019,2020,NL0000009538,2.9426563733618222e-06
2019,2020,NL0000226223,3.503262765119797e-06
2019,2020,NL0000235190,1.3341106136969767e-06
2019,2020,NL0000289213,5.651283299991263e-06
2019,2020,NL0000337319,3.355280191625676e-06
2019,2020,NL0000360618,3.721360420158937e-06
2019,2020,NL0000379121,5.003619325221362e-06
2019,2020,NL0000395903,3.210695470237436e-06
2019,2020,NL0006237562,4.54455718327811e-06
2019,2020,NL0009432491,2.2980927439387206e-06
2019,2020,NL0010273215,3.7622443222879673e-06
2019,2020,NL0010583399,1.700899923633849e-06
2019,2020,NL0011794037,1.1930852523932678e-06
2019,2020,NL0011821202,5.228161090738681e-06
2019,2020,NL0013267909,4.310669023035184e-06
2019,2020,NL00150001Q9,6.04099596245005e-06
2019,2020,NL00150003E1,9.261657134475508e-07
2019,2020,NL0015001FS8,4.351972276195528e-06
2019,2020,NL0015435975,3.813530494252889e-06
2019,2020,NO0003028904,5.634849695183133e-06
2019,2020,NO0003053605,6.875380532776298e-06
2019,2020,NO0003054108,0.038712557880863765
2019,2020,NO0003078800,3.6153329713281556e-06
2019,2020,NO0003733800,3.176607696744586e-06
2019,2020,NO0005052605,7.095626146289567e-06
2019,2020,NO0010063308,4.556014499002662e-06
2019,2020,NO0010096985,4.202761915643148e-06
2019,2020,NO0010112675,1.989521256900305e-05
2019,2020,NO0010199151,0.0
2019,2020,NO0010208051,5.8749146492770166e-06
2019,2020,NO0010215684,6.1858191642804126e-06
2019,2020,NO0010861990,6.731629813948918e-06
2019,2020,NO0012470089,3.7591643667557123e-06
2019,2020,PA1436583006,3.4072465216965883e-06
2019,2020,PTBCP0AM0015,3.836600689022331e-06
2019,2020,PTEDP0AM0009,1.957817638195922e-06
2019,2020,PTJMT0AE0001,3.866888425053671e-06
2019,2020,PTSON0AM0001,3.85088841363286e-06
2019,2020,PTZON0AM0006,4.669137521877299e-06
2019,2020,SE0000106270,8.052349495253064e-07
2019,2020,SE0000108227,4.216502315926977e-06
2019,2020,SE0000108656,4.067723736490099e-06
2019,2020,SE0000112724,4.438391246475093e-06
2019,2020,SE0000113250,3.286248414787836e-06
2019,2020,SE0000114837,4.72966917139131e-06
2019,2020,SE0000148884,4.666392443187113e-06
2019,2020,SE0000163594,2.996738450433898e-06
2019,2020,SE0000163628,0.0
2019,2020,SE0000171100,8.328245771909606e-06
2019,2020,SE0000190126,5.7060463356125955e-06
2019,2020,SE0000202624,1.3661798576233265e-06
2019,2020,SE0000242455,5.445810251513385e-06
2019,2020,SE0000379190,3.4597943417384167e-06
2019,2020,SE0000667891,4.4149123789451825e-06
2019,2020,SE0000667925,2.151981436291405e-06
2019,2020,SE0000695876,3.2817438223241686e-06
2019,2020,SE0000806994,5.356331206884261e-06
2019,2020,SE0000862997,4.98178393192715e-06
2019,2020,SE0000949331,6.7624880118290105e-06
2019,2020,SE0001662230,5.253890810912732e-06
2019,2020,SE0003366871,6.456998910251833e-06
2019,2020,SE0005190238,2.0905583809712145e-06
2019,2020,SE0006993770,2.0628949813619017e-06
2019,2020,SE0007100581,2.476669207959403e-06
2019,2020,SE0007100599,3.921206444883298e-06
2019,2020,SE0011090018,2.939128765717382e-06
2019,2020,SE0011166974,3.6645107934633638e-06
2019,2020,SE0015811955,3.7458825047389046e-06
2019,2020,SE0015812219,0.0
2019,2020,SE0015988019,3.1229748738089446e-06
2019,2020,SE0016589188,5.949722462688347e-06
2019,2020,SE0017486889,5.180667457062519e-06
2019,2020,SE0018012494,3.9816570805536805e-06
2019,2020,SE0018012635,3.4489745350302166e-06
2019,2020,SE0020050417,6.059534697587736e-06
2019,2020,US0010551028,2.5943948779302497e-06
2019,2020,US0010841023,3.6046420313600206e-06
2019,2020,US00130H1059,2.486310401542003e-06
2019,2020,US00206R1023,7.430275616028871e-07
2019,2020,US0028241000,1.8989934329291115e-06
2019,2020,US0028962076,3.8928731426044095e-06
2019,2020,US00724F1012,1.7331219621603978e-06
2019,2020,US00751Y1064,2.986362241242912e-06
2019,2020,US0079031078,4.459491144809203e-06
2019,2020,US0082521081,5.683712733474812e-06
2019,2020,US00846U1016,4.277871358704271e-06
2019,2020,US0091581068,2.7701541450817393e-06
2019,2020,US00971T1016,0.0037546337327031866
2019,2020,US0126531013,4.187114887724253e-06
2019,2020,US0152711091,1.646737306885645e-06
2019,2020,US01741R1023,6.943158525750591e-06
2019,2020,US0185811082,3.7624446046278325e-06
2019,2020,US0188021085,5.733838285696462e-07
2019,2020,US0200021014,3.1122658500889773e-06
2019,2020,US02079K3059,9.995847063914511e-07
2019,2020,US02209S1033,0.0
2019,2020,US0231351067,2.6240363139895523e-06
2019,2020,US0236081024,1.1808862123861495e-07
2019,2020,US0255371017,7.568426695396305e-07
2019,2020,US02553E1064,0.0
2019,2020,US0258161092,2.7585526046708977e-06
2019,2020,US0268747849,4.329155738967587e-06
2019,2020,US03027X1000,0.0
2019,2020,US03073E1055,2.449541563101964e-06
2019,2020,US03076C1062,3.8902039096040956e-06
2019,2020,US0311001004,2.323310969308824e-06
2019,2020,US0311621009,1.5480710192566195e-06
2019,2020,US0320951017,2.240879322465841e-06
2019,2020,US0326541051,3.2676233126972654e-06
2019,2020,US0367521038,5.475594629411406e-07
2019,2020,US03743Q1085,2.6395245721096845e-06
2019,2020,US0378331005,5.413464490055157e-07
2019,2020,US0382221051,1.7748973175681487e-06
2019,2020,US0383361039,3.8161550428033275e-07
2019,2020,US03940R1077,0.036898044374901774
2019,2020,US0394831020,1.6376413963763971e-06
2019,2020,US0441861046,2.1096954847984425e-06
2019,2020,US0454871056,2.804879893351585e-06
2019,2020,US04621X1081,6.134115996953406e-07
2019,2020,US0495601058,0.0
2019,2020,US0527691069,4.4907741076697045e-06
2019,2020,US0528001094,3.531854796101047e-06
2019,2020,US0530151036,1.5766753198810115e-06
2019,2020,US0533321024,0.0030850715830481805
2019,2020,US0534841012,3.3203914413763446e-07
2019,2020,US0536111091,2.8016792316901277e-06
2019,2020,US0537741052,7.011389248529012e-06
2019,2020,US0538071038,3.3256473313436394e-06
2019,2020,US0584981064,2.8387421883675284e-07
2019,2020,US0605051046,3.637802677183346e-06
2019,2020,US0640581007,2.144009430400628e-06
2019,2020,US0708301041,0.0
2019,2020,US0718131099,1.3001307316805177e-06
2019,2020,US0758871091,1.6491386885773347e-06
2019,2020,US0844231029,1.625810750051782e-06
2019,2020,US0865161014,3.158579604750855e-06
2019,2020,US09062X1037,3.8729684814275775e-06
2019,2020,US0970231058,2.391539319526621e-06
2019,2020,US09857L1089,2.8636680667952155e-06
2019,2020,US0997241064,5.198116302477277e-06
2019,2020,US1011211018,1.0542909200570654e-06
2019,2020,US1011371077,2.963361652735855e-06
2019,2020,US1053682035,3.1974704886989563e-06
2019,2020,US1096411004,0.012724182372306348
2019,2020,US1101221083,1.5400464508219638e-06
2019,2020,US1124631045,6.19112495626958e-06
2019,2020,US1156372096,1.2228034016864773e-06
2019,2020,US12504L1098,4.603352687063958e-06
2019,2020,US1252691001,6.064553856034206e-06
2019,2020,US12541W2098,1.4445196508808323e-06
2019,2020,US1255231003,0.020087598150311397
2019,2020,US1258961002,1.4673848135621025e-07
2019,2020,US1264081035,2.955582746782292e-06
2019,2020,US12653C1080,2.8140839950657297e-06
2019,2020,US1266501006,3.4744953045919992e-06
2019,2020,US1270551013,3.4604677348680044e-06
2019,2020,US1270971039,2.3470565788307015e-06
2019,2020,US1273871087,3.349987941295977e-06
2019,2020,US1307881029,1.6500252188630902e-06
2019,2020,US1331311027,1.2751854230372028e-06
2019,2020,US1344291091,2.781656685748863e-08
2019,2020,US14040H1059,2.425237107475026e-06
2019,2020,US14149Y1082,1.8826737323499815e-06
2019,2020,US1423391002,4.537927757840845e-06
2019,2020,US1431301027,4.779395670996584e-06
2019,2020,US1491231015,4.877600673875325e-06
2019,2020,US1508701034,5.047113740839289e-06
2019,2020,US15189T1079,1.0711568985206237e-06
2019,2020,US1567821046,1.1547374275176083e-06
2019,2020,US1598641074,1.2810818609813427e-06
2019,2020,US1667641005,2.2161253674032682e-06
2019,2020,US1713401024,0.0672978218892416
2019,2020,US1717793095,6.470364306908957e-06
2019,2020,US1720621010,1.4995448764791813e-06
2019,2020,US17275R1023,2.8587218001755117e-06
2019,2020,US1729081059,9.400923167924221e-07
2019,2020,US1729674242,3.107788979053112e-06
2019,2020,US1773761002,4.412905921869041e-06
2019,2020,US1858991011,6.4970657445740785e-06
2019,2020,US1890541097,9.89272900779918e-07
2019,2020,US1912161007,0.0
2019,2020,US1924461023,2.281013875253903e-06
2019,2020,US1941621039,1.105976087646068e-06
2019,2020,US20030N1019,3.0931414312668477e-06
2019,2020,US2003401070,3.225945446371868e-06
2019,2020,US2017231034,4.3275056980442174e-06
2019,2020,US2058871029,0.0
2019,2020,US20825C1045,2.1487752823269916e-06
2019,2020,US2091151041,0.008570466951085069
2019,2020,US21036P1084,3.543173344150581e-06
2019,2020,US22160K1051,5.74381088506345e-07
2019,2020,US22822V1017,0.022230361950423053
2019,2020,US2283681060,8.065824573366261e-07
2019,2020,US2310211063,4.646126057190694e-06
2019,2020,US23331A1097,3.654315439682759e-06
2019,2020,US2333311072,2.5252870941594715e-07
2019,2020,US23355L1061,3.1083054512899893e-06
2019,2020,US2358511028,2.3007391332501418e-06
2019,2020,US2371941053,0.018818529635612535
2019,2020,US23918K1088,2.2800386749762784e-06
2019,2020,US2441991054,2.932742946236472e-06
2019,2020,US2473617023,3.0305241872198845e-06
2019,2020,US24906P1093,1.4665805928612391e-06
2019,2020,US25179M1036,3.6443365418618847e-06
2019,2020,US2533931026,1.4971004083960476e-06
2019,2020,US2546871060,1.668114399508962e-06
2019,2020,US25525P1075,1.223056524991254e-06
2019,2020,US25659T1079,1.4120636272237858e-06
2019,2020,US25746U1097,1.3998707441535785e-07
2019,2020,US2576511099,2.368295240898044e-06
2019,2020,US25960P1093,1.5833347831241964e-06
2019,2020,US2600031080,2.351438043713784e-06
2019,2020,US26441C2044,0.02655504961113629
2019,2020,US26875P1012,1.8129059766061278e-06
2019,2020,US26884L1098,2.0904406072037037e-06
2019,2020,US2774321002,3.983654619596359e-06
2019,2020,US2774614067,3.6548193467124286e-06
2019,2020,US2786421030,1.7667130734264528e-06
2019,2020,US2788651006,2.0433211675465457e-06
2019,2020,US2810201077,3.6803682628266536e-07
2019,2020,US28176E1082,0.0
2019,2020,US2910111044,3.8173677399274156e-06
2019,2020,US29272W1099,0.008167845612953716
2019,2020,US29364G1031,0.0
2019,2020,US2944291051,2.8959558063588255e-06
2019,2020,US29444U7000,1.3948601228012343e-06
2019,2020,US29476L1070,4.573451943044202e-07
2019,2020,US29670G1022,9.093660433494893e-07
2019,2020,US2971781057,1.3606465944588777e-06
2019,2020,US30034W1062,2.9217534341784935e-07
2019,2020,US30040W1080,1.111339642803857e-06
2019,2020,US30161N1019,7.047128107609659e-07
2019,2020,US30212P3038,2.0808785416038924e-06
2019,2020,US3021301094,2.2955784160568843e-06
2019,2020,US30231G1022,5.452968526156098e-07
2019,2020,US3024913036,2.2662970832207066e-06
2019,2020,US3029411093,0.036545452234923434
2019,2020,US3030751057,4.0571295194509777e-07
2019,2020,US3119001044,2.4836620256639424e-06
2019,2020,US3137451015,2.440985249157323e-07
2019,2020,US31428X1063,3.5325782413183247e-06
2019,2020,US3156161024,5.209878560653326e-06
2019,2020,US31620M1062,1.4231094563017146e-06
2019,2020,US3167731005,3.0361281121046945e-06
2019,2020,US3205171057,3.6996552196653315e-06
2019,2020,US3377381088,4.548333682449839e-07
2019,2020,US3379321074,0.032170315211479644
2019,2020,US3434121022,5.511150266968329e-06
2019,2020,US34354P1057,5.0699649399041125e-06
2019,2020,US3453708600,2.064042490257862e-06
2019,2020,US3546131018,3.895655010997952e-06
2019,2020,US35671D8570,9.948598576654473e-06
2019,2020,US3614481030,3.436152522156219e-06
2019,2020,US3635761097,1.7271294419000385e-06
2019,2020,US3647601083,1.1484520983782324e-06
2019,2020,US3703341046,0.0
2019,2020,US37045V1008,2.489351042481806e-06
2019,2020,US3719011096,4.345283010128456e-06
2019,2020,US37247D1063,5.522988133703254e-06
2019,2020,US3755581036,1.7825111540482623e-06
2019,2020,US38141G1040,2.577433350043427e-06
2019,2020,US3825501014,6.575628169050136e-06
2019,2020,US3848021040,2.7290593252806224e-06
2019,2020,US3976241071,2.9156931479851808e-06
2019,2020,US40434L1052,2.0144193425093715e-06
2019,2020,US4062161017,3.3255252908209263e-06
2019,2020,US4103451021,0.0
2019,2020,US4108671052,1.6792811167168377e-06
2019,2020,US4128221086,2.3415783872752868e-06
2019,2020,US4158641070,4.965908231561571e-06
2019,2020,US4165151048,4.842154017520066e-06
2019,2020,US4180561072,1.4834896852633803e-06
2019,2020,US4198701009,0.025953638053690595
2019,2020,US42250P1030,9.440265733744879e-07
2019,2020,US42330P1075,4.6275587396560566e-06
2019,2020,US4234521015,2.9709502756671017e-06
2019,2020,US4278661081,0.03717826039423154
2019,2020,US42809H1077,2.846704802981599e-06
2019,2020,US4370761029,2.389953897246673e-06
2019,2020,US4385161066,2.0470099893436046e-06
2019,2020,US4404521001,0.012214836931706781
2019,2020,US44107P1049,3.74982775518549e-06
2019,2020,US4435106079,2.690143185325418e-06
2019,2020,US4448591028,1.5702305422414368e-06
2019,2020,US4456581077,2.1740809693237766e-06
2019,2020,US4461501045,2.8262423094954747e-06
2019,2020,US4470111075,7.0720819185457334e-06
2019,2020,US45073V1089,2.902610602313741e-06
2019,2020,US45167R1041,3.2055369487684955e-06
2019,2020,US45168D1046,7.226898231582353e-07
2019,2020,US4523081093,2.691553672233559e-06
2019,2020,US4523271090,2.217914886222723e-06
2019,2020,US4581401001,7.966206363769962e-07
2019,2020,US4592001014,1.0214732278350661e-06
2019,2020,US4595061015,0.0
2019,2020,US4601461035,2.911431560794206e-06
2019,2020,US4606901001,3.099193183054818e-06
2019,2020,US4612021034,2.0259067434206183e-06
2019,2020,US46284V1017,4.085625303133857e-06
2019,2020,US4657411066,5.095960082823618e-06
2019,2020,US46625H1005,2.4256371538851343e-06
2019,2020,US4663131039,5.4853328546887705e-06
2019,2020,US46982L1089,2.9327508938512738e-06
2019,2020,US4781601046,6.546556368157382e-07
2019,2020,US48020Q1076,3.6993892516360936e-06
2019,2020,US48203R1041,4.488525370707344e-06
2019,2020,US48242W1062,3.7886881430401114e-06
2019,2020,US4824801009,1.445244923956858e-06
2019,2020,US4878361082,5.309556697639679e-07
2019,2020,US4891701009,5.588286069451073e-06
2019,2020,US4932671088,3.1619345240162377e-06
2019,2020,US4943681035,7.170138740673203e-07
2019,2020,US49446R1095,1.8473701771429461e-06
2019,2020,US49456B1017,0.0
2019,2020,US4972661064,1.5148567234766232e-06
2019,2020,US5002551043,0.0009375901911308789
2019,2020,US5010441013,2.2301203863252866e-06
2019,2020,US5018892084,2.4465660910457215e-06
2019,2020,US5178341070,3.7374884568646003e-06
2019,2020,US5184391044,2.72592804126108e-06
2019,2020,US5218652049,2.94290950572803e-06
2019,2020,US5246601075,1.8109037168823271e-06
2019,2020,US5261071071,2.44276382847711e-06
2019,2020,US5324571083,0.0
2019,2020,US5339001068,4.031876051980913e-06
2019,2020,US5341871094,4.972255446672569e-06
2019,2020,US5370081045,4.13158080882329e-06
2019,2020,US5398301094,0.015760199546361958
2019,2020,US5486611073,3.5873022293414884e-06
2019,2020,US5502411037,2.4754292868655057e-06
2019,2020,US55261F1049,0.012661196394555353
2019,2020,US5526761086,5.714038966881684e-06
2019,2020,US5529531015,2.9911120514776925e-06
2019,2020,US5543821012,1.5142902612726796e-06
2019,2020,US5544891048,1.8857458202572227e-06
2019,2020,US55616P1049,3.8394437731973125e-07
2019,2020,US5635714059,1.1327721032511085e-05
2019,2020,US56418H1005,5.395324043596086e-06
2019,2020,US5658491064,4.746794980153608e-06
2019,2020,US5717481023,6.545564614369173e-07
2019,2020,US5719032022,3.233821894782017e-06
2019,2020,US5732841060,4.044291906819806e-06
2019,2020,US5738741041,3.5620851133552323e-07
2019,2020,US5745991068,4.1938531010040715e-06
2019,2020,US57636Q1040,1.7586480936978243e-06
2019,2020,US5770811025,0.0
2019,2020,US5797802064,0.008366305167114015
2019,2020,US5801351017,0.0697818837016601
2019,2020,US58155Q1031,3.607084195203524e-06
2019,2020,US58933Y1055,0.01869628117747873
2019,2020,US59156R1086,3.068460826760799e-06
2019,2020,US5926881054,3.1169889044554157e-06
2019,2020,US5949181045,1.48327414292445e-06
2019,2020,US5950171042,2.4459394254290374e-06
2019,2020,US5951121038,9.236002467605242e-07
2019,2020,US6005441000,4.098711112917464e-06
2019,2020,US6081901042,5.586872483962593e-06
2019,2020,US60871R2094,2.1689400912852857e-06
2019,2020,US6092071058,0.0
2019,2020,US6153691059,2.1399895367581538e-06
2019,2020,US6174464486,4.217421857230364e-06
2019,2020,US61945C1036,4.119227016545198e-06
2019,2020,US6200763075,1.698246613482317e-06
2019,2020,US6267171022,3.995656826735719e-06
2019,2020,US62886E1082,2.27179013483677e-06
2019,2020,US6293775085,5.14766690532984e-06
2019,2020,US62955J1034,2.6609177059510867e-06
2019,2020,US6311031081,2.4736464854381675e-06
2019,2020,US6361801011,3.889311836852613e-06
2019,2020,US6365181022,2.607850114544874e-06
2019,2020,US64110D1046,3.647055107249031e-06
2019,2020,US6501111073,1.0828081895730337e-06
2019,2020,US6512291062,3.172077726199426e-06
2019,2020,US6516391066,0.014323771007601042
2019,2020,US65249B1098,1.1274474678087605e-06
2019,2020,US65339F1012,7.141823500445619e-08
2019,2020,US6541061031,1.5093213202301837e-06
2019,2020,US65473P1057,1.3257281977397398e-07
2019,2020,US6556641008,2.6303346981133672e-06
2019,2020,US6558441084,2.492099568290711e-06
2019,2020,US6658591044,1.8488734886147386e-06
2019,2020,US6668071029,1.1892565348197484e-06
2019,2020,US6687711084,2.477356426200796e-06
2019,2020,US6703461052,2.8625858032379237e-06
2019,2020,US67066G1040,2.18421095333702e-06
2019,2020,US6708371033,1.1625193358695806e-06
2019,2020,US67098H1041,5.290107348775034e-06
2019,2020,US6745991058,2.803767247129377e-06
2019,2020,US6819191064,2.468381614955418e-06
2019,2020,US6821891057,3.7831233481414365e-06
2019,2020,US6826801036,1.0317857575120483e-06
2019,2020,US68389X1054,3.7592205186286255e-06
2019,2020,US6866881021,2.5027072742584595e-06
2019,2020,US6882392011,5.919534266224269e-06
2019,2020,US69036R8631,5.60975268543704e-07
2019,2020,US69331C1080,2.360884876184804e-06
2019,2020,US6934751057,1.726829435054669e-06
2019,2020,US6935061076,3.4421378017103793e-06
2019,2020,US69351T1060,6.178895142792334e-07
2019,2020,US6936561009,3.2625819630853257e-06
2019,2020,US6937181088,4.271623804878339e-06
2019,2020,US6951561090,2.504631239708207e-06
2019,2020,US7010941042,5.081289104399112e-06
2019,2020,US70211M1099,4.144097230128135e-06
2019,2020,US7043261079,9.8835187874894e-07
2019,2020,US7134481081,1.5232375016507574e-07
2019,2020,US7140461093,2.817302063411574e-06
2019,2020,US7170811035,1.484638581051915e-06
2019,2020,US7234841010,8.341569408788141e-07
2019,2020,US7237871071,3.032372631005586e-06
2019,2020,US7244791007,4.205077552794726e-06
2019,2020,US7310681025,4.701340720113592e-06
2019,2020,US74144T1088,3.6772545278394425e-06
2019,2020,US74251V1026,4.148990362283996e-06
2019,2020,US7427181091,2.255734647632623e-07
2019,2020,US7433151039,7.409346315586214e-07
2019,2020,US74340W1036,3.3857675887115526e-06
2019,2020,US7443201022,3.4003304175043763e-06
2019,2020,US7445731067,9.70546206015308e-07
2019,2020,US74460D1090,4.4348243513198885e-07
2019,2020,US7475251036,3.987612612035815e-06
2019,2020,US74762E1029,2.7034177572926327e-06
2019,2020,US74834L1008,1.4530762004882113e-06
2019,2020,US7509171069,1.019210914959227e-06
2019,2020,US75281A1097,1.0592651488835242e-07
2019,2020,US75513E1010,2.0254658505162923e-06
2019,2020,US7588491032,2.4467248287149764e-06
2019,2020,US75886F1075,3.614728790854195e-06
2019,2020,US7591EP1005,4.824790157542219e-06
2019,2020,US7593516047,2.8985001296556135e-06
2019,2020,US7595091023,3.465705050499668e-06
2019,2020,US7607591002,2.6331731431264136e-08
2019,2020,US7703231032,2.8146457443466796e-06
2019,2020,US7739031091,3.2254584025382987e-06
2019,2020,US7782961038,1.0201914940279344e-07
2019,2020,US7835491082,5.603047473612751e-06
2019,2020,US78409V1044,1.831734435072898e-06
2019,2020,US78410G1040,3.051923928144687e-07
2019,2020,US7841171033,4.256350065384871e-06
2019,2020,US78440X8873,2.241784518960206e-06
2019,2020,US78454L1008,7.4243003819141466e-06
2019,2020,US78473E1038,4.897211838923225e-06
2019,2020,US79466L3024,2.8788309551779388e-06
2019,2020,US8064071025,1.892146271218613e-06
2019,2020,US8101861065,0.0
2019,2020,US81211K1007,2.4861229950731683e-06
2019,2020,US8168511090,6.521085663338144e-07
2019,2020,US8243481061,2.1590769808483955e-06
2019,2020,US8288061091,9.754291220961835e-07
2019,2020,US8326964058,0.0
2019,2020,US8354951027,1.1601888650199536e-06
2019,2020,US8425871071,0.06475208378689695
2019,2020,US84265V1052,3.3605164258004534e-06
2019,2020,US8447411088,2.987409591026792e-06
2019,2020,US8454671095,1.2095930812618266e-06
2019,2020,US8485741099,1.2486005437903312e-06
2019,2020,US8545021011,2.7940813255946717e-06
2019,2020,US8552441094,1.2453360638935874e-06
2019,2020,US8574771031,4.4671969967329544e-06
2019,2020,US8581191009,3.827720149369032e-06
2019,2020,US8636671013,1.8195782531771067e-06
2019,2020,US8676524064,1.0734795614958345e-05
2019,2020,US8716071076,1.8580071245785818e-06
2019,2020,US87161C5013,6.0270433300923235e-06
2019,2020,US8718291078,1.4642029304884387e-06
2019,2020,US8725401090,0.0
2019,2020,US8760301072,1.1189967878858665e-06
2019,2020,US87612E1064,0.012605615747595082
2019,2020,US8803491054,7.1090093774258065e-06
2019,2020,US8807701029,2.5589902092957284e-06
2019,2020,US8807791038,8.820596720469896e-06
2019,2020,US8816242098,0.0
2019,2020,US8825081040,2.7245235949171022e-06
2019,2020,US8832031012,3.085616721138272e-06
2019,2020,US88337F1057,1.1660413172646343e-05
2019,2020,US8835561023,1.996279885974481e-06
2019,2020,US8851601018,4.471261144315947e-06
2019,2020,US88579Y1010,2.557550802154667e-06
2019,2020,US8873891043,5.268502083613156e-06
2019,2020,US8910921084,1.5052652657799834e-06
2019,2020,US89417E1091,1.8258304065112152e-06
2019,2020,US8962391004,3.7595826003963694e-06
2019,2020,US8965221091,5.3135616423135155e-06
2019,2020,US89832Q1094,1.7632454440013762e-06
2019,2020,US9024941034,0.0018676912154343825
2019,2020,US9026531049,7.045396522957735e-07
2019,2020,US9026811052,2.169420600390462e-06
2019,2020,US9029733048,8.538878558694857e-07
2019,2020,US9078181081,9.74795130605561e-07
2019,2020,US9111631035,2.759174339578284e-06
2019,2020,US9113121068,2.409028426107319e-06
2019,2020,US9113631090,8.062654423960137e-06
2019,2020,US9129091081,8.804189912469152e-06
2019,2020,US91324P1021,0.01788411023092638
2019,2020,US91529Y1064,2.9212068099907394e-06
2019,2020,US91822M5022,7.177134309183408e-06
2019,2020,US91913Y1001,4.990848500012064e-06
2019,2020,US92276F1003,1.6624572226046917e-06
2019,2020,US92343V1044,1.4792190408763991e-06
2019,2020,US92532F1003,0.0
2019,2020,US9255501051,5.101385729140629e-06
2019,2020,US92556V1061,3.326538155576393e-06
2019,2020,US9282981086,3.227625173798299e-06
2019,2020,US9290421091,2.400177669558241e-06
2019,2020,US9291601097,3.705802664069759e-06
2019,2020,US92922P1066,2.5370025729503884e-06
2019,2020,US92939U1060,2.1339010045753477e-07
2019,2020,US9297401088,4.056797892250881e-06
2019,2020,US9311421039,6.531936414045572e-07
2019,2020,US9314271084,2.3775440487603343e-06
2019,2020,US94106L1098,1.0879058652313541e-06
2019,2020,US9418481035,1.2965745517576097e-06
2019,2020,US9427491025,3.170897542297449e-06
2019,2020,US9497461015,1.678111913613835e-06
2019,2020,US95040Q1040,1.2533294735109318e-06
2019,2020,US95058W1009,1.6549662870755522e-06
2019,2020,US95082P1057,6.301721041972525e-06
2019,2020,US9581021055,4.429950816917731e-06
2019,2020,US9604131022,5.472005390652017e-06
2019,2020,US96145D1054,2.8719955320625065e-06
2019,2020,US9621661043,3.582296315079927e-06
2019,2020,US9633201069,5.839963412638305e-06
2019,2020,US9694571004,9.957687195725623e-07
2019,2020,US9699041011,2.36809652222963e-06
2019,2020,US9831341071,3.8728768311053465e-06
2019,2020,US98389B1008,1.0559963345929832e-07
2019,2020,US9839191015,9.517312453094369e-07
2019,2020,US98421M1062,2.739268955554883e-06
2019,2020,US9884981013,1.761016813892649e-06
2019,2020,US98956P1021,1.4207396729231072e-06
2020,2021,AN8068571086,5.798737670059126e-06
2020,2021,AT000000STR1,1.4702759639130838e-06
2020,2021,AT00000VIE62,3.98598391900939e-06
2020,2021,AT0000606306,3.850049299240161e-06
2020,2021,AT0000652011,4.46040246358903e-06
2020,2021,AT0000720008,0.0
2020,2021,AT0000730007,2.6892831407894763e-06
2020,2021,AT0000743059,4.7725178643620135e-06
2020,2021,AT0000746409,2.364118658490215e-06
2020,2021,AT0000831706,2.6189596262625206e-06
2020,2021,AT0000908504,2.0733430029497006e-06
2020,2021,AT0000937503,2.780965460833277e-06
2020,2021,AT0000938204,2.7055958484658326e-07
2020,2021,AT0000A21KS2,3.0732768331464567e-06
2020,2021,AU000000JHX1,2.2630330628767727e-06
2020,2021,BE0003470755,2.8816409883712453e-06
2020,2021,BE0003565737,3.224309653543607e-06
2020,2021,BE0003593044,7.045891454126989e-07
2020,2021,BE0003735496,0.004168848651548842
2020,2021,BE0003739530,2.624693349189905e-07
2020,2021,BE0003755692,2.305538791354524e-06
2020,2021,BE0003797140,1.6742974092566665e-06
2020,2021,BE0003810273,3.148788769088407e-07
2020,2021,BE0003822393,0.0
2020,2021,BE0974258874,2.896170601152418e-06
2020,2021,BE0974264930,2.520602847385419e-06
2020,2021,BE0974271034,6.230094860421822e-06
2020,2021,BE0974293251,2.559936890524465e-06
2020,2021,BE0974320526,3.003729067917666e-06
2020,2021,BMG850801025,2.048813019372672e-06
2020,2021,CA00208D4084,4.837119985342307e-06
2020,2021,CA0084741085,3.363733191191655e-06
2020,2021,CA00900Q1037,2.5337331976751234e-06
2020,2021,CA01626P1484,8.785076235593412e-07
2020,2021,CA05534B7604,7.43245885323637e-07
2020,2021,CA0636711016,1.244220312920458e-06
2020,2021,CA0641491075,1.8339697322530456e-06
2020,2021,CA0977518616,8.957026738739626e-06
2020,2021,CA1247651088,2.697826842685977e-06
2020,2021,CA12532H1047,2.532163693937579e-06
2020,2021,CA13321L1085,2.4156989725482477e-06
2020,2021,CA1360691010,1.4602351792416907e-06
2020,2021,CA1363751027,1.9605077632705716e-06
2020,2021,CA1363851017,5.396713578147756e-06
2020,2021,CA13646K1084,1.6867769811877562e-06
2020,2021,CA1366812024,9.388672787539746e-07
2020,2021,CA1367178326,7.60542516486827e-07
2020,2021,CA2849025093,1.4520075974068635e-06
2020,2021,CA2918434077,0.045733606130866515
2020,2021,CA29250N1050,1.122430572331832e-06
2020,2021,CA2927661025,7.932414695407725e-06
2020,2021,CA3180714048,3.407551796099117e-06
2020,2021,CA3359341052,3.7557015617377318e-06
2020,2021,CA3495531079,2.1391589947431428e-07
2020,2021,CA3518581051,2.9092249156462576e-06
2020,2021,CA3759161035,2.6509982645051643e-06
2020,2021,CA39138C1068,1.0687314695155986e-06
2020,2021,CA4495861060,2.8225165383037745e-06
2020,2021,CA4530384086,3.8295437403787035e-06
2020,2021,CA45823T1066,7.012495832123604e-07
2020,2021,CA4969024047,2.3534882786190714e-06
2020,2021,CA5394811015,0.03864263421310475
2020,2021,CA5592224011,4.745419608832318e-06
2020,2021,CA56501R1064,3.429053489217262e-06
2020,2021,CA59151K1084,2.6457658448230563e-06
2020,2021,CA59162N1096,0.0054301083307718165
2020,2021,CA6744822033,7.152256697722049e-06
2020,2021,CA6837151068,2.0049869481279638e-06
2020,2021,CA7392391016,1.5771355240683005e-06
2020,2021,CA74022D4075,5.094625791518724e-06
2020,2021,CA7669101031,1.7463662248505539e-06
2020,2021,CA7751092007,1.144647835478445e-06
2020,2021,CA7800871021,1.434698995019598e-06
2020,2021,CA8029121057,1.0550581124020494e-06
2020,2021,CA82028K2002,1.9018376629606063e-06
2020,2021,CA8239011031,3.428897210441353e-06
2020,2021,CA85472N1096,6.800648707360277e-07
2020,2021,CA8667961053,1.3686938356697668e-06
2020,2021,CA8672241079,5.422167280397084e-06
2020,2021,CA87807B1076,5.961637500653696e-08
2020,2021,CA8787422044,2.825472966552189e-06
2020,2021,CA87971M1032,2.0178857430589372e-06
2020,2021,CA8849038085,6.294788480216506e-07
2020,2021,CA8911605092,1.5841430991470625e-06
2020,2021,CA89346D1078,8.206473761318291e-07
2020,2021,CA8959451037,5.538164831110555e-06
2020,2021,CA9611485090,6.408902741843286e-07
2020,2021,CA98462Y1007,2.151153173166688e-06
2020,2021,CH0000816824,4.436184591108445e-06
2020,2021,CH0008038389,0.0
2020,2021,CH0008742519,7.113871820759837e-08
2020,2021,CH0010570759,9.138930121302556e-07
2020,2021,CH0010645932,1.34166096927267e-06
2020,2021,CH0011075394,6.717198891951715e-07
2020,2021,CH0012005267,4.4108748817778214e-07
2020,2021,CH0012032048,2.4864513583388468e-08
2020,2021,CH0012138530,2.18011179297043e-06
2020,2021,CH0012138605,3.0908405250812225e-06
2020,2021,CH0012142631,3.0363481113157694e-06
2020,2021,CH0012214059,3.7182845161159827e-06
2020,2021,CH0012221716,2.3267814824881284e-06
2020,2021,CH0012255151,2.0052220467667224e-06
2020,2021,CH0012549785,3.9189110950418503e-07
2020,2021,CH0013841017,6.15422452379481e-07
2020,2021,CH0014786500,1.0363845055214017e-06
2020,2021,CH0014852781,2.598472487839061e-06
2020,2021,CH0018294154,0.0
2020,2021,CH0024608827,2.1267957753254493e-06
2020,2021,CH0024638212,1.1118788407677043e-06
2020,2021,CH0025238863,1.6474632140477704e-06
2020,2021,CH0025751329,4.081592529246521e-06
2020,2021,CH0030170408,1.445725204444912e-06
2020,2021,CH0038388911,5.750367777940985e-06
2020,2021,CH0038863350,1.0361384667908523e-06
2020,2021,CH0044328745,1.2051933885734026e-06
2020,2021,CH0048265513,1.0775802108287287e-05
2020,2021,CH0102484968,1.532215724871286e-06
2020,2021,CH0126881561,2.2849668092908198e-06
2020,2021,CH0198251305,3.4095902387813315e-06
2020,2021,CH0210483332,4.116526976593532e-06
2020,2021,CH0244767585,2.460597742852915e-06
2020,2021,CH0319416936,2.6854621211368184e-06
2020,2021,CH0418792922,9.330901389366315e-07
2020,2021,CH1169151003,3.3944325412457893e-06
2020,2021,CH1175448666,2.559303054839313e-06
2020,2021,CH1256740924,2.241461983380999e-06
2020,2021,DE0005089031,3.3901471701910413e-06
2020,2021,DE0005140008,2.2295862243595128e-06
2020,2021,DE0005190003,3.4799964746841844e-06
2020,2021,DE0005200000,2.2809019182831534e-06
2020,2021,DE0005408884,5.883407323475393e-06
2020,2021,DE0005439004,5.0930537642060916e-06
2020,2021,DE0005470405,5.632175537762498e-06
2020,2021,DE0005552004,2.7398342747708305e-06
2020,2021,DE0005557508,1.5712661827792784e-06
2020,2021,DE0005773303,4.548401530971559e-06
2020,2021,DE0005785604,3.0970439009841487e-06
2020,2021,DE0005785802,1.659909751985764e-06
2020,2021,DE0005810055,1.7139596087441195e-06
2020,2021,DE0005909006,4.077845331152963e-06
2020,2021,DE0006047004,4.682049900317247e-06
2020,2021,DE0006048432,1.7454899326377522e-06
2020,2021,DE0006070006,5.679591665727356e-06
2020,2021,DE0006202005,4.921335343857892e-06
2020,2021,DE0006231004,3.6667512713391737e-06
2020,2021,DE0006569908,1.8574775154036024e-06
2020,2021,DE0006599905,6.758473956067847e-07
2020,2021,DE0006602006,5.251134565294831e-06
2020,2021,DE0006969603,0.0
2020,2021,DE0007030009,5.547273408913765e-06
2020,2021,DE0007037129,1.5030394358857257e-06
2020,2021,DE0007042301,0.04964193625347533
2020,2021,DE0007100000,4.488111817211258e-06
2020,2021,DE0007164600,2.9998773764203494e-06
2020,2021,DE0007236101,3.11245491789551e-06
2020,2021,DE0007257503,3.6526451428626095e-06
2020,2021,DE0007297004,1.6996639241335847e-06
2020,2021,DE0007314007,5.011089014039298e-06
2020,2021,DE0007500001,7.483460277866087e-06
2020,2021,DE0007507501,2.788894956631352e-06
2020,2021,DE0007664039,2.6170659679351517e-06
2020,2021,DE0008232125,5.147882849459616e-06
2020,2021,DE0008402215,1.6321893041739395e-06
2020,2021,DE0008404005,3.28799605826703e-06
2020,2021,DE0008430026,2.026329062190992e-06
2020,2021,DE000A0D6554,4.641157694681588e-06
2020,2021,DE000A0D9PT0,3.154856805969315e-06
2020,2021,DE000A0S8488,2.7089794276979207e-06
2020,2021,DE000A0WMPJ6,8.192607176413353e-07
2020,2021,DE000A1EWWW0,2.105660379937309e-06
2020,2021,DE000A2GS401,5.4525776458191895e-06
2020,2021,DE000BASF111,4.057765268081855e-06
2020,2021,DE000BAY0017,4.042426767725959e-06
2020,2021,DE000CBK1001,2.8283132512620796e-06
2020,2021,DE000CLS1001,1.4895704311638216e-06
2020,2021,DE000ENAG999,1.1741655220706321e-07
2020,2021,DE000KSAG888,3.6093950799303286e-06
2020,2021,DE000PSM7770,4.9352186339670956e-06
2020,2021,DE000TUAG505,6.501774565601247e-06
2020,2021,DK0010181759,2.3461431323407817e-06
2020,2021,DK0010234467,3.5509292890316473e-06
2020,2021,DK0010244508,3.21007759963803e-06
2020,2021,DK0010272632,8.097869725963676e-07
2020,2021,DK0010274414,1.423294385728449e-06
2020,2021,DK0010287663,5.015752418783293e-06
2020,2021,DK0010307958,1.7359121866062508e-06
2020,2021,DK0010311471,2.505018905890332e-06
2020,2021,DK0060079531,1.82290927308467e-06
2020,2021,DK0060336014,6.069524301176019e-07
2020,2021,DK0060448595,2.6272120295769805e-07
2020,2021,DK0060477503,0.0
2020,2021,DK0060636678,2.5185460678916314e-08
2020,2021,DK0060738599,1.1079299872219811e-06
2020,2021,DK0061539921,1.8060755199571523e-06
2020,2021,ES0109427734,0.0
2020,2021,ES0112501012,2.1730215231364375e-07
2020,2021,ES0113211835,2.1147582761146433e-06
2020,2021,ES0113679I37,2.371140656870265e-06
2020,2021,ES0113860A34,2.0736905500328206e-07
2020,2021,ES0113900J37,1.4332642533891125e-06
2020,2021,ES0116870314,1.9318956325107858e-06
2020,2021,ES0117160111,2.147690566035317e-06
2020,2021,ES0118594417,2.855270679686142e-06
2020,2021,ES0122060314,1.4629300463307527e-07
2020,2021,ES0124244E34,3.372440007757521e-06
2020,2021,ES0125220311,0.0
2020,2021,ES0130670112,1.3002134263334062e-06
2020,2021,ES0130960018,1.6955599097188642e-06
2020,2021,ES0132105018,3.375909645509344e-06
2020,2021,ES0134950F36,2.078695971571999e-06
2020,2021,ES0142090317,4.956877549910916e-06
2020,2021,ES0144580Y14,1.4802332622760442e-07
2020,2021,ES0148396007,1.7960136841287057e-06
2020,2021,ES0152503035,3.2722579515548115e-07
2020,2021,ES0161560018,3.4783657466975783e-06
2020,2021,ES0167050915,3.7988998857842285e-06
2020,2021,ES0171743901,0.0
2020,2021,ES0171996087,1.0533385477768612e-06
2020,2021,ES0173093024,1.4818341779460995e-06
2020,2021,ES0173516115,3.035632159127344e-06
2020,2021,ES0178430E18,2.049511524381374e-06
2020,2021,ES0182870214,5.728157660208289e-06
2020,2021,ES0184933812,2.2640008159527765e-06
2020,2021,FI0009000202,2.8838661466791508e-08
2020,2021,FI0009000277,3.413564450618791e-06
2020,2021,FI0009000459,2.162517906914919e-06
2020,2021,FI0009000681,0.0
2020,2021,FI0009002158,5.101345815376442e-06
2020,2021,FI0009002422,1.4061179740135919e-06
2020,2021,FI0009003727,1.6571731774404893e-06
2020,2021,FI0009005318,2.9164718515044793e-06
2020,2021,FI0009005870,4.553132017220255e-06
2020,2021,FI0009005961,2.6416213274947327e-06
2020,2021,FI0009005987,2.639208896116403e-06
2020,2021,FI0009007132,2.6089499460166644e-06
2020,2021,FI0009007694,7.102241584746293e-07
2020,2021,FI0009007884,0.0
2020,2021,FI0009013296,1.368805186817488e-06
2020,2021,FI0009013403,2.6136427349582417e-06
2020,2021,FI0009800643,1.6340658989091756e-06
2020,2021,FI4000440664,4.173029553375091e-06
2020,2021,FR0000035081,5.0559290695476894e-06
2020,2021,FR0000039109,3.6869486347406073e-06
2020,2021,FR0000044448,4.8489587422499875e-06
2020,2021,FR0000045072,4.702971104802416e-06
2020,2021,FR0000051070,4.505494595546507e-06
2020,2021,FR0000052292,2.9029966627763836e-06
2020,2021,FR0000054900,1.669884346767692e-06
2020,2021,FR0000064578,4.9856122263355735e-06
2020,2021,FR0000073272,3.1559168539728417e-06
2020,2021,FR0000077919,2.440798002308727e-06
2020,2021,FR0000120073,1.445258706471985e-06
2020,2021,FR0000120172,8.203785333044867e-07
2020,2021,FR0000120222,2.6224683879475314e-06
2020,2021,FR0000120271,2.7904383443144828e-06
2020,2021,FR0000120321,2.3086155773026524e-06
2020,2021,FR0000120404,3.95578211659037e-06
2020,2021,FR0000120503,1.9260157741889126e-06
2020,2021,FR0000120560,0.01906297404371143
2020,2021,FR0000120578,1.1569428081447719e-06
2020,2021,FR0000120628,3.7950731521537097e-06
2020,2021,FR0000120644,2.5526931481930984e-06
2020,2021,FR0000120693,2.09065167818397e-06
2020,2021,FR0000120859,5.118804425714963e-06
2020,2021,FR0000120966,1.952475617467295e-06
2020,2021,FR0000121014,3.1548099378088836e-06
2020,2021,FR0000121121,4.129366484105098e-06
2020,2021,FR0000121204,4.1991482763325735e-06
2020,2021,FR0000121220,1.7967542767582589e-06
2020,2021,FR0000121329,2.340830260460453e-06
2020,2021,FR0000121485,2.510069272396207e-06
2020,2021,FR0000121667,1.8684872392121205e-06
2020,2021,FR0000121964,6.2845402276073845e-06
2020,2021,FR0000121972,2.801536210859276e-06
2020,2021,FR0000124141,2.1314816278267133e-06
2020,2021,FR0000125007,4.005007629128494e-06
2020,2021,FR0000125338,3.912776140081538e-06
2020,2021,FR0000125486,3.25585775186113e-06
2020,2021,FR0000127771,1.2487918684003926e-06
2020,2021,FR0000130213,2.0647090391368684e-06
2020,2021,FR0000130395,2.4358893588726633e-06
2020,2021,FR0000130403,4.124445562351136e-06
2020,2021,FR0000130452,6.291716116913396e-06
2020,2021,FR0000130577,1.4941260662598525e-06
2020,2021,FR0000130809,3.820512355821933e-06
2020,2021,FR0000131104,4.632039222143526e-06
2020,2021,FR0000131757,4.1369071428870764e-06
2020,2021,FR0000131906,6.164769569603867e-06
2020,2021,FR0000133308,5.783967505239515e-07
2020,2021,FR0010040865,3.914339467396461e-06
2020,2021,FR0010220475,4.162318553860098e-06
2020,2021,FR0010242511,0.0
2020,2021,FR0010307819,2.7590394688266154e-06
2020,2021,FR0010313833,3.474622975150784e-06
2020,2021,FR0010340141,3.5481835446170214e-06
2020,2021,FR0010411983,1.6291819640306495e-06
2020,2021,FR0010533075,3.065328380896711e-06
2020,2021,FR0013176526,6.119971053200838e-06
2020,2021,FR0013280286,1.8783602010732042e-06
2020,2021,FR0013326246,5.6867916056347075e-06
2020,2021,FR0013505062,4.876029357653944e-06
2020,2021,FR0013506730,7.87860406557996e-06
2020,2021,FR0014003TT8,1.965602892253987e-06
2020,2021,FR001400AJ45,3.361202165113989e-06
2020,2021,GB0000163088,1.743203442844231e-06
2020,2021,GB0000365774,9.60183462548178e-07
2020,2021,GB0000456144,3.171554328849654e-06
2020,2021,GB0000536739,1.544689214530678e-07
2020,2021,GB0000811801,3.276252451078211e-06
2020,2021,GB0000904986,2.286465226665384e-06
2020,2021,GB0000961622,2.6265086417519396e-06
2020,2021,GB0001048619,3.3847808262518245e-07
2020,2021,GB0001110096,2.377763984663978e-06
2020,2021,GB0001367019,5.470139002633953e-06
2020,2021,GB0001500809,7.00796145443197e-06
2020,2021,GB0001570810,5.861641106687306e-06
2020,2021,GB0001638955,3.079383945707561e-06
2020,2021,GB0001667087,6.919567889897822e-07
2020,2021,GB0001765816,3.160751083296922e-06
2020,2021,GB0001795680,1.4668294850322042e-06
2020,2021,GB0001826634,0.0
2020,2021,GB0001859296,4.388620819573076e-06
2020,2021,GB0002015021,4.360174829143579e-06
2020,2021,GB0002018363,5.165412910491509e-07
2020,2021,GB0002074580,8.96267176177462e-07
2020,2021,GB0002148343,2.3188086030655605e-06
2020,2021,GB0002318888,6.59553689903603e-07
2020,2021,GB0002374006,1.3257807739077848e-06
2020,2021,GB0002418548,6.36526056767543e-06
2020,2021,GB0002634946,1.1271334824952859e-06
2020,2021,GB0002652740,2.852099558690309e-06
2020,2021,GB0002670437,1.9591688299873687e-06
2020,2021,GB0002869419,1.5088268534206956e-06
2020,2021,GB0002875804,2.5842324948395393e-06
2020,2021,GB0003062816,7.003722118611771e-07
2020,2021,GB0003096442,2.7583482345459375e-06
2020,2021,GB0003308607,1.6209140021260213e-06
2020,2021,GB0003395000,4.935493547070602e-07
2020,2021,GB0003452173,7.132985069318926e-07
2020,2021,GB0003718474,0.0
2020,2021,GB0003753778,3.5120417110462004e-06
2020,2021,GB0004052071,1.3000523903037642e-06
2020,2021,GB0004082847,1.3237675166646448e-06
2020,2021,GB0004161021,5.005550014222609e-06
2020,2021,GB0004170089,2.2994984063296924e-06
2020,2021,GB0004270301,3.3331310187125834e-06
2020,2021,GB0004478896,2.7393482574811107e-06
2020,2021,GB0004544929,1.1002019090263524e-06
2020,2021,GB0004657408,2.2938387967590034e-06
2020,2021,GB0004726096,1.2392024208107431e-06
2020,2021,GB0004866223,5.765653537625912e-06
2020,2021,GB0004915632,3.688455298109018e-07
2020,2021,GB0005405286,8.49689928492731e-07
2020,2021,GB0005576813,1.2484537605863632e-06
2020,2021,GB0005603997,4.532331639740965e-06
2020,2021,GB0005630420,1.975257427108799e-06
2020,2021,GB0005746358,2.356957982901056e-06
2020,2021,GB0005758098,3.495101330603642e-06
2020,2021,GB0005790059,6.013141661925949e-06
2020,2021,GB0006027295,3.3470587894976594e-06
2020,2021,GB0006215205,1.7398249824752378e-06
2020,2021,GB0006449366,5.129791347442221e-06
2020,2021,GB0006640972,4.980475347840075e-06
2020,2021,GB0006650450,0.0
2020,2021,GB0006731235,2.10544792327135e-06
2020,2021,GB0006776081,0.010614923372151665
2020,2021,GB0006825383,2.8834732528700625e-06
2020,2021,GB0006886666,2.779759557627567e-07
2020,2021,GB0006928617,3.2872461883279948e-06
2020,2021,GB0006963689,2.5609976800402203e-06
2020,2021,GB0007099541,3.6967056243498184e-06
2020,2021,GB0007188757,2.642396488945852e-06
2020,2021,GB0007323586,2.0809054781516477e-06
2020,2021,GB0007370074,6.847883067687403e-07
2020,2021,GB0007388407,2.1640795849196603e-06
2020,2021,GB0007594764,6.133976799709265e-06
2020,2021,GB0007668071,1.934608360335904e-06
2020,2021,GB0007669376,4.3661142718124784e-06
2020,2021,GB0007689002,4.347563045650014e-06
2020,2021,GB0007908733,7.909874402297153e-07
2020,2021,GB0007958233,5.399122214371034e-06
2020,2021,GB0007973794,1.5366279965207533e-06
2020,2021,GB0007980591,3.2553312866972663e-06
2020,2021,GB0008025412,5.9466604403418284e-06
2020,2021,GB0008085614,1.3554235668381415e-07
2020,2021,GB0008220112,4.333722676749184e-06
2020,2021,GB0008475088,2.228316839357665e-06
2020,2021,GB0008481250,3.099358736866942e-06
2020,2021,GB0008706128,2.0102549920835236e-06
2020,2021,GB0008711763,1.3291120432539098e-06
2020,2021,GB0008782301,3.6343015822399756e-06
2020,2021,GB0008794710,0.008695205908783407
2020,2021,GB0009067447,0.002935487084042844
2020,2021,GB0009123323,0.0
2020,2021,GB0009223206,8.690870988321043e-07
2020,2021,GB0009286963,1.6288680837544985e-06
2020,2021,GB0009292243,3.45467146384005e-06
2020,2021,GB0009296665,2.43765407947663e-06
2020,2021,GB0009465807,4.127164292080569e-06
2020,2021,GB0009633180,0.0
2020,2021,GB0009692319,2.4339778588493405e-06
2020,2021,GB0009697037,3.4496375489164878e-06
2020,2021,GB0009895292,2.0589282799164707e-06
2020,2021,GB0022569080,2.163574476483254e-06
2020,2021,GB0030181522,2.2433662805589347e-06
2020,2021,GB0030232317,2.647542695563729e-06
2020,2021,GB0030329360,2.777145337990807e-06
2020,2021,GB0030913577,1.7257609108013058e-06
2020,2021,GB0031274896,2.9597123324239028e-06
2020,2021,GB0031348658,4.186956676733374e-06
2020,2021,GB0031638363,1.827970052621609e-06
2020,2021,GB0031743007,3.5209906809996737e-06
2020,2021,GB0032089863,1.0309295273389631e-06
2020,2021,GB0033195214,1.1644940025785628e-06
2020,2021,GB0033986497,2.9290451892952847e-06
2020,2021,GB00B00FPT80,1.551899613526539e-06
2020,2021,GB00B012BV22,1.4113154223413862e-06
2020,2021,GB00B012TP20,2.543935028986135e-06
2020,2021,GB00B019KW72,6.782038265831805e-07
2020,2021,GB00B01QGK86,1.1870629934576546e-06
2020,2021,GB00B02J6398,1.736305124150777e-06
2020,2021,GB00B033F229,2.1015693857504586e-06
2020,2021,GB00B03HDJ73,5.743937282365451e-06
2020,2021,GB00B04V1276,2.6213002787650255e-06
2020,2021,GB00B06QFB75,6.109805723236633e-08
2020,2021,GB00B0744359,3.4567401005418915e-06
2020,2021,GB00B0744B38,1.8493566512721104e-06
2020,2021,GB00B082RF11,9.551435180799267e-07
2020,2021,GB00B0FYMT95,0.0
2020,2021,GB00B0KM9T71,5.0551362808345295e-06
2020,2021,GB00B0LCW083,2.6252520965960685e-06
2020,2021,GB00B0N8QD54,1.4356429997919676e-06
2020,2021,GB00B0SWJX34,1.7185176737405334e-06
2020,2021,GB00B0WMWD03,3.5665185637625163e-07
2020,2021,GB00B0YG1K06,4.929774799334343e-06
2020,2021,GB00B128J450,3.627349044716756e-06
2020,2021,GB00B132NW22,3.3812805034397548e-06
2020,2021,GB00B135BJ46,2.235562543453554e-06
2020,2021,GB00B17MMZ46,3.7594410148028973e-06
2020,2021,GB00B18P5K83,1.992573356413821e-06
2020,2021,GB00B19Z1432,0.0
2020,2021,GB00B1FH8J72,1.3640437321389278e-06
2020,2021,GB00B1FP6H53,3.966774278010619e-06
2020,2021,GB00B1FW5029,7.00701920316159e-06
2020,2021,GB00B1G5HX72,4.2184755629606005e-07
2020,2021,GB00B1JQDM80,4.534080894294755e-06
2020,2021,GB00B1KJJ408,3.754405259124852e-06
2020,2021,GB00B1L5QH97,5.522622306944064e-06
2020,2021,GB00B1P6ZR11,6.2592498453443464e-06
2020,2021,GB00B1VNSX38,1.4757325200643065e-06
2020,2021,GB00B1WY2338,1.4723209449527573e-06
2020,2021,GB00B1XH2C03,2.1473808284010852e-06
2020,2021,GB00B1YW4409,3.123893197007332e-06
2020,2021,GB00B27YGJ97,2.589597687498157e-06
2020,2021,GB00B2B0DG97,1.729759402696569e-06
2020,2021,GB00B2NGPM57,3.448245643357502e-06
2020,2021,GB00B2PDGW16,3.4225685891467793e-06
2020,2021,GB00B39J2M42,8.502255356249617e-07
2020,2021,GB00B3CX3644,0.010052485172659352
2020,2021,GB00B3DGH821,0.003611032739393661
2020,2021,GB00B3FLWH99,3.62432906733164e-06
2020,2021,GB00B41H7391,4.081805047158433e-06
2020,2021,GB00B45C9X44,3.62545384951905e-07
2020,2021,GB00B572ZV91,5.635125708451713e-06
2020,2021,GB00B5N0P849,2.91720464002044e-06
2020,2021,GB00B5ZN1N88,3.0653367693087655e-06
2020,2021,GB00B61TVQ02,4.805146708853988e-06
2020,2021,GB00B63H8491,3.0800469664726173e-06
2020,2021,GB00B63QSB39,3.0093629779492764e-06
2020,2021,GB00B64NSP76,6.6548216248423276e-06
2020,2021,GB00B67G5X01,2.899753749974671e-06
2020,2021,GB00B6XZKY75,0.0
2020,2021,GB00B6YTLS95,2.6100403555417495e-06
2020,2021,GB00B71N6K86,0.0
2020,2021,GB00B7KR2P84,3.703858482394293e-06
2020,2021,GB00B82YXW83,3.6720184233315035e-06
2020,2021,GB00B8B4R053,1.2741740453176088e-06
2020,2021,GB00B8C3BL03,3.052211843502503e-06
2020,2021,GB00BD6K4575,1.0349740316433454e-06
2020,2021,GB00BDCPN049,1.5270307397902379e-06
2020,2021,GB00BDFBVT43,3.186748020664843e-06
2020,2021,GB00BDR05C01,3.3960191622639053e-07
2020,2021,GB00BF044593,2.035645261312412e-06
2020,2021,GB00BF5H9P87,2.7820914701542877e-06
2020,2021,GB00BF8Q6K64,2.8808644820895343e-06
2020,2021,GB00BG11K365,1.914041842983939e-06
2020,2021,GB00BGDT3G23,2.6829694363897072e-06
2020,2021,GB00BGLP8L22,3.73769737668082e-06
2020,2021,GB00BH4HKS39,1.956941808424024e-06
2020,2021,GB00BHJYC057,1.3581450673296858e-06
2020,2021,GB00BJ1F4N75,1.649641735895763e-06
2020,2021,GB00BJFFLV09,1.8672994019437912e-06
2020,2021,GB00BJQZC279,2.113013891914564e-06
2020,2021,GB00BJT0FF39,3.4515279504845074e-06
2020,2021,GB00BK9RKT01,3.912375242455001e-06
2020,2021,GB00BKP36R26,6.2732596401338785e-06
2020,2021,GB00BKY40Q38,1.0858386016758832e-06
2020,2021,GB00BL6XZ716,7.555310734460118e-06
2020,2021,GB00BLGZ9862,1.972150389018347e-06
2020,2021,GB00BM8PJY71,3.2544277623864925e-06
2020,2021,GB00BM8Q5M07,1.9461796158042696e-06
2020,2021,GB00BMJ6DW54,2.857469592628452e-06
2020,2021,GB00BN7SWP63,1.9303165235310933e-06
2020,2021,GB00BNGDN821,4.677430300875715e-06
2020,2021,GB00BNNTLN49,2.0550804388751537e-07
2020,2021,GB00BNR4T868,2.88609539980644e-06
2020,2021,GB00BP6MXD84,2.5764415186666052e-06
2020,2021,GB00BP92CJ43,1.9129543046439653e-06
2020,2021,GB00BP9LHF23,2.890996165068631e-06
2020,2021,GB00BPQY8M80,3.2613713590946354e-06
2020,2021,GB00BRB37M78,1.3606521392082561e-05
2020,2021,GB00BRKD9Z53,1.5034447946745702e-06
2020,2021,GB00BV9FP302,1.0404510901111522e-06
2020,2021,GB00BVFNZH21,2.0327903025612275e-06
2020,2021,GB00BWFGQN14,1.3336022037763918e-06
2020,2021,GB00BYQ0JC66,3.458559417376955e-06
2020,2021,GB00BYRJ5J14,0.12707222159979117
2020,2021,GB00BYT1DJ19,5.748201994491534e-06
2020,2021,GB00BYW0PQ60,5.15319738494541e-06
2020,2021,GB00BYYTFB60,2.334624150332346e-06
2020,2021,GB00BYZN9041,4.1658278751857395e-06
2020,2021,GB00BZ4BQC70,2.916750395931817e-06
2020,2021,IE0001827041,2.556290307610648e-06
2020,2021,IE0002424939,4.283414762518271e-06
2020,2021,IE0003864109,3.306789932601929e-06
2020,2021,IE0004906560,2.3548613831311354e-06
2020,2021,IE0004927939,0.0033700447148325503
2020,2021,IE00B00MZ448,2.6535053672048407e-06
2020,2021,IE00B4BNMY34,2.361736085519834e-06
2020,2021,IE00B8KQN827,3.112812843184401e-06
2020,2021,IE00BD1RP616,4.7577876765022535e-06
2020,2021,IE00BDB6Q211,1.4530556036838083e-07
2020,2021,IE00BF0L3536,1.0960367627406156e-05
2020,2021,IE00BGH1M568,8.449449470439948e-07
2020,2021,IE00BJ3V9050,0.0
2020,2021,IE00BK9ZQ967,1.639205620727229e-06
2020,2021,IE00BLP1HW54,1.6257331730242712e-06
2020,2021,IE00BLS09M33,2.7806737669871015e-06
2020,2021,IE00BTN1Y115,1.0485701621624882e-06
2020,2021,IE00BWT6H894,0.024509187275086015
2020,2021,IE00BY7QL619,2.0467772880687725e-06
2020,2021,IL0002300114,1.3584951744582995e-06
2020,2021,IL0002730112,1.1919815278835252e-06
2020,2021,IL0002810146,2.141333136735131e-06
2020,2021,IL0005930388,1.7173505630667718e-06
2020,2021,IL0006046119,2.134453940981037e-06
2020,2021,IL0006625771,1.1979047302715672e-06
2020,2021,IL0006954379,1.6325932978898185e-06
2020,2021,IL0010811243,0.0
2020,2021,IT0000062072,2.5960294277496436e-06
2020,2021,IT0000062957,3.5741216661958622e-06
2020,2021,IT0000066123,3.251942160668904e-07
2020,2021,IT0000072618,2.4159491703953063e-06
2020,2021,IT0000784154,1.4867702639537963e-06
2020,2021,IT0000784196,5.133670699671661e-08
2020,2021,IT0001137345,5.695701935696503e-06
2020,2021,IT0001233417,2.293431497044354e-06
2020,2021,IT0001347308,3.991788144304304e-06
2020,2021,IT0001469383,3.1857392680077503e-06
2020,2021,IT0003128367,1.047128034618332e-06
2020,2021,IT0003132476,3.14741169858323e-06
2020,2021,IT0003153415,8.270277654286484e-07
2020,2021,IT0003242622,8.978615701511654e-07
2020,2021,IT0003497168,1.7689745463053724e-06
2020,2021,IT0003506190,2.4254537019934866e-06
2020,2021,IT0003856405,3.460388243945492e-06
2020,2021,IT0004810054,5.537774357006456e-07
2020,2021,IT0004827447,1.968668809352962e-06
2020,2021,IT0005218380,0.0
2020,2021,IT0005239360,2.8934505725008016e-06
2020,2021,IT0005495657,4.401339786823191e-06
2020,2021,IT0005496473,0.0
2020,2021,IT0005508921,0.0
2020,2021,JE00B8KF9B49,3.5768673325589232e-06
2020,2021,JE00BJ1DLW90,3.202010465010474e-06
2020,2021,LR0008862868,6.097952445741311e-06
2020,2021,LU0075646355,4.082280088774819e-06
2020,2021,NL0000008977,2.424973775634821e-06
2020,2021,NL0000009082,0.0
2020,2021,NL0000009165,2.746504609743824e-06
2020,2021,NL0000009538,1.5814826533261245e-06
2020,2021,NL0000226223,5.260299337385274e-07
2020,2021,NL0000235190,2.3654083832984257e-06
2020,2021,NL0000289213,5.076897993248627e-06
2020,2021,NL0000337319,2.670696323324551e-06
2020,2021,NL0000360618,1.8191042272891032e-06
2020,2021,NL0000379121,1.44399625714247e-06
2020,2021,NL0000395903,8.607096110040918e-07
2020,2021,NL0006237562,1.6084056491952222e-06
2020,2021,NL0009432491,0.03189194389870868
2020,2021,NL0010273215,1.3717037527297822e-06
2020,2021,NL0010583399,0.0057122863169822135
2020,2021,NL0011794037,7.028795894261538e-07
2020,2021,NL0011821202,4.396830720970992e-06
2020,2021,NL0013267909,2.678700476480827e-06
2020,2021,NL0013332471,2.9671229098949906e-06
2020,2021,NL00150001Q9,2.9161891432050987e-06
2020,2021,NL00150003E1,4.763966854383046e-06
2020,2021,NL0015001FS8,2.679077949589871e-06
2020,2021,NL0015435975,2.78815415390858e-06
2020,2021,NO0003028904,3.943076687015478e-06
2020,2021,NO0003053605,1.7707451338084419e-06
2020,2021,NO0003054108,1.6616025272379227e-06
2020,2021,NO0003078800,7.237284617286013e-06
2020,2021,NO0003733800,9.989938572002904e-07
2020,2021,NO0005052605,4.165212459355883e-06
2020,2021,NO0010063308,5.271723592776632e-07
2020,2021,NO0010096985,2.4352962973885525e-06
2020,2021,NO0010199151,5.261524585153226e-06
2020,2021,NO0010208051,2.222686800663566e-06
2020,2021,NO0010215684,7.961462666370834e-07
2020,2021,NO0010861990,0.0
2020,2021,NO0012470089,2.2621104538324377e-06
2020,2021,PA1436583006,3.8449856238795316e-06
2020,2021,PTBCP0AM0015,4.188701958295593e-06
2020,2021,PTEDP0AM0009,1.1903185102538808e-06
2020,2021,PTJMT0AE0001,3.6862500243658594e-07
2020,2021,PTSON0AM0001,3.3523759927095045e-06
2020,2021,PTZON0AM0006,2.9185367332549805e-06
2020,2021,SE0000106270,9.226857074962915e-07
2020,2021,SE0000108227,3.1774122025420573e-06
2020,2021,SE0000108656,5.951487119456762e-07
2020,2021,SE0000112724,1.872236069326581e-06
2020,2021,SE0000113250,2.716429346340922e-06
2020,2021,SE0000114837,3.621264435705473e-06
2020,2021,SE0000148884,1.7074818371109865e-06
2020,2021,SE0000163594,2.918390407291802e-06
2020,2021,SE0000163628,3.157234735081088e-07
2020,2021,SE0000171100,3.0423895874934436e-06
2020,2021,SE0000190126,2.1424753564231165e-06
2020,2021,SE0000202624,2.4729656289500297e-06
2020,2021,SE0000242455,2.122047121499335e-06
2020,2021,SE0000379190,2.3215939353508813e-06
2020,2021,SE0000667891,3.338479262362062e-06
2020,2021,SE0000667925,0.0
2020,2021,SE0000695876,3.135225416764145e-06
2020,2021,SE0000806994,3.1086999956294578e-06
2020,2021,SE0000862997,2.0868969656865255e-06
2020,2021,SE0000949331,3.304131856682809e-06
2020,2021,SE0001662230,3.609414222247754e-06
2020,2021,SE0003366871,0.0
2020,2021,SE0005190238,5.872258624563902e-08
2020,2021,SE0006993770,1.4784375706471768e-06
2020,2021,SE0007100581,1.3551104414345048e-06
2020,2021,SE0007100599,2.0307846881886038e-06
2020,2021,SE0011090018,1.4598083846949335e-06
2020,2021,SE0011166974,1.5686965644035118e-06
2020,2021,SE0015811955,1.7320030268072464e-06
2020,2021,SE0015812219,0.0
2020,2021,SE0015961909,2.946718694821036e-06
2020,2021,SE0015988019,2.9673315817701605e-06
2020,2021,SE0016589188,3.801405507612321e-06
2020,2021,SE0017486889,2.609194003902738e-06
2020,2021,SE0018012494,4.591597259342516e-06
2020,2021,SE0018012635,8.945947230099632e-07
2020,2021,SE0020050417,3.462171842134493e-06
2020,2021,US0010551028,2.5927439189711157e-06
2020,2021,US0010841023,2.416772476857445e-06
2020,2021,US00130H1059,7.13796370098858e-07
2020,2021,US00206R1023,6.365301213477998e-07
2020,2021,US0028241000,3.992984316446087e-07
2020,2021,US0028962076,1.9076113150036514e-06
2020,2021,US00724F1012,1.0164967203485614e-06
2020,2021,US00751Y1064,3.7582148971629675e-06
2020,2021,US0079031078,2.1783233129883077e-06
2020,2021,US0082521081,2.1381365079232946e-06
2020,2021,US00846U1016,1.6730982631961596e-06
2020,2021,US0091581068,1.5152263163530152e-06
2020,2021,US00971T1016,0.004149965907714378
2020,2021,US0126531013,3.3267770852072887e-06
2020,2021,US0152711091,2.312790937522898e-06
2020,2021,US01741R1023,3.1950054071756794e-06
2020,2021,US0185811082,3.809605738925877e-06
2020,2021,US0188021085,1.16806554678552e-06
2020,2021,US0200021014,1.6234279515960493e-06
2020,2021,US02079K3059,1.5496348112719214e-06
2020,2021,US02209S1033,1.8322452030312193e-06
2020,2021,US0231351067,4.476993082718992e-07
2020,2021,US0236081024,0.0
2020,2021,US0255371017,3.4870034810815667e-07
2020,2021,US02553E1064,0.0
2020,2021,US0258161092,1.9891520486593237e-06
2020,2021,US0268747849,3.1753855911580124e-06
2020,2021,US03027X1000,0.009285820392839065
2020,2021,US03073E1055,0.01283930924047633
2020,2021,US03076C1062,3.786880208764932e-06
2020,2021,US0311001004,2.8400211016124642e-06
2020,2021,US0311621009,3.550486288418648e-07
2020,2021,US0320951017,2.780659599714138e-06
2020,2021,US0326541051,2.6582296499656676e-06
2020,2021,US0367521038,5.154869971942684e-07
2020,2021,US03743Q1085,9.265147327716813e-06
2020,2021,US0378331005,2.6904773013963323e-06
2020,2021,US0382221051,2.459745970775468e-06
2020,2021,US0383361039,2.0443011781499383e-06
2020,2021,US03940R1077,2.3000252000342777e-06
2020,2021,US0394831020,1.6720240516722754e-06
2020,2021,US0441861046,3.116709019715041e-06
2020,2021,US0454871056,2.7907721355308595e-06
2020,2021,US04621X1081,1.4254149142714781e-06
2020,2021,US0495601058,1.388162808209115e-06
2020,2021,US0527691069,1.1642923783060994e-06
2020,2021,US0528001094,3.597602840729036e-06
2020,2021,US0530151036,6.520632379742598e-07
2020,2021,US0533321024,1.656346999074207e-06
2020,2021,US0534841012,2.5212185264688947e-06
2020,2021,US0536111091,1.8910201923505172e-06
2020,2021,US0537741052,5.674075824375074e-06
2020,2021,US0538071038,2.5140240541534817e-06
2020,2021,US0565251081,9.259355259425074e-07
2020,2021,US0584981064,0.0
2020,2021,US0605051046,2.4759568102098566e-06
2020,2021,US0640581007,1.4009620883225073e-06
2020,2021,US0708301041,0.0
2020,2021,US0718131099,0.0
2020,2021,US0758871091,1.274071588282656e-06
2020,2021,US0758961009,1.3839195900780434e-06
2020,2021,US0844231029,1.261870027592824e-06
2020,2021,US0865161014,1.2698554173918161e-06
2020,2021,US0893021032,5.812669279103522e-06
2020,2021,US09061G1013,0.0
2020,2021,US09062X1037,0.0
2020,2021,US0970231058,1.8584865357421646e-06
2020,2021,US09857L1089,2.1333579045739067e-06
2020,2021,US0997241064,4.422931096530178e-06
2020,2021,US1011211018,2.256307730886295e-06
2020,2021,US1011371077,1.556443406518968e-06
2020,2021,US1053682035,4.323921107102193e-06
2020,2021,US1096411004,3.4762931128010633e-06
2020,2021,US1101221083,0.0
2020,2021,US1124631045,6.21409209732917e-06
2020,2021,US1156372096,1.0044973310811121e-06
2020,2021,US12504L1098,3.4388354578628384e-06
2020,2021,US1252691001,2.0645669466486954e-06
2020,2021,US12541W2098,0.0
2020,2021,US1255231003,0.014973629430361745
2020,2021,US12572Q1058,0.05573522386962472
2020,2021,US1258961002,0.00019071950338421861
2020,2021,US1264081035,2.1067511783632967e-06
2020,2021,US12653C1080,4.322964344642477e-06
2020,2021,US1266501006,1.3747917330135783e-06
2020,2021,US1270551013,4.203339266909995e-06
2020,2021,US1270971039,3.1984369571984732e-06
2020,2021,US1273871087,2.390277356875291e-06
2020,2021,US1307881029,4.956640437263903e-07
2020,2021,US1331311027,1.976431895913292e-06
2020,2021,US1344291091,1.4939461838100472e-06
2020,2021,US14040H1059,1.968683730013015e-06
2020,2021,US14149Y1082,7.756692168422843e-07
2020,2021,US1423391002,3.0711558457658005e-06
2020,2021,US1431301027,4.179951859857596e-06
2020,2021,US1491231015,1.96414459402027e-06
2020,2021,US1508701034,3.260731866939071e-06
2020,2021,US15189T1079,6.473741333097832e-07
2020,2021,US1567821046,0.0
2020,2021,US1598641074,1.345151621305064e-06
2020,2021,US1667641005,3.130694978330157e-06
2020,2021,US1713401024,0.0
2020,2021,US1717793095,3.770966444460945e-06
2020,2021,US1720621010,4.944114633178579e-07
2020,2021,US17275R1023,1.3789486731983257e-06
2020,2021,US1729081059,1.8065407321138132e-06
2020,2021,US1729674242,3.670787543319355e-06
2020,2021,US1773761002,1.4068936307950588e-06
2020,2021,US1858991011,5.301305746755482e-06
2020,2021,US1890541097,0.05277693668686821
2020,2021,US1912161007,1.5580634965266894e-07
2020,2021,US1924461023,8.428156599624645e-07
2020,2021,US1941621039,5.087016135037447e-07
2020,2021,US20030N1019,1.998626428207188e-06
2020,2021,US2003401070,2.0616373011031076e-06
2020,2021,US2017231034,1.2152107297207101e-06
2020,2021,US2058871029,9.47817405162196e-07
2020,2021,US20825C1045,4.142119112576013e-06
2020,2021,US2091151041,0.013403971428020281
2020,2021,US21036P1084,3.2960003574369904e-06
2020,2021,US2193501051,4.470168156441141e-06
2020,2021,US22160K1051,0.0
2020,2021,US22410J1060,2.095516995864522e-06
2020,2021,US22822V1017,0.03057256228208772
2020,2021,US2283681060,2.212725965637229e-06
2020,2021,US2310211063,2.5403666205588095e-06
2020,2021,US23331A1097,2.7365223788082016e-06
2020,2021,US2333311072,1.6711884597317932e-06
2020,2021,US23355L1061,3.743084259054419e-06
2020,2021,US2358511028,1.2272385808785528e-06
2020,2021,US2371941053,1.4373205869155369e-06
2020,2021,US23918K1088,1.5336496309319817e-06
2020,2021,US2441991054,9.789962751839885e-08
2020,2021,US2473617023,1.3757516670096495e-06
2020,2021,US24906P1093,2.8154212556355456e-06
2020,2021,US25179M1036,8.959216816433615e-06
2020,2021,US2533931026,4.058832536264009e-06
2020,2021,US2546871060,2.717300071712267e-06
2020,2021,US25525P1075,4.883396849185389e-06
2020,2021,US25659T1079,4.837145739395665e-07
2020,2021,US2566771059,0.0
2020,2021,US25746U1097,0.05045409408038028
2020,2021,US2576511099,2.2300727866191834e-06
2020,2021,US25960P1093,3.4075835918796578e-06
2020,2021,US2600031080,3.3549218249868538e-06
2020,2021,US26441C2044,0.04563070146654827
2020,2021,US26614N1028,8.409717145380881e-06
2020,2021,US26875P1012,6.388705544749052e-06
2020,2021,US26884L1098,5.178809534922914e-06
2020,2021,US2774321002,3.1457983178250657e-06
2020,2021,US2774614067,1.5698643263584152e-06
2020,2021,US2786421030,1.2651987597775187e-06
2020,2021,US2788651006,1.7232120828099535e-06
2020,2021,US2810201077,7.677643397409426e-07
2020,2021,US28176E1082,1.7526728286127719e-06
2020,2021,US2910111044,2.396101904436123e-06
2020,2021,US29272W1099,4.1782473576936935e-06
2020,2021,US29364G1031,4.88418391232312e-07
2020,2021,US2944291051,2.4138994357288537e-06
2020,2021,US29444U7000,9.323647804107498e-07
2020,2021,US29476L1070,2.413283858298431e-06
2020,2021,US29670G1022,1.7054672057043396e-06
2020,2021,US2971781057,2.4784990898785456e-06
2020,2021,US30034W1062,1.2915567120355868e-06
2020,2021,US30040W1080,1.0951427953889504e-06
2020,2021,US30161N1019,0.0
2020,2021,US30212P3038,2.4663581458878048e-06
2020,2021,US3021301094,2.7530390662337307e-07
2020,2021,US30231G1022,3.335218330582611e-06
2020,2021,US3024913036,2.193949135558589e-06
2020,2021,US3029411093,0.03676355925058323
2020,2021,US3030751057,1.4843513561424568e-06
2020,2021,US3119001044,1.4823151000517903e-06
2020,2021,US3137451015,2.1006286667268545e-06
2020,2021,US31428X1063,3.7990489622472666e-07
2020,2021,US3156161024,3.7042405882078076e-06
2020,2021,US31620M1062,2.2151575514550645e-06
2020,2021,US3167731005,9.338412325771018e-07
2020,2021,US3205171057,2.1034339932646017e-06
2020,2021,US3377381088,1.5800061971169291e-06
2020,2021,US3379321074,0.05163341509362042
2020,2021,US3434121022,6.286323228724079e-06
2020,2021,US34354P1057,3.632918202918069e-06
2020,2021,US3448491049,3.340956215353079e-07
2020,2021,US3453708600,2.9023060385701136e-06
2020,2021,US3546131018,3.3526694856299217e-06
2020,2021,US35671D8570,3.856692618814505e-06
2020,2021,US3614481030,3.0442986010901736e-06
2020,2021,US3635761097,1.1281425479243776e-06
2020,2021,US3647601083,6.870448668905393e-07
2020,2021,US3703341046,1.0173879887052176e-06
2020,2021,US37045V1008,2.73070355995687e-06
2020,2021,US3719011096,1.7324314087149474e-06
2020,2021,US37247D1063,0.0
2020,2021,US3755581036,5.798874895228329e-07
2020,2021,US37940X1028,2.5351961482903895e-06
2020,2021,US38141G1040,2.4133268689876954e-06
2020,2021,US3825501014,6.7278093021985e-06
2020,2021,US3841091040,1.2030528870594885e-06
2020,2021,US3848021040,1.5567809002688354e-06
2020,2021,US3976241071,3.3209133050473247e-06
2020,2021,US40434L1052,1.382062041491954e-06
2020,2021,US4062161017,6.747019260408306e-06
2020,2021,US4103451021,1.336725874151313e-06
2020,2021,US4108671052,1.907800175994869e-06
2020,2021,US4128221086,4.105849490812286e-06
2020,2021,US4158641070,8.40827792383974e-06
2020,2021,US4165151048,3.5205504311208844e-06
2020,2021,US4180561072,1.8681660782908107e-06
2020,2021,US4198701009,0.04639189102902555
2020,2021,US42250P1030,2.0884933402802785e-06
2020,2021,US42330P1075,9.565512583024639e-06
2020,2021,US4234521015,4.819342288033067e-06
2020,2021,US4278661081,4.201860791790766e-05
2020,2021,US42809H1077,3.5965590176886402e-06
2020,2021,US4370761029,1.3293729261003384e-06
2020,2021,US4385161066,2.2370936206538814e-06
2020,2021,US4404521001,0.038578260772990175
2020,2021,US44107P1049,3.989441311775738e-06
2020,2021,US4435106079,1.7050122620396784e-06
2020,2021,US4448591028,5.391216959694602e-07
2020,2021,US4456581077,2.567154861895868e-06
2020,2021,US4461501045,9.911707964319414e-07
2020,2021,US4470111075,3.026552466315241e-06
2020,2021,US45073V1089,3.0463479308317105e-06
2020,2021,US45167R1041,2.746313747561162e-06
2020,2021,US45168D1046,1.611674979117176e-06
2020,2021,US4523081093,2.3175470564449064e-06
2020,2021,US4523271090,4.867069247078351e-06
2020,2021,US4581401001,6.424891920332902e-07
2020,2021,US45866F1049,1.4111143187631858e-06
2020,2021,US4592001014,5.6063039904075e-07
2020,2021,US4595061015,2.2154104454357456e-06
2020,2021,US4601461035,2.1696693669459548e-06
2020,2021,US4606901001,3.0507048697467587e-06
2020,2021,US4612021034,1.0773097517599026e-06
2020,2021,US46284V1017,1.923104834572075e-06
2020,2021,US4657411066,1.7686521383522794e-06
2020,2021,US46625H1005,1.8354474869767073e-06
2020,2021,US4663131039,3.0356358897287603e-06
2020,2021,US46982L1089,1.7336774074103224e-06
2020,2021,US4781601046,5.367510647727177e-07
2020,2021,US48020Q1076,4.228107109752706e-06
2020,2021,US48203R1041,3.836543442382451e-06
2020,2021,US48242W1062,5.146429949667513e-06
2020,2021,US4824801009,1.457552544783311e-06
2020,2021,US4878361082,1.191108495411357e-06
2020,2021,US4891701009,4.475442380011798e-06
2020,2021,US4932671088,1.8183281190496805e-06
2020,2021,US4943681035,1.541879121863917e-07
2020,2021,US49446R1095,4.492893657745253e-06
2020,2021,US49456B1017,2.2771629177697425e-06
2020,2021,US4972661064,3.3482427813311844e-06
2020,2021,US5002551043,1.506450171540532e-06
2020,2021,US5010441013,0.0
2020,2021,US5018892084,3.0166835441116147e-06
2020,2021,US5178341070,1.83402098768504e-06
2020,2021,US5184391044,1.1948820458407537e-06
2020,2021,US5218652049,3.2490265157964078e-06
2020,2021,US5246601075,2.9105576024029106e-06
2020,2021,US5261071071,3.393050419545163e-06
2020,2021,US5324571083,0.00032688020914678256
2020,2021,US5339001068,3.2793190492500827e-06
2020,2021,US5341871094,4.819683944494097e-06
2020,2021,US5370081045,3.3784440138982954e-06
2020,2021,US5398301094,1.1565726744738809e-06
2020,2021,US5486611073,2.2920097510818735e-06
2020,2021,US5502411037,1.203776494351726e-07
2020,2021,US55261F1049,1.7815052612360392e-06
2020,2021,US5526761086,3.0415019855106117e-06
2020,2021,US5529531015,4.588586087211733e-06
2020,2021,US5543821012,5.09824323377299e-06
2020,2021,US5544891048,2.5096960184814146e-06
2020,2021,US55616P1049,3.66844240085825e-06
2020,2021,US5635714059,1.1449567593009179e-05
2020,2021,US56418H1005,5.0479399611552484e-06
2020,2021,US5658491064,8.593968086954592e-06
2020,2021,US5717481023,1.7893823203937253e-06
2020,2021,US5719032022,3.150771856823849e-06
2020,2021,US5732841060,1.5852448080763975e-06
2020,2021,US5738741041,1.3417706588771347e-06
2020,2021,US5745991068,4.329321506352969e-06
2020,2021,US57636Q1040,8.378118989002034e-07
2020,2021,US5770811025,4.659813866070547e-07
2020,2021,US5797802064,1.2781894214400666e-06
2020,2021,US5801351017,0.0
2020,2021,US58155Q1031,1.5805953712305412e-06
2020,2021,US58933Y1055,4.0913719337802316e-08
2020,2021,US59156R1086,3.1437697091920855e-06
2020,2021,US5926881054,1.777805940890803e-06
2020,2021,US5949181045,1.8577922959977455e-07
2020,2021,US5950171042,2.9664460626844595e-06
2020,2021,US5951121038,2.4341095969053336e-06
2020,2021,US6005441000,1.7907023322212264e-06
2020,2021,US6081901042,3.747245364362742e-06
2020,2021,US60871R2094,9.892567913529365e-07
2020,2021,US6092071058,0.0
2020,2021,US61174X1090,1.553339656565917e-06
2020,2021,US6153691059,3.7904973977731155e-07
2020,2021,US6174464486,2.8910699646582433e-06
2020,2021,US61945C1036,2.2035241466845643e-06
2020,2021,US6200763075,0.0039050513311033046
2020,2021,US6267171022,8.417968127931756e-06
2020,2021,US62886E1082,3.5772141212573956e-06
2020,2021,US6293775085,1.0252905594371881e-06
2020,2021,US62955J1034,5.382631065026285e-06
2020,2021,US6311031081,1.929518641494241e-06
2020,2021,US6361801011,3.91413485796028e-06
2020,2021,US6365181022,1.5129273214095284e-06
2020,2021,US64110D1046,2.0154958000860975e-06
2020,2021,US6501111073,2.279757579655082e-06
2020,2021,US6512291062,2.446245468665375e-06
2020,2021,US6516391066,0.028878119232294577
2020,2021,US65249B1098,4.49214841075527e-06
2020,2021,US65339F1012,1.2880500189767482e-07
2020,2021,US6541061031,0.0
2020,2021,US65473P1057,0.02421739520041826
2020,2021,US6556641008,4.125173873581891e-06
2020,2021,US6558441084,1.6108440741011185e-06
2020,2021,US6658591044,1.589052080416486e-06
2020,2021,US6668071029,1.39361458594733e-06
2020,2021,US6687711084,0.0
2020,2021,US6703461052,1.8846204077073972e-06
2020,2021,US67066G1040,2.5676222468321855e-06
2020,2021,US6708371033,8.967542954483755e-07
2020,2021,US67098H1041,3.197562474096442e-06
2020,2021,US6745991058,5.089389509564617e-06
2020,2021,US6780261052,1.1649417894506563e-05
2020,2021,US6819191064,2.0329701005169512e-06
2020,2021,US6821891057,3.734911575807338e-06
2020,2021,US6826801036,3.5441258068588227e-06
2020,2021,US68389X1054,7.629987485849049e-07
2020,2021,US6866881021,6.533862276637316e-07
2020,2021,US6882392011,4.155286323822372e-06
2020,2021,US69036R8631,3.752766833405435e-06
2020,2021,US69331C1080,0.0
2020,2021,US6934751057,1.3234285039497705e-06
2020,2021,US6935061076,2.883451614307898e-06
2020,2021,US69351T1060,8.79679228739039e-07
2020,2021,US6936561009,4.219278919389627e-06
2020,2021,US6937181088,2.265379614592294e-06
2020,2021,US6951561090,3.601844123896032e-06
2020,2021,US7010941042,4.161755054169236e-06
2020,2021,US70211M1099,1.7337879181440234e-06
2020,2021,US7043261079,1.1575689988908185e-06
2020,2021,US7045511000,6.811941332959653e-06
2020,2021,US7134481081,5.222519866119452e-07
2020,2021,US7140461093,2.0610765954474464e-06
2020,2021,US7170811035,1.2917922950556915e-06
2020,2021,US7234841010,7.669059153736265e-07
2020,2021,US7237871071,5.22719749897477e-06
2020,2021,US7244791007,7.076174647023788e-07
2020,2021,US7310681025,4.721477417251952e-06
2020,2021,US74144T1088,1.5033811158742063e-06
2020,2021,US74251V1026,3.2505661147640288e-06
2020,2021,US7427181091,0.0
2020,2021,US7433151039,0.0043960902604199764
2020,2021,US74340W1036,2.7205004710860024e-06
2020,2021,US7443201022,2.2873622060447405e-06
2020,2021,US7445731067,1.198193184680271e-06
2020,2021,US74460D1090,2.4394048027356067e-07
2020,2021,US7458671010,3.551560027608511e-06
2020,2021,US7475251036,1.575905625053693e-06
2020,2021,US74762E1029,0.006486331856696233
2020,2021,US74834L1008,1.0462972043550176e-06
2020,2021,US7509171069,2.2802864027131797e-06
2020,2021,US7512121010,2.796741191633627e-06
2020,2021,US75281A1097,8.055499320159957e-06
2020,2021,US75513E1010,2.256997408983225e-06
2020,2021,US7588491032,3.804066044919794e-06
2020,2021,US75886F1075,0.01590319151378032
2020,2021,US7591EP1005,2.6031370269325112e-06
2020,2021,US7593516047,2.05187371371752e-06
2020,2021,US7595091023,1.5141372737514028e-06
2020,2021,US7607591002,0.008619343526659442
2020,2021,US7703231032,4.08206732629181e-06
2020,2021,US7739031091,3.0254245092251246e-06
2020,2021,US7782961038,1.250486406479867e-06
2020,2021,US7802871084,3.140775128104254e-06
2020,2021,US7835491082,4.6176128012647425e-06
2020,2021,US78409V1044,0.0
2020,2021,US78410G1040,2.6666077111226826e-07
2020,2021,US7841171033,2.114552045663148e-06
2020,2021,US78440X8873,4.285670342575351e-06
2020,2021,US78454L1008,1.727547462656486e-05
2020,2021,US78473E1038,3.6683582064735568e-06
2020,2021,US79466L3024,8.326353003839863e-07
2020,2021,US8064071025,2.4010818067897736e-06
2020,2021,US8101861065,2.732830538869206e-06
2020,2021,US81211K1007,4.635273259038169e-06
2020,2021,US8168511090,1.1274123388792927e-06
2020,2021,US8243481061,1.586933164473617e-06
2020,2021,US8288061091,2.7858654372475066e-06
2020,2021,US8326964058,0.021968810019989005
2020,2021,US8354951027,3.3198344346968605e-06
2020,2021,US8425871071,7.111365841220353e-08
2020,2021,US84265V1052,2.810411063064861e-06
2020,2021,US8447411088,1.7994000330417732e-06
2020,2021,US8454671095,8.676110764184257e-06
2020,2021,US8485741099,3.7969560638734923e-06
2020,2021,US8545021011,3.416097435363539e-06
2020,2021,US8552441094,7.706902369291698e-07
2020,2021,US8574771031,2.0619041320078125e-06
2020,2021,US8581191009,2.368714920338621e-06
2020,2021,US8589121081,1.993122985044734e-06
2020,2021,US8636671013,1.326161700005397e-06
2020,2021,US8676524064,3.490771126302311e-06
2020,2021,US8716071076,1.8048778894005172e-06
2020,2021,US87161C5013,3.825491634523697e-06
2020,2021,US8718291078,2.1747454297959756e-06
2020,2021,US8725401090,4.207103081682993e-07
2020,2021,US8760301072,5.032579168462344e-07
2020,2021,US87612E1064,1.2316356945365643e-06
2020,2021,US8803491054,7.041004747292922e-06
2020,2021,US8807701029,4.121797470109317e-06
2020,2021,US8807791038,7.248270800502483e-06
2020,2021,US8816242098,0.0
2020,2021,US8825081040,1.5601456904948502e-06
2020,2021,US8832031012,2.708337014862688e-06
2020,2021,US88337F1057,7.403760414647665e-06
2020,2021,US8835561023,1.2166277349877407e-06
2020,2021,US8851601018,4.381395425035915e-06
2020,2021,US88579Y1010,2.1701124249573335e-06
2020,2021,US88642R1095,3.902584336887993e-06
2020,2021,US8873891043,4.440896407928037e-06
2020,2021,US8910921084,1.6103107495331236e-06
2020,2021,US89417E1091,2.003792168425291e-06
2020,2021,US8962391004,1.9459572855999484e-06
2020,2021,US8965221091,5.756976992916191e-06
2020,2021,US89832Q1094,9.451949549328673e-07
2020,2021,US9024941034,4.83344199733431e-07
2020,2021,US9026531049,2.458154881897199e-06
2020,2021,US9026811052,2.5442740596700653e-06
2020,2021,US9029733048,8.725262148614575e-07
2020,2021,US9078181081,2.234589184594694e-06
2020,2021,US9111631035,7.862943335555322e-06
2020,2021,US9113121068,1.647532873146652e-06
2020,2021,US9113631090,4.040113603287206e-06
2020,2021,US9129091081,5.6334902926437055e-06
2020,2021,US91324P1021,5.666208271455655e-07
2020,2021,US91529Y1064,2.358922799154392e-06
2020,2021,US91822M5022,4.462056948823928e-06
2020,2021,US91913Y1001,8.287558470096001e-06
2020,2021,US92276F1003,3.2403209379803116e-06
2020,2021,US92343V1044,1.695011639474052e-07
2020,2021,US92532F1003,0.0
2020,2021,US9255501051,2.1165915724827005e-06
2020,2021,US92556V1061,1.9237468515009456e-06
2020,2021,US9282981086,4.624541863338204e-06
2020,2021,US9290421091,2.8014743275159243e-06
2020,2021,US9291601097,1.888031312766508e-06
2020,2021,US92922P1066,1.10866485860287e-05
2020,2021,US92939U1060,4.2138191708006626e-07
2020,2021,US9297401088,3.9470988357460226e-06
2020,2021,US9311421039,0.027932205624881423
2020,2021,US9314271084,1.7586842983113094e-06
2020,2021,US94106L1098,2.7647179040615587e-07
2020,2021,US9418481035,2.0250369085510057e-06
2020,2021,US9427491025,8.377257087668929e-07
2020,2021,US9497461015,1.8795348235083589e-06
2020,2021,US95040Q1040,2.925268935899592e-06
2020,2021,US95058W1009,2.0826045358380313e-06
2020,2021,US95082P1057,7.506956761140033e-06
2020,2021,US9581021055,1.972371028231272e-06
2020,2021,US9604131022,2.763770258355592e-06
2020,2021,US96145D1054,1.8064046231243335e-06
2020,2021,US9621661043,3.700971726300719e-06
2020,2021,US9633201069,3.7771404039769025e-06
2020,2021,US9682232064,3.367236885798754e-06
2020,2021,US9694571004,3.448030789247716e-06
2020,2021,US9699041011,3.7923750844509054e-06
2020,2021,US9831341071,4.25207111974905e-06
2020,2021,US98389B1008,4.6458864998791727e-07
2020,2021,US9839191015,2.0764622933183745e-06
2020,2021,US98421M1062,9.37535008709044e-07
2020,2021,US9884981013,1.8216317009498687e-06
2020,2021,US9892071054,3.788051849883309e-06
2020,2021,US98956P1021,1.8765813533387219e-06
2021,2022,AN8068571086,6.41275704305619e-06
2021,2022,AT000000STR1,2.7593494170688994e-06
2021,2022,AT00000VIE62,2.6770966479108132e-06
2021,2022,AT0000606306,5.149019637860049e-06
2021,2022,AT0000652011,4.704004708719802e-06
2021,2022,AT0000720008,8.638196743741702e-07
2021,2022,AT0000730007,2.7469341431082684e-06
2021,2022,AT0000743059,5.593462338883026e-06
2021,2022,AT0000746409,1.317056111506875e-06
2021,2022,AT0000831706,2.8669922207172272e-06
2021,2022,AT0000908504,2.7014871410155343e-06
2021,2022,AT0000937503,2.5885707944904365e-06
2021,2022,AT0000938204,8.517329393237608e-07
2021,2022,AT0000A21KS2,3.9579303851061386e-06
2021,2022,AU000000JHX1,2.5671901209884243e-06
2021,2022,BE0003470755,3.497240185042754e-06
2021,2022,BE0003565737,4.003854855031365e-06
2021,2022,BE0003593044,1.2258542096958499e-06
2021,2022,BE0003717312,1.5599510235912252e-06
2021,2022,BE0003735496,0.012255597246552724
2021,2022,BE0003739530,8.698216654819832e-07
2021,2022,BE0003755692,1.7964765502792559e-06
2021,2022,BE0003797140,2.2436004522083082e-06
2021,2022,BE0003810273,3.2749103064667e-07
2021,2022,BE0003822393,0.0014855139439321821
2021,2022,BE0974258874,3.0786951672054366e-06
2021,2022,BE0974264930,2.4383285835894367e-06
2021,2022,BE0974271034,3.8131905364918896e-06
2021,2022,BE0974293251,3.5193745722448647e-06
2021,2022,BE0974320526,1.5407699880245065e-06
2021,2022,BMG850801025,2.5667999295369856e-06
2021,2022,CA00208D4084,3.5952414720636626e-06
2021,2022,CA0084741085,8.100173646779319e-07
2021,2022,CA00900Q1037,4.854457131200826e-06
2021,2022,CA01626P1484,1.106497221288218e-06
2021,2022,CA05534B7604,5.565089248205547e-07
2021,2022,CA0636711016,2.8133821800159464e-06
2021,2022,CA0641491075,2.4121359338174473e-06
2021,2022,CA0977518616,8.318454641411316e-06
2021,2022,CA1247651088,2.9644515381195273e-06
2021,2022,CA12532H1047,1.6352617287737471e-06
2021,2022,CA13321L1085,2.092482283911449e-06
2021,2022,CA1360691010,2.3395989716179556e-06
2021,2022,CA1363751027,1.1319015746498531e-06
2021,2022,CA1363851017,5.955188965847541e-06
2021,2022,CA13646K1084,1.3498434060830214e-06
2021,2022,CA1366812024,2.0874496804033765e-06
2021,2022,CA1367178326,1.5197439184121975e-06
2021,2022,CA2849025093,3.2549615228060397e-06
2021,2022,CA2918434077,0.03067686664331994
2021,2022,CA29250N1050,2.6929634956998526e-06
2021,2022,CA2927661025,7.153489248246368e-06
2021,2022,CA3180714048,3.4364872646853695e-06
2021,2022,CA3359341052,5.053230528174455e-06
2021,2022,CA3495531079,4.119299915671677e-07
2021,2022,CA3518581051,1.260888896877767e-06
2021,2022,CA3759161035,2.859106834761939e-06
2021,2022,CA39138C1068,2.272463072052985e-06
2021,2022,CA4495861060,4.1583916404260025e-06
2021,2022,CA4530384086,4.327141906848951e-06
2021,2022,CA45823T1066,1.335684237936376e-06
2021,2022,CA4969024047,1.445155991306299e-06
2021,2022,CA5394811015,0.014506583646376338
2021,2022,CA5592224011,3.6450871902833193e-06
2021,2022,CA56501R1064,3.552056127258908e-06
2021,2022,CA59151K1084,5.1022790088911925e-06
2021,2022,CA59162N1096,0.05069338579857543
2021,2022,CA67077M1086,4.0982406823362195e-06
2021,2022,CA6744822033,1.0504180821871927e-05
2021,2022,CA68272K1030,2.7236326975849533e-06
2021,2022,CA6837151068,1.3254550706490692e-06
2021,2022,CA7392391016,2.6786882621986503e-06
2021,2022,CA74022D4075,7.830325874106233e-06
2021,2022,CA7669101031,2.4895858813178332e-06
2021,2022,CA7751092007,1.4567901894472013e-06
2021,2022,CA7800871021,2.255261839451424e-06
2021,2022,CA8029121057,1.7270471256323972e-06
2021,2022,CA82028K2002,1.5444290013701875e-06
2021,2022,CA8239011031,3.7499833700869193e-06
2021,2022,CA85472N1096,1.88719659546084e-06
2021,2022,CA8667961053,1.8728137362266878e-06
2021,2022,CA8672241079,6.135204058670769e-06
2021,2022,CA87807B1076,1.7812887018201564e-06
2021,2022,CA8787422044,2.2844517897660344e-06
2021,2022,CA87971M1032,1.3119941471188048e-06
2021,2022,CA8849038085,9.084757621093129e-08
2021,2022,CA8911605092,2.194070383674126e-06
2021,2022,CA89346D1078,1.5022896130567746e-06
2021,2022,CA8959451037,5.4903971344165665e-06
2021,2022,CA9611485090,8.673224846404348e-07
2021,2022,CA98462Y1007,2.1138302824300085e-06
2021,2022,CH0000816824,4.17753277215432e-06
2021,2022,CH0008038389,7.70292289515863e-07
2021,2022,CH0008742519,0.03149957565667728
2021,2022,CH0010570759,4.6979884890904634e-07
2021,2022,CH0010645932,7.624096123381921e-07
2021,2022,CH0011075394,2.167650935655692e-06
2021,2022,CH0012005267,1.0172345792739175e-06
2021,2022,CH0012032048,4.633026290179877e-07
2021,2022,CH0012138530,3.838091926223147e-06
2021,2022,CH0012138605,3.667251436818297e-06
2021,2022,CH0012142631,3.4847076664595695e-06
2021,2022,CH0012214059,3.4034751120905093e-06
2021,2022,CH0012221716,2.0092217693734545e-06
2021,2022,CH0012255151,2.56109891191964e-06
2021,2022,CH0012549785,9.514392679560396e-07
2021,2022,CH0013841017,8.990485124220004e-07
2021,2022,CH0014786500,1.5088188529707439e-06
2021,2022,CH0014852781,3.1434875642448233e-06
2021,2022,CH0018294154,4.7434871894005386e-07
2021,2022,CH0024608827,2.3451382717010017e-06
2021,2022,CH0024638212,1.258157640608726e-06
2021,2022,CH0025238863,1.5782123095049255e-06
2021,2022,CH0025751329,0.0
2021,2022,CH0030170408,1.5958384814272072e-06
2021,2022,CH0038388911,4.1964257538938145e-06
2021,2022,CH0038863350,4.636156045337509e-07
2021,2022,CH0044328745,1.2159142672417676e-06
2021,2022,CH0048265513,1.249822753694077e-05
2021,2022,CH0102484968,4.575744315950921e-06
2021,2022,CH0126881561,2.536111889490231e-06
2021,2022,CH0198251305,3.0905532378710876e-06
2021,2022,CH0210483332,3.1487182565174967e-06
2021,2022,CH0244767585,2.5883942587960024e-06
2021,2022,CH0319416936,2.5773067980550154e-06
2021,2022,CH0418792922,7.653887427651124e-07
2021,2022,CH1169151003,2.780913142457783e-06
2021,2022,CH1175448666,9.98045472894156e-07
2021,2022,CH1256740924,1.2817437007455686e-06
2021,2022,DE0005089031,1.6004439562525979e-06
2021,2022,DE0005140008,3.5696792399725616e-06
2021,2022,DE0005190003,3.994163759275396e-06
2021,2022,DE0005200000,1.1192225237325182e-06
2021,2022,DE0005408884,2.7884562425722224e-06
2021,2022,DE0005439004,4.5012938546998275e-06
2021,2022,DE0005470405,4.3728578774000686e-06
2021,2022,DE0005552004,2.561417756479142e-06
2021,2022,DE0005557508,2.1142280371653954e-06
2021,2022,DE0005773303,4.969214136633983e-06
2021,2022,DE0005785604,2.9344130026252663e-06
2021,2022,DE0005785802,2.05366544370399e-06
2021,2022,DE0005810055,1.7124204709440314e-06
2021,2022,DE0005909006,6.293824011772356e-06
2021,2022,DE0006047004,4.509224856375812e-06
2021,2022,DE0006048432,1.9327854753593168e-06
2021,2022,DE0006070006,4.569520834922456e-06
2021,2022,DE0006202005,5.3293719196375495e-06
2021,2022,DE0006231004,3.01230485812944e-06
2021,2022,DE0006569908,1.643919170347473e-06
2021,2022,DE0006599905,6.121510116840919e-07
2021,2022,DE0006602006,2.4696576716114533e-06
2021,2022,DE0006969603,1.2872944104728693e-06
2021,2022,DE0007030009,3.1107154699897493e-06
2021,2022,DE0007037129,2.3575923190942183e-06
2021,2022,DE0007042301,0.06873029571338687
2021,2022,DE0007100000,4.190527459694963e-06
2021,2022,DE0007164600,2.524024767340709e-06
2021,2022,DE0007236101,2.6015867154135685e-06
2021,2022,DE0007257503,5.084503663601379e-06
2021,2022,DE0007297004,2.021802328745761e-06
2021,2022,DE0007314007,5.739412045750765e-06
2021,2022,DE0007500001,5.598990200413371e-06
2021,2022,DE0007507501,3.4406412732055696e-06
2021,2022,DE0007664039,4.5927536504459905e-06
2021,2022,DE0008232125,4.088030877263617e-06
2021,2022,DE0008402215,2.84554210975361e-06
2021,2022,DE0008404005,3.6657362740857193e-06
2021,2022,DE0008430026,3.2851858410892333e-06
2021,2022,DE000A0D6554,4.170450029565983e-06
2021,2022,DE000A0D9PT0,4.007762565575192e-06
2021,2022,DE000A0S8488,3.106894473629486e-06
2021,2022,DE000A0WMPJ6,3.0527578440289937e-07
2021,2022,DE000A1EWWW0,1.4511105550097924e-06
2021,2022,DE000A2GS401,2.7919212991481103e-06
2021,2022,DE000BASF111,3.7772853342281947e-06
2021,2022,DE000BAY0017,4.1099588301738e-06
2021,2022,DE000CBK1001,3.5753755027263794e-06
2021,2022,DE000CLS1001,8.012708913920115e-07
2021,2022,DE000ENAG999,1.8636263573430058e-06
2021,2022,DE000KSAG888,1.653940408556255e-06
2021,2022,DE000PSM7770,3.5664854663838708e-06
2021,2022,DE000TUAG505,5.991995141591583e-06
2021,2022,DK0010181759,1.5904056744165565e-06
2021,2022,DK0010234467,3.3515961653315213e-06
2021,2022,DK0010244508,2.486222463013138e-06
2021,2022,DK0010272632,1.0888693063539248e-06
2021,2022,DK0010274414,1.9830343853615814e-06
2021,2022,DK0010287663,5.365182264019079e-06
2021,2022,DK0010307958,2.322863917444377e-06
2021,2022,DK0010311471,2.833202977683874e-06
2021,2022,DK0060079531,1.2588651502331565e-06
2021,2022,DK0060336014,4.638145651524695e-07
2021,2022,DK0060448595,0.0
2021,2022,DK0060477503,6.343076257281829e-07
2021,2022,DK0060636678,7.736725962921025e-07
2021,2022,DK0060738599,1.3199044705536112e-06
2021,2022,DK0061539921,1.675394747944927e-06
2021,2022,ES0109427734,3.407027966093027e-06
2021,2022,ES0112501012,0.010920745879605129
2021,2022,ES0113211835,4.729643417474202e-06
2021,2022,ES0113679I37,4.059662575104815e-06
2021,2022,ES0113860A34,3.6560714798570025e-06
2021,2022,ES0113900J37,4.72717461995014e-06
2021,2022,ES0116870314,2.820944329625586e-06
2021,2022,ES0117160111,2.812216604375578e-06
2021,2022,ES0118594417,2.930180955093154e-06
2021,2022,ES0122060314,3.3513218653900583e-06
2021,2022,ES0124244E34,3.6080511674145394e-06
2021,2022,ES0125220311,1.5234061720837722e-06
2021,2022,ES0130670112,1.2426432188857994e-06
2021,2022,ES0130960018,2.433649294419489e-06
2021,2022,ES0132105018,3.837864888134907e-06
2021,2022,ES0134950F36,3.048754304550486e-06
2021,2022,ES0142090317,6.218298483357946e-06
2021,2022,ES0144580Y14,1.3763529736175246e-06
2021,2022,ES0148396007,3.5073106812850206e-06
2021,2022,ES0152503035,2.91989129586954e-06
2021,2022,ES0161560018,6.488839182019678e-06
2021,2022,ES0167050915,4.850094707258638e-06
2021,2022,ES0171743901,3.1172925997795923e-06
2021,2022,ES0171996087,1.4704548688324048e-06
2021,2022,ES0173093024,1.446109964812079e-06
2021,2022,ES0173516115,4.809339244458106e-06
2021,2022,ES0178430E18,3.962990995222928e-06
2021,2022,ES0182870214,5.474373244462181e-06
2021,2022,ES0184933812,2.0968220556386404e-06
2021,2022,FI0009000202,0.0
2021,2022,FI0009000277,2.6181504088550424e-06
2021,2022,FI0009000459,1.5519271320334642e-06
2021,2022,FI0009000681,6.696289423034585e-07
2021,2022,FI0009002158,2.3875450038057137e-06
2021,2022,FI0009002422,4.332269690906348e-06
2021,2022,FI0009003727,1.6230027177763404e-06
2021,2022,FI0009005318,1.5203261022638242e-06
2021,2022,FI0009005870,3.139066592312498e-06
2021,2022,FI0009005961,2.2741959687006538e-06
2021,2022,FI0009005987,2.4433326093009317e-06
2021,2022,FI0009007132,2.7087188127591715e-06
2021,2022,FI0009007694,0.0
2021,2022,FI0009007884,8.085799668003451e-07
2021,2022,FI0009013296,5.446563072049018e-07
2021,2022,FI0009013403,8.835721317441075e-07
2021,2022,FI0009800643,2.165089220817095e-06
2021,2022,FI4000440664,2.559751950626842e-06
2021,2022,FR0000035081,3.5995159136812563e-06
2021,2022,FR0000039109,2.252216477678724e-06
2021,2022,FR0000044448,4.705891687238058e-06
2021,2022,FR0000045072,5.244462809452475e-06
2021,2022,FR0000051070,6.374064453784831e-06
2021,2022,FR0000052292,0.0013899678793403924
2021,2022,FR0000053225,3.827225725828885e-06
2021,2022,FR0000054470,0.005179076292809198
2021,2022,FR0000054900,4.10443487003754e-06
2021,2022,FR0000064578,4.460050446916451e-06
2021,2022,FR0000073272,3.5819201798647965e-06
2021,2022,FR0000077919,5.373034018906945e-06
2021,2022,FR0000120073,1.4454799496291794e-06
2021,2022,FR0000120172,1.2829265867655106e-06
2021,2022,FR0000120222,4.358071527471856e-06
2021,2022,FR0000120271,3.29438910481589e-06
2021,2022,FR0000120321,1.2531814562991701e-06
2021,2022,FR0000120404,3.503889494287325e-06
2021,2022,FR0000120503,3.0159366753733873e-06
2021,2022,FR0000120560,0.000563579023976417
2021,2022,FR0000120578,1.4765566771843743e-06
2021,2022,FR0000120628,4.115078519384692e-06
2021,2022,FR0000120644,1.5309981868791713e-06
2021,2022,FR0000120693,1.3146105331890506e-06
2021,2022,FR0000120859,4.9003674889613565e-06
2021,2022,FR0000120966,1.4454453225254377e-06
2021,2022,FR0000121014,2.031979922004007e-06
2021,2022,FR0000121121,3.718611287678734e-06
2021,2022,FR0000121204,3.2580039510661766e-06
2021,2022,FR0000121220,2.328229043983812e-06
2021,2022,FR0000121329,3.165496480096743e-06
2021,2022,FR0000121485,2.311966918069924e-06
2021,2022,FR0000121667,2.292050221778215e-06
2021,2022,FR0000121964,5.621673869697561e-06
2021,2022,FR0000121972,2.1010744578113496e-06
2021,2022,FR0000124141,1.9580446902137283e-06
2021,2022,FR0000125007,3.167132536649317e-06
2021,2022,FR0000125338,2.877460022240332e-06
2021,2022,FR0000125486,3.099323411566137e-06
2021,2022,FR0000127771,1.2171087140623527e-06
2021,2022,FR0000130213,1.6735459725619535e-06
2021,2022,FR0000130395,0.0
2021,2022,FR0000130403,2.1823287736372495e-06
2021,2022,FR0000130452,3.989230490484917e-06
2021,2022,FR0000130577,2.3070520912484507e-06
2021,2022,FR0000130809,3.883260414567568e-06
2021,2022,FR0000131104,4.7532589976741e-06
2021,2022,FR0000131757,4.931677678600276e-06
2021,2022,FR0000131906,6.372496141474803e-06
2021,2022,FR0000133308,1.2187193514303883e-06
2021,2022,FR0010040865,2.46485023120118e-06
2021,2022,FR0010220475,3.0879678927955396e-06
2021,2022,FR0010221234,1.8077172624964987e-06
2021,2022,FR0010242511,2.4166075991458637e-06
2021,2022,FR0010307819,2.261760266765183e-06
2021,2022,FR0010313833,3.870863372364551e-06
2021,2022,FR0010340141,3.758320395376928e-06
2021,2022,FR0010411983,3.903133826381747e-06
2021,2022,FR0010533075,3.143120053820858e-06
2021,2022,FR0013176526,5.718515810959809e-06
2021,2022,FR0013280286,0.0014718927192881226
2021,2022,FR0013326246,5.97780448115863e-06
2021,2022,FR0013505062,2.1699804805313737e-06
2021,2022,FR0013506730,1.1528916568768756e-05
2021,2022,FR0014003TT8,8.552559591117917e-07
2021,2022,FR001400AJ45,2.7029740367017855e-06
2021,2022,GB0000163088,3.055892082146099e-06
2021,2022,GB0000365774,2.998964863929339e-06
2021,2022,GB0000456144,1.6270862023105888e-06
2021,2022,GB0000536739,2.702419178481852e-06
2021,2022,GB0000600931,4.1297841514503704e-06
2021,2022,GB0000811801,4.003115936415902e-06
2021,2022,GB0000904986,4.5839351855462985e-06
2021,2022,GB0000961622,2.7478162414328755e-06
2021,2022,GB0001048619,3.8067127835973363e-06
2021,2022,GB0001110096,2.7694475604365555e-06
2021,2022,GB0001367019,4.741360205657037e-06
2021,2022,GB0001500809,8.488958270540944e-06
2021,2022,GB0001570810,3.0761262694060002e-06
2021,2022,GB0001638955,3.93016546394088e-06
2021,2022,GB0001667087,1.58335019733008e-06
2021,2022,GB0001765816,3.1273881294343974e-06
2021,2022,GB0001795680,1.6107070775307113e-06
2021,2022,GB0001826634,9.46619007666408e-07
2021,2022,GB0001859296,6.416797648450626e-06
2021,2022,GB0002015021,2.835978890147157e-06
2021,2022,GB0002018363,3.957290560689241e-06
2021,2022,GB0002074580,9.51107400190241e-07
2021,2022,GB0002148343,2.134474865580041e-06
2021,2022,GB0002318888,8.567582860442241e-07
2021,2022,GB0002374006,1.0219297272441236e-06
2021,2022,GB0002418548,5.592563087964218e-06
2021,2022,GB0002634946,2.791883356562581e-06
2021,2022,GB0002652740,2.3542421545054166e-06
2021,2022,GB0002670437,1.0934585199895147e-06
2021,2022,GB0002869419,1.7764633058026317e-06
2021,2022,GB0002875804,2.342164623523126e-06
2021,2022,GB0003062816,3.135425348209935e-06
2021,2022,GB0003096442,2.289343770618399e-06
2021,2022,GB0003308607,1.926375046767409e-06
2021,2022,GB0003395000,1.9342126572528437e-06
2021,2022,GB0003452173,5.227650081262309e-06
2021,2022,GB0003718474,1.8127862019825504e-06
2021,2022,GB0003753778,6.051934978388787e-06
2021,2022,GB0004052071,7.447473132408197e-07
2021,2022,GB0004082847,4.012646190139939e-06
2021,2022,GB0004161021,4.2740894950294945e-06
2021,2022,GB0004170089,3.0050126749322267e-06
2021,2022,GB0004270301,1.7117505242998123e-06
2021,2022,GB0004478896,3.6626245552827194e-06
2021,2022,GB0004544929,1.5670040136661559e-06
2021,2022,GB0004657408,4.332330169767301e-06
2021,2022,GB0004726096,1.842400101828599e-07
2021,2022,GB0004866223,3.6679437675000913e-06
2021,2022,GB0004915632,4.777649558512549e-06
2021,2022,GB0005405286,2.102389153399799e-06
2021,2022,GB0005576813,1.8222806756004362e-06
2021,2022,GB0005603997,4.860585064220702e-06
2021,2022,GB0005630420,4.566353047838564e-06
2021,2022,GB0005746358,1.966515502743245e-06
2021,2022,GB0005758098,4.346359728264002e-06
2021,2022,GB0005790059,7.066634684987824e-06
2021,2022,GB0006027295,3.2603326505034285e-06
2021,2022,GB0006215205,4.857278180074104e-06
2021,2022,GB0006449366,2.031121571750015e-06
2021,2022,GB0006640972,2.920080830106732e-06
2021,2022,GB0006650450,2.5481369410760046e-06
2021,2022,GB0006731235,3.943279363573712e-06
2021,2022,GB0006776081,0.009474158123853351
2021,2022,GB0006825383,3.849701684319366e-06
2021,2022,GB0006886666,1.8887036329033478e-06
2021,2022,GB0006928617,3.258417290502861e-06
2021,2022,GB0006963689,2.421481737709066e-06
2021,2022,GB0007099541,4.394732352428938e-06
2021,2022,GB0007188757,1.1519160383822462e-06
2021,2022,GB0007323586,3.277588769098506e-07
2021,2022,GB0007370074,1.9719495186004498e-06
2021,2022,GB0007388407,2.82293859593729e-06
2021,2022,GB0007594764,7.2864682542876954e-06
2021,2022,GB0007668071,2.01260418259866e-06
2021,2022,GB0007669376,3.477756229094982e-06
2021,2022,GB0007689002,2.773596290921236e-06
2021,2022,GB0007908733,1.798934763989405e-06
2021,2022,GB0007958233,3.923074174189152e-06
2021,2022,GB0007973794,3.43605640366961e-07
2021,2022,GB0007980591,3.2812186205859492e-06
2021,2022,GB0008025412,6.979032788068009e-06
2021,2022,GB0008085614,4.199173374919134e-06
2021,2022,GB0008220112,3.1422478341189233e-06
2021,2022,GB0008475088,2.855513400517286e-06
2021,2022,GB0008481250,4.723908581771189e-06
2021,2022,GB0008706128,4.256110586334171e-06
2021,2022,GB0008711763,8.936570258107279e-07
2021,2022,GB0008782301,5.808627615451185e-06
2021,2022,GB0008794710,0.017508980833951648
2021,2022,GB0009067447,0.005067827875753796
2021,2022,GB0009123323,0.0
2021,2022,GB0009223206,1.066345314826598e-06
2021,2022,GB0009286963,3.3252290253888814e-06
2021,2022,GB0009292243,1.8748795155084563e-06
2021,2022,GB0009296665,2.121571665648254e-06
2021,2022,GB0009465807,3.1384956169433964e-06
2021,2022,GB0009633180,9.673683339665004e-07
2021,2022,GB0009692319,1.7840668075952013e-06
2021,2022,GB0009697037,4.551885637978689e-06
2021,2022,GB0009895292,9.65978283725779e-07
2021,2022,GB0022569080,1.2263146565512067e-06
2021,2022,GB0030181522,1.5512236728913514e-06
2021,2022,GB0030232317,2.8822685716718864e-06
2021,2022,GB0030329360,1.4556473312020126e-06
2021,2022,GB0030913577,2.6714932463739494e-06
2021,2022,GB0031274896,4.094624652341014e-06
2021,2022,GB0031348658,3.820806630291353e-06
2021,2022,GB0031638363,6.192255960157905e-07
2021,2022,GB0031743007,3.1244008226574995e-06
2021,2022,GB0032089863,2.355322641307541e-06
2021,2022,GB0033147751,0.0
2021,2022,GB0033195214,1.6749051143674098e-06
2021,2022,GB0033986497,4.486213689464419e-06
2021,2022,GB00B00FPT80,1.0030064680937984e-06
2021,2022,GB00B012BV22,1.8284643587292374e-06
2021,2022,GB00B012TP20,3.0499813742662237e-06
2021,2022,GB00B019KW72,1.7709070878094603e-06
2021,2022,GB00B01QGK86,6.146006788309565e-07
2021,2022,GB00B02J6398,9.402172028518443e-07
2021,2022,GB00B033F229,2.6641388672701193e-06
2021,2022,GB00B03HDJ73,3.1074781809952666e-06
2021,2022,GB00B04V1276,2.5370241853981e-06
2021,2022,GB00B06QFB75,1.5291753645259152e-06
2021,2022,GB00B0744359,4.595311178335796e-06
2021,2022,GB00B0744B38,1.2244186678648381e-06
2021,2022,GB00B082RF11,4.744254909622285e-07
2021,2022,GB00B0FYMT95,2.1387497471798345e-06
2021,2022,GB00B0KM9T71,4.0080621350079e-06
2021,2022,GB00B0LCW083,1.6911830626130494e-06
2021,2022,GB00B0N8QD54,2.1360762994299817e-06
2021,2022,GB00B0SWJX34,1.1118791329392797e-06
2021,2022,GB00B0WMWD03,1.4783278401483937e-06
2021,2022,GB00B0YG1K06,6.133101856631461e-06
2021,2022,GB00B128J450,2.9214194516330085e-06
2021,2022,GB00B132NW22,4.394520697864811e-06
2021,2022,GB00B135BJ46,3.7335625980823953e-06
2021,2022,GB00B17MMZ46,4.108508317160349e-06
2021,2022,GB00B18P5K83,3.7591244906247756e-06
2021,2022,GB00B19Z1432,1.3521061844226184e-07
2021,2022,GB00B1FH8J72,1.2256459382849166e-06
2021,2022,GB00B1FP6H53,5.289774272674116e-06
2021,2022,GB00B1FW5029,2.0669948223913613e-06
2021,2022,GB00B1G5HX72,3.3675019009682875e-06
2021,2022,GB00B1JQDM80,4.574300677099994e-06
2021,2022,GB00B1KJJ408,3.792788348431636e-06
2021,2022,GB00B1L5QH97,6.221396719451975e-06
2021,2022,GB00B1P6ZR11,6.0626120542791245e-06
2021,2022,GB00B1VNSX38,3.1114210921830377e-06
2021,2022,GB00B1WY2338,1.6167625444539002e-06
2021,2022,GB00B1XH2C03,9.323309719023882e-07
2021,2022,GB00B1YW4409,2.335673808840134e-06
2021,2022,GB00B27YGJ97,1.7010430287098275e-06
2021,2022,GB00B2B0DG97,1.826247625488891e-06
2021,2022,GB00B2NGPM57,4.365789635318313e-06
2021,2022,GB00B2PDGW16,4.9320204316781605e-06
2021,2022,GB00B39J2M42,1.3373226630392405e-06
2021,2022,GB00B3CX3644,0.03534916931696425
2021,2022,GB00B3DGH821,3.78616559878398e-06
2021,2022,GB00B3FLWH99,2.62568231044908e-06
2021,2022,GB00B41H7391,5.109765172332975e-06
2021,2022,GB00B45C9X44,3.354334109842589e-05
2021,2022,GB00B572ZV91,5.033557591492391e-06
2021,2022,GB00B5N0P849,4.746237618673476e-06
2021,2022,GB00B5ZN1N88,1.6887953215521817e-06
2021,2022,GB00B61TVQ02,3.91974880621103e-06
2021,2022,GB00B63H8491,4.08891213969907e-06
2021,2022,GB00B63QSB39,4.424994310352551e-06
2021,2022,GB00B64NSP76,8.094723308004307e-06
2021,2022,GB00B67G5X01,3.4513170483510895e-06
2021,2022,GB00B6XZKY75,5.194070237818945e-07
2021,2022,GB00B6YTLS95,5.849470341540856e-06
2021,2022,GB00B71N6K86,1.6040128614369282e-06
2021,2022,GB00B7KR2P84,6.625098735904845e-06
2021,2022,GB00B82YXW83,2.9171945630660504e-06
2021,2022,GB00B8B4R053,7.71104069479635e-07
2021,2022,GB00B8C3BL03,1.8446035930128485e-06
2021,2022,GB00BD6K4575,2.3417418341536373e-06
2021,2022,GB00BD736828,3.7185968954331054e-06
2021,2022,GB00BDCPN049,1.9165973184248334e-06
2021,2022,GB00BDFBVT43,0.0
2021,2022,GB00BDR05C01,5.317866798579582e-07
2021,2022,GB00BF044593,2.0432363495841578e-06
2021,2022,GB00BF5H9P87,2.4305463631046446e-06
2021,2022,GB00BF8Q6K64,3.9995199368569745e-06
2021,2022,GB00BG11K365,4.5404754720402205e-06
2021,2022,GB00BGDT3G23,1.9004520142010927e-06
2021,2022,GB00BGLP8L22,2.768092148882119e-06
2021,2022,GB00BH4HKS39,2.2121399415530963e-06
2021,2022,GB00BHJYC057,1.99913688414953e-06
2021,2022,GB00BJ1F4N75,6.42220959405484e-06
2021,2022,GB00BJFFLV09,7.065498895554488e-07
2021,2022,GB00BJQZC279,0.02434981478391378
2021,2022,GB00BJT0FF39,3.4446200334628812e-06
2021,2022,GB00BK9RKT01,4.850999062303274e-06
2021,2022,GB00BKP36R26,7.998775657142718e-06
2021,2022,GB00BKY40Q38,4.200809910650166e-06
2021,2022,GB00BL6XZ716,7.019100886313872e-06
2021,2022,GB00BLGZ9862,2.250695213948937e-06
2021,2022,GB00BM8PJY71,3.888703071831774e-06
2021,2022,GB00BM8Q5M07,3.0754129373601644e-06
2021,2022,GB00BMJ6DW54,3.5372068277770592e-06
2021,2022,GB00BN7SWP63,1.6015592169275726e-06
2021,2022,GB00BNGDN821,3.343302470926917e-06
2021,2022,GB00BNNTLN49,5.940206054525385e-07
2021,2022,GB00BNR4T868,4.023900110495069e-06
2021,2022,GB00BP6MXD84,3.1805685034218744e-06
2021,2022,GB00BP92CJ43,1.89283367727143e-06
2021,2022,GB00BP9LHF23,3.7447080388547935e-06
2021,2022,GB00BPQY8M80,3.89995609643748e-06
2021,2022,GB00BRB37M78,4.270539248948017e-06
2021,2022,GB00BRKD9Z53,1.968593992868211e-06
2021,2022,GB00BV9FP302,1.2355689019632277e-06
2021,2022,GB00BVFNZH21,2.6875859110031977e-06
2021,2022,GB00BWFGQN14,1.1607217503928616e-06
2021,2022,GB00BYQ0JC66,3.156146905495383e-06
2021,2022,GB00BYRJ5J14,0.01885483546630881
2021,2022,GB00BYT1DJ19,5.335859159164361e-06
2021,2022,GB00BYW0PQ60,4.461271521878043e-06
2021,2022,GB00BYYTFB60,2.2209975656988818e-06
2021,2022,GB00BYZN9041,0.0
2021,2022,GB00BZ4BQC70,2.861132998524115e-06
2021,2022,IE0001827041,3.0157258534000594e-06
2021,2022,IE0002424939,3.0504803150659484e-06
2021,2022,IE0003864109,3.4465892641316384e-06
2021,2022,IE0004906560,1.4918648181759926e-06
2021,2022,IE0004927939,1.354740712113121e-06
2021,2022,IE00B00MZ448,4.133244244069609e-06
2021,2022,IE00B4BNMY34,1.986301325410745e-06
2021,2022,IE00B8KQN827,2.259679826937013e-06
2021,2022,IE00BD1RP616,3.4310655729178226e-06
2021,2022,IE00BDB6Q211,1.4707069278677827e-06
2021,2022,IE00BF0L3536,4.977167699606362e-06
2021,2022,IE00BGH1M568,2.483014233425138e-06
2021,2022,IE00BJ3V9050,0.0017511726469832205
2021,2022,IE00BK9ZQ967,1.2857760198261065e-06
2021,2022,IE00BLP1HW54,1.5096204189993933e-06
2021,2022,IE00BLS09M33,1.3760358796458485e-06
2021,2022,IE00BTN1Y115,7.723826946586293e-07
2021,2022,IE00BWT6H894,0.01757941313483085
2021,2022,IE00BY7QL619,9.47274024040174e-07
2021,2022,IL0002300114,8.730606569100992e-07
2021,2022,IL0002730112,0.0
2021,2022,IL0002810146,1.986659233181593e-06
2021,2022,IL0005930388,4.846244914611004e-07
2021,2022,IL0006046119,1.3508136081216787e-06
2021,2022,IL0006625771,1.3824316486138364e-06
2021,2022,IL0006954379,8.673658097211974e-07
2021,2022,IL0010811243,1.3234098475452564e-06
2021,2022,IT0000062072,3.362393141520624e-06
2021,2022,IT0000062957,4.392507101538937e-06
2021,2022,IT0000066123,4.239984518376564e-06
2021,2022,IT0000072618,3.8723528884971784e-06
2021,2022,IT0000784154,3.404735611065066e-06
2021,2022,IT0000784196,4.330428642306414e-06
2021,2022,IT0001137345,5.65069289722323e-06
2021,2022,IT0001233417,2.062131545209465e-06
2021,2022,IT0001347308,2.9419627725403185e-06
2021,2022,IT0001469383,3.7985030698583406e-06
2021,2022,IT0003128367,2.038466113779713e-06
2021,2022,IT0003132476,3.7636562602647154e-06
2021,2022,IT0003153415,1.1688698204258305e-06
2021,2022,IT0003242622,1.4134564672252922e-06
2021,2022,IT0003497168,3.805846597996333e-06
2021,2022,IT0003506190,3.30517245272347e-06
2021,2022,IT0003856405,5.402142093496024e-06
2021,2022,IT0004810054,4.341775523960909e-06
2021,2022,IT0004827447,2.2805952046525027e-06
2021,2022,IT0005218380,2.91699649505618e-06
2021,2022,IT0005239360,5.8330771993468135e-06
2021,2022,IT0005495657,5.6303768733671775e-06
2021,2022,IT0005496473,8.788406694469083e-07
2021,2022,IT0005508921,3.3977500251130477e-06
2021,2022,JE00B8KF9B49,3.423556254490811e-06
2021,2022,JE00BJ1DLW90,3.316916813841092e-06
2021,2022,JE00BYVQYS01,5.405018980977097e-06
2021,2022,LR0008862868,5.654612693438515e-06
2021,2022,LU0075646355,5.1479121411258684e-06
2021,2022,NL0000008977,2.225293198781918e-06
2021,2022,NL0000009082,0.008632453964788608
2021,2022,NL0000009165,2.323292789559571e-06
2021,2022,NL0000009538,2.209813251242475e-06
2021,2022,NL0000226223,2.2235444416505134e-06
2021,2022,NL0000235190,4.570783403053405e-06
2021,2022,NL0000289213,5.313651820457863e-06
2021,2022,NL0000337319,6.8714424754382125e-06
2021,2022,NL0000360618,2.892457758972568e-06
2021,2022,NL0000379121,4.1759274344517924e-06
2021,2022,NL0000395903,1.2062395487781066e-06
2021,2022,NL0006237562,3.4088675340491057e-06
2021,2022,NL0009432491,0.01813702553811615
2021,2022,NL0010273215,1.7658183409781284e-06
2021,2022,NL0010583399,9.70713031169051e-07
2021,2022,NL0011794037,8.137566281800236e-07
2021,2022,NL0011821202,4.973568864620871e-06
2021,2022,NL0013267909,1.8028033327187815e-06
2021,2022,NL0013332471,2.514020710622678e-06
2021,2022,NL00150001Q9,4.458771338581632e-06
2021,2022,NL00150003E1,6.420683466447287e-06
2021,2022,NL0015001FS8,3.1841010963679976e-06
2021,2022,NL0015435975,1.22514595021205e-06
2021,2022,NO0003028904,1.6245530241945562e-06
2021,2022,NO0003053605,4.7029312581261046e-06
2021,2022,NO0003054108,3.4127432163826616e-06
2021,2022,NO0003078800,6.515995910504739e-06
2021,2022,NO0003733800,3.2824164509948557e-07
2021,2022,NO0005052605,3.522313554797375e-06
2021,2022,NO0010063308,1.3018314777378736e-06
2021,2022,NO0010096985,3.1043994681542337e-06
2021,2022,NO0010199151,1.0746856403377876e-05
2021,2022,NO0010208051,3.2039666088259077e-06
2021,2022,NO0010215684,2.7308286196815417e-06
2021,2022,NO0010861990,1.8256122246045209e-06
2021,2022,NO0012470089,1.8963500247669855e-06
2021,2022,PA1436583006,4.905251690333713e-06
2021,2022,PTBCP0AM0015,4.903817754408164e-06
2021,2022,PTEDP0AM0009,1.6121587932404243e-06
2021,2022,PTJMT0AE0001,8.532506473053141e-07
2021,2022,PTSON0AM0001,3.2189860712406306e-06
2021,2022,PTZON0AM0006,2.272609902939194e-06
2021,2022,SE0000106270,2.9412414422250995e-06
2021,2022,SE0000108227,3.1023472843697107e-06
2021,2022,SE0000108656,2.016605893877114e-07
2021,2022,SE0000112724,1.726975783136164e-06
2021,2022,SE0000113250,3.4678376573422388e-06
2021,2022,SE0000114837,4.093287708940929e-06
2021,2022,SE0000148884,3.046964206406575e-06
2021,2022,SE0000163594,2.1630592628315355e-06
2021,2022,SE0000163628,1.9437289404469675e-06
2021,2022,SE0000171100,3.3958401813678932e-06
2021,2022,SE0000190126,2.2063877031731023e-06
2021,2022,SE0000202624,7.205150031953751e-07
2021,2022,SE0000242455,2.1750967573003563e-06
2021,2022,SE0000379190,1.4937659206010294e-06
2021,2022,SE0000667891,3.312478132350355e-06
2021,2022,SE0000667925,5.171285891797978e-07
2021,2022,SE0000695876,3.2373595429314988e-06
2021,2022,SE0000806994,2.610886123357699e-06
2021,2022,SE0000862997,1.3386542772905863e-06
2021,2022,SE0000949331,3.5175572148201295e-06
2021,2022,SE0001662230,2.3369212012558355e-06
2021,2022,SE0003366871,2.66320473704066e-07
2021,2022,SE0005190238,6.343416270954082e-07
2021,2022,SE0006993770,2.3014007721347793e-07
2021,2022,SE0007100581,1.906348647683629e-06
2021,2022,SE0007100599,2.6106014467353563e-06
2021,2022,SE0011090018,9.866743181811355e-07
2021,2022,SE0011166974,1.8161969874394715e-06
2021,2022,SE0015811955,2.124870934802893e-06
2021,2022,SE0015812219,4.772372473037951e-07
2021,2022,SE0015961909,2.7094683524478327e-06
2021,2022,SE0015988019,2.647546805759795e-06
2021,2022,SE0016589188,2.654284531049337e-06
2021,2022,SE0017486889,2.062910599510412e-06
2021,2022,SE0018012494,2.0930829958920648e-06
2021,2022,SE0018012635,2.073596335648901e-06
2021,2022,SE0020050417,2.842122151010321e-06
2021,2022,US0010551028,2.3601960546187162e-06
2021,2022,US0010841023,2.670434786755414e-06
2021,2022,US00130H1059,1.5645970708401923e-06
2021,2022,US00206R1023,1.2471693346235563e-06
2021,2022,US0028241000,5.989063581224575e-07
2021,2022,US0028962076,4.9124539862018705e-06
2021,2022,US00507V1098,1.454972485595989e-06
2021,2022,US00724F1012,7.59691544977127e-07
2021,2022,US00751Y1064,1.9704364955549575e-06
2021,2022,US0079031078,6.90357799989816e-07
2021,2022,US0082521081,3.2744715756938873e-06
2021,2022,US00846U1016,1.2107924467428276e-06
2021,2022,US0091581068,1.097192421799313e-06
2021,2022,US00971T1016,0.018828315006445294
2021,2022,US0126531013,3.796561355500334e-06
2021,2022,US0152711091,1.515982444830225e-06
2021,2022,US01741R1023,5.3565889929570265e-06
2021,2022,US0185811082,3.978361269851952e-06
2021,2022,US0188021085,5.860294041298131e-07
2021,2022,US0200021014,2.0405400211838e-06
2021,2022,US02079K3059,9.237586845696661e-07
2021,2022,US02209S1033,1.642812395432127e-06
2021,2022,US0231351067,1.0475073500906701e-06
2021,2022,US0236081024,5.210932138932049e-08
2021,2022,US0255371017,1.9623212329751434e-07
2021,2022,US02553E1064,2.2697154620913974e-06
2021,2022,US0258161092,2.3160698406171626e-06
2021,2022,US0268747849,3.4308195786820016e-06
2021,2022,US03027X1000,4.707146745245112e-07
2021,2022,US03073E1055,6.426515901541111e-07
2021,2022,US03076C1062,3.3507155998823338e-06
2021,2022,US0311001004,2.1665349723614846e-06
2021,2022,US0311621009,1.013186561508836e-06
2021,2022,US0320951017,1.9962452283259597e-06
2021,2022,US0326541051,1.7680843049822606e-06
2021,2022,US0367521038,9.384960632750804e-07
2021,2022,US03743Q1085,9.846208914970283e-06
2021,2022,US0378331005,6.27634248938848e-07
2021,2022,US0382221051,3.234946941874112e-06
2021,2022,US0383361039,8.167186957144749e-07
2021,2022,US03940R1077,3.344829891738438e-06
2021,2022,US0394831020,1.0824844432276825e-06
2021,2022,US0427351004,2.3445556269092007e-06
2021,2022,US0441861046,2.1396758193742595e-06
2021,2022,US0454871056,2.3437209763801674e-06
2021,2022,US04621X1081,1.405110672573555e-06
2021,2022,US0495601058,1.225203790841452e-06
2021,2022,US0527691069,3.3293564410921175e-06
2021,2022,US0528001094,3.555692794060649e-06
2021,2022,US0530151036,8.874420713590494e-07
2021,2022,US0533321024,1.1627797225123677e-06
2021,2022,US0534841012,1.9144055420794324e-06
2021,2022,US0536111091,1.3127153451059374e-06
2021,2022,US0537741052,3.5132310407542367e-06
2021,2022,US0538071038,2.3505048670899767e-06
2021,2022,US0565251081,6.237017430634501e-07
2021,2022,US0584981064,0.023631887295860438
2021,2022,US0605051046,2.7313040353339266e-06
2021,2022,US0640581007,2.1788496328770135e-06
2021,2022,US0708301041,1.5420760231236378e-06
2021,2022,US0718131099,8.200701014612986e-07
2021,2022,US0758871091,6.110646865388029e-07
2021,2022,US0758961009,1.228920441871463e-06
2021,2022,US0844231029,1.3027483419773764e-06
2021,2022,US0865161014,1.989445457598645e-06
2021,2022,US0893021032,3.0471359113037748e-06
2021,2022,US09061G1013,1.170505482179693e-06
2021,2022,US09062X1037,0.02244604983297647
2021,2022,US09073M1045,1.162009786580843e-06
2021,2022,US0970231058,4.599302564690713e-06
2021,2022,US09857L1089,2.442027764610161e-06
2021,2022,US0997241064,3.7820360733941183e-06
2021,2022,US1011211018,2.959150788129435e-06
2021,2022,US1011371077,1.4147417029054486e-06
2021,2022,US1033041013,3.4159986418376428e-06
2021,2022,US1053682035,3.6451301211584137e-06
2021,2022,US1096411004,3.1660276503695287e-06
2021,2022,US1096961040,5.184471973053799e-06
2021,2022,US1101221083,5.505081981612788e-07
2021,2022,US1124631045,3.8871507779011485e-06
2021,2022,US1156372096,1.6032791577378284e-06
2021,2022,US12504L1098,3.671675175930721e-06
2021,2022,US1252691001,2.822003062886357e-06
2021,2022,US12541W2098,9.435315542996978e-07
2021,2022,US1255231003,1.5279755153829627e-06
2021,2022,US12572Q1058,0.06747310364394138
2021,2022,US1258961002,1.2362017739058637e-07
2021,2022,US1264081035,2.343569757756984e-06
2021,2022,US12653C1080,7.815206922453832e-07
2021,2022,US1266501006,2.18047885440371e-06
2021,2022,US1270551013,3.0833211576559306e-06
2021,2022,US1270971039,0.03992148139637993
2021,2022,US1273871087,1.1068869872980502e-06
2021,2022,US1307881029,0.006018442263007259
2021,2022,US1331311027,1.4161965576879102e-06
2021,2022,US1344291091,1.4909256462213158e-06
2021,2022,US14040H1059,2.358388371164551e-06
2021,2022,US14149Y1082,1.323217311630547e-06
2021,2022,US1423391002,1.816782744951721e-06
2021,2022,US1431301027,2.440334839968721e-06
2021,2022,US1491231015,1.988989382694254e-06
2021,2022,US1508701034,3.1329750413829397e-06
2021,2022,US15189T1079,1.8026208234353692e-06
2021,2022,US1567821046,1.144294964424279e-06
2021,2022,US1598641074,6.855923664675827e-07
2021,2022,US1667641005,3.938777416917824e-06
2021,2022,US1713401024,0.0
2021,2022,US1717793095,3.053488599294994e-06
2021,2022,US1720621010,7.063358513583144e-07
2021,2022,US17275R1023,2.4967480584585902e-06
2021,2022,US1729081059,1.8651275136701143e-06
2021,2022,US1729674242,4.104376397164613e-06
2021,2022,US1773761002,6.601262237150706e-07
2021,2022,US1858991011,2.92248776917648e-06
2021,2022,US1890541097,0.0848379348962644
2021,2022,US1912161007,1.1763548119089773e-06
2021,2022,US1924461023,1.265421278334949e-06
2021,2022,US1941621039,1.0415645126933241e-06
2021,2022,US20030N1019,1.9919915118680876e-06
2021,2022,US2003401070,2.589950299091645e-06
2021,2022,US2017231034,1.861375259213602e-06
2021,2022,US2058871029,1.322422232081795e-06
2021,2022,US20825C1045,5.030061011825178e-06
2021,2022,US2091151041,0.051822805316800294
2021,2022,US21036P1084,2.791365677141536e-06
2021,2022,US2172041061,5.944471910144112e-07
2021,2022,US2193501051,2.08825926969137e-06
2021,2022,US22160K1051,5.268333805905269e-07
2021,2022,US22410J1060,2.277098626238955e-06
2021,2022,US22822V1017,0.0
2021,2022,US2283681060,1.8185982823222458e-06
2021,2022,US2310211063,1.3625326903683457e-06
2021,2022,US23331A1097,3.127032992375091e-06
2021,2022,US2333311072,9.850760419684055e-07
2021,2022,US23355L1061,3.430303527493128e-06
2021,2022,US2358511028,0.0
2021,2022,US2371941053,8.535739129336828e-07
2021,2022,US23918K1088,2.117109712442356e-06
2021,2022,US2441991054,1.1167642748827935e-06
2021,2022,US2473617023,3.6368095185569886e-06
2021,2022,US24906P1093,2.159243250819854e-06
2021,2022,US25179M1036,8.230039813439716e-06
2021,2022,US2533931026,2.2298746824756254e-06
2021,2022,US2546871060,1.9982418201602276e-06
2021,2022,US25525P1075,5.749500909950558e-06
2021,2022,US25659T1079,9.534693392857066e-07
2021,2022,US2566771059,3.381815905370842e-07
2021,2022,US2567461080,8.546190221811974e-07
2021,2022,US25746U1097,2.937543516133979e-07
2021,2022,US2576511099,1.4259071481912438e-06
2021,2022,US25960P1093,2.74016703423181e-06
2021,2022,US2600031080,2.20159730545117e-06
2021,2022,US26441C2044,1.369164601287752e-07
2021,2022,US26614N1028,5.205996064901169e-06
2021,2022,US26875P1012,5.380075928591726e-06
2021,2022,US26884L1098,1.045461072244913e-06
2021,2022,US2774321002,3.6806281518814666e-06
2021,2022,US2774614067,0.0
2021,2022,US2786421030,1.3905677245959833e-06
2021,2022,US2788651006,1.9786948155124576e-06
2021,2022,US2810201077,1.0615545659250292e-06
2021,2022,US28176E1082,1.2805469193392838e-06
2021,2022,US2910111044,2.9304520815452168e-06
2021,2022,US29272W1099,3.858633689878313e-06
2021,2022,US29364G1031,1.1575124338763196e-06
2021,2022,US2944291051,2.2167279177243375e-06
2021,2022,US29444U7000,2.487005073200999e-07
2021,2022,US29476L1070,1.8841613810910432e-06
2021,2022,US29670G1022,1.1266325726324409e-06
2021,2022,US2971781057,1.7048085310477704e-06
2021,2022,US30034W1062,6.118591293778856e-07
2021,2022,US30040W1080,8.006218173274241e-07
2021,2022,US30161N1019,2.8071314509346834e-07
2021,2022,US30212P3038,3.190945531830456e-06
2021,2022,US3021301094,3.573371716992883e-07
2021,2022,US30231G1022,2.9652967557904655e-06
2021,2022,US3024913036,1.8792991490236468e-06
2021,2022,US3029411093,0.02292056295741021
2021,2022,US3030751057,7.239874171727623e-07
2021,2022,US3119001044,1.7995266964594166e-06
2021,2022,US3137451015,2.6504696161887454e-06
2021,2022,US31428X1063,1.700169490489683e-06
2021,2022,US3156161024,2.100355977465088e-06
2021,2022,US31620M1062,6.045227315023279e-07
2021,2022,US3167731005,2.050606578737896e-06
2021,2022,US3205171057,2.6719974440009923e-06
2021,2022,US3377381088,1.293192067420742e-06
2021,2022,US3379321074,0.05458296364765796
2021,2022,US3434121022,6.285349902234042e-06
2021,2022,US34354P1057,3.237914219687892e-06
2021,2022,US3448491049,1.5073388020047594e-06
2021,2022,US3453708600,3.050473846663678e-06
2021,2022,US3546131018,3.1512800371233705e-06
2021,2022,US35671D8570,4.516457502562527e-06
2021,2022,US3614481030,1.2729388666469937e-06
2021,2022,US3635761097,1.0743569245180594e-06
2021,2022,US3647601083,3.1158841583766633e-06
2021,2022,US3695501086,1.3653932711494098e-06
2021,2022,US3703341046,7.324895135416906e-07
2021,2022,US37045V1008,2.2040673464167026e-06
2021,2022,US3719011096,7.610504975447273e-07
2021,2022,US3724601055,2.116834498853388e-06
2021,2022,US37247D1063,2.730921075720505e-06
2021,2022,US3755581036,1.2414882291060204e-06
2021,2022,US37940X1028,2.214671802815227e-06
2021,2022,US37959E1029,1.986655821429551e-06
2021,2022,US38141G1040,2.9458254163030723e-06
2021,2022,US3825501014,4.597402071993968e-06
2021,2022,US3841091040,7.930679210470195e-07
2021,2022,US3848021040,1.8659970398470918e-06
2021,2022,US3976241071,2.4671398746129296e-06
2021,2022,US40434L1052,2.099538993099228e-06
2021,2022,US4062161017,6.805821372411714e-06
2021,2022,US4103451021,2.5331680887253355e-06
2021,2022,US4108671052,2.0255996601676407e-06
2021,2022,US4128221086,1.6168109160920269e-06
2021,2022,US4158641070,5.4195466671368555e-06
2021,2022,US4165151048,2.476188546954924e-06
2021,2022,US4180561072,7.966711908480846e-07
2021,2022,US4198701009,7.632506259566017e-07
2021,2022,US42250P1030,1.480454406145408e-06
2021,2022,US42330P1075,9.773800871424902e-06
2021,2022,US4234521015,6.370468771051482e-06
2021,2022,US4278661081,3.1648481520168383e-08
2021,2022,US42809H1077,5.998728903739351e-06
2021,2022,US4364401012,1.1778004503706541e-06
2021,2022,US4370761029,1.5215271011633938e-06
2021,2022,US4385161066,2.179202410297477e-06
2021,2022,US4404521001,0.025640916634669737
2021,2022,US44107P1049,3.0976076466422706e-06
2021,2022,US4435106079,1.6800566622987192e-06
2021,2022,US4448591028,0.0
2021,2022,US4456581077,1.9892747014985756e-06
2021,2022,US4461501045,2.227653579208205e-06
2021,2022,US4470111075,3.5196931138192387e-06
2021,2022,US45073V1089,3.3225136524064436e-06
2021,2022,US45167R1041,1.7128346507098043e-06
2021,2022,US45168D1046,0.0
2021,2022,US4523081093,1.5258719684344843e-06
2021,2022,US4523271090,1.3297089112597113e-06
2021,2022,US4581401001,1.4957527619352595e-06
2021,2022,US45866F1049,5.134269071909697e-07
2021,2022,US4592001014,1.3088093753896833e-06
2021,2022,US4595061015,2.297379098327348e-06
2021,2022,US4601461035,2.0416309012487446e-06
2021,2022,US4606901001,2.432740344344881e-06
2021,2022,US4612021034,1.2716408348790151e-06
2021,2022,US46120E6023,0.0
2021,2022,US46284V1017,1.8456953803362352e-06
2021,2022,US4657411066,2.7098094260290113e-06
2021,2022,US46625H1005,2.2642842414651494e-06
2021,2022,US4663131039,2.251262372506004e-06
2021,2022,US46982L1089,1.4849530660075705e-06
2021,2022,US4781601046,1.034767657982707e-06
2021,2022,US48020Q1076,3.7806429866865403e-06
2021,2022,US48203R1041,2.936352627370167e-06
2021,2022,US48242W1062,3.887149031691359e-06
2021,2022,US4824801009,2.7490027823294077e-06
2021,2022,US48666K1097,4.4345574343967945e-06
2021,2022,US4878361082,6.707482174654767e-07
2021,2022,US4891701009,4.052789547283451e-06
2021,2022,US4932671088,2.778404259758917e-06
2021,2022,US4943681035,1.1601012442569671e-06
2021,2022,US49446R1095,4.391243263637184e-06
2021,2022,US49456B1017,1.993856987656873e-06
2021,2022,US4972661064,3.5752225782330315e-06
2021,2022,US5002551043,3.6722450687015573e-06
2021,2022,US5010441013,1.0629232164567e-06
2021,2022,US5018892084,1.9283506303195007e-06
2021,2022,US5150981018,4.6876218993960134e-07
2021,2022,US5178341070,2.8076529191471883e-06
2021,2022,US5184391044,1.2412790764128568e-06
2021,2022,US5218652049,3.1359715611332906e-06
2021,2022,US5246601075,2.3597836414269488e-06
2021,2022,US5261071071,1.3423877002677561e-06
2021,2022,US5324571083,0.02928448593407062
2021,2022,US5339001068,1.2110615133312189e-06
2021,2022,US5341871094,4.883011373293599e-06
2021,2022,US5370081045,2.195882735146127e-06
2021,2022,US5398301094,4.562836979239664e-07
2021,2022,US5486611073,1.543175415376958e-06
2021,2022,US5502411037,2.172041916948027e-06
2021,2022,US55261F1049,1.6503040697943061e-06
2021,2022,US5526761086,2.517756269578999e-06
2021,2022,US5529531015,4.912901716189352e-06
2021,2022,US5543821012,4.82586096495928e-06
2021,2022,US5544891048,3.0807052470431687e-06
2021,2022,US55616P1049,4.652683607360708e-06
2021,2022,US5635714059,7.311400478123316e-06
2021,2022,US56418H1005,4.290538864727873e-06
2021,2022,US5658491064,8.433176660782242e-06
2021,2022,US5717481023,1.3953737345239352e-06
2021,2022,US5719032022,3.677356373251635e-06
2021,2022,US5732841060,3.6138683555407103e-07
2021,2022,US5738741041,1.8973243893951295e-06
2021,2022,US5745991068,2.30691392828489e-06
2021,2022,US57636Q1040,1.846892384409062e-06
2021,2022,US57667L1070,0.02381716213871573
2021,2022,US5770811025,1.6627289492834347e-06
2021,2022,US5797802064,6.040650416945502e-07
2021,2022,US5801351017,7.726336147208769e-07
2021,2022,US58155Q1031,1.7089347389835358e-06
2021,2022,US58933Y1055,1.1182768167405483e-06
2021,2022,US59156R1086,2.835220534534457e-06
2021,2022,US5926881054,1.3977542725693932e-06
2021,2022,US5949181045,5.108260647504322e-07
2021,2022,US5950171042,3.2280607997382445e-06
2021,2022,US5951121038,1.96115771120044e-06
2021,2022,US6005441000,2.4213171464401977e-06
2021,2022,US6081901042,3.481551611877654e-06
2021,2022,US60871R2094,2.6475270363391633e-06
2021,2022,US6092071058,1.2388239292735129e-06
2021,2022,US61174X1090,1.0599114850034265e-06
2021,2022,US6153691059,1.2726771778194495e-06
2021,2022,US6174464486,3.341910288653738e-06
2021,2022,US61945C1036,2.8696286062236453e-06
2021,2022,US6200763075,0.022685243184592047
2021,2022,US6267171022,8.430457489612946e-06
2021,2022,US62886E1082,3.19027911053159e-06
2021,2022,US6293775085,2.2040284810805014e-06
2021,2022,US62955J1034,5.484172664217633e-06
2021,2022,US6311031081,9.892306529897108e-07
2021,2022,US6361801011,1.9407417678068886e-06
2021,2022,US6365181022,1.3360693681820257e-06
2021,2022,US64110D1046,2.767029903092126e-06
2021,2022,US6501111073,1.4240162884178655e-06
2021,2022,US6512291062,1.7016098019704558e-06
2021,2022,US6516391066,0.023077528817427313
2021,2022,US65249B1098,4.56045864384759e-06
2021,2022,US65339F1012,0.040111373064604036
2021,2022,US6541061031,2.1026649294912765e-07
2021,2022,US65473P1057,1.7305368958971497e-07
2021,2022,US6556641008,6.715450985347727e-06
2021,2022,US6558441084,2.7561187607288448e-06
2021,2022,US6658591044,2.1951024505112964e-06
2021,2022,US6668071029,8.108979422261152e-07
2021,2022,US6687711084,1.3237068214020275e-06
2021,2022,US6703461052,2.7325159006413574e-06
2021,2022,US67066G1040,0.009838681320277563
2021,2022,US6708371033,1.4620874158341453e-06
2021,2022,US67098H1041,3.847079526176911e-06
2021,2022,US67103H1077,1.0775553861421194e-06
2021,2022,US6745991058,6.555137803606743e-06
2021,2022,US6780261052,1.0738990816044383e-05
2021,2022,US6819191064,2.2775165622189207e-06
2021,2022,US6821891057,3.603962194291567e-06
2021,2022,US6826801036,4.351547142627747e-06
2021,2022,US68389X1054,2.0021151381462782e-07
2021,2022,US6866881021,0.0
2021,2022,US6882392011,3.5140407873423017e-06
2021,2022,US69036R8631,4.0468576363557354e-06
2021,2022,US69331C1080,3.5249435707672223e-06
2021,2022,US6934751057,2.329374278613872e-06
2021,2022,US6935061076,2.7259840849692824e-06
2021,2022,US69351T1060,1.4206918774313453e-06
2021,2022,US6936561009,3.3550859045379396e-06
2021,2022,US6937181088,1.115428386982162e-06
2021,2022,US6951561090,2.1308364571643833e-06
2021,2022,US7010941042,3.3597682919955435e-06
2021,2022,US70211M1099,2.901505597134995e-06
2021,2022,US7043261079,1.2225498983228963e-06
2021,2022,US7045511000,4.5942386752511595e-06
2021,2022,US7075691094,4.3655813784195475e-06
2021,2022,US7134481081,9.011093629583025e-07
2021,2022,US7140461093,4.701918907423287e-07
2021,2022,US7170811035,6.355241418508914e-07
2021,2022,US7234841010,9.399628781109006e-08
2021,2022,US7237871071,4.380545315769705e-06
2021,2022,US7244791007,3.6590474280796297e-06
2021,2022,US7310681025,2.3127453556546173e-06
2021,2022,US74144T1088,2.211836479048189e-06
2021,2022,US74251V1026,3.892499179311287e-06
2021,2022,US7427181091,2.1882026476438392e-07
2021,2022,US7433151039,0.0
2021,2022,US74340W1036,1.2084953511588379e-06
2021,2022,US7443201022,3.600865453851719e-06
2021,2022,US7445731067,6.962268345880098e-07
2021,2022,US74460D1090,0.0
2021,2022,US7458671010,2.351601917675325e-06
2021,2022,US7475251036,6.173923458448774e-07
2021,2022,US74762E1029,0.005629330261665147
2021,2022,US74834L1008,5.635447248414873e-07
2021,2022,US7496851038,1.5301490733311221e-06
2021,2022,US7509171069,2.092829770401715e-06
2021,2022,US7512121010,2.268780732880678e-06
2021,2022,US75281A1097,4.526674225918548e-06
2021,2022,US7547301090,1.967297508039141e-06
2021,2022,US75513E1010,3.2449590726127763e-06
2021,2022,US7588491032,3.1595773085518187e-06
2021,2022,US75886F1075,0.008903574683258775
2021,2022,US7591EP1005,2.601902202266734e-06
2021,2022,US7593516047,1.7709044849550917e-06
2021,2022,US7595091023,2.005316007601074e-06
2021,2022,US7607591002,7.841425191666711e-07
2021,2022,US7611521078,0.005603782355472696
2021,2022,US7677548726,4.814997045193983e-06
2021,2022,US7703231032,3.2686930352213826e-06
2021,2022,US7739031091,2.0423356186810722e-06
2021,2022,US7782961038,1.8066027662541311e-06
2021,2022,US7802871084,4.180524324574174e-07
2021,2022,US7835491082,3.173009862704582e-06
2021,2022,US78409V1044,1.2351301462327885e-06
2021,2022,US78410G1040,1.883053829160587e-07
2021,2022,US7841171033,2.7323850736517955e-06
2021,2022,US78440X8873,3.946198493765315e-06
2021,2022,US78454L1008,1.6137586059931722e-05
2021,2022,US78473E1038,3.2858849443786053e-06
2021,2022,US79466L3024,1.2780907443428815e-06
2021,2022,US8064071025,1.393946509617138e-06
2021,2022,US8101861065,1.3369148083351561e-06
2021,2022,US81211K1007,3.2400050832353564e-06
2021,2022,US8168511090,1.1408112026500837e-06
2021,2022,US8175651046,6.040044790116322e-07
2021,2022,US8243481061,1.1650164828046622e-06
2021,2022,US8288061091,3.521369048572709e-06
2021,2022,US8326964058,0.016799716871598848
2021,2022,US8354951027,2.0151937252506106e-06
2021,2022,US8425871071,4.1790005595019996e-07
2021,2022,US84265V1052,1.7999626974347174e-06
2021,2022,US8447411088,3.0073617508533787e-06
2021,2022,US8454671095,3.377442572194055e-06
2021,2022,US8485741099,6.751970919176441e-06
2021,2022,US8545021011,2.5215120568625383e-06
2021,2022,US8552441094,3.2992625175881144e-07
2021,2022,US8574771031,3.1330629393651754e-06
2021,2022,US8581191009,2.669188148693753e-06
2021,2022,US8589121081,1.8493973637713617e-06
2021,2022,US8636671013,1.416195565157433e-06
2021,2022,US8676524064,6.17089610315696e-06
2021,2022,US8716071076,1.0203796798022339e-06
2021,2022,US87161C5013,3.1901567171135054e-06
2021,2022,US8718291078,2.670027721695343e-06
2021,2022,US8725401090,8.347262425937707e-07
2021,2022,US8760301072,0.003821428968529107
2021,2022,US87612E1064,6.243170885770578e-07
2021,2022,US8803491054,7.022767721921782e-06
2021,2022,US8807701029,2.1343724915944614e-06
2021,2022,US8807791038,4.160258384722068e-06
2021,2022,US8816242098,2.2673974329563194e-06
2021,2022,US8825081040,1.2951863980304615e-06
2021,2022,US8832031012,3.750892738952902e-06
2021,2022,US88337F1057,7.965762822886352e-06
2021,2022,US8835561023,3.254018997787168e-07
2021,2022,US8851601018,4.2510366575235425e-06
2021,2022,US88579Y1010,1.2921332542217155e-06
2021,2022,US88642R1095,7.938259836721926e-06
2021,2022,US8873891043,3.74925427416236e-06
2021,2022,US8910921084,0.0
2021,2022,US89417E1091,1.362177573384605e-06
2021,2022,US8962391004,3.652140044807206e-06
2021,2022,US8965221091,3.248818078416732e-06
2021,2022,US89832Q1094,1.9193577830637245e-06
2021,2022,US9024941034,8.31887511125948e-07
2021,2022,US9026531049,1.6679506510854669e-06
2021,2022,US9026811052,2.2256381622177303e-06
2021,2022,US9029733048,1.4753621255861657e-06
2021,2022,US9078181081,1.9923537369411024e-06
2021,2022,US9111631035,2.2063470647158026e-06
2021,2022,US9113121068,1.0007109908585637e-06
2021,2022,US9113631090,4.862555363917091e-06
2021,2022,US9129091081,4.213285694912444e-06
2021,2022,US91324P1021,3.0283363330642477e-07
2021,2022,US91529Y1064,4.093131475916489e-06
2021,2022,US91822M5022,3.731698382233911e-06
2021,2022,US91913Y1001,6.3667421485722635e-06
2021,2022,US92276F1003,2.509316149376651e-06
2021,2022,US92343V1044,5.669067171041729e-07
2021,2022,US92532F1003,0.0
2021,2022,US9255501051,1.3128054939705253e-06
2021,2022,US92556V1061,2.221971431845621e-06
2021,2022,US9282981086,2.8577137559185033e-06
2021,2022,US9290421091,3.6741066020962226e-06
2021,2022,US9291601097,1.7652805598873006e-07
2021,2022,US92922P1066,8.596412195525244e-06
2021,2022,US92939U1060,0.0
2021,2022,US9297401088,3.203781339732674e-06
2021,2022,US9311421039,0.0032215923066225543
2021,2022,US9314271084,2.2149886035767263e-06
2021,2022,US94106L1098,9.598010877564317e-07
2021,2022,US9418481035,3.311434754290095e-07
2021,2022,US9427491025,9.321894920081535e-07
2021,2022,US9497461015,2.5739198025360216e-06
2021,2022,US95040Q1040,1.809078417144055e-06
2021,2022,US95058W1009,1.8555030990444205e-06
2021,2022,US95082P1057,5.850800387217668e-06
2021,2022,US9581021055,2.513036040658638e-06
2021,2022,US9598021098,1.7800798223819345e-06
2021,2022,US9604131022,3.5370093087234403e-06
2021,2022,US96145D1054,2.559456065144394e-06
2021,2022,US9621661043,2.987865842460731e-06
2021,2022,US9633201069,2.8501219448918507e-06
2021,2022,US9682232064,8.510740706269726e-07
2021,2022,US9694571004,2.5754165319552663e-06
2021,2022,US9699041011,2.27479913272649e-06
2021,2022,US9831341071,5.12903966311784e-06
2021,2022,US98389B1008,3.763200344414931e-09
2021,2022,US9839191015,5.379455960274235e-07
2021,2022,US98421M1062,3.333287770228227e-06
2021,2022,US9884981013,1.097649623664282e-06
2021,2022,US9892071054,2.3755364999290053e-06
2021,2022,US98956P1021,2.0107199740565012e-06
2022,2023,AN8068571086,0.0
2022,2023,AT000000STR1,0.0
2022,2023,AT00000VIE62,1.1104414108559825e-21
2022,2023,AT0000606306,6.397646213465254e-21
2022,2023,AT0000652011,5.997905881022366e-21
2022,2023,AT0000720008,1.9626299095317118e-21
2022,2023,AT0000730007,2.0221114942165483e-21
2022,2023,AT0000743059,0.0
2022,2023,AT0000746409,9.371503417452593e-23
2022,2023,AT0000831706,7.569649650548455e-21
2022,2023,AT0000908504,6.358667729952664e-22
2022,2023,AT0000937503,0.0
2022,2023,AT0000938204,0.0
2022,2023,AT0000A21KS2,1.6582138778177581e-21
2022,2023,AU000000JHX1,9.00489982531425e-21
2022,2023,BE0003470755,0.0
2022,2023,BE0003565737,7.321089781758231e-22
2022,2023,BE0003593044,2.5235417799188438e-21
2022,2023,BE0003717312,1.4672837556814545e-21
2022,2023,BE0003735496,0.021877769822939097
2022,2023,BE0003739530,0.0
2022,2023,BE0003755692,1.5441368344134366e-20
2022,2023,BE0003797140,0.0
2022,2023,BE0003810273,6.127189472035193e-21
2022,2023,BE0003822393,0.0
2022,2023,BE0974256852,0.0
2022,2023,BE0974258874,0.0
2022,2023,BE0974264930,0.0
2022,2023,BE0974271034,0.0
2022,2023,BE0974293251,0.0
2022,2023,BE0974320526,1.0679561069706519e-20
2022,2023,BE0974338700,0.0
2022,2023,BMG850801025,7.247592489551719e-22
2022,2023,CA00208D4084,7.69773500080011e-21
2022,2023,CA0084741085,2.2868921484698568e-21
2022,2023,CA00900Q1037,1.405035197711754e-20
2022,2023,CA01626P1484,1.911446974119773e-21
2022,2023,CA05534B7604,0.0
2022,2023,CA0636711016,0.0
2022,2023,CA0641491075,2.20722616430563e-21
2022,2023,CA0977518616,0.0
2022,2023,CA1247651088,0.0
2022,2023,CA12532H1047,1.080332513875155e-21
2022,2023,CA13321L1085,1.027149125207327e-20
2022,2023,CA1360691010,3.3815301970451136e-21
2022,2023,CA1363751027,0.0
2022,2023,CA1363851017,1.1713293185455886e-21
2022,2023,CA13646K1084,3.989690784930503e-21
2022,2023,CA1366812024,8.700739731767202e-21
2022,2023,CA1367178326,3.397197280096477e-21
2022,2023,CA2849025093,1.144753085866851e-21
2022,2023,CA2918434077,0.02604299400412689
2022,2023,CA29250N1050,0.0
2022,2023,CA2927661025,7.987815730482045e-21
2022,2023,CA3180714048,0.0
2022,2023,CA3359341052,1.4597947491372924e-20
2022,2023,CA3495531079,0.0
2022,2023,CA3518581051,1.820345568983342e-22
2022,2023,CA3759161035,0.0
2022,2023,CA39138C1068,4.987691190366151e-22
2022,2023,CA4495861060,7.166001941322636e-21
2022,2023,CA4530384086,2.9154426313428516e-21
2022,2023,CA45823T1066,3.539162339368917e-22
2022,2023,CA4969024047,1.0295263909510046e-20
2022,2023,CA5394811015,0.0
2022,2023,CA5592224011,3.027011225228577e-21
2022,2023,CA56501R1064,0.0
2022,2023,CA59151K1084,0.0
2022,2023,CA59162N1096,0.05711313200181343
2022,2023,CA67077M1086,3.1286602125549552e-21
2022,2023,CA6744822033,2.4624085076186212e-20
2022,2023,CA68272K1030,3.8000386031804644e-21
2022,2023,CA6837151068,0.0
2022,2023,CA7392391016,2.8165340087151157e-21
2022,2023,CA74022D4075,1.234111118984708e-20
2022,2023,CA7669101031,3.1242788700986575e-22
2022,2023,CA7751092007,1.017347957063185e-21
2022,2023,CA7800871021,1.2010100042161662e-21
2022,2023,CA8029121057,0.0244366374255246
2022,2023,CA82028K2002,0.0
2022,2023,CA8239011031,0.0
2022,2023,CA85472N1096,7.296051020976865e-21
2022,2023,CA8667961053,0.0
2022,2023,CA8672241079,0.0
2022,2023,CA87807B1076,0.0
2022,2023,CA8787422044,1.4867068781035532e-20
2022,2023,CA87971M1032,5.354182970412982e-21
2022,2023,CA8849038085,0.0
2022,2023,CA8911605092,7.477664313853593e-24
2022,2023,CA89346D1078,1.4885090592791958e-21
2022,2023,CA8959451037,1.466158334154911e-20
2022,2023,CA9611485090,0.0
2022,2023,CA98462Y1007,1.1239727392795515e-20
2022,2023,CH0000816824,4.312624372046158e-21
2022,2023,CH0008038389,0.0
2022,2023,CH0008742519,0.014957933495679743
2022,2023,CH0010570759,0.0
2022,2023,CH0010645932,9.537705269209007e-22
2022,2023,CH0011075394,0.0
2022,2023,CH0012005267,0.0
2022,2023,CH0012032048,3.561418907275381e-22
2022,2023,CH0012138530,1.1753489730732555e-20
2022,2023,CH0012138605,5.840380723569254e-21
2022,2023,CH0012142631,0.0
2022,2023,CH0012214059,4.0663263916289e-21
2022,2023,CH0012221716,3.938718300040129e-21
2022,2023,CH0012255151,3.731493823211272e-21
2022,2023,CH0012410517,0.0
2022,2023,CH0012549785,0.0
2022,2023,CH0013841017,3.714226485202925e-21
2022,2023,CH0014786500,0.017946893606383754
2022,2023,CH0014852781,0.0
2022,2023,CH0018294154,0.0
2022,2023,CH0022268228,3.769208116408533e-21
2022,2023,CH0024608827,0.0
2022,2023,CH0024638212,0.0
2022,2023,CH0025238863,0.0
2022,2023,CH0025751329,8.096427453430053e-21
2022,2023,CH0030170408,4.290657445296098e-22
2022,2023,CH0038388911,0.0
2022,2023,CH0038863350,0.0
2022,2023,CH0044328745,0.0
2022,2023,CH0048265513,0.0
2022,2023,CH0102484968,0.0
2022,2023,CH0126881561,0.0
2022,2023,CH0198251305,0.0
2022,2023,CH0210483332,2.4121070804380304e-21
2022,2023,CH0244767585,2.6835098395155712e-21
2022,2023,CH0319416936,4.49499108569342e-21
2022,2023,CH0418792922,0.0
2022,2023,CH1169151003,7.516964012599936e-21
2022,2023,CH1175448666,0.0
2022,2023,CH1256740924,0.0
2022,2023,DE0005089031,4.592246413547016e-21
2022,2023,DE0005140008,6.619289230727536e-21
2022,2023,DE0005190003,8.407596558090205e-21
2022,2023,DE0005200000,1.0099126896484297e-21
2022,2023,DE0005408884,2.0021414423795257e-20
2022,2023,DE0005439004,1.374396654325679e-21
2022,2023,DE0005470405,6.625495069562624e-21
2022,2023,DE0005552004,3.2777614966896337e-21
2022,2023,DE0005557508,3.6850108842118815e-21
2022,2023,DE0005773303,8.537411953707859e-22
2022,2023,DE0005785604,0.0
2022,2023,DE0005785802,0.0
2022,2023,DE0005810055,7.58653684314105e-22
2022,2023,DE0005909006,6.765070576158081e-21
2022,2023,DE0006047004,1.5941258477689716e-22
2022,2023,DE0006048432,2.0004264401949024e-21
2022,2023,DE0006070006,3.296845234668737e-21
2022,2023,DE0006202005,6.801471238507986e-21
2022,2023,DE0006231004,0.0
2022,2023,DE0006569908,1.0137546274754647e-21
2022,2023,DE0006599905,0.0
2022,2023,DE0006602006,5.304670820394552e-21
2022,2023,DE0006969603,0.0
2022,2023,DE0007030009,0.0
2022,2023,DE0007037129,2.7498715774623556e-21
2022,2023,DE0007042301,0.060181624149776014
2022,2023,DE0007100000,4.8378668209445e-21
2022,2023,DE0007164600,0.0
2022,2023,DE0007236101,4.503721969398862e-21
2022,2023,DE0007257503,0.0
2022,2023,DE0007297004,0.0
2022,2023,DE0007314007,0.0
2022,2023,DE0007500001,2.94547279187801e-21
2022,2023,DE0007507501,0.0
2022,2023,DE0007664039,1.0115615978161372e-20
2022,2023,DE0008232125,2.604536663065928e-21
2022,2023,DE0008402215,2.1073768617242871e-22
2022,2023,DE0008404005,1.602449095954784e-21
2022,2023,DE0008430026,0.0
2022,2023,DE000A0D6554,0.0
2022,2023,DE000A0D9PT0,0.0
2022,2023,DE000A0S8488,0.0
2022,2023,DE000A0WMPJ6,4.305358421584565e-21
2022,2023,DE000A1EWWW0,0.0
2022,2023,DE000A2GS401,8.448247779293987e-21
2022,2023,DE000BASF111,6.1257692323530415e-21
2022,2023,DE000BAY0017,6.361377942570201e-21
2022,2023,DE000CBK1001,4.278950055441437e-21
2022,2023,DE000CLS1001,0.0315530705672302
2022,2023,DE000ENAG999,0.0
2022,2023,DE000KSAG888,5.280426988480535e-22
2022,2023,DE000PSM7770,8.128506613205791e-21
2022,2023,DE000TUAG505,6.497610736284466e-21
2022,2023,DK0010181759,0.0
2022,2023,DK0010234467,0.0
2022,2023,DK0010244508,1.857103658181242e-21
2022,2023,DK0010272632,0.0
2022,2023,DK0010274414,0.0
2022,2023,DK0010287663,5.544031510402308e-21
2022,2023,DK0010307958,0.0
2022,2023,DK0010311471,0.0
2022,2023,DK0060079531,0.0
2022,2023,DK0060336014,0.0
2022,2023,DK0060448595,1.1289364343914047e-21
2022,2023,DK0060477503,6.133688699983038e-22
2022,2023,DK0060636678,0.0
2022,2023,DK0060738599,0.0
2022,2023,DK0061539921,1.4642392290615993e-22
2022,2023,ES0109427734,0.0
2022,2023,ES0112501012,0.08218684019958804
2022,2023,ES0113211835,0.0
2022,2023,ES0113679I37,6.058633201319106e-21
2022,2023,ES0113860A34,0.0
2022,2023,ES0113900J37,1.78404822489867e-21
2022,2023,ES0116870314,1.8416151779924008e-21
2022,2023,ES0117160111,0.0
2022,2023,ES0118594417,0.0
2022,2023,ES0122060314,2.5741738613536213e-21
2022,2023,ES0124244E34,1.9474384908888536e-21
2022,2023,ES0125220311,1.662308818951382e-21
2022,2023,ES0130670112,0.0
2022,2023,ES0130960018,0.0
2022,2023,ES0132105018,1.6025773484538502e-21
2022,2023,ES0134950F36,6.156514496899616e-21
2022,2023,ES0142090317,9.024440445979886e-21
2022,2023,ES0144580Y14,0.0
2022,2023,ES0148396007,0.0
2022,2023,ES0152503035,0.0
2022,2023,ES0161560018,0.0
2022,2023,ES0167050915,3.06424884370838e-21
2022,2023,ES0171743901,1.3066320385900357e-20
2022,2023,ES0171996087,0.0
2022,2023,ES0173093024,0.0
2022,2023,ES0173516115,0.0
2022,2023,ES0178430E18,2.20242834747529e-21
2022,2023,ES0182870214,3.613720350228728e-21
2022,2023,ES0184933812,0.0
2022,2023,FI0009000202,8.294349241486291e-21
2022,2023,FI0009000277,8.94914160104321e-22
2022,2023,FI0009000459,0.0
2022,2023,FI0009000681,8.342402502129483e-21
2022,2023,FI0009002158,3.695926998297083e-21
2022,2023,FI0009002422,0.0
2022,2023,FI0009003727,0.0
2022,2023,FI0009005318,0.0
2022,2023,FI0009005870,0.0
2022,2023,FI0009005961,6.927450744072809e-21
2022,2023,FI0009005987,5.278566871257436e-21
2022,2023,FI0009007132,3.0854761710763884e-21
2022,2023,FI0009007694,1.6089282676797792e-20
2022,2023,FI0009007884,0.0
2022,2023,FI0009013296,1.9479041528403704e-21
2022,2023,FI0009013403,0.0
2022,2023,FI0009800643,9.209004427280142e-22
2022,2023,FI4000440664,3.4002972417594054e-21
2022,2023,FR0000035081,2.0778053812440036e-22
2022,2023,FR0000039109,0.0
2022,2023,FR0000044448,1.1646883816317215e-20
2022,2023,FR0000045072,3.717922282462755e-21
2022,2023,FR0000051070,1.1484020050880925e-21
2022,2023,FR0000052292,0.0
2022,2023,FR0000053225,0.0
2022,2023,FR0000054470,0.00627530995066923
2022,2023,FR0000054900,0.0
2022,2023,FR0000064578,4.331846433127651e-21
2022,2023,FR0000073272,0.0
2022,2023,FR0000077919,0.0
2022,2023,FR0000120073,1.6456512652042708e-21
2022,2023,FR0000120172,4.702646445086768e-21
2022,2023,FR0000120222,0.0
2022,2023,FR0000120271,0.0
2022,2023,FR0000120321,0.0
2022,2023,FR0000120404,3.749606552071412e-21
2022,2023,FR0000120503,2.0626696721023317e-21
2022,2023,FR0000120560,5.5084692676094134e-21
2022,2023,FR0000120578,1.5574867232500621e-21
2022,2023,FR0000120628,1.6499363790084686e-21
2022,2023,FR0000120644,0.0
2022,2023,FR0000120693,0.0
2022,2023,FR0000120859,8.2870235361199895e-22
2022,2023,FR0000120966,1.2309889644829766e-21
2022,2023,FR0000121014,4.538664912861305e-21
2022,2023,FR0000121121,4.3430159602641184e-21
2022,2023,FR0000121204,1.48625371085112e-21
2022,2023,FR0000121220,2.1160841576936393e-21
2022,2023,FR0000121329,0.0
2022,2023,FR0000121485,4.947030025588377e-22
2022,2023,FR0000121667,0.0
2022,2023,FR0000121964,1.6151167756256572e-21
2022,2023,FR0000121972,2.703433022465321e-21
2022,2023,FR0000124141,1.6715172012253862e-21
2022,2023,FR0000125007,7.665896907878233e-21
2022,2023,FR0000125338,1.9785461532223595e-21
2022,2023,FR0000125486,1.623097603654853e-21
2022,2023,FR0000127771,3.0196679515516634e-21
2022,2023,FR0000130213,3.612554751087752e-21
2022,2023,FR0000130395,0.010213697041736238
2022,2023,FR0000130403,5.248230029469764e-21
2022,2023,FR0000130452,7.322254446025752e-22
2022,2023,FR0000130577,0.0
2022,2023,FR0000130809,8.8725902548376e-22
2022,2023,FR0000131104,2.536909672469114e-21
2022,2023,FR0000131757,4.641561362576e-21
2022,2023,FR0000131906,3.881847260261536e-21
2022,2023,FR0000133308,0.000414561949817341
2022,2023,FR0010040865,0.0
2022,2023,FR0010220475,0.0
2022,2023,FR0010221234,0.00718291184491348
2022,2023,FR0010242511,1.243267650012908e-21
2022,2023,FR0010307819,2.9327033405312492e-21
2022,2023,FR0010313833,7.066613182558635e-21
2022,2023,FR0010340141,6.59567533609467e-22
2022,2023,FR0010411983,0.0
2022,2023,FR0010533075,0.0
2022,2023,FR0013176526,1.543120545761888e-20
2022,2023,FR0013280286,0.0
2022,2023,FR0013326246,0.0
2022,2023,FR0013505062,6.3704270802478296e-21
2022,2023,FR0013506730,7.343889727351233e-21
2022,2023,FR0014003TT8,0.0
2022,2023,FR001400AJ45,1.1198756041465647e-21
2022,2023,GB0000163088,1.824875445501542e-21
2022,2023,GB0000365774,4.4715087617165886e-21
2022,2023,GB0000456144,0.0
2022,2023,GB0000536739,2.896174320817896e-21
2022,2023,GB0000600931,8.373443470866675e-22
2022,2023,GB0000811801,0.0
2022,2023,GB0000904986,0.0
2022,2023,GB0000961622,0.0
2022,2023,GB0001048619,0.0
2022,2023,GB0001110096,2.040988110563347e-22
2022,2023,GB0001367019,0.0
2022,2023,GB0001500809,1.5429071395870507e-20
2022,2023,GB0001570810,1.3874194753826168e-20
2022,2023,GB0001638955,0.0
2022,2023,GB0001667087,3.504247496129165e-21
2022,2023,GB0001765816,6.0396224598716584e-21
2022,2023,GB0001795680,0.0
2022,2023,GB0001826634,0.0
2022,2023,GB0001859296,0.0
2022,2023,GB0002015021,0.0
2022,2023,GB0002018363,0.0
2022,2023,GB0002074580,0.0
2022,2023,GB0002148343,0.0
2022,2023,GB0002318888,0.0
2022,2023,GB0002349065,0.0
2022,2023,GB0002374006,0.0
2022,2023,GB0002418548,0.0
2022,2023,GB0002634946,0.0
2022,2023,GB0002652740,0.0
2022,2023,GB0002670437,0.0
2022,2023,GB0002869419,0.0
2022,2023,GB0002875804,5.984639624796901e-21
2022,2023,GB0003062816,0.0
2022,2023,GB0003096442,1.6631362128522022e-21
2022,2023,GB0003308607,0.0
2022,2023,GB0003395000,1.4490918591721602e-21
2022,2023,GB0003452173,0.0
2022,2023,GB0003718474,0.0
2022,2023,GB0003753778,0.0
2022,2023,GB0004052071,2.784270131073252e-21
2022,2023,GB0004082847,0.0
2022,2023,GB0004161021,0.0
2022,2023,GB0004170089,0.0
2022,2023,GB0004270301,0.0
2022,2023,GB0004478896,7.949179537011087e-21
2022,2023,GB0004544929,0.0
2022,2023,GB0004657408,0.0
2022,2023,GB0004726096,0.0
2022,2023,GB0004866223,0.0
2022,2023,GB0004915632,0.0
2022,2023,GB0005405286,0.0
2022,2023,GB0005576813,0.0
2022,2023,GB0005603997,0.0
2022,2023,GB0005630420,3.333437702933661e-21
2022,2023,GB0005746358,4.9046555809118676e-21
2022,2023,GB0005758098,0.0
2022,2023,GB0005790059,1.5469886825744022e-22
2022,2023,GB0006027295,0.0
2022,2023,GB0006215205,1.9248954977093324e-21
2022,2023,GB0006449366,1.2428105997364973e-20
2022,2023,GB0006640972,0.0
2022,2023,GB0006650450,0.0
2022,2023,GB0006731235,0.0
2022,2023,GB0006776081,0.0033967404617386526
2022,2023,GB0006825383,0.0
2022,2023,GB0006886666,0.0
2022,2023,GB0006928617,0.0
2022,2023,GB0006963689,0.0
2022,2023,GB0007099541,0.0
2022,2023,GB0007188757,0.0
2022,2023,GB0007323586,0.0
2022,2023,GB0007370074,0.0
2022,2023,GB0007388407,0.0
2022,2023,GB0007594764,4.55003646289719e-21
2022,2023,GB0007668071,0.0
2022,2023,GB0007669376,5.7017223415261365e-21
2022,2023,GB0007689002,0.0
2022,2023,GB0007908733,0.0
2022,2023,GB0007958233,0.0
2022,2023,GB0007973794,0.0
2022,2023,GB0007980591,3.1888734726142467e-22
2022,2023,GB0008025412,0.0
2022,2023,GB0008085614,0.0
2022,2023,GB0008220112,3.742047085403885e-21
2022,2023,GB0008475088,0.0
2022,2023,GB0008481250,5.905497869531399e-21
2022,2023,GB0008706128,0.0
2022,2023,GB0008711763,0.0
2022,2023,GB0008782301,0.0
2022,2023,GB0008794710,0.0
2022,2023,GB0009067447,0.0085713354539535
2022,2023,GB0009123323,0.0
2022,2023,GB0009223206,0.0
2022,2023,GB0009286963,2.379232984147595e-21
2022,2023,GB0009292243,0.0
2022,2023,GB0009296665,0.0
2022,2023,GB0009465807,0.0
2022,2023,GB0009633180,0.0
2022,2023,GB0009692319,0.0
2022,2023,GB0009697037,0.0
2022,2023,GB0009895292,2.0612208946358363e-21
2022,2023,GB0022569080,1.0823993455696602e-21
2022,2023,GB0030181522,0.0
2022,2023,GB0030232317,0.0
2022,2023,GB0030329360,0.0
2022,2023,GB0030913577,3.7478082452264074e-21
2022,2023,GB0031274896,0.0
2022,2023,GB0031348658,0.0
2022,2023,GB0031638363,0.0
2022,2023,GB0031743007,2.4564884625219944e-21
2022,2023,GB0032089863,0.0
2022,2023,GB0033147751,0.0
2022,2023,GB0033195214,5.2695460687805884e-21
2022,2023,GB0033986497,0.0
2022,2023,GB00B00FPT80,8.611994270847229e-22
2022,2023,GB00B012BV22,0.0
2022,2023,GB00B012TP20,1.1620509029270343e-20
2022,2023,GB00B019KW72,0.0
2022,2023,GB00B01QGK86,4.147235608552323e-21
2022,2023,GB00B02J6398,0.0
2022,2023,GB00B033F229,0.0
2022,2023,GB00B03HDJ73,1.1833893627795906e-21
2022,2023,GB00B04V1276,0.0
2022,2023,GB00B06QFB75,4.718371102848928e-21
2022,2023,GB00B0744359,0.0
2022,2023,GB00B0744B38,0.0
2022,2023,GB00B082RF11,3.681625168888016e-22
2022,2023,GB00B0FYMT95,0.0
2022,2023,GB00B0KM9T71,0.0
2022,2023,GB00B0LCW083,0.0
2022,2023,GB00B0N8QD54,0.0
2022,2023,GB00B0SWJX34,0.0
2022,2023,GB00B0WMWD03,0.0
2022,2023,GB00B0YG1K06,0.0
2022,2023,GB00B128J450,2.9474856109869216e-21
2022,2023,GB00B132NW22,0.0
2022,2023,GB00B135BJ46,0.0
2022,2023,GB00B17MMZ46,3.201933644835435e-21
2022,2023,GB00B18P5K83,0.0
2022,2023,GB00B19Z1432,0.0
2022,2023,GB00B1FH8J72,0.0
2022,2023,GB00B1FP6H53,0.0
2022,2023,GB00B1FW5029,3.0142864715235964e-21
2022,2023,GB00B1G5HX72,0.0
2022,2023,GB00B1JQDM80,0.0
2022,2023,GB00B1KJJ408,0.0
2022,2023,GB00B1L5QH97,0.0
2022,2023,GB00B1P6ZR11,1.4763222244370416e-20
2022,2023,GB00B1VNSX38,3.844116338160275e-21
2022,2023,GB00B1WY2338,1.6176378779558298e-21
2022,2023,GB00B1XH2C03,7.848805157363027e-21
2022,2023,GB00B1YW4409,0.0
2022,2023,GB00B27YGJ97,0.0
2022,2023,GB00B2B0DG97,0.0
2022,2023,GB00B2NGPM57,0.0
2022,2023,GB00B2PDGW16,0.0
2022,2023,GB00B39J2M42,0.0
2022,2023,GB00B3CX3644,0.03558608749974518
2022,2023,GB00B3DGH821,1.1150112517210897e-20
2022,2023,GB00B3FLWH99,0.0
2022,2023,GB00B41H7391,0.0
2022,2023,GB00B45C9X44,0.0
2022,2023,GB00B572ZV91,1.3980778933236158e-20
2022,2023,GB00B5N0P849,7.343840637916067e-21
2022,2023,GB00B5ZN1N88,0.0
2022,2023,GB00B61TVQ02,0.0
2022,2023,GB00B63H8491,0.0
2022,2023,GB00B63QSB39,0.0
2022,2023,GB00B64NSP76,2.5213095493571516e-21
2022,2023,GB00B67G5X01,0.0
2022,2023,GB00B6XZKY75,0.0
2022,2023,GB00B6YTLS95,0.0
2022,2023,GB00B71N6K86,0.0
2022,2023,GB00B7KR2P84,1.9421372979192615e-21
2022,2023,GB00B82YXW83,0.0
2022,2023,GB00B8B4R053,8.896319969372984e-21
2022,2023,GB00B8C3BL03,0.0
2022,2023,GB00BD6K4575,0.0
2022,2023,GB00BD736828,1.2258391928561777e-21
2022,2023,GB00BDCPN049,0.0
2022,2023,GB00BDFBVT43,3.406720866950283e-21
2022,2023,GB00BDR05C01,0.0
2022,2023,GB00BF044593,0.0
2022,2023,GB00BF5H9P87,0.0
2022,2023,GB00BF8Q6K64,3.546675886457018e-21
2022,2023,GB00BG11K365,0.0
2022,2023,GB00BGDT3G23,0.0
2022,2023,GB00BGLP8L22,3.323868809100033e-21
2022,2023,GB00BH4HKS39,1.9736886111569118e-21
2022,2023,GB00BHJYC057,3.3765630317140124e-21
2022,2023,GB00BJ1F4N75,7.552065856871111e-21
2022,2023,GB00BJFFLV09,0.0
2022,2023,GB00BJQZC279,0.03572376174881375
2022,2023,GB00BJT0FF39,0.0
2022,2023,GB00BK9RKT01,0.0
2022,2023,GB00BKP36R26,0.0
2022,2023,GB00BKY40Q38,0.0
2022,2023,GB00BL6XZ716,0.0
2022,2023,GB00BLGZ9862,0.0
2022,2023,GB00BM8PJY71,0.0
2022,2023,GB00BM8Q5M07,0.0
2022,2023,GB00BMJ6DW54,0.0
2022,2023,GB00BN7SWP63,0.0
2022,2023,GB00BNGDN821,1.7572602339209644e-21
2022,2023,GB00BNNTLN49,0.0
2022,2023,GB00BNR4T868,0.0
2022,2023,GB00BP6MXD84,3.470089764074907e-22
2022,2023,GB00BP92CJ43,0.0
2022,2023,GB00BP9LHF23,1.7913104005891871e-22
2022,2023,GB00BPQY8M80,0.0
2022,2023,GB00BRB37M78,0.0
2022,2023,GB00BRKD9Z53,6.348635605962704e-21
2022,2023,GB00BV9FP302,7.220423130336805e-22
2022,2023,GB00BVFNZH21,1.2450438408507047e-21
2022,2023,GB00BWFGQN14,2.754946126538395e-21
2022,2023,GB00BYQ0JC66,0.0
2022,2023,GB00BYRJ5J14,0.0
2022,2023,GB00BYT1DJ19,0.0
2022,2023,GB00BYW0PQ60,0.0
2022,2023,GB00BYYTFB60,0.0
2022,2023,GB00BYZN9041,0.0
2022,2023,GB00BZ4BQC70,3.2247326285515557e-21
2022,2023,IE0001827041,0.0
2022,2023,IE0002424939,3.320952902736337e-21
2022,2023,IE0003864109,8.101298471467943e-21
2022,2023,IE0004906560,0.0
2022,2023,IE0004927939,0.0
2022,2023,IE00B00MZ448,0.0
2022,2023,IE00B4BNMY34,2.097618488514806e-22
2022,2023,IE00B8KQN827,0.0
2022,2023,IE00BD1RP616,4.61612073562285e-21
2022,2023,IE00BDB6Q211,0.0
2022,2023,IE00BF0L3536,6.952355490533028e-21
2022,2023,IE00BGH1M568,4.215464861366648e-21
2022,2023,IE00BJ3V9050,4.072073732306263e-21
2022,2023,IE00BK9ZQ967,0.0
2022,2023,IE00BLP1HW54,0.0
2022,2023,IE00BLS09M33,5.52416763959021e-21
2022,2023,IE00BTN1Y115,6.152337455073637e-22
2022,2023,IE00BWB8X525,1.662380719180774e-20
2022,2023,IE00BWT6H894,4.812284070159911e-21
2022,2023,IE00BY7QL619,0.0
2022,2023,IE00BYTBXV33,0.0
2022,2023,IL0002300114,7.962469874271863e-21
2022,2023,IL0002730112,2.174565807148036e-21
2022,2023,IL0002810146,5.9419547269510295e-21
2022,2023,IL0005930388,7.622477189481852e-23
2022,2023,IL0006046119,0.0
2022,2023,IL0006625771,0.0
2022,2023,IL0006954379,0.0
2022,2023,IL0010811243,0.0
2022,2023,IL0010824113,0.0
2022,2023,IT0000062072,1.6017474622502297e-21
2022,2023,IT0000062957,9.097208367569527e-21
2022,2023,IT0000066123,4.546174042319477e-21
2022,2023,IT0000072618,4.054620438653563e-21
2022,2023,IT0000784154,2.9639187728520306e-21
2022,2023,IT0000784196,2.8533751128591454e-21
2022,2023,IT0001137345,0.0
2022,2023,IT0001233417,6.079446539349724e-21
2022,2023,IT0001347308,1.5616614177530102e-21
2022,2023,IT0001469383,7.024007089186996e-21
2022,2023,IT0003128367,1.5925264256761555e-21
2022,2023,IT0003132476,0.0
2022,2023,IT0003153415,0.0
2022,2023,IT0003242622,0.0
2022,2023,IT0003497168,1.8422887695745637e-21
2022,2023,IT0003506190,3.205519628906703e-21
2022,2023,IT0003856405,0.0
2022,2023,IT0004810054,5.99264245117993e-21
2022,2023,IT0004827447,6.995932123691835e-21
2022,2023,IT0005218380,4.061742683695314e-21
2022,2023,IT0005239360,8.107461644086126e-21
2022,2023,IT0005495657,0.0
2022,2023,IT0005496473,1.0166401955734005e-20
2022,2023,IT0005508921,1.6061648617671117e-20
2022,2023,JE00B8KF9B49,0.0
2022,2023,JE00BJ1DLW90,6.587699917583702e-21
2022,2023,JE00BYVQYS01,0.0
2022,2023,LR0008862868,0.0
2022,2023,LU0075646355,1.0012927608752067e-21
2022,2023,NL0000008977,0.0
2022,2023,NL0000009082,0.0
2022,2023,NL0000009165,7.343674327272676e-23
2022,2023,NL0000009538,3.83041806189645e-21
2022,2023,NL0000226223,7.083521172730979e-21
2022,2023,NL0000235190,0.0
2022,2023,NL0000289213,7.313706087862596e-21
2022,2023,NL0000337319,1.2536491477624822e-21
2022,2023,NL0000360618,5.403850428129329e-21
2022,2023,NL0000379121,2.7294473487267272e-21
2022,2023,NL0000395903,6.411409915324799e-22
2022,2023,NL0006237562,0.0
2022,2023,NL0009432491,0.0
2022,2023,NL0010273215,2.8452659597954507e-21
2022,2023,NL0010583399,1.2212664023969858e-21
2022,2023,NL0011794037,5.096904526306272e-21
2022,2023,NL0011821202,0.0
2022,2023,NL0013267909,6.87038456130613e-21
2022,2023,NL0013332471,8.9932647909705e-21
2022,2023,NL00150001Q9,2.7430260708080944e-21
2022,2023,NL00150003E1,1.0966166716266551e-20
2022,2023,NL0015001FS8,0.0
2022,2023,NL0015435975,0.0
2022,2023,NO0003028904,0.0
2022,2023,NO0003053605,2.1045864254139702e-21
2022,2023,NO0003054108,0.0
2022,2023,NO0003078800,7.592614332521136e-21
2022,2023,NO0003733800,2.4044786833438898e-21
2022,2023,NO0005052605,1.2864954530733317e-21
2022,2023,NO0010063308,0.0
2022,2023,NO0010096985,2.8025627436190614e-21
2022,2023,NO0010199151,0.0
2022,2023,NO0010208051,0.0
2022,2023,NO0010215684,0.0010621355420484067
2022,2023,NO0010861990,0.0
2022,2023,NO0012470089,0.0
2022,2023,PA1436583006,0.0
2022,2023,PTBCP0AM0015,6.386494116584335e-21
2022,2023,PTEDP0AM0009,0.0
2022,2023,PTJMT0AE0001,0.0
2022,2023,PTSON0AM0001,5.665532813107489e-21
2022,2023,PTZON0AM0006,0.0
2022,2023,SE0000106270,1.1280968413814568e-21
2022,2023,SE0000108227,3.917615849863211e-21
2022,2023,SE0000108656,3.7827761308729214e-21
2022,2023,SE0000112724,2.9976987912906323e-21
2022,2023,SE0000113250,3.2190490494552466e-21
2022,2023,SE0000114837,9.084467370717766e-22
2022,2023,SE0000148884,9.97582359284756e-22
2022,2023,SE0000163594,1.6139541649287982e-21
2022,2023,SE0000163628,0.0
2022,2023,SE0000171100,1.434733098710487e-20
2022,2023,SE0000190126,1.9550244428733314e-21
2022,2023,SE0000202624,0.0
2022,2023,SE0000242455,0.0
2022,2023,SE0000379190,8.79739647917159e-21
2022,2023,SE0000667891,1.6378092932813693e-21
2022,2023,SE0000667925,6.593008662242762e-21
2022,2023,SE0000695876,3.647623114076801e-21
2022,2023,SE0000806994,0.0
2022,2023,SE0000862997,0.0
2022,2023,SE0000949331,1.204795763684096e-21
2022,2023,SE0001662230,0.0
2022,2023,SE0003366871,1.7428184722602955e-20
2022,2023,SE0005190238,1.4293988615593747e-21
2022,2023,SE0006993770,1.5070843116102453e-21
2022,2023,SE0007100581,5.857773064799813e-22
2022,2023,SE0007100599,0.0
2022,2023,SE0011090018,3.601962633686067e-21
2022,2023,SE0011166974,2.3756646560275366e-21
2022,2023,SE0015811955,1.946819118885746e-21
2022,2023,SE0015812219,0.0017783581435646954
2022,2023,SE0015961909,2.932295772329612e-21
2022,2023,SE0015988019,3.3109713726478158e-21
2022,2023,SE0016589188,0.0
2022,2023,SE0017486889,0.0
2022,2023,SE0018012494,5.968531554521505e-21
2022,2023,SE0018012635,3.99218112268127e-24
2022,2023,SE0020050417,0.0
2022,2023,US0010551028,0.0
2022,2023,US0010841023,0.0
2022,2023,US00130H1059,0.0
2022,2023,US00206R1023,0.0
2022,2023,US0028241000,2.075640646637194e-21
2022,2023,US0028962076,8.991278177817778e-21
2022,2023,US00507V1098,0.0
2022,2023,US00724F1012,0.0
2022,2023,US00751Y1064,1.2820073957558663e-20
2022,2023,US0079031078,0.0
2022,2023,US0082521081,0.0
2022,2023,US00846U1016,0.0
2022,2023,US0091581068,0.0
2022,2023,US00971T1016,4.344009256635362e-21
2022,2023,US0126531013,8.285045176352074e-21
2022,2023,US0152711091,0.0
2022,2023,US01741R1023,1.0991061945824068e-20
2022,2023,US0185811082,1.3719139464599276e-21
2022,2023,US0188021085,0.0
2022,2023,US0200021014,2.0851124960029826e-21
2022,2023,US02079K3059,4.647980246437237e-21
2022,2023,US02209S1033,3.2201950391037813e-21
2022,2023,US0231351067,4.310790892892833e-21
2022,2023,US0236081024,0.0
2022,2023,US0255371017,0.0
2022,2023,US02553E1064,5.738331124116745e-21
2022,2023,US0258161092,1.304434125227428e-21
2022,2023,US0268747849,0.0
2022,2023,US03027X1000,1.7183782823880606e-21
2022,2023,US03073E1055,4.585861815450798e-21
2022,2023,US03076C1062,0.0
2022,2023,US0311001004,0.0
2022,2023,US0311621009,0.0
2022,2023,US0320951017,3.0234608560244216e-21
2022,2023,US0326541051,0.0
2022,2023,US0367521038,7.53829578172364e-23
2022,2023,US03743Q1085,1.91267203595859e-20
2022,2023,US0378331005,6.7319764919857656e-21
2022,2023,US0382221051,0.0
2022,2023,US0383361039,0.0
2022,2023,US03940R1077,8.023710626821926e-22
2022,2023,US0394831020,0.0
2022,2023,US0427351004,0.0
2022,2023,US0441861046,0.0
2022,2023,US0454871056,0.0
2022,2023,US04621X1081,0.0
2022,2023,US0495601058,0.0
2022,2023,US0527691069,0.0
2022,2023,US0528001094,2.263898529402073e-21
2022,2023,US0530151036,0.0
2022,2023,US0533321024,5.9478693067458115e-21
2022,2023,US0534841012,0.0
2022,2023,US0536111091,0.0
2022,2023,US0537741052,1.4609882128899694e-21
2022,2023,US0538071038,0.0
2022,2023,US0565251081,0.0
2022,2023,US0584981064,0.0
2022,2023,US0605051046,8.135744885191381e-22
2022,2023,US0640581007,0.0
2022,2023,US0708301041,1.3092283770471177e-20
2022,2023,US0718131099,0.0
2022,2023,US0758871091,0.0
2022,2023,US0758961009,3.5360373269135664e-20
2022,2023,US0844231029,0.0
2022,2023,US0865161014,1.1172305105940602e-20
2022,2023,US0893021032,2.1062731650543673e-20
2022,2023,US09061G1013,0.0
2022,2023,US09062X1037,0.03684910245508515
2022,2023,US09073M1045,0.0
2022,2023,US0936711052,1.349265194440232e-20
2022,2023,US0970231058,0.0
2022,2023,US09857L1089,2.0093874784921483e-21
2022,2023,US0997241064,3.6013051233947615e-21
2022,2023,US1011211018,0.0
2022,2023,US1011371077,0.0
2022,2023,US1033041013,3.781802471148576e-21
2022,2023,US1053682035,0.0
2022,2023,US1096411004,1.7595206077887467e-20
2022,2023,US1096961040,0.0
2022,2023,US1101221083,0.0
2022,2023,US1124631045,6.6986842427262e-21
2022,2023,US1156372096,2.139276898262402e-21
2022,2023,US12504L1098,0.0
2022,2023,US1252691001,7.653499448965962e-21
2022,2023,US12541W2098,0.0
2022,2023,US1255231003,3.3709372054399455e-21
2022,2023,US12572Q1058,0.06547833283348746
2022,2023,US1258961002,0.022759193123136446
2022,2023,US1264081035,0.0
2022,2023,US12653C1080,2.1735173372124524e-20
2022,2023,US1266501006,5.7081328287110684e-21
2022,2023,US1270551013,8.820209322786511e-21
2022,2023,US1270971039,0.031314050778732984
2022,2023,US1273871087,4.816488983077325e-22
2022,2023,US1307881029,0.0
2022,2023,US1331311027,0.0
2022,2023,US1344291091,0.0
2022,2023,US14040H1059,4.603674346950605e-21
2022,2023,US14149Y1082,5.209773304565875e-21
2022,2023,US1423391002,0.0
2022,2023,US1431301027,8.88355142184839e-21
2022,2023,US1491231015,0.0
2022,2023,US1508701034,4.257025081673253e-21
2022,2023,US15189T1079,0.0
2022,2023,US1567821046,7.487063573888539e-21
2022,2023,US1598641074,0.0
2022,2023,US1667641005,0.0
2022,2023,US1699051066,3.1750230833768153e-21
2022,2023,US1713401024,0.0
2022,2023,US1717793095,0.0
2022,2023,US1720621010,0.0
2022,2023,US17275R1023,0.0
2022,2023,US1729081059,1.1341224346782986e-21
2022,2023,US1729674242,0.0
2022,2023,US1773761002,0.01653076258093949
2022,2023,US1858991011,1.2531234702790938e-20
2022,2023,US1890541097,0.06476849091593088
2022,2023,US1912161007,0.0
2022,2023,US1924461023,7.197627296821346e-22
2022,2023,US1941621039,0.0
2022,2023,US20030N1019,0.0
2022,2023,US2003401070,5.637852777302187e-21
2022,2023,US2017231034,8.083654575573698e-21
2022,2023,US2058871029,0.0
2022,2023,US20825C1045,6.366140808395823e-21
2022,2023,US2091151041,0.0
2022,2023,US21036P1084,1.61441861989973e-21
2022,2023,US2172041061,0.0
2022,2023,US21871N1019,0.0
2022,2023,US2193501051,5.0821329000218606e-21
2022,2023,US22160K1051,8.84369997634487e-22
2022,2023,US22410J1060,4.463264406799624e-21
2022,2023,US22822V1017,0.0
2022,2023,US2283681060,0.0
2022,2023,US2310211063,3.849275123697348e-21
2022,2023,US23331A1097,8.105906024626749e-21
2022,2023,US2333311072,0.0
2022,2023,US23355L1061,0.0
2022,2023,US2358511028,5.791426739925544e-22
2022,2023,US2371941053,5.766828478256422e-21
2022,2023,US23918K1088,7.468832437268451e-21
2022,2023,US2441991054,0.0
2022,2023,US2473617023,4.799624057872584e-21
2022,2023,US24906P1093,5.1787024543792536e-21
2022,2023,US25179M1036,1.241664206128779e-20
2022,2023,US2533931026,1.8139795675803083e-20
2022,2023,US2546871060,6.91315333522224e-21
2022,2023,US25525P1075,0.0
2022,2023,US25659T1079,5.636639709031322e-21
2022,2023,US2566771059,5.6406919297870396e-21
2022,2023,US2567461080,3.336227147622709e-22
2022,2023,US25746U1097,0.02360884062233693
2022,2023,US2576511099,4.522955058456906e-22
2022,2023,US25960P1093,0.0
2022,2023,US2600031080,0.0
2022,2023,US26441C2044,0.0
2022,2023,US26614N1028,9.018464437363777e-21
2022,2023,US26875P1012,4.25946671680495e-21
2022,2023,US26884L1098,1.7773718427960908e-20
2022,2023,US2774321002,5.354112484393024e-21
2022,2023,US2774614067,0.0
2022,2023,US2786421030,0.0
2022,2023,US2788651006,2.2623497129103347e-21
2022,2023,US2810201077,5.881495058565932e-22
2022,2023,US28176E1082,0.0
2022,2023,US2855121099,0.0
2022,2023,US2910111044,1.3645399777098427e-21
2022,2023,US29272W1099,7.360962281831682e-21
2022,2023,US29364G1031,0.0
2022,2023,US2944291051,0.0
2022,2023,US29444U7000,0.0
2022,2023,US29476L1070,0.0
2022,2023,US29670G1022,0.0
2022,2023,US2971781057,0.0
2022,2023,US30034W1062,0.0
2022,2023,US30040W1080,0.0
2022,2023,US30161N1019,0.0
2022,2023,US30212P3038,6.6775466837063235e-21
2022,2023,US3021301094,0.0
2022,2023,US30231G1022,0.0
2022,2023,US3024913036,5.306686553964715e-22
2022,2023,US3029411093,0.04135106318031489
2022,2023,US3030751057,0.0
2022,2023,US3119001044,1.55617881595243e-21
2022,2023,US3137451015,0.0
2022,2023,US31428X1063,0.0
2022,2023,US3156161024,1.2581390776798133e-20
2022,2023,US31620M1062,2.3513165474989972e-21
2022,2023,US3167731005,5.11077650892021e-21
2022,2023,US3205171057,0.0
2022,2023,US3377381088,2.6880742503498716e-22
2022,2023,US3379321074,0.05184817004397681
2022,2023,US3434121022,1.7717285632416417e-20
2022,2023,US34354P1057,2.410240569822007e-21
2022,2023,US3448491049,1.0240974263815261e-20
2022,2023,US3453708600,2.268675473844537e-21
2022,2023,US3546131018,3.3507364677815063e-21
2022,2023,US35671D8570,7.516026549187381e-21
2022,2023,US3614481030,0.0
2022,2023,US3635761097,6.663252885903526e-23
2022,2023,US3647601083,1.7126231157571542e-20
2022,2023,US3695501086,0.0
2022,2023,US3703341046,2.8306117427144437e-21
2022,2023,US37045V1008,7.447119631119726e-21
2022,2023,US3719011096,2.8236501128329427e-21
2022,2023,US3724601055,4.24088444357737e-21
2022,2023,US37247D1063,0.0
2022,2023,US3755581036,0.0
2022,2023,US37940X1028,2.7204953540656056e-21
2022,2023,US37959E1029,0.0
2022,2023,US38141G1040,3.59491281657443e-21
2022,2023,US3825501014,6.828281407174514e-21
2022,2023,US3841091040,0.0
2022,2023,US3848021040,9.362000972243514e-22
2022,2023,US3976241071,0.0
2022,2023,US40434L1052,0.0
2022,2023,US4062161017,0.0
2022,2023,US4103451021,3.991842715623301e-21
2022,2023,US4108671052,0.0
2022,2023,US4128221086,3.2933587915651915e-21
2022,2023,US4158641070,5.738470053691007e-21
2022,2023,US4165151048,0.0
2022,2023,US4180561072,5.148612848361988e-21
2022,2023,US4198701009,0.0
2022,2023,US42250P1030,0.0
2022,2023,US42330P1075,4.163872695704997e-21
2022,2023,US4234521015,5.30219892708381e-21
2022,2023,US4278661081,0.04212573983486711
2022,2023,US42809H1077,0.0
2022,2023,US4364401012,4.982076289737332e-21
2022,2023,US4370761029,2.495368024987432e-21
2022,2023,US4385161066,0.0
2022,2023,US4404521001,0.015498125431235608
2022,2023,US44107P1049,1.152726229528591e-21
2022,2023,US4435106079,0.0
2022,2023,US4448591028,1.3353571264830433e-21
2022,2023,US4456581077,0.0
2022,2023,US4461501045,0.0
2022,2023,US4470111075,1.3218298064479904e-20
2022,2023,US45073V1089,3.012143600001582e-21
2022,2023,US45167R1041,0.0
2022,2023,US45168D1046,0.0
2022,2023,US4523081093,1.749725886360367e-21
2022,2023,US4523271090,4.487464471754011e-21
2022,2023,US4581401001,4.226324970890492e-21
2022,2023,US45866F1049,0.0
2022,2023,US4592001014,0.0
2022,2023,US4595061015,6.788798815120667e-21
2022,2023,US4601461035,1.379579890371546e-21
2022,2023,US4606901001,0.0
2022,2023,US4612021034,0.0
2022,2023,US46120E6023,0.0
2022,2023,US46284V1017,0.0
2022,2023,US4657411066,0.0
2022,2023,US46625H1005,0.0
2022,2023,US4663131039,0.0
2022,2023,US46982L1089,9.637254372403168e-22
2022,2023,US4781601046,0.0
2022,2023,US48020Q1076,2.349550461966941e-22
2022,2023,US48203R1041,2.258737054206573e-21
2022,2023,US48242W1062,1.0041569449897098e-21
2022,2023,US4824801009,2.8456387624927422e-21
2022,2023,US48666K1097,1.2767528601187612e-20
2022,2023,US4878361082,2.6331944591777605e-22
2022,2023,US4891701009,5.510482556336312e-21
2022,2023,US4932671088,1.1824810264401058e-21
2022,2023,US4943681035,0.0
2022,2023,US49446R1095,2.7646865668205925e-21
2022,2023,US49456B1017,0.0
2022,2023,US4972661064,0.0
2022,2023,US5002551043,1.4163333385797153e-20
2022,2023,US5010441013,5.050764289385457e-21
2022,2023,US5018892084,0.0
2022,2023,US5150981018,0.0
2022,2023,US5178341070,2.4436229011952773e-21
2022,2023,US5184391044,0.0
2022,2023,US5218652049,1.3807302909531655e-23
2022,2023,US5246601075,3.314012544485101e-22
2022,2023,US5260571048,5.99189469205872e-21
2022,2023,US5261071071,8.389930844480393e-22
2022,2023,US5324571083,0.028544356534201558
2022,2023,US5339001068,2.8036652588008716e-21
2022,2023,US5341871094,4.9607287776345135e-21
2022,2023,US5370081045,0.0
2022,2023,US5398301094,0.0
2022,2023,US5486611073,5.584968050423246e-21
2022,2023,US5502411037,1.46174936428533e-20
2022,2023,US55261F1049,0.01959598696105946
2022,2023,US5526761086,5.8672063954703215e-21
2022,2023,US5526901096,0.0
2022,2023,US5529531015,5.2911987687403756e-21
2022,2023,US5535301064,2.058246141439549e-21
2022,2023,US5543821012,8.827487673619222e-21
2022,2023,US5544891048,0.0
2022,2023,US55616P1049,1.4142786132579026e-20
2022,2023,US5635714059,0.0
2022,2023,US56418H1005,0.0
2022,2023,US5658491064,1.0133423253255056e-20
2022,2023,US5717481023,0.0
2022,2023,US5719032022,7.42019025519582e-21
2022,2023,US5732841060,0.0
2022,2023,US5738741041,1.0630917293161109e-20
2022,2023,US5745991068,4.598400912179249e-21
2022,2023,US57636Q1040,0.0
2022,2023,US57667L1070,0.0
2022,2023,US5770811025,1.0680377172943188e-20
2022,2023,US5797802064,1.6336541185962901e-21
2022,2023,US5801351017,4.839584359991856e-24
2022,2023,US58155Q1031,2.7902487907796927e-21
2022,2023,US58933Y1055,0.0
2022,2023,US59156R1086,6.037585672327314e-22
2022,2023,US5926881054,0.0
2022,2023,US5949181045,5.9561577449616e-21
2022,2023,US5950171042,0.0
2022,2023,US5951121038,0.0
2022,2023,US6005441000,5.157666651007868e-21
2022,2023,US6081901042,0.0
2022,2023,US60871R2094,0.0
2022,2023,US6092071058,0.0
2022,2023,US61174X1090,0.0
2022,2023,US6153691059,0.0
2022,2023,US6174464486,5.550179995894143e-21
2022,2023,US61945C1036,1.3115799163914697e-20
2022,2023,US6200763075,0.0
2022,2023,US6267171022,1.3104370238969765e-20
2022,2023,US62886E1082,0.0
2022,2023,US6293775085,0.0
2022,2023,US62955J1034,1.5000951835669331e-21
2022,2023,US6311031081,0.0
2022,2023,US6361801011,2.8976495670941003e-22
2022,2023,US6365181022,2.5568094255678144e-21
2022,2023,US64110D1046,8.134549457723902e-21
2022,2023,US6501111073,9.712459541614196e-22
2022,2023,US6512291062,0.0
2022,2023,US6516391066,0.008801514049882282
2022,2023,US65249B1098,7.096348646305515e-21
2022,2023,US65339F1012,0.0
2022,2023,US6541061031,0.0
2022,2023,US65473P1057,0.0
2022,2023,US6556641008,1.7062140438832878e-20
2022,2023,US6558441084,1.2481121932709948e-21
2022,2023,US6658591044,0.0
2022,2023,US6668071029,0.0
2022,2023,US6687711084,0.0
2022,2023,US6703461052,1.4214849336628107e-21
2022,2023,US67066G1040,1.7382373759675246e-21
2022,2023,US6708371033,0.0
2022,2023,US67098H1041,0.0
2022,2023,US67103H1077,5.74987894992286e-21
2022,2023,US6745991058,7.928370894778237e-21
2022,2023,US6752321025,0.0
2022,2023,US6780261052,6.317488344396435e-21
2022,2023,US6819191064,2.439807149802821e-21
2022,2023,US6821891057,0.0
2022,2023,US6826801036,4.573487980070721e-21
2022,2023,US68389X1054,9.70042508376395e-22
2022,2023,US6866881021,3.047426915852035e-21
2022,2023,US6882392011,0.0
2022,2023,US69036R8631,5.949951542247857e-21
2022,2023,US69331C1080,5.13628624189518e-21
2022,2023,US6934751057,0.0
2022,2023,US6935061076,6.29342417379983e-21
2022,2023,US69351T1060,0.0
2022,2023,US6936561009,9.510129051892071e-23
2022,2023,US6937181088,2.834472496457568e-22
2022,2023,US6951561090,1.4748789354126898e-22
2022,2023,US7010941042,2.954079287850702e-21
2022,2023,US70211M1099,0.0
2022,2023,US7043261079,0.0
2022,2023,US7045511000,2.0833948403351754e-21
2022,2023,US7075691094,9.930127895073655e-21
2022,2023,US70959W1036,3.641764662129856e-22
2022,2023,US7134481081,0.0
2022,2023,US7140461093,0.0
2022,2023,US7170811035,0.0
2022,2023,US7234841010,0.0
2022,2023,US7237871071,6.312740537732901e-21
2022,2023,US7244791007,6.937574711858394e-21
2022,2023,US7310681025,1.1730568656457617e-20
2022,2023,US74144T1088,3.0004045805990588e-21
2022,2023,US74251V1026,0.0
2022,2023,US7427181091,0.0
2022,2023,US7433151039,0.0
2022,2023,US74340W1036,0.0
2022,2023,US7443201022,5.605760753369831e-22
2022,2023,US7445731067,0.0
2022,2023,US74460D1090,0.0
2022,2023,US7458671010,9.278709616327081e-21
2022,2023,US7475251036,1.1920654079027718e-20
2022,2023,US74762E1029,0.0
2022,2023,US74834L1008,1.776803877954375e-21
2022,2023,US7496851038,6.1861923654002784e-21
2022,2023,US7509171069,0.0
2022,2023,US7512121010,0.0
2022,2023,US75281A1097,2.2436817593427392e-20
2022,2023,US7547301090,0.0
2022,2023,US75513E1010,0.0
2022,2023,US7588491032,0.0
2022,2023,US75886F1075,0.011944995561518864
2022,2023,US7591EP1005,2.953482595034033e-21
2022,2023,US7593516047,4.834112988848409e-23
2022,2023,US7595091023,0.0
2022,2023,US7607591002,0.0
2022,2023,US7611521078,0.018172949715752396
2022,2023,US7677548726,1.2176681833194132e-20
2022,2023,US7703231032,6.953829454494741e-21
2022,2023,US7739031091,3.221301723976499e-21
2022,2023,US7766961061,0.0
2022,2023,US7782961038,5.868507657663929e-21
2022,2023,US7802871084,7.253167812295528e-21
2022,2023,US7835491082,4.181789393864326e-21
2022,2023,US78409V1044,6.76331156767285e-22
2022,2023,US78410G1040,1.4349531398207563e-21
2022,2023,US7841171033,0.0
2022,2023,US78440X8873,3.0278884819533178e-21
2022,2023,US78442P1066,0.0
2022,2023,US78454L1008,3.3985634796950884e-20
2022,2023,US78473E1038,5.432866377113709e-21
2022,2023,US79466L3024,0.0
2022,2023,US8064071025,1.5071520240097053e-22
2022,2023,US8085131055,8.534012894259632e-22
2022,2023,US8101861065,0.0
2022,2023,US81211K1007,0.0
2022,2023,US8168511090,0.0
2022,2023,US8175651046,0.0
2022,2023,US8243481061,4.468142453828535e-22
2022,2023,US8288061091,7.537514083823735e-23
2022,2023,US8326964058,0.05430653046747955
2022,2023,US8330341012,0.0
2022,2023,US8354951027,1.0446677748056605e-21
2022,2023,US8425871071,0.0
2022,2023,US84265V1052,2.408135353066915e-21
2022,2023,US8447411088,1.2591055567583258e-22
2022,2023,US8454671095,1.3539364152136229e-20
2022,2023,US8485741099,0.0
2022,2023,US8545021011,0.0
2022,2023,US8552441094,5.807347765946835e-22
2022,2023,US8574771031,0.0
2022,2023,US8581191009,1.815295059426113e-21
2022,2023,US8589121081,0.0
2022,2023,US8636671013,0.0
2022,2023,US8676524064,1.3579816293929075e-20
2022,2023,US8716071076,0.0
2022,2023,US87161C5013,0.0
2022,2023,US8718291078,4.85847123703526e-22
2022,2023,US8725401090,1.880958551495345e-21
2022,2023,US8760301072,6.442294281851803e-21
2022,2023,US87612E1064,1.1361795845208086e-20
2022,2023,US8794338298,4.107226694846911e-21
2022,2023,US8803491054,8.819419432161275e-21
2022,2023,US8807701029,0.0
2022,2023,US8807791038,1.076126065768418e-20
2022,2023,US8816242098,1.0942944712251545e-20
2022,2023,US8825081040,3.623658376174833e-21
2022,2023,US8832031012,0.0
2022,2023,US88337F1057,2.6874938592853957e-20
2022,2023,US8835561023,2.002172672927996e-21
2022,2023,US8851601018,1.729707421510703e-20
2022,2023,US88579Y1010,1.846211119181467e-21
2022,2023,US88642R1095,0.0
2022,2023,US8873891043,1.694916080261028e-21
2022,2023,US8910921084,0.0
2022,2023,US89417E1091,0.0
2022,2023,US8962391004,3.6682701060883965e-21
2022,2023,US8965221091,3.269886044292727e-21
2022,2023,US89832Q1094,0.0
2022,2023,US9024941034,0.0
2022,2023,US9026531049,0.0
2022,2023,US9026811052,0.0
2022,2023,US9029733048,0.0
2022,2023,US9078181081,0.0
2022,2023,US9111631035,1.7336981697760953e-20
2022,2023,US9113121068,3.2015239297557776e-22
2022,2023,US9113631090,8.444668500815436e-21
2022,2023,US9129091081,1.463687883920365e-20
2022,2023,US91324P1021,0.0
2022,2023,US91529Y1064,7.538019203533077e-22
2022,2023,US91822M5022,0.0
2022,2023,US91913Y1001,1.2559942166752477e-20
2022,2023,US92276F1003,0.0
2022,2023,US92343V1044,2.1412841846992066e-21
2022,2023,US92532F1003,0.0
2022,2023,US9255501051,0.0
2022,2023,US92556V1061,0.0
2022,2023,US9282981086,0.0
2022,2023,US9290421091,0.0
2022,2023,US9291601097,0.0
2022,2023,US92922P1066,1.5122637148341567e-20
2022,2023,US92939U1060,0.0
2022,2023,US9297401088,1.6066426498840454e-21
2022,2023,US9311421039,3.169352704078181e-21
2022,2023,US9314271084,3.113656527712871e-21
2022,2023,US94106L1098,0.0
2022,2023,US9418481035,0.0
2022,2023,US9427491025,0.0
2022,2023,US9497461015,1.3596459714409252e-21
2022,2023,US95040Q1040,0.0
2022,2023,US95058W1009,0.0
2022,2023,US95082P1057,5.388240184027286e-21
2022,2023,US9581021055,0.0
2022,2023,US9598021098,1.0786448575300451e-21
2022,2023,US9604131022,7.361726006405997e-21
2022,2023,US96145D1054,0.0
2022,2023,US9621661043,0.0
2022,2023,US9633201069,2.7729517124101514e-21
2022,2023,US9682232064,0.0
2022,2023,US9694571004,0.0
2022,2023,US9699041011,1.0645676489094607e-20
2022,2023,US9831341071,0.0
2022,2023,US98389B1008,0.0
2022,2023,US9839191015,0.0
2022,2023,US98421M1062,0.0
2022,2023,US9884981013,1.0314143954973522e-21
2022,2023,US9892071054,0.0
2022,2023,US98956P1021,2.9879166329326195e-21
2023,2024,AN8068571086,0.0
2023,2024,AT000000STR1,0.0
2023,2024,AT00000VIE62,0.0
2023,2024,AT0000606306,0.0
2023,2024,AT0000652011,0.0
2023,2024,AT0000720008,0.0
2023,2024,AT0000730007,0.0
2023,2024,AT0000743059,0.0
2023,2024,AT0000746409,0.0
2023,2024,AT0000831706,0.0
2023,2024,AT0000908504,0.0
2023,2024,AT0000937503,0.0
2023,2024,AT0000938204,0.0
2023,2024,AT0000A21KS2,0.0
2023,2024,AU000000JHX1,0.0
2023,2024,BE0003470755,0.0
2023,2024,BE0003565737,0.0
2023,2024,BE0003593044,0.0
2023,2024,BE0003717312,0.0
2023,2024,BE0003735496,0.0
2023,2024,BE0003739530,0.0
2023,2024,BE0003755692,0.0
2023,2024,BE0003797140,0.0
2023,2024,BE0003810273,0.0
2023,2024,BE0003822393,0.0
2023,2024,BE0974256852,0.009528826307249294
2023,2024,BE0974258874,0.0
2023,2024,BE0974264930,0.0
2023,2024,BE0974271034,0.0
2023,2024,BE0974293251,0.0
2023,2024,BE0974320526,0.0
2023,2024,BE0974338700,0.0
2023,2024,BMG850801025,0.0
2023,2024,CA00208D4084,0.0
2023,2024,CA0084741085,0.0
2023,2024,CA00900Q1037,0.0
2023,2024,CA01626P1484,0.0
2023,2024,CA05534B7604,0.0
2023,2024,CA0636711016,0.0
2023,2024,CA0641491075,0.0
2023,2024,CA0977518616,0.0
2023,2024,CA1247651088,0.0
2023,2024,CA12532H1047,0.0
2023,2024,CA13321L1085,0.0
2023,2024,CA1360691010,0.0
2023,2024,CA1363751027,0.0
2023,2024,CA1363851017,0.0
2023,2024,CA13646K1084,0.0
2023,2024,CA1366812024,0.0
2023,2024,CA1367178326,0.0
2023,2024,CA2849025093,0.0
2023,2024,CA2918434077,0.0
2023,2024,CA29250N1050,0.0
2023,2024,CA2927661025,0.0
2023,2024,CA3180714048,0.0
2023,2024,CA3359341052,0.0
2023,2024,CA3495531079,0.0
2023,2024,CA3518581051,0.0
2023,2024,CA3759161035,0.0
2023,2024,CA39138C1068,0.0
2023,2024,CA4495861060,0.0
2023,2024,CA4530384086,0.0
2023,2024,CA45823T1066,0.0
2023,2024,CA4969024047,0.0
2023,2024,CA5394811015,0.0
2023,2024,CA5592224011,0.0
2023,2024,CA56501R1064,0.0
2023,2024,CA59151K1084,0.0
2023,2024,CA59162N1096,0.021239545745213053
2023,2024,CA67077M1086,0.0
2023,2024,CA6744822033,0.0
2023,2024,CA68272K1030,0.0
2023,2024,CA6837151068,0.0
2023,2024,CA7392391016,0.0
2023,2024,CA74022D4075,0.0
2023,2024,CA7669101031,0.0
2023,2024,CA7751092007,0.0
2023,2024,CA7800871021,0.0
2023,2024,CA8029121057,0.02389891740494145
2023,2024,CA82028K2002,0.0
2023,2024,CA8239011031,0.0
2023,2024,CA85472N1096,0.0
2023,2024,CA8667961053,0.0
2023,2024,CA8672241079,0.0
2023,2024,CA87807B1076,0.0
2023,2024,CA8787422044,0.0
2023,2024,CA87971M1032,0.0
2023,2024,CA8849038085,0.0
2023,2024,CA8911605092,0.0
2023,2024,CA89346D1078,0.0
2023,2024,CA8959451037,0.0
2023,2024,CA9611485090,0.0
2023,2024,CA98462Y1007,0.0
2023,2024,CH0000816824,0.0
2023,2024,CH0008038389,0.0
2023,2024,CH0008742519,1.2194357458914608e-07
2023,2024,CH0010570759,0.0
2023,2024,CH0010645932,0.0
2023,2024,CH0011075394,0.0
2023,2024,CH0012005267,0.0
2023,2024,CH0012032048,0.0
2023,2024,CH0012138530,0.0
2023,2024,CH0012138605,0.0
2023,2024,CH0012142631,0.0
2023,2024,CH0012214059,0.0
2023,2024,CH0012221716,0.0
2023,2024,CH0012255151,0.0
2023,2024,CH0012410517,0.0
2023,2024,CH0012549785,0.0
2023,2024,CH0013841017,0.0
2023,2024,CH0014786500,0.0
2023,2024,CH0014852781,0.0
2023,2024,CH0018294154,0.0
2023,2024,CH0022268228,0.0
2023,2024,CH0024608827,0.0
2023,2024,CH0024638212,0.0
2023,2024,CH0025238863,0.0
2023,2024,CH0025751329,0.0
2023,2024,CH0030170408,0.0
2023,2024,CH0038388911,0.0
2023,2024,CH0038863350,0.0
2023,2024,CH0044328745,0.0
2023,2024,CH0048265513,0.0
2023,2024,CH0102484968,0.0
2023,2024,CH0126881561,0.0
2023,2024,CH0198251305,0.0
2023,2024,CH0210483332,0.0
2023,2024,CH0244767585,0.0
2023,2024,CH0319416936,0.0
2023,2024,CH0418792922,0.0
2023,2024,CH1169151003,0.0
2023,2024,CH1175448666,0.0
2023,2024,CH1256740924,0.0
2023,2024,DE0005089031,0.0
2023,2024,DE0005140008,0.0
2023,2024,DE0005190003,0.0
2023,2024,DE0005200000,0.0
2023,2024,DE0005408884,0.0
2023,2024,DE0005439004,0.0
2023,2024,DE0005470405,0.0
2023,2024,DE0005552004,0.0
2023,2024,DE0005557508,0.0
2023,2024,DE0005773303,0.0
2023,2024,DE0005785604,0.0
2023,2024,DE0005785802,0.0
2023,2024,DE0005810055,0.0
2023,2024,DE0005909006,0.0
2023,2024,DE0006047004,0.0
2023,2024,DE0006048432,0.0
2023,2024,DE0006070006,0.0
2023,2024,DE0006202005,0.0
2023,2024,DE0006231004,0.0
2023,2024,DE0006569908,0.0
2023,2024,DE0006599905,0.0
2023,2024,DE0006602006,0.0
2023,2024,DE0006969603,0.0
2023,2024,DE0007030009,0.0
2023,2024,DE0007037129,0.0
2023,2024,DE0007042301,0.09196888503296208
2023,2024,DE0007100000,0.0
2023,2024,DE0007164600,0.0
2023,2024,DE0007236101,0.0
2023,2024,DE0007257503,0.0
2023,2024,DE0007297004,0.0
2023,2024,DE0007314007,0.0
2023,2024,DE0007500001,0.0
2023,2024,DE0007507501,0.0
2023,2024,DE0007664039,0.0
2023,2024,DE0008232125,0.0
2023,2024,DE0008402215,0.0
2023,2024,DE0008404005,0.0
2023,2024,DE0008430026,0.0
2023,2024,DE000A0D6554,0.0
2023,2024,DE000A0D9PT0,0.0
2023,2024,DE000A0S8488,0.0
2023,2024,DE000A0WMPJ6,0.0
2023,2024,DE000A1EWWW0,0.0
2023,2024,DE000A2GS401,0.0
2023,2024,DE000BASF111,0.0
2023,2024,DE000BAY0017,0.0
2023,2024,DE000CBK1001,0.0
2023,2024,DE000CLS1001,0.20170228026449244
2023,2024,DE000ENAG999,0.0
2023,2024,DE000KSAG888,0.0
2023,2024,DE000PSM7770,0.0
2023,2024,DE000TUAG505,0.0
2023,2024,DK0010181759,0.0
2023,2024,DK0010234467,0.0
2023,2024,DK0010244508,0.0
2023,2024,DK0010272632,0.0
2023,2024,DK0010274414,0.0
2023,2024,DK0010287663,0.0
2023,2024,DK0010307958,0.0
2023,2024,DK0010311471,0.0
2023,2024,DK0060079531,0.0
2023,2024,DK0060336014,0.0
2023,2024,DK0060448595,0.0
2023,2024,DK0060477503,0.0
2023,2024,DK0060636678,0.0
2023,2024,DK0060738599,0.0
2023,2024,DK0061539921,0.0
2023,2024,ES0109427734,0.0
2023,2024,ES0112501012,0.017047502477140052
2023,2024,ES0113211835,0.0
2023,2024,ES0113679I37,0.0
2023,2024,ES0113860A34,0.0
2023,2024,ES0113900J37,0.0
2023,2024,ES0116870314,0.0
2023,2024,ES0117160111,0.0
2023,2024,ES0118594417,0.0
2023,2024,ES0122060314,0.0
2023,2024,ES0124244E34,0.0
2023,2024,ES0125220311,0.0
2023,2024,ES0130670112,0.0
2023,2024,ES0130960018,0.0
2023,2024,ES0132105018,0.0
2023,2024,ES0134950F36,0.0
2023,2024,ES0142090317,0.0
2023,2024,ES0144580Y14,0.0
2023,2024,ES0148396007,0.0
2023,2024,ES0152503035,0.0
2023,2024,ES0161560018,0.0
2023,2024,ES0167050915,0.0
2023,2024,ES0171743901,0.0
2023,2024,ES0171996087,0.0
2023,2024,ES0173093024,0.0
2023,2024,ES0173516115,0.0
2023,2024,ES0178430E18,0.0
2023,2024,ES0182870214,0.0
2023,2024,ES0184933812,0.0
2023,2024,FI0009000202,0.0
2023,2024,FI0009000277,0.0
2023,2024,FI0009000459,0.0
2023,2024,FI0009000681,0.0
2023,2024,FI0009002158,0.0
2023,2024,FI0009002422,0.0
2023,2024,FI0009003727,0.0
2023,2024,FI0009005318,0.0
2023,2024,FI0009005870,0.0
2023,2024,FI0009005961,0.0
2023,2024,FI0009005987,0.0
2023,2024,FI0009007132,0.0
2023,2024,FI0009007694,0.0
2023,2024,FI0009007884,1.254247569347295e-07
2023,2024,FI0009013296,0.0
2023,2024,FI0009013403,0.0
2023,2024,FI0009800643,0.0
2023,2024,FI4000440664,0.0
2023,2024,FR0000035081,0.0
2023,2024,FR0000039109,0.0
2023,2024,FR0000044448,0.0
2023,2024,FR0000045072,0.0
2023,2024,FR0000051070,0.0
2023,2024,FR0000052292,0.0
2023,2024,FR0000053225,0.0
2023,2024,FR0000054470,1.227388362877555e-07
2023,2024,FR0000054900,0.0
2023,2024,FR0000064578,0.0
2023,2024,FR0000073272,0.0
2023,2024,FR0000077919,0.0
2023,2024,FR0000120073,0.0
2023,2024,FR0000120172,0.0
2023,2024,FR0000120222,0.0
2023,2024,FR0000120271,0.0
2023,2024,FR0000120321,0.0
2023,2024,FR0000120404,0.0
2023,2024,FR0000120503,0.0
2023,2024,FR0000120560,0.0
2023,2024,FR0000120578,0.0
2023,2024,FR0000120628,0.0
2023,2024,FR0000120644,0.0
2023,2024,FR0000120693,0.0
2023,2024,FR0000120859,0.0
2023,2024,FR0000120966,0.0
2023,2024,FR0000121014,0.0
2023,2024,FR0000121121,0.0
2023,2024,FR0000121204,0.0
2023,2024,FR0000121220,0.0
2023,2024,FR0000121329,0.0
2023,2024,FR0000121485,0.0
2023,2024,FR0000121667,0.0
2023,2024,FR0000121964,0.0
2023,2024,FR0000121972,0.0
2023,2024,FR0000124141,0.0
2023,2024,FR0000125007,0.0
2023,2024,FR0000125338,0.0
2023,2024,FR0000125486,0.0
2023,2024,FR0000127771,0.0
2023,2024,FR0000130213,0.0
2023,2024,FR0000130395,0.0
2023,2024,FR0000130403,0.0
2023,2024,FR0000130452,0.0
2023,2024,FR0000130577,0.0
2023,2024,FR0000130809,0.0
2023,2024,FR0000131104,0.0
2023,2024,FR0000131757,0.0
2023,2024,FR0000131906,0.0
2023,2024,FR0000133308,3.364978129871185e-07
2023,2024,FR0010040865,0.0
2023,2024,FR0010220475,0.0
2023,2024,FR0010221234,0.0
2023,2024,FR0010242511,0.0
2023,2024,FR0010307819,0.0
2023,2024,FR0010313833,0.0
2023,2024,FR0010340141,0.0
2023,2024,FR0010411983,0.0
2023,2024,FR0010533075,0.0
2023,2024,FR0013176526,0.0
2023,2024,FR0013280286,0.0
2023,2024,FR0013326246,0.0
2023,2024,FR0013505062,0.0
2023,2024,FR0013506730,0.0
2023,2024,FR0014003TT8,0.0
2023,2024,FR001400AJ45,0.0
2023,2024,GB0000163088,0.0
2023,2024,GB0000365774,0.0
2023,2024,GB0000456144,0.0
2023,2024,GB0000536739,0.0
2023,2024,GB0000600931,0.0
2023,2024,GB0000811801,0.0
2023,2024,GB0000904986,0.0
2023,2024,GB0000961622,0.0
2023,2024,GB0001048619,0.0
2023,2024,GB0001110096,0.0
2023,2024,GB0001367019,0.0
2023,2024,GB0001500809,0.0
2023,2024,GB0001570810,0.0
2023,2024,GB0001638955,0.0
2023,2024,GB0001667087,0.0
2023,2024,GB0001765816,0.0
2023,2024,GB0001795680,0.0
2023,2024,GB0001826634,0.0
2023,2024,GB0001859296,0.0
2023,2024,GB0002015021,0.0
2023,2024,GB0002018363,0.0
2023,2024,GB0002074580,0.0
2023,2024,GB0002148343,0.0
2023,2024,GB0002318888,0.0
2023,2024,GB0002349065,0.0
2023,2024,GB0002374006,0.0
2023,2024,GB0002418548,0.0
2023,2024,GB0002634946,0.0
2023,2024,GB0002652740,0.0
2023,2024,GB0002670437,0.0
2023,2024,GB0002869419,0.0
2023,2024,GB0002875804,0.0
2023,2024,GB0003062816,0.0
2023,2024,GB0003096442,0.0
2023,2024,GB0003308607,0.0
2023,2024,GB0003395000,0.0
2023,2024,GB0003452173,0.0
2023,2024,GB0003718474,0.0
2023,2024,GB0003753778,0.0
2023,2024,GB0004052071,0.0
2023,2024,GB0004082847,0.0
2023,2024,GB0004161021,0.0
2023,2024,GB0004170089,0.0
2023,2024,GB0004270301,0.0
2023,2024,GB0004478896,0.0
2023,2024,GB0004544929,0.0
2023,2024,GB0004657408,0.0
2023,2024,GB0004726096,0.0
2023,2024,GB0004866223,0.0
2023,2024,GB0004915632,0.0
2023,2024,GB0005405286,0.0
2023,2024,GB0005576813,0.0
2023,2024,GB0005603997,0.0
2023,2024,GB0005630420,0.0
2023,2024,GB0005746358,0.0
2023,2024,GB0005758098,0.0
2023,2024,GB0005790059,0.0
2023,2024,GB0006027295,0.0
2023,2024,GB0006215205,0.0
2023,2024,GB0006449366,0.0
2023,2024,GB0006640972,0.0
2023,2024,GB0006650450,0.0
2023,2024,GB0006731235,0.0
2023,2024,GB0006776081,0.016273035628844447
2023,2024,GB0006825383,0.0
2023,2024,GB0006886666,0.0
2023,2024,GB0006928617,0.0
2023,2024,GB0006963689,0.0
2023,2024,GB0007099541,0.0
2023,2024,GB0007188757,0.0
2023,2024,GB0007323586,0.0
2023,2024,GB0007370074,0.0
2023,2024,GB0007388407,0.0
2023,2024,GB0007594764,0.0
2023,2024,GB0007668071,0.0
2023,2024,GB0007669376,0.0
2023,2024,GB0007689002,0.0
2023,2024,GB0007908733,0.0
2023,2024,GB0007958233,0.0
2023,2024,GB0007973794,0.0
2023,2024,GB0007980591,0.0
2023,2024,GB0008025412,0.0
2023,2024,GB0008085614,0.0
2023,2024,GB0008220112,0.0
2023,2024,GB0008475088,0.0
2023,2024,GB0008481250,0.0
2023,2024,GB0008706128,0.0
2023,2024,GB0008711763,0.0
2023,2024,GB0008782301,0.0
2023,2024,GB0008794710,0.0
2023,2024,GB0009067447,0.0
2023,2024,GB0009123323,0.0
2023,2024,GB0009223206,0.0
2023,2024,GB0009286963,0.0
2023,2024,GB0009292243,0.0
2023,2024,GB0009296665,0.0
2023,2024,GB0009465807,0.0
2023,2024,GB0009633180,0.0
2023,2024,GB0009692319,0.0
2023,2024,GB0009697037,0.0
2023,2024,GB0009895292,0.0
2023,2024,GB0022569080,0.0
2023,2024,GB0030181522,0.0
2023,2024,GB0030232317,0.0
2023,2024,GB0030329360,0.0
2023,2024,GB0030913577,0.0
2023,2024,GB0031274896,0.0
2023,2024,GB0031348658,0.0
2023,2024,GB0031638363,0.0
2023,2024,GB0031743007,0.0
2023,2024,GB0032089863,0.0
2023,2024,GB0033147751,0.0
2023,2024,GB0033195214,0.0
2023,2024,GB0033986497,0.0
2023,2024,GB00B00FPT80,0.0
2023,2024,GB00B012BV22,0.0
2023,2024,GB00B012TP20,0.0
2023,2024,GB00B019KW72,0.0
2023,2024,GB00B01QGK86,0.0
2023,2024,GB00B02J6398,0.0
2023,2024,GB00B033F229,0.0
2023,2024,GB00B03HDJ73,0.0
2023,2024,GB00B04V1276,0.0
2023,2024,GB00B06QFB75,0.0
2023,2024,GB00B0744359,0.0
2023,2024,GB00B0744B38,0.0
2023,2024,GB00B082RF11,0.0
2023,2024,GB00B0FYMT95,0.0
2023,2024,GB00B0KM9T71,0.0
2023,2024,GB00B0LCW083,0.0
2023,2024,GB00B0N8QD54,0.0
2023,2024,GB00B0SWJX34,0.0
2023,2024,GB00B0WMWD03,0.0
2023,2024,GB00B0YG1K06,0.0
2023,2024,GB00B128J450,0.0
2023,2024,GB00B132NW22,0.0
2023,2024,GB00B135BJ46,0.0
2023,2024,GB00B17MMZ46,0.0
2023,2024,GB00B18P5K83,0.0
2023,2024,GB00B19Z1432,0.0
2023,2024,GB00B1FH8J72,0.0
2023,2024,GB00B1FP6H53,0.0
2023,2024,GB00B1FW5029,0.0
2023,2024,GB00B1G5HX72,0.0
2023,2024,GB00B1JQDM80,0.0
2023,2024,GB00B1KJJ408,0.0
2023,2024,GB00B1L5QH97,0.0
2023,2024,GB00B1P6ZR11,0.0
2023,2024,GB00B1VNSX38,0.0
2023,2024,GB00B1WY2338,0.0
2023,2024,GB00B1XH2C03,0.0
2023,2024,GB00B1YW4409,0.0
2023,2024,GB00B27YGJ97,0.0
2023,2024,GB00B2B0DG97,0.0
2023,2024,GB00B2NGPM57,0.0
2023,2024,GB00B2PDGW16,0.0
2023,2024,GB00B39J2M42,0.0
2023,2024,GB00B3CX3644,0.042616731081353575
2023,2024,GB00B3DGH821,0.0
2023,2024,GB00B3FLWH99,0.0
2023,2024,GB00B41H7391,0.0
2023,2024,GB00B45C9X44,0.0
2023,2024,GB00B572ZV91,0.0
2023,2024,GB00B5N0P849,0.0
2023,2024,GB00B5ZN1N88,0.0
2023,2024,GB00B61TVQ02,0.0
2023,2024,GB00B63H8491,0.0
2023,2024,GB00B63QSB39,0.0
2023,2024,GB00B64NSP76,0.0
2023,2024,GB00B67G5X01,0.0
2023,2024,GB00B6XZKY75,0.0
2023,2024,GB00B6YTLS95,0.0
2023,2024,GB00B71N6K86,0.0
2023,2024,GB00B7KR2P84,0.0
2023,2024,GB00B82YXW83,0.0
2023,2024,GB00B8B4R053,0.0
2023,2024,GB00B8C3BL03,0.0
2023,2024,GB00BD6K4575,0.0
2023,2024,GB00BD736828,0.0
2023,2024,GB00BDCPN049,0.0
2023,2024,GB00BDFBVT43,0.0
2023,2024,GB00BDR05C01,0.0
2023,2024,GB00BF044593,0.0
2023,2024,GB00BF5H9P87,0.0
2023,2024,GB00BF8Q6K64,0.0
2023,2024,GB00BG11K365,0.0
2023,2024,GB00BGDT3G23,0.0
2023,2024,GB00BGLP8L22,0.0
2023,2024,GB00BH4HKS39,0.0
2023,2024,GB00BHJYC057,0.0
2023,2024,GB00BJ1F4N75,0.0
2023,2024,GB00BJFFLV09,0.0
2023,2024,GB00BJQZC279,0.02398605854210956
2023,2024,GB00BJT0FF39,0.0
2023,2024,GB00BK9RKT01,0.0
2023,2024,GB00BKP36R26,0.0
2023,2024,GB00BKY40Q38,0.0
2023,2024,GB00BL6XZ716,0.0
2023,2024,GB00BLGZ9862,0.0
2023,2024,GB00BM8PJY71,0.0
2023,2024,GB00BM8Q5M07,0.0
2023,2024,GB00BMJ6DW54,0.0
2023,2024,GB00BN7SWP63,0.0
2023,2024,GB00BNGDN821,0.0
2023,2024,GB00BNNTLN49,0.0
2023,2024,GB00BNR4T868,0.0
2023,2024,GB00BP6MXD84,0.0
2023,2024,GB00BP92CJ43,0.0
2023,2024,GB00BP9LHF23,0.0
2023,2024,GB00BPQY8M80,0.0
2023,2024,GB00BRB37M78,0.0
2023,2024,GB00BRKD9Z53,0.0
2023,2024,GB00BV9FP302,0.0
2023,2024,GB00BVFNZH21,0.0
2023,2024,GB00BWFGQN14,0.0
2023,2024,GB00BYQ0JC66,0.0
2023,2024,GB00BYRJ5J14,0.0
2023,2024,GB00BYT1DJ19,0.0
2023,2024,GB00BYW0PQ60,0.0
2023,2024,GB00BYYTFB60,0.0
2023,2024,GB00BYZN9041,0.0
2023,2024,GB00BZ4BQC70,0.0
2023,2024,IE0001827041,0.0
2023,2024,IE0002424939,0.0
2023,2024,IE0003864109,0.0
2023,2024,IE0004906560,0.0
2023,2024,IE0004927939,0.0
2023,2024,IE00B00MZ448,0.0
2023,2024,IE00B4BNMY34,0.0
2023,2024,IE00B8KQN827,0.0
2023,2024,IE00BD1RP616,0.0
2023,2024,IE00BDB6Q211,0.0
2023,2024,IE00BF0L3536,0.0
2023,2024,IE00BGH1M568,0.0
2023,2024,IE00BJ3V9050,0.0
2023,2024,IE00BK9ZQ967,0.0
2023,2024,IE00BLP1HW54,0.0
2023,2024,IE00BLS09M33,0.0
2023,2024,IE00BTN1Y115,0.0
2023,2024,IE00BWB8X525,0.0
2023,2024,IE00BWT6H894,0.0
2023,2024,IE00BY7QL619,0.0
2023,2024,IE00BYTBXV33,0.0
2023,2024,IL0002300114,0.011168700290104442
2023,2024,IL0002730112,0.0
2023,2024,IL0002810146,0.0
2023,2024,IL0005930388,0.0
2023,2024,IL0006046119,0.0
2023,2024,IL0006625771,0.0
2023,2024,IL0006954379,0.0
2023,2024,IL0010811243,0.0
2023,2024,IL0010824113,0.0
2023,2024,IT0000062072,0.0
2023,2024,IT0000062957,0.0
2023,2024,IT0000066123,0.0
2023,2024,IT0000072618,0.0
2023,2024,IT0000784154,0.0
2023,2024,IT0000784196,0.0
2023,2024,IT0001137345,0.0
2023,2024,IT0001233417,0.0
2023,2024,IT0001347308,0.0
2023,2024,IT0001469383,0.0
2023,2024,IT0003128367,0.0
2023,2024,IT0003132476,0.0
2023,2024,IT0003153415,0.0
2023,2024,IT0003242622,0.0
2023,2024,IT0003497168,0.0
2023,2024,IT0003506190,0.0
2023,2024,IT0003856405,0.0
2023,2024,IT0004810054,0.0
2023,2024,IT0004827447,0.0
2023,2024,IT0005218380,0.0
2023,2024,IT0005239360,0.0
2023,2024,IT0005495657,0.0
2023,2024,IT0005496473,0.0
2023,2024,JE00B8KF9B49,0.0
2023,2024,JE00BJ1DLW90,0.0
2023,2024,JE00BYVQYS01,0.0
2023,2024,LR0008862868,0.0
2023,2024,LU0075646355,0.0
2023,2024,NL0000008977,0.0
2023,2024,NL0000009082,0.0
2023,2024,NL0000009165,0.0
2023,2024,NL0000009538,0.0
2023,2024,NL0000226223,0.0
2023,2024,NL0000235190,0.0
2023,2024,NL0000289213,0.0
2023,2024,NL0000337319,0.0
2023,2024,NL0000360618,0.0
2023,2024,NL0000379121,0.0
2023,2024,NL0000395903,0.0
2023,2024,NL0006237562,0.0
2023,2024,NL0009432491,0.0
2023,2024,NL0010273215,0.0
2023,2024,NL0010583399,0.0
2023,2024,NL0011794037,0.0
2023,2024,NL0011821202,0.0
2023,2024,NL0013267909,0.0
2023,2024,NL0013332471,0.0
2023,2024,NL00150001Q9,0.0
2023,2024,NL00150003E1,0.0
2023,2024,NL0015001FS8,0.0
2023,2024,NL0015435975,0.0
2023,2024,NO0003028904,0.0
2023,2024,NO0003053605,0.0
2023,2024,NO0003054108,0.0
2023,2024,NO0003078800,0.0
2023,2024,NO0003733800,0.0008060855272258716
2023,2024,NO0005052605,0.0
2023,2024,NO0010063308,0.0
2023,2024,NO0010096985,0.0
2023,2024,NO0010199151,0.0
2023,2024,NO0010208051,0.0
2023,2024,NO0010215684,0.0
2023,2024,NO0010861990,0.0
2023,2024,NO0012470089,0.0
2023,2024,PA1436583006,0.0
2023,2024,PTBCP0AM0015,0.0
2023,2024,PTEDP0AM0009,0.0
2023,2024,PTJMT0AE0001,0.0
2023,2024,PTSON0AM0001,0.0
2023,2024,PTZON0AM0006,0.0
2023,2024,SE0000106270,0.0
2023,2024,SE0000108227,0.0
2023,2024,SE0000108656,0.0
2023,2024,SE0000111940,0.0
2023,2024,SE0000112724,0.0
2023,2024,SE0000113250,0.0
2023,2024,SE0000114837,0.0
2023,2024,SE0000148884,0.0
2023,2024,SE0000163594,0.0
2023,2024,SE0000163628,0.0
2023,2024,SE0000171100,0.0
2023,2024,SE0000190126,0.0
2023,2024,SE0000202624,0.0
2023,2024,SE0000242455,0.0
2023,2024,SE0000379190,0.0
2023,2024,SE0000667891,0.0
2023,2024,SE0000667925,0.0
2023,2024,SE0000695876,0.0
2023,2024,SE0000806994,0.0
2023,2024,SE0000862997,0.0
2023,2024,SE0000949331,0.0
2023,2024,SE0001662230,0.0
2023,2024,SE0003366871,0.01048110344971534
2023,2024,SE0005190238,0.0
2023,2024,SE0006993770,0.0
2023,2024,SE0007100581,0.0
2023,2024,SE0007100599,0.0
2023,2024,SE0011090018,0.0
2023,2024,SE0011166974,0.0
2023,2024,SE0015811955,0.0
2023,2024,SE0015812219,0.0
2023,2024,SE0015961909,0.0
2023,2024,SE0015988019,0.0
2023,2024,SE0016589188,0.0
2023,2024,SE0017486889,0.0
2023,2024,SE0018012494,0.0
2023,2024,SE0018012635,0.0
2023,2024,SE0020050417,0.0
2023,2024,US0010551028,0.0
2023,2024,US0010841023,0.0
2023,2024,US00130H1059,0.0
2023,2024,US00206R1023,0.0
2023,2024,US0028241000,0.0
2023,2024,US0028962076,0.0
2023,2024,US00507V1098,0.0
2023,2024,US00724F1012,0.0
2023,2024,US00751Y1064,0.0
2023,2024,US0079031078,0.0
2023,2024,US0082521081,0.0
2023,2024,US00846U1016,0.0
2023,2024,US0091581068,0.0
2023,2024,US00971T1016,0.0
2023,2024,US0126531013,0.0
2023,2024,US0152711091,0.0
2023,2024,US01741R1023,0.0
2023,2024,US0185811082,0.0
2023,2024,US0188021085,0.0
2023,2024,US0200021014,0.0
2023,2024,US02079K3059,0.0
2023,2024,US02209S1033,0.0
2023,2024,US0231351067,0.0
2023,2024,US0236081024,0.0
2023,2024,US0255371017,0.0
2023,2024,US02553E1064,0.0
2023,2024,US0258161092,0.0
2023,2024,US0268747849,0.0
2023,2024,US03027X1000,0.0
2023,2024,US03073E1055,0.0
2023,2024,US03076C1062,0.0
2023,2024,US0311001004,0.0
2023,2024,US0311621009,0.0
2023,2024,US0320951017,0.0
2023,2024,US0326541051,0.0
2023,2024,US0367521038,0.0
2023,2024,US03743Q1085,0.0
2023,2024,US0375981091,0.0
2023,2024,US0378331005,0.0
2023,2024,US0382221051,0.0
2023,2024,US0383361039,0.0
2023,2024,US03940R1077,0.0
2023,2024,US0394831020,0.0
2023,2024,US0427351004,0.0
2023,2024,US0441861046,0.0
2023,2024,US0454871056,0.0
2023,2024,US04621X1081,0.0
2023,2024,US0495601058,0.0
2023,2024,US0527691069,0.0
2023,2024,US0528001094,0.0
2023,2024,US0530151036,0.0
2023,2024,US0533321024,0.0
2023,2024,US0534841012,0.0
2023,2024,US0536111091,0.0
2023,2024,US0537741052,0.0
2023,2024,US0538071038,0.0
2023,2024,US0565251081,0.0
2023,2024,US0584981064,0.0
2023,2024,US0605051046,0.0
2023,2024,US0640581007,0.0
2023,2024,US0708301041,0.0
2023,2024,US0718131099,0.0
2023,2024,US0758871091,0.0
2023,2024,US0758961009,0.00740301746865865
2023,2024,US0844231029,0.0
2023,2024,US0846701086,0.0
2023,2024,US0865161014,0.0
2023,2024,US0893021032,0.0
2023,2024,US09061G1013,0.0
2023,2024,US09062X1037,0.027887610860874705
2023,2024,US09073M1045,0.0
2023,2024,US0936711052,0.007674247967742039
2023,2024,US0970231058,0.0
2023,2024,US09857L1089,0.0
2023,2024,US0997241064,0.0
2023,2024,US1011211018,0.0
2023,2024,US1011371077,0.0
2023,2024,US1033041013,0.0
2023,2024,US1053682035,0.0
2023,2024,US1096411004,0.0
2023,2024,US1096961040,0.0
2023,2024,US1101221083,0.0
2023,2024,US1124631045,0.0
2023,2024,US1156372096,0.0
2023,2024,US12504L1098,0.0
2023,2024,US1252691001,0.0
2023,2024,US12541W2098,0.0
2023,2024,US1255231003,0.0
2023,2024,US12572Q1058,0.04782346272766502
2023,2024,US1258961002,0.042792439362371495
2023,2024,US1264081035,0.0
2023,2024,US12653C1080,0.0
2023,2024,US1266501006,0.0
2023,2024,US1270551013,0.0
2023,2024,US1270971039,0.03424144840625477
2023,2024,US1273871087,0.0
2023,2024,US1307881029,0.0
2023,2024,US1331311027,0.0
2023,2024,US1344291091,5.724166399978598e-08
2023,2024,US14040H1059,0.0
2023,2024,US14149Y1082,0.0
2023,2024,US1423391002,0.0
2023,2024,US1431301027,0.0
2023,2024,US1491231015,0.0
2023,2024,US1508701034,0.0
2023,2024,US15189T1079,0.0
2023,2024,US1567821046,0.0
2023,2024,US1598641074,0.0
2023,2024,US1667641005,0.0
2023,2024,US1699051066,0.0
2023,2024,US1713401024,0.0
2023,2024,US1717793095,0.0
2023,2024,US1720621010,0.0
2023,2024,US17275R1023,0.0
2023,2024,US1729081059,0.0
2023,2024,US1729674242,0.0
2023,2024,US1773761002,4.798934101025013e-07
2023,2024,US1858991011,0.0
2023,2024,US1890541097,0.02015281847732857
2023,2024,US1912161007,0.0
2023,2024,US1924461023,0.0
2023,2024,US1941621039,0.0
2023,2024,US20030N1019,0.0
2023,2024,US2003401070,0.0
2023,2024,US2017231034,0.0
2023,2024,US2058871029,0.0
2023,2024,US20825C1045,0.0
2023,2024,US2091151041,1.4637876505950686e-07
2023,2024,US21036P1084,0.0
2023,2024,US2172041061,0.0
2023,2024,US21871N1019,0.0
2023,2024,US2193501051,0.0
2023,2024,US22160K1051,0.0
2023,2024,US22410J1060,0.0
2023,2024,US22822V1017,0.0
2023,2024,US2283681060,0.0
2023,2024,US2310211063,0.0
2023,2024,US23331A1097,0.0
2023,2024,US2333311072,0.0
2023,2024,US23355L1061,0.0
2023,2024,US2358511028,0.0
2023,2024,US2371941053,0.0
2023,2024,US23918K1088,0.0
2023,2024,US2441991054,0.0
2023,2024,US2473617023,0.0
2023,2024,US24790A1016,0.0
2023,2024,US24906P1093,0.0
2023,2024,US25179M1036,0.0
2023,2024,US2533931026,0.0
2023,2024,US2546871060,0.0
2023,2024,US25525P1075,0.0
2023,2024,US25659T1079,0.0
2023,2024,US2566771059,3.4288337360137796e-08
2023,2024,US2567461080,0.0
2023,2024,US25746U1097,0.0002932129459286895
2023,2024,US2576511099,0.0
2023,2024,US25960P1093,0.0
2023,2024,US2600031080,0.0
2023,2024,US26441C2044,0.0
2023,2024,US26614N1028,0.0
2023,2024,US26875P1012,0.0
2023,2024,US26884L1098,0.0
2023,2024,US2774321002,0.0
2023,2024,US2774614067,0.0
2023,2024,US2786421030,0.0
2023,2024,US2788651006,0.0
2023,2024,US2810201077,0.0
2023,2024,US28176E1082,0.0
2023,2024,US2855121099,0.0
2023,2024,US2910111044,0.0
2023,2024,US29272W1099,0.0
2023,2024,US29364G1031,0.0
2023,2024,US2944291051,0.0
2023,2024,US29444U7000,0.0
2023,2024,US29476L1070,0.0
2023,2024,US29670G1022,0.0
2023,2024,US2971781057,0.0
2023,2024,US30034W1062,0.0
2023,2024,US30040W1080,0.0
2023,2024,US30161N1019,0.0
2023,2024,US30212P3038,0.0
2023,2024,US3021301094,0.0
2023,2024,US30231G1022,0.0
2023,2024,US3024913036,0.0
2023,2024,US3029411093,0.07019759842913131
2023,2024,US3030751057,0.0
2023,2024,US3119001044,0.0
2023,2024,US3137451015,0.0
2023,2024,US31428X1063,0.0
2023,2024,US3156161024,0.0
2023,2024,US31620M1062,0.0
2023,2024,US3167731005,0.0
2023,2024,US3205171057,0.0
2023,2024,US3377381088,0.0
2023,2024,US3379321074,0.030423134856122042
2023,2024,US3434121022,0.0
2023,2024,US34354P1057,0.0
2023,2024,US3448491049,0.0
2023,2024,US3453708600,0.0
2023,2024,US3546131018,0.0
2023,2024,US35671D8570,0.0
2023,2024,US3614481030,0.0
2023,2024,US3635761097,0.0
2023,2024,US3647601083,0.0
2023,2024,US3695501086,0.0
2023,2024,US3703341046,6.908973705960558e-08
2023,2024,US37045V1008,0.0
2023,2024,US3719011096,0.0
2023,2024,US3724601055,0.0
2023,2024,US37247D1063,0.0
2023,2024,US3755581036,0.0
2023,2024,US37940X1028,0.0
2023,2024,US37959E1029,0.0
2023,2024,US38141G1040,0.0
2023,2024,US3825501014,0.0
2023,2024,US3841091040,0.0
2023,2024,US3848021040,0.0
2023,2024,US3976241071,0.0
2023,2024,US40434L1052,0.0
2023,2024,US4062161017,0.0
2023,2024,US4103451021,0.0
2023,2024,US4108671052,0.0
2023,2024,US4128221086,0.0
2023,2024,US4158641070,0.0
2023,2024,US4165151048,0.0
2023,2024,US4180561072,0.0
2023,2024,US4198701009,0.0
2023,2024,US42250P1030,0.0
2023,2024,US42330P1075,0.0
2023,2024,US4234521015,0.0
2023,2024,US4278661081,0.02717900308679044
2023,2024,US42809H1077,0.0
2023,2024,US4364401012,0.0
2023,2024,US4370761029,0.0
2023,2024,US4385161066,0.0
2023,2024,US4404521001,0.05615003597694409
2023,2024,US44107P1049,0.0
2023,2024,US4435106079,0.0
2023,2024,US4448591028,0.0
2023,2024,US4456581077,0.0
2023,2024,US4461501045,0.0
2023,2024,US4470111075,0.0
2023,2024,US45073V1089,0.0
2023,2024,US45167R1041,0.0
2023,2024,US45168D1046,0.0
2023,2024,US4523081093,0.0
2023,2024,US4523271090,0.0
2023,2024,US4581401001,0.0
2023,2024,US45866F1049,0.0
2023,2024,US4592001014,0.0
2023,2024,US4595061015,0.0
2023,2024,US4601461035,0.0
2023,2024,US4606901001,0.0
2023,2024,US4612021034,0.0
2023,2024,US46120E6023,0.0
2023,2024,US46284V1017,0.0
2023,2024,US4657411066,0.0
2023,2024,US46625H1005,0.0
2023,2024,US4663131039,0.0
2023,2024,US46982L1089,0.0
2023,2024,US4781601046,0.0
2023,2024,US48020Q1076,0.0
2023,2024,US48203R1041,0.0
2023,2024,US48242W1062,0.0
2023,2024,US4824801009,0.0
2023,2024,US48666K1097,0.0
2023,2024,US4878361082,0.013164022935871293
2023,2024,US4891701009,0.0
2023,2024,US4932671088,0.0
2023,2024,US4943681035,0.0
2023,2024,US49446R1095,0.0
2023,2024,US49456B1017,0.0
2023,2024,US4972661064,0.0
2023,2024,US5002551043,0.0
2023,2024,US5010441013,0.0
2023,2024,US5018892084,0.0
2023,2024,US5150981018,0.0
2023,2024,US5178341070,0.0
2023,2024,US5184391044,0.0
2023,2024,US5218652049,0.0
2023,2024,US5246601075,0.0
2023,2024,US5260571048,0.0
2023,2024,US5261071071,0.0
2023,2024,US5324571083,0.03104347527266857
2023,2024,US5339001068,0.0
2023,2024,US5341871094,0.0
2023,2024,US5370081045,0.0
2023,2024,US5398301094,0.0
2023,2024,US5486611073,0.0
2023,2024,US5502411037,0.0
2023,2024,US55261F1049,0.0
2023,2024,US5526761086,0.0
2023,2024,US5526901096,0.0
2023,2024,US5529531015,0.0
2023,2024,US5535301064,0.0
2023,2024,US5543821012,0.0
2023,2024,US5544891048,0.0
2023,2024,US55616P1049,0.0
2023,2024,US5635714059,0.0
2023,2024,US56418H1005,0.0
2023,2024,US5658491064,0.0
2023,2024,US5717481023,0.0
2023,2024,US5719032022,0.0
2023,2024,US5732841060,0.0
2023,2024,US5738741041,0.0
2023,2024,US5745991068,0.0
2023,2024,US57636Q1040,0.0
2023,2024,US57667L1070,0.0
2023,2024,US5770811025,0.0
2023,2024,US5797802064,0.0
2023,2024,US5801351017,0.0
2023,2024,US58155Q1031,0.0
2023,2024,US58933Y1055,0.0
2023,2024,US59156R1086,0.0
2023,2024,US5926881054,0.0
2023,2024,US5949181045,0.0
2023,2024,US5950171042,0.0
2023,2024,US5951121038,0.0
2023,2024,US6005441000,0.0
2023,2024,US6081901042,0.0
2023,2024,US60871R2094,0.0
2023,2024,US6092071058,0.0
2023,2024,US61174X1090,0.0
2023,2024,US6153691059,0.0
2023,2024,US6174464486,0.0
2023,2024,US61945C1036,0.0
2023,2024,US6200763075,0.0
2023,2024,US6267171022,0.0
2023,2024,US62886E1082,0.0
2023,2024,US6293775085,0.0
2023,2024,US62955J1034,0.0
2023,2024,US6311031081,0.0
2023,2024,US6361801011,0.0
2023,2024,US6365181022,0.0
2023,2024,US64110D1046,0.0
2023,2024,US6501111073,0.0
2023,2024,US6512291062,0.0
2023,2024,US6516391066,0.0
2023,2024,US65249B1098,0.0
2023,2024,US65339F1012,2.908749759571607e-08
2023,2024,US6541061031,0.0
2023,2024,US65473P1057,0.0
2023,2024,US6556641008,0.0
2023,2024,US6558441084,0.0
2023,2024,US6658591044,0.0
2023,2024,US6668071029,0.03564671972402531
2023,2024,US6687711084,0.0
2023,2024,US6703461052,0.0
2023,2024,US67066G1040,0.0
2023,2024,US6708371033,0.0
2023,2024,US67098H1041,0.0
2023,2024,US67103H1077,0.0
2023,2024,US6745991058,0.0
2023,2024,US6752321025,0.0
2023,2024,US6780261052,0.0
2023,2024,US6819191064,0.0
2023,2024,US6821891057,0.0
2023,2024,US6826801036,0.0
2023,2024,US68389X1054,0.0
2023,2024,US6866881021,0.0
2023,2024,US6882392011,0.0
2023,2024,US69036R8631,0.0
2023,2024,US69331C1080,0.0
2023,2024,US6934751057,0.0
2023,2024,US6935061076,0.0
2023,2024,US69351T1060,0.0
2023,2024,US6936561009,0.0
2023,2024,US6937181088,0.0
2023,2024,US6951561090,0.0
2023,2024,US7010941042,0.0
2023,2024,US70211M1099,0.0
2023,2024,US7043261079,0.0
2023,2024,US7045511000,0.0
2023,2024,US7075691094,0.0
2023,2024,US70959W1036,0.0
2023,2024,US7134481081,0.0
2023,2024,US7140461093,0.0
2023,2024,US7170811035,0.0
2023,2024,US7234841010,0.0
2023,2024,US7237871071,0.0
2023,2024,US7244791007,0.0
2023,2024,US7310681025,0.0
2023,2024,US74144T1088,0.0
2023,2024,US74251V1026,0.0
2023,2024,US7427181091,0.0
2023,2024,US7433151039,0.0
2023,2024,US74340W1036,0.0
2023,2024,US7443201022,0.0
2023,2024,US7445731067,0.0
2023,2024,US74460D1090,0.001582504432970212
2023,2024,US7458671010,0.0
2023,2024,US7475251036,0.0
2023,2024,US74762E1029,0.0
2023,2024,US74834L1008,0.0
2023,2024,US7496851038,0.0
2023,2024,US7509171069,0.0
2023,2024,US7512121010,0.0
2023,2024,US75281A1097,0.0
2023,2024,US7547301090,0.0
2023,2024,US75513E1010,0.0
2023,2024,US7588491032,0.0
2023,2024,US75886F1075,0.030714461452246086
2023,2024,US7591EP1005,0.0
2023,2024,US7593516047,0.0
2023,2024,US7595091023,0.0
2023,2024,US7607591002,0.0
2023,2024,US7611521078,0.005393777945138213
2023,2024,US7677548726,0.0
2023,2024,US7703231032,0.0
2023,2024,US7739031091,0.0
2023,2024,US7766961061,0.0
2023,2024,US7782961038,0.0
2023,2024,US7802871084,0.0
2023,2024,US7835491082,0.0
2023,2024,US78409V1044,0.0
2023,2024,US78410G1040,0.0
2023,2024,US7841171033,0.0
2023,2024,US78440X8873,0.0
2023,2024,US78442P1066,0.0
2023,2024,US78454L1008,0.0
2023,2024,US78473E1038,0.0
2023,2024,US79466L3024,0.0
2023,2024,US8064071025,0.0
2023,2024,US8085131055,0.0
2023,2024,US8101861065,0.0
2023,2024,US81211K1007,0.0
2023,2024,US8168511090,0.0
2023,2024,US8175651046,0.0
2023,2024,US8243481061,0.0
2023,2024,US8288061091,0.0
2023,2024,US8326964058,0.03951772607651709
2023,2024,US8330341012,0.0
2023,2024,US8354951027,0.0
2023,2024,US8425871071,0.0
2023,2024,US84265V1052,0.0
2023,2024,US8447411088,0.0
2023,2024,US8454671095,0.0
2023,2024,US8485741099,0.0
2023,2024,US8545021011,0.0
2023,2024,US8552441094,0.0
2023,2024,US8574771031,0.0
2023,2024,US8581191009,0.0
2023,2024,US8589121081,0.0
2023,2024,US8636671013,0.0
2023,2024,US8676524064,0.0
2023,2024,US8716071076,0.0
2023,2024,US87161C5013,0.0
2023,2024,US8718291078,0.0
2023,2024,US8725401090,0.0
2023,2024,US8760301072,0.0
2023,2024,US87612E1064,0.0
2023,2024,US8793691069,0.0
2023,2024,US8794338298,0.0
2023,2024,US8803491054,0.0
2023,2024,US8807701029,0.0
2023,2024,US8807791038,0.0
2023,2024,US8816242098,0.0
2023,2024,US8825081040,0.0
2023,2024,US8832031012,0.0
2023,2024,US88337F1057,0.0
2023,2024,US8835561023,0.0
2023,2024,US8851601018,0.0
2023,2024,US88579Y1010,0.0
2023,2024,US88642R1095,0.0
2023,2024,US8873891043,0.0
2023,2024,US8910921084,0.0
2023,2024,US89417E1091,0.0
2023,2024,US8962391004,0.0
2023,2024,US8965221091,0.0
2023,2024,US89832Q1094,0.0
2023,2024,US9024941034,0.0
2023,2024,US9026531049,0.0
2023,2024,US9026811052,0.0
2023,2024,US9029733048,0.0
2023,2024,US9078181081,0.0
2023,2024,US9111631035,0.0
2023,2024,US9113121068,0.0
2023,2024,US9113631090,0.0
2023,2024,US9129091081,0.0
2023,2024,US91324P1021,0.0
2023,2024,US91529Y1064,0.0
2023,2024,US91822M5022,0.0
2023,2024,US91913Y1001,0.0
2023,2024,US92276F1003,0.0
2023,2024,US92343V1044,0.0
2023,2024,US92532F1003,0.0
2023,2024,US9255501051,0.0
2023,2024,US92556V1061,0.0
2023,2024,US9282981086,0.0
2023,2024,US9290421091,0.0
2023,2024,US9291601097,0.0
2023,2024,US92922P1066,0.0
2023,2024,US92939U1060,4.615416616824555e-08
2023,2024,US9297401088,0.0
2023,2024,US9311421039,0.0
2023,2024,US9314271084,0.0
2023,2024,US9344231041,0.0
2023,2024,US94106L1098,0.0
2023,2024,US9418481035,0.0
2023,2024,US9427491025,0.0
2023,2024,US9497461015,0.0
2023,2024,US95040Q1040,0.0
2023,2024,US95058W1009,0.0
2023,2024,US95082P1057,0.0
2023,2024,US9581021055,0.0
2023,2024,US9598021098,0.0
2023,2024,US9604131022,0.0
2023,2024,US96145D1054,0.0
2023,2024,US9621661043,0.0
2023,2024,US9633201069,0.0
2023,2024,US9682232064,0.0
2023,2024,US9694571004,0.0
2023,2024,US9699041011,0.0
2023,2024,US9831341071,0.0
2023,2024,US98389B1008,4.110484149918143e-08
2023,2024,US9839191015,0.0
2023,2024,US98421M1062,0.0
2023,2024,US9884981013,0.0
2023,2024,US9892071054,0.0
2023,2024,US98956P1021,0.0
2023,2024,US9897011071,0.0
2024,2025,AN8068571086,3.154384945537059e-20
2024,2025,AT000000STR1,6.515185422385484e-21
2024,2025,AT00000VIE62,0.0
2024,2025,AT0000606306,0.0
2024,2025,AT0000652011,0.0
2024,2025,AT0000720008,0.0
2024,2025,AT0000730007,0.0
2024,2025,AT0000743059,6.026195150903422e-20
2024,2025,AT0000746409,5.988405579202977e-20
2024,2025,AT0000831706,2.235289123544277e-21
2024,2025,AT0000908504,0.0
2024,2025,AT0000937503,0.0
2024,2025,AT0000938204,0.0
2024,2025,AT0000A21KS2,0.0
2024,2025,AU000000JHX1,0.0
2024,2025,BE0003470755,5.77164863413709e-20
2024,2025,BE0003565737,0.0
2024,2025,BE0003593044,0.0
2024,2025,BE0003717312,0.0
2024,2025,BE0003735496,8.104214912576885e-21
2024,2025,BE0003739530,0.0
2024,2025,BE0003755692,0.0
2024,2025,BE0003797140,0.0
2024,2025,BE0003810273,0.0005738834201080038
2024,2025,BE0003822393,0.0
2024,2025,BE0974256852,0.0
2024,2025,BE0974258874,0.0
2024,2025,BE0974264930,0.0
2024,2025,BE0974271034,0.0
2024,2025,BE0974293251,4.485355863344812e-20
2024,2025,BE0974320526,2.0626178181803935e-20
2024,2025,BE0974338700,0.0
2024,2025,BMG850801025,3.5446793233007855e-21
2024,2025,CA00208D4084,3.504116203301936e-20
2024,2025,CA0084741085,0.0
2024,2025,CA00900Q1037,0.0
2024,2025,CA01626P1484,2.460691661384815e-20
2024,2025,CA05534B7604,0.0
2024,2025,CA0636711016,0.0
2024,2025,CA0641491075,0.0
2024,2025,CA0977518616,0.0
2024,2025,CA1247651088,7.956855535296922e-20
2024,2025,CA12532H1047,3.5566360991459785e-20
2024,2025,CA13321L1085,3.7519541721400904e-20
2024,2025,CA1360691010,0.0
2024,2025,CA1363751027,0.0
2024,2025,CA1363851017,2.6385427261753947e-20
2024,2025,CA13646K1084,0.0
2024,2025,CA1366812024,8.471584390770832e-21
2024,2025,CA1367178326,0.0
2024,2025,CA2849025093,0.0
2024,2025,CA2918434077,0.008034689843657955
2024,2025,CA29250N1050,0.0
2024,2025,CA2927661025,5.364244022170409e-20
2024,2025,CA3180714048,0.0
2024,2025,CA3359341052,0.0
2024,2025,CA3495531079,0.0
2024,2025,CA3518581051,0.0
2024,2025,CA3759161035,4.3035428994231787e-20
2024,2025,CA39138C1068,0.0
2024,2025,CA4495861060,0.0
2024,2025,CA4530384086,1.0111932513146755e-19
2024,2025,CA45823T1066,0.0
2024,2025,CA4969024047,0.0
2024,2025,CA5394811015,0.0
2024,2025,CA5592224011,6.086833530546616e-20
2024,2025,CA56501R1064,0.0
2024,2025,CA59151K1084,0.0
2024,2025,CA59162N1096,0.0
2024,2025,CA67077M1086,0.0
2024,2025,CA6744822033,3.3187647529044e-20
2024,2025,CA68272K1030,0.0
2024,2025,CA6837151068,0.0
2024,2025,CA7392391016,0.0
2024,2025,CA74022D4075,4.290270508067911e-20
2024,2025,CA7669101031,0.0
2024,2025,CA7751092007,0.0
2024,2025,CA7800871021,0.0
2024,2025,CA8029121057,0.022483892367888596
2024,2025,CA82028K2002,0.0
2024,2025,CA8239011031,0.0
2024,2025,CA85472N1096,0.0
2024,2025,CA8667961053,0.0
2024,2025,CA8672241079,8.385565284737123e-20
2024,2025,CA87807B1076,1.3557714719614953e-20
2024,2025,CA8787422044,0.0
2024,2025,CA87971M1032,2.9229697099981836e-20
2024,2025,CA8849038085,0.0
2024,2025,CA8911605092,0.0
2024,2025,CA89346D1078,0.0
2024,2025,CA8959451037,0.0
2024,2025,CA9611485090,0.0
2024,2025,CA98462Y1007,0.0
2024,2025,CH0000816824,0.0
2024,2025,CH0008038389,0.0
2024,2025,CH0008742519,0.0
2024,2025,CH0010570759,0.0
2024,2025,CH0010645932,0.0
2024,2025,CH0011075394,0.0
2024,2025,CH0012005267,5.538017774554245e-21
2024,2025,CH0012032048,3.287519617944034e-20
2024,2025,CH0012138530,4.549271116011172e-20
2024,2025,CH0012138605,0.0
2024,2025,CH0012142631,1.5920396874176846e-20
2024,2025,CH0012214059,0.0
2024,2025,CH0012221716,0.0
2024,2025,CH0012255151,0.0
2024,2025,CH0012410517,0.0
2024,2025,CH0012549785,0.0
2024,2025,CH0013841017,0.0
2024,2025,CH0014786500,0.0014687132556817325
2024,2025,CH0014852781,7.053784656822388e-21
2024,2025,CH0018294154,0.0
2024,2025,CH0022268228,0.0
2024,2025,CH0024608827,0.0
2024,2025,CH0024638212,0.0
2024,2025,CH0025238863,0.0
2024,2025,CH0025751329,0.0
2024,2025,CH0030170408,0.0
2024,2025,CH0038388911,0.0
2024,2025,CH0038863350,8.127469532087618e-21
2024,2025,CH0044328745,0.0
2024,2025,CH0048265513,0.0
2024,2025,CH0102484968,0.0
2024,2025,CH0126881561,0.0
2024,2025,CH0198251305,2.9990470819196855e-20
2024,2025,CH0210483332,0.0
2024,2025,CH0244767585,0.0
2024,2025,CH0319416936,0.0
2024,2025,CH0418792922,0.0
2024,2025,CH1169151003,0.0
2024,2025,CH1175448666,0.0
2024,2025,CH1256740924,0.0
2024,2025,DE0005089031,6.645937182128508e-20
2024,2025,DE0005140008,0.0
2024,2025,DE0005190003,0.0
2024,2025,DE0005200000,0.0
2024,2025,DE0005408884,3.0192723578215633e-19
2024,2025,DE0005439004,0.0
2024,2025,DE0005470405,0.0
2024,2025,DE0005552004,0.0
2024,2025,DE0005557508,4.3271214220270166e-20
2024,2025,DE0005773303,0.0
2024,2025,DE0005785604,0.0
2024,2025,DE0005785802,0.0
2024,2025,DE0005810055,0.0
2024,2025,DE0005909006,0.0
2024,2025,DE0006047004,0.0
2024,2025,DE0006048432,2.6278789862271314e-20
2024,2025,DE0006070006,0.0
2024,2025,DE0006202005,0.0
2024,2025,DE0006231004,0.0
2024,2025,DE0006569908,0.0
2024,2025,DE0006599905,0.0
2024,2025,DE0006602006,0.0
2024,2025,DE0006969603,0.0
2024,2025,DE0007030009,0.0
2024,2025,DE0007037129,0.0
2024,2025,DE0007042301,0.09753378938216635
2024,2025,DE0007100000,0.0
2024,2025,DE0007164600,0.0
2024,2025,DE0007236101,0.0
2024,2025,DE0007257503,5.517360465344104e-20
2024,2025,DE0007297004,0.0
2024,2025,DE0007314007,0.0
2024,2025,DE0007500001,4.350896134836337e-21
2024,2025,DE0007507501,0.0
2024,2025,DE0007664039,0.0
2024,2025,DE0008232125,0.0
2024,2025,DE0008402215,0.0
2024,2025,DE0008404005,0.0
2024,2025,DE0008430026,0.0
2024,2025,DE000A0D6554,0.0
2024,2025,DE000A0D9PT0,0.0
2024,2025,DE000A0S8488,1.6978670093689215e-19
2024,2025,DE000A0WMPJ6,7.930429017914416e-20
2024,2025,DE000A1EWWW0,0.0
2024,2025,DE000A2GS401,0.0
2024,2025,DE000BASF111,0.0
2024,2025,DE000BAY0017,0.0
2024,2025,DE000CBK1001,0.0
2024,2025,DE000CLS1001,0.1983465497076188
2024,2025,DE000ENAG999,0.0
2024,2025,DE000KSAG888,1.359615494580347e-19
2024,2025,DE000PSM7770,0.0
2024,2025,DE000TUAG505,0.0
2024,2025,DK0010181759,0.0
2024,2025,DK0010234467,0.0
2024,2025,DK0010244508,1.240569015957916e-19
2024,2025,DK0010272632,0.0
2024,2025,DK0010274414,0.0
2024,2025,DK0010287663,0.0
2024,2025,DK0010307958,0.0
2024,2025,DK0010311471,0.0
2024,2025,DK0060079531,0.0
2024,2025,DK0060336014,1.6209650694554097e-20
2024,2025,DK0060448595,0.0
2024,2025,DK0060477503,3.9163201697413186e-20
2024,2025,DK0060636678,9.77223574121355e-20
2024,2025,DK0060738599,0.0
2024,2025,DK0061539921,0.0
2024,2025,ES0109427734,0.0
2024,2025,ES0112501012,0.034710988022969916
2024,2025,ES0113211835,0.0
2024,2025,ES0113679I37,0.0
2024,2025,ES0113860A34,0.0
2024,2025,ES0113900J37,0.0
2024,2025,ES0116870314,3.436258824061061e-20
2024,2025,ES0117160111,0.0
2024,2025,ES0118594417,0.0
2024,2025,ES0122060314,0.0
2024,2025,ES0124244E34,0.0
2024,2025,ES0125220311,7.424586329574377e-20
2024,2025,ES0130670112,0.0
2024,2025,ES0130960018,0.0
2024,2025,ES0132105018,0.0
2024,2025,ES0134950F36,0.0
2024,2025,ES0142090317,0.0
2024,2025,ES0144580Y14,1.6486980716283364e-20
2024,2025,ES0148396007,0.0
2024,2025,ES0152503035,0.0
2024,2025,ES0161560018,0.0
2024,2025,ES0167050915,0.0
2024,2025,ES0171743901,2.1440673062815298e-20
2024,2025,ES0171996087,0.0
2024,2025,ES0173093024,0.0
2024,2025,ES0173516115,0.0
2024,2025,ES0178430E18,0.0
2024,2025,ES0182870214,0.0
2024,2025,ES0184933812,0.0
2024,2025,FI0009000202,0.0
2024,2025,FI0009000277,0.0
2024,2025,FI0009000459,2.1165883615559654e-20
2024,2025,FI0009000681,8.613190314948956e-20
2024,2025,FI0009002158,0.0
2024,2025,FI0009002422,0.0
2024,2025,FI0009003727,0.0
2024,2025,FI0009005318,0.0
2024,2025,FI0009005870,3.661106503262485e-20
2024,2025,FI0009005961,0.0
2024,2025,FI0009005987,1.8407285286675616e-21
2024,2025,FI0009007132,0.0
2024,2025,FI0009007694,4.023442736384504e-20
2024,2025,FI0009007884,0.0
2024,2025,FI0009013296,5.823516246067584e-20
2024,2025,FI0009013403,0.0
2024,2025,FI0009800643,2.705299079942157e-20
2024,2025,FI4000440664,0.0
2024,2025,FR0000035081,0.0
2024,2025,FR0000039109,0.0
2024,2025,FR0000044448,0.0
2024,2025,FR0000045072,0.0
2024,2025,FR0000051070,0.0
2024,2025,FR0000052292,0.0
2024,2025,FR0000053225,0.0
2024,2025,FR0000054470,0.012998214666070275
2024,2025,FR0000054900,0.0
2024,2025,FR0000064578,3.0876310055124114e-20
2024,2025,FR0000073272,0.0
2024,2025,FR0000077919,0.0
2024,2025,FR0000120073,0.0
2024,2025,FR0000120172,0.0
2024,2025,FR0000120222,1.0754380036655205e-19
2024,2025,FR0000120271,0.0
2024,2025,FR0000120321,0.0
2024,2025,FR0000120404,0.0
2024,2025,FR0000120503,0.0
2024,2025,FR0000120560,0.0
2024,2025,FR0000120578,0.0
2024,2025,FR0000120628,0.0
2024,2025,FR0000120644,3.557581607906852e-21
2024,2025,FR0000120693,0.0
2024,2025,FR0000120859,3.0623211996624657e-21
2024,2025,FR0000120966,0.0
2024,2025,FR0000121014,0.0
2024,2025,FR0000121121,0.0
2024,2025,FR0000121204,0.0
2024,2025,FR0000121220,9.794916943299602e-20
2024,2025,FR0000121329,0.0
2024,2025,FR0000121485,0.0
2024,2025,FR0000121667,0.0
2024,2025,FR0000121964,0.0
2024,2025,FR0000121972,0.0
2024,2025,FR0000124141,0.0
2024,2025,FR0000125007,0.0
2024,2025,FR0000125338,0.0
2024,2025,FR0000125486,0.0
2024,2025,FR0000127771,0.0
2024,2025,FR0000130213,3.5174813918469493e-20
2024,2025,FR0000130395,0.0
2024,2025,FR0000130403,0.0
2024,2025,FR0000130452,0.0
2024,2025,FR0000130577,0.0
2024,2025,FR0000130809,0.0
2024,2025,FR0000131104,0.0
2024,2025,FR0000131757,0.0
2024,2025,FR0000131906,0.0
2024,2025,FR0000133308,0.0
2024,2025,FR0010040865,0.0
2024,2025,FR0010220475,0.0
2024,2025,FR0010221234,0.0
2024,2025,FR0010242511,0.0
2024,2025,FR0010307819,0.0
2024,2025,FR0010313833,0.0
2024,2025,FR0010340141,0.0
2024,2025,FR0010411983,0.0
2024,2025,FR0010533075,0.0
2024,2025,FR0013176526,0.0
2024,2025,FR0013280286,0.0
2024,2025,FR0013326246,0.0
2024,2025,FR0013505062,1.778801706060825e-19
2024,2025,FR0013506730,0.0
2024,2025,FR0014003TT8,0.0
2024,2025,FR001400AJ45,0.0
2024,2025,GB0000163088,5.741341515280792e-20
2024,2025,GB0000365774,6.309582703375992e-20
2024,2025,GB0000456144,0.0
2024,2025,GB0000536739,1.7820217296604615e-20
2024,2025,GB0000600931,1.7894846090483966e-20
2024,2025,GB0000811801,4.539057068962605e-20
2024,2025,GB0000904986,1.1991014591627374e-20
2024,2025,GB0000961622,0.0
2024,2025,GB0001048619,3.386207159508789e-19
2024,2025,GB0001110096,5.444948736290905e-20
2024,2025,GB0001367019,0.0
2024,2025,GB0001500809,0.0
2024,2025,GB0001570810,6.361554691146997e-20
2024,2025,GB0001638955,2.9828084790279024e-20
2024,2025,GB0001667087,0.0
2024,2025,GB0001765816,0.0
2024,2025,GB0001795680,4.1932806961438475e-20
2024,2025,GB0001826634,2.497893119243699e-20
2024,2025,GB0001859296,0.0
2024,2025,GB0002015021,8.710726512756974e-20
2024,2025,GB0002018363,0.0
2024,2025,GB0002074580,0.0
2024,2025,GB0002148343,6.173472076968814e-20
2024,2025,GB0002318888,2.1215778717335693e-20
2024,2025,GB0002349065,6.507140242502339e-20
2024,2025,GB0002374006,0.0
2024,2025,GB0002418548,0.0
2024,2025,GB0002634946,0.0
2024,2025,GB0002652740,1.3726806483806522e-20
2024,2025,GB0002670437,1.4741291243801237e-20
2024,2025,GB0002869419,0.0
2024,2025,GB0002875804,1.99615426083232e-20
2024,2025,GB0003062816,3.2216881303016164e-21
2024,2025,GB0003096442,4.9728006085297e-20
2024,2025,GB0003308607,8.079131462856263e-20
2024,2025,GB0003395000,0.0
2024,2025,GB0003452173,1.2412800733766018e-19
2024,2025,GB0003718474,1.413619870455282e-19
2024,2025,GB0003753778,2.3402631255844083e-19
2024,2025,GB0004052071,5.053556926565014e-20
2024,2025,GB0004082847,0.0
2024,2025,GB0004161021,9.163040370042614e-21
2024,2025,GB0004170089,0.0
2024,2025,GB0004270301,0.0
2024,2025,GB0004478896,0.0
2024,2025,GB0004544929,7.19115903926378e-20
2024,2025,GB0004657408,2.0533877058122952e-20
2024,2025,GB0004726096,2.344109022266524e-20
2024,2025,GB0004866223,0.0
2024,2025,GB0004915632,0.0
2024,2025,GB0005405286,0.0
2024,2025,GB0005576813,9.996414847375762e-22
2024,2025,GB0005603997,0.0
2024,2025,GB0005630420,0.0
2024,2025,GB0005746358,0.0
2024,2025,GB0005758098,0.0
2024,2025,GB0005790059,0.0
2024,2025,GB0006027295,1.9915800499977622e-20
2024,2025,GB0006215205,1.1990847679729768e-19
2024,2025,GB0006449366,1.1189277227343875e-19
2024,2025,GB0006640972,0.0
2024,2025,GB0006650450,6.919857419317362e-20
2024,2025,GB0006731235,2.383273737407211e-20
2024,2025,GB0006776081,0.00928467520951649
2024,2025,GB0006825383,3.5187972643897854e-20
2024,2025,GB0006886666,0.0
2024,2025,GB0006928617,0.0
2024,2025,GB0006963689,0.0
2024,2025,GB0007099541,0.0
2024,2025,GB0007188757,0.0
2024,2025,GB0007323586,0.0
2024,2025,GB0007370074,0.0
2024,2025,GB0007388407,0.0
2024,2025,GB0007594764,1.282990318121767e-19
2024,2025,GB0007668071,9.323297869605921e-20
2024,2025,GB0007669376,1.2740365997091725e-19
2024,2025,GB0007689002,2.125731172336279e-19
2024,2025,GB0007908733,0.0
2024,2025,GB0007958233,4.100696684708174e-20
2024,2025,GB0007973794,1.5378178977257438e-20
2024,2025,GB0007980591,0.0
2024,2025,GB0008025412,1.779398250439991e-19
2024,2025,GB0008085614,1.7147403761191736e-20
2024,2025,GB0008220112,0.0
2024,2025,GB0008475088,1.7194211627379221e-19
2024,2025,GB0008481250,0.0
2024,2025,GB0008706128,1.0886788027715177e-20
2024,2025,GB0008711763,1.9385862961048763e-19
2024,2025,GB0008782301,0.0
2024,2025,GB0008794710,1.2034283431474294e-19
2024,2025,GB0009067447,0.0015594514026753238
2024,2025,GB0009123323,6.966941757609719e-21
2024,2025,GB0009223206,9.187443829188238e-20
2024,2025,GB0009286963,6.41742305089657e-20
2024,2025,GB0009292243,3.0112428630276762e-21
2024,2025,GB0009296665,0.0
2024,2025,GB0009465807,6.599289647779721e-20
2024,2025,GB0009633180,1.891684747332043e-20
2024,2025,GB0009692319,1.3648171220588692e-20
2024,2025,GB0009697037,0.0
2024,2025,GB0009895292,5.662547364409178e-20
2024,2025,GB0022569080,0.0
2024,2025,GB0030181522,1.774868266863806e-19
2024,2025,GB0030232317,1.4457667674789897e-20
2024,2025,GB0030329360,0.0
2024,2025,GB0030913577,8.559726676800668e-20
2024,2025,GB0031274896,0.0
2024,2025,GB0031348658,0.0
2024,2025,GB0031638363,0.0
2024,2025,GB0031743007,1.8331131508685428e-20
2024,2025,GB0032089863,4.3240289047792776e-20
2024,2025,GB0033147751,0.0
2024,2025,GB0033195214,0.0
2024,2025,GB0033986497,1.0440532390786543e-19
2024,2025,GB00B00FPT80,4.1965227537197216e-20
2024,2025,GB00B012BV22,0.0
2024,2025,GB00B012TP20,1.4682704223531165e-19
2024,2025,GB00B019KW72,0.0
2024,2025,GB00B01QGK86,2.0360512037073285e-19
2024,2025,GB00B02J6398,0.0
2024,2025,GB00B033F229,0.0
2024,2025,GB00B03HDJ73,2.469737121486365e-19
2024,2025,GB00B04V1276,0.0
2024,2025,GB00B06QFB75,0.0
2024,2025,GB00B0744359,1.6164267817776883e-19
2024,2025,GB00B0744B38,9.208988146063134e-20
2024,2025,GB00B082RF11,2.4048256716243884e-20
2024,2025,GB00B0FYMT95,2.900730494562765e-20
2024,2025,GB00B0KM9T71,0.0
2024,2025,GB00B0LCW083,0.0
2024,2025,GB00B0N8QD54,1.7118681763346242e-21
2024,2025,GB00B0SWJX34,3.553170265355058e-20
2024,2025,GB00B0WMWD03,0.0
2024,2025,GB00B0YG1K06,1.778264562723919e-19
2024,2025,GB00B128J450,0.0
2024,2025,GB00B132NW22,0.0
2024,2025,GB00B135BJ46,1.7287107624061528e-20
2024,2025,GB00B17MMZ46,1.691039752242255e-19
2024,2025,GB00B18P5K83,4.8425686409957767e-20
2024,2025,GB00B19Z1432,1.4125090627852238e-19
2024,2025,GB00B1FH8J72,3.255330077878799e-20
2024,2025,GB00B1FP6H53,0.0
2024,2025,GB00B1FW5029,0.0
2024,2025,GB00B1G5HX72,3.981239730296244e-20
2024,2025,GB00B1JQDM80,4.0176698065600606e-21
2024,2025,GB00B1KJJ408,1.1580503559853765e-20
2024,2025,GB00B1L5QH97,0.0
2024,2025,GB00B1P6ZR11,1.4970173725231806e-19
2024,2025,GB00B1VNSX38,0.0
2024,2025,GB00B1WY2338,2.062667624503076e-20
2024,2025,GB00B1XH2C03,2.4190298770463433e-20
2024,2025,GB00B1YW4409,1.585865212868834e-21
2024,2025,GB00B27YGJ97,0.0
2024,2025,GB00B2B0DG97,1.2051394276191185e-20
2024,2025,GB00B2NGPM57,0.0
2024,2025,GB00B2PDGW16,0.0
2024,2025,GB00B39J2M42,1.7442779474222284e-21
2024,2025,GB00B3CX3644,0.03360460540964582
2024,2025,GB00B3DGH821,0.0007452743086400025
2024,2025,GB00B3FLWH99,2.159659493371473e-20
2024,2025,GB00B41H7391,9.147147366342652e-20
2024,2025,GB00B45C9X44,0.0
2024,2025,GB00B572ZV91,7.463699860719225e-20
2024,2025,GB00B5N0P849,2.6445461760830712e-20
2024,2025,GB00B5ZN1N88,7.762478082530403e-21
2024,2025,GB00B61TVQ02,8.866003211431769e-20
2024,2025,GB00B63H8491,0.0
2024,2025,GB00B63QSB39,1.434943712594686e-19
2024,2025,GB00B64NSP76,7.696847765660392e-20
2024,2025,GB00B67G5X01,3.446442424538889e-20
2024,2025,GB00B6XZKY75,0.0
2024,2025,GB00B6YTLS95,0.0
2024,2025,GB00B71N6K86,0.0
2024,2025,GB00B7KR2P84,0.0
2024,2025,GB00B82YXW83,8.361680882163462e-21
2024,2025,GB00B8B4R053,0.0
2024,2025,GB00B8C3BL03,2.4435976843581825e-20
2024,2025,GB00BD6K4575,3.7931505971619756e-20
2024,2025,GB00BD736828,0.0
2024,2025,GB00BDCPN049,3.020957778076319e-20
2024,2025,GB00BDFBVT43,0.0
2024,2025,GB00BDR05C01,0.0
2024,2025,GB00BF044593,0.0
2024,2025,GB00BF5H9P87,6.102688126053089e-20
2024,2025,GB00BF8Q6K64,0.0
2024,2025,GB00BG11K365,4.662796620099845e-20
2024,2025,GB00BGDT3G23,0.0
2024,2025,GB00BGLP8L22,8.182251032252511e-21
2024,2025,GB00BH4HKS39,0.0
2024,2025,GB00BHJYC057,3.310766886913564e-20
2024,2025,GB00BJ1F4N75,1.7774596852246962e-19
2024,2025,GB00BJFFLV09,0.0
2024,2025,GB00BJQZC279,0.02412478400213325
2024,2025,GB00BJT0FF39,0.0
2024,2025,GB00BK9RKT01,1.1048519359526927e-19
2024,2025,GB00BKP36R26,1.053334874036483e-19
2024,2025,GB00BKY40Q38,3.006897959512286e-20
2024,2025,GB00BL6XZ716,0.0
2024,2025,GB00BLGZ9862,0.0
2024,2025,GB00BM8PJY71,0.0
2024,2025,GB00BM8Q5M07,0.0
2024,2025,GB00BMJ6DW54,0.0
2024,2025,GB00BMXNWH07,0.0
2024,2025,GB00BN7SWP63,0.0
2024,2025,GB00BNGDN821,0.0
2024,2025,GB00BNNTLN49,6.55218122545515e-20
2024,2025,GB00BNR4T868,1.3686277373602723e-19
2024,2025,GB00BP6MXD84,0.0
2024,2025,GB00BP92CJ43,5.509995568257308e-20
2024,2025,GB00BP9LHF23,0.0
2024,2025,GB00BPQY8M80,0.0
2024,2025,GB00BRB37M78,2.2310161432171813e-19
2024,2025,GB00BRKD9Z53,8.022080926097472e-20
2024,2025,GB00BV9FP302,0.0
2024,2025,GB00BVFNZH21,0.0
2024,2025,GB00BWFGQN14,0.0
2024,2025,GB00BYQ0JC66,0.0
2024,2025,GB00BYRJ5J14,0.0
2024,2025,GB00BYT1DJ19,0.0
2024,2025,GB00BYW0PQ60,0.0
2024,2025,GB00BYYTFB60,4.1047135842801845e-20
2024,2025,GB00BYZN9041,6.827655035077433e-20
2024,2025,GB00BZ4BQC70,6.40670476651194e-20
2024,2025,IE0001827041,0.0
2024,2025,IE0002424939,4.50139352326141e-20
2024,2025,IE0003864109,0.0
2024,2025,IE0004906560,0.0
2024,2025,IE0004927939,0.0
2024,2025,IE00B00MZ448,2.8766526103977066e-21
2024,2025,IE00B4BNMY34,0.0
2024,2025,IE00B8KQN827,0.0
2024,2025,IE00BD1RP616,0.0
2024,2025,IE00BDB6Q211,1.1305255054552917e-20
2024,2025,IE00BF0L3536,0.0
2024,2025,IE00BGH1M568,3.883642405826973e-20
2024,2025,IE00BJ3V9050,2.578841420175145e-19
2024,2025,IE00BK9ZQ967,0.0
2024,2025,IE00BLP1HW54,0.0
2024,2025,IE00BLS09M33,0.0
2024,2025,IE00BTN1Y115,1.120177783437379e-20
2024,2025,IE00BWB8X525,0.0
2024,2025,IE00BWT6H894,0.0
2024,2025,IE00BY7QL619,0.0
2024,2025,IE00BYTBXV33,0.0
2024,2025,IL0002300114,0.02282120090110015
2024,2025,IL0002730112,0.0
2024,2025,IL0002810146,0.0
2024,2025,IL0005930388,0.0
2024,2025,IL0006046119,6.986144195484994e-21
2024,2025,IL0006625771,1.3208804058783589e-20
2024,2025,IL0006954379,5.424068483342618e-20
2024,2025,IL0010811243,0.0
2024,2025,IL0010824113,0.0
2024,2025,IT0000062072,0.0
2024,2025,IT0000062957,0.0
2024,2025,IT0000066123,0.0
2024,2025,IT0000072618,0.0
2024,2025,IT0000784154,9.912914606990365e-21
2024,2025,IT0000784196,0.0
2024,2025,IT0001137345,0.0
2024,2025,IT0001233417,2.196223826844959e-20
2024,2025,IT0001347308,0.0
2024,2025,IT0001469383,0.0
2024,2025,IT0003128367,0.0
2024,2025,IT0003132476,0.0
2024,2025,IT0003153415,0.0
2024,2025,IT0003242622,0.0
2024,2025,IT0003497168,0.0
2024,2025,IT0003506190,0.0
2024,2025,IT0003856405,0.0
2024,2025,IT0004810054,0.0
2024,2025,IT0004827447,0.0
2024,2025,IT0005218380,4.045059324586064e-20
2024,2025,IT0005239360,0.0
2024,2025,IT0005495657,0.0
2024,2025,IT0005496473,0.0
2024,2025,JE00B8KF9B49,6.540689337900007e-20
2024,2025,JE00BJ1DLW90,0.0
2024,2025,JE00BYVQYS01,5.962304359104739e-21
2024,2025,LR0008862868,8.600224239846117e-20
2024,2025,LU0075646355,0.0
2024,2025,NL0000008977,0.0
2024,2025,NL0000009082,0.0
2024,2025,NL0000009165,0.0
2024,2025,NL0000009538,0.0
2024,2025,NL0000226223,0.0
2024,2025,NL0000235190,0.0
2024,2025,NL0000289213,0.0
2024,2025,NL0000337319,0.0
2024,2025,NL0000360618,0.0
2024,2025,NL0000379121,0.0
2024,2025,NL0000395903,0.0
2024,2025,NL0006237562,0.0
2024,2025,NL0009432491,0.0
2024,2025,NL0010273215,0.0
2024,2025,NL0010583399,5.889323612961244e-20
2024,2025,NL0011794037,0.0
2024,2025,NL0011821202,0.0
2024,2025,NL0013267909,0.0
2024,2025,NL0013332471,8.912221914647695e-20
2024,2025,NL00150001Q9,0.0
2024,2025,NL00150003E1,0.0
2024,2025,NL0015001FS8,0.0
2024,2025,NL0015435975,0.0
2024,2025,NO0003028904,0.0
2024,2025,NO0003053605,7.509104750860296e-20
2024,2025,NO0003054108,1.1943057211361896e-20
2024,2025,NO0003078800,0.0
2024,2025,NO0003733800,0.0
2024,2025,NO0005052605,1.731631318056717e-20
2024,2025,NO0010063308,1.3089695099941718e-20
2024,2025,NO0010096985,0.0
2024,2025,NO0010199151,0.0
2024,2025,NO0010208051,6.044144725321072e-20
2024,2025,NO0010215684,0.0
2024,2025,NO0010861990,2.6730372340537407e-19
2024,2025,NO0012470089,0.0
2024,2025,PA1436583006,0.0
2024,2025,PTBCP0AM0015,0.0
2024,2025,PTEDP0AM0009,6.2336595200416635e-21
2024,2025,PTJMT0AE0001,0.0
2024,2025,PTSON0AM0001,0.0
2024,2025,PTZON0AM0006,0.0
2024,2025,SE0000106270,0.0
2024,2025,SE0000108227,0.0
2024,2025,SE0000108656,0.0
2024,2025,SE0000111940,0.0
2024,2025,SE0000112724,0.0
2024,2025,SE0000113250,2.4006690134239768e-20
2024,2025,SE0000114837,0.0
2024,2025,SE0000148884,7.201465884102675e-21
2024,2025,SE0000163594,3.4853866296209266e-20
2024,2025,SE0000163628,0.0
2024,2025,SE0000171100,0.0
2024,2025,SE0000190126,1.176364601779334e-20
2024,2025,SE0000202624,5.530773200828348e-20
2024,2025,SE0000242455,0.0
2024,2025,SE0000379190,0.0
2024,2025,SE0000667891,0.0
2024,2025,SE0000667925,4.0759683566081833e-20
2024,2025,SE0000695876,0.0
2024,2025,SE0000806994,0.0
2024,2025,SE0000862997,1.378911151425998e-19
2024,2025,SE0000949331,2.2989076598715727e-20
2024,2025,SE0001662230,0.0
2024,2025,SE0003366871,0.007897386590628238
2024,2025,SE0005190238,7.848826161843902e-20
2024,2025,SE0006993770,0.0
2024,2025,SE0007100581,0.0
2024,2025,SE0007100599,0.0
2024,2025,SE0011090018,0.0
2024,2025,SE0011166974,0.0
2024,2025,SE0015811955,0.0
2024,2025,SE0015812219,0.0
2024,2025,SE0015961909,0.0
2024,2025,SE0015988019,5.898454956831706e-20
2024,2025,SE0016589188,2.238043161830916e-20
2024,2025,SE0017486889,0.0
2024,2025,SE0018012494,5.015471731899661e-20
2024,2025,SE0018012635,0.0
2024,2025,SE0020050417,0.0
2024,2025,US0010551028,5.704535690950108e-21
2024,2025,US0010841023,0.0
2024,2025,US00130H1059,0.0
2024,2025,US00206R1023,2.5519653736274026e-20
2024,2025,US0028241000,3.0557678855596965e-20
2024,2025,US0028962076,0.0
2024,2025,US00507V1098,0.0
2024,2025,US00724F1012,4.724965921102694e-20
2024,2025,US00737L1035,1.847347748366109e-19
2024,2025,US00751Y1064,0.0
2024,2025,US0079031078,0.0
2024,2025,US0082521081,0.0
2024,2025,US00846U1016,0.0
2024,2025,US0091581068,6.248709683119676e-20
2024,2025,US00971T1016,0.018315820443099377
2024,2025,US0126531013,0.0
2024,2025,US0152711091,0.0
2024,2025,US01741R1023,0.0
2024,2025,US0185811082,0.0
2024,2025,US0188021085,0.0
2024,2025,US0200021014,2.081716296823385e-20
2024,2025,US02079K3059,0.0
2024,2025,US02209S1033,0.0
2024,2025,US0231351067,0.0
2024,2025,US0236081024,0.0
2024,2025,US0255371017,0.0
2024,2025,US02553E1064,0.0
2024,2025,US0258161092,0.0
2024,2025,US0268747849,0.0
2024,2025,US03027X1000,0.0
2024,2025,US03073E1055,0.0
2024,2025,US03076C1062,0.0
2024,2025,US0311001004,0.0
2024,2025,US0311621009,7.04748052758313e-20
2024,2025,US0320951017,0.0
2024,2025,US0326541051,0.0
2024,2025,US0367521038,2.5932034901935693e-20
2024,2025,US03743Q1085,3.195179844123765e-19
2024,2025,US0375981091,0.0
2024,2025,US0378331005,4.9119037586737724e-20
2024,2025,US0382221051,0.0
2024,2025,US0383361039,0.0
2024,2025,US03940R1077,1.0992261689877579e-19
2024,2025,US0394831020,0.0
2024,2025,US0427351004,2.1251585706819046e-21
2024,2025,US0441861046,0.0
2024,2025,US0454871056,7.22112534191665e-20
2024,2025,US04621X1081,3.1409639260101316e-20
2024,2025,US0495601058,0.0
2024,2025,US0527691069,1.1503756373400398e-19
2024,2025,US0528001094,6.776260794065393e-20
2024,2025,US0530151036,0.0
2024,2025,US0533321024,0.0
2024,2025,US0534841012,5.175238697906086e-20
2024,2025,US0536111091,0.0
2024,2025,US0537741052,1.7321011736191833e-19
2024,2025,US0538071038,0.0
2024,2025,US0565251081,0.0
2024,2025,US0584981064,0.0
2024,2025,US0605051046,3.7316164264932057e-20
2024,2025,US0640581007,1.5876208932292347e-20
2024,2025,US0708301041,0.0
2024,2025,US0718131099,0.0
2024,2025,US0758871091,0.0
2024,2025,US0758961009,0.005887721526761814
2024,2025,US0844231029,4.781191047811798e-21
2024,2025,US0846701086,0.0
2024,2025,US0865161014,0.0
2024,2025,US0893021032,0.0
2024,2025,US09061G1013,0.0
2024,2025,US09062X1037,0.037997327185937964
2024,2025,US09073M1045,0.0
2024,2025,US0936711052,0.008801440357908794
2024,2025,US0970231058,0.0
2024,2025,US09857L1089,0.0
2024,2025,US0997241064,7.768347323457702e-20
2024,2025,US1011211018,0.0
2024,2025,US1011371077,0.0
2024,2025,US1033041013,0.0
2024,2025,US1053682035,0.0
2024,2025,US1096411004,2.6371257944601007e-19
2024,2025,US1096961040,0.0
2024,2025,US1101221083,0.005040829708793815
2024,2025,US1124631045,9.637237077971903e-20
2024,2025,US1156372096,0.0
2024,2025,US12504L1098,0.0
2024,2025,US1252691001,8.392115018084687e-21
2024,2025,US12541W2098,0.0
2024,2025,US1255231003,3.849442169753624e-20
2024,2025,US12572Q1058,0.03401271467865588
2024,2025,US1258961002,0.055312333865657135
2024,2025,US1264081035,0.0
2024,2025,US12653C1080,2.2782127670338926e-19
2024,2025,US1266501006,4.194341959394646e-20
2024,2025,US1270551013,0.0
2024,2025,US1270971039,0.028861852141156705
2024,2025,US1273871087,0.0
2024,2025,US1307881029,0.0
2024,2025,US1331311027,1.7417744942313668e-20
2024,2025,US1344291091,4.590210998588992e-20
2024,2025,US14040H1059,7.152158991113309e-20
2024,2025,US14149Y1082,0.0
2024,2025,US1423391002,0.0
2024,2025,US1431301027,0.0
2024,2025,US1491231015,0.0
2024,2025,US1508701034,0.0
2024,2025,US15189T1079,0.0
2024,2025,US1567821046,1.1723212587169683e-20
2024,2025,US1598641074,3.934014700475204e-20
2024,2025,US1651677353,1.9600504324418437e-20
2024,2025,US1667641005,4.8979004960794767e-20
2024,2025,US1699051066,1.0818373918715516e-19
2024,2025,US1713401024,0.0
2024,2025,US1717793095,3.590535937963143e-20
2024,2025,US1720621010,0.0
2024,2025,US17275R1023,0.0
2024,2025,US1729081059,5.155298366183755e-20
2024,2025,US1729674242,4.2405592025763305e-20
2024,2025,US1773761002,0.0
2024,2025,US1858991011,0.0
2024,2025,US1890541097,0.0
2024,2025,US1912161007,7.369741331837102e-21
2024,2025,US1924461023,0.0
2024,2025,US1941621039,0.0
2024,2025,US20030N1019,0.0
2024,2025,US2003401070,0.0
2024,2025,US2017231034,0.0
2024,2025,US2058871029,4.920337636168126e-20
2024,2025,US20825C1045,4.628933383798827e-20
2024,2025,US2091151041,0.0
2024,2025,US21036P1084,2.9448001483633706e-21
2024,2025,US2172041061,4.632160887238591e-20
2024,2025,US21871N1019,5.245127137497346e-20
2024,2025,US2193501051,0.0
2024,2025,US22160K1051,0.0
2024,2025,US22410J1060,6.920209921425825e-20
2024,2025,US22822V1017,0.0
2024,2025,US2283681060,0.0
2024,2025,US2310211063,0.0
2024,2025,US23331A1097,0.0
2024,2025,US2333311072,0.0
2024,2025,US23355L1061,1.8024370303319706e-19
2024,2025,US2358511028,0.0
2024,2025,US2371941053,3.474105589879041e-20
2024,2025,US23918K1088,0.0
2024,2025,US2441991054,3.513273895458508e-20
2024,2025,US2473617023,0.0
2024,2025,US24790A1016,1.1028134357015906e-19
2024,2025,US24906P1093,0.0
2024,2025,US25179M1036,1.439464493974552e-19
2024,2025,US2533931026,0.0
2024,2025,US2546871060,7.340917183824457e-21
2024,2025,US25525P1075,0.0
2024,2025,US25659T1079,0.0
2024,2025,US2566771059,0.0
2024,2025,US2567461080,0.0
2024,2025,US25746U1097,0.0
2024,2025,US2576511099,0.0
2024,2025,US25960P1093,0.0
2024,2025,US2600031080,0.0
2024,2025,US26441C2044,0.0
2024,2025,US26614N1028,1.9445435694493606e-21
2024,2025,US26875P1012,6.676636953341547e-20
2024,2025,US26884L1098,1.471924233880109e-19
2024,2025,US26969P1084,0.0
2024,2025,US2774321002,0.0
2024,2025,US2774614067,0.0
2024,2025,US2786421030,1.1024222713993682e-19
2024,2025,US2788651006,0.0
2024,2025,US2810201077,0.0
2024,2025,US28176E1082,0.0
2024,2025,US2855121099,6.287371275656556e-20
2024,2025,US2910111044,0.0
2024,2025,US29272W1099,0.0
2024,2025,US29364G1031,0.0
2024,2025,US2944291051,0.0
2024,2025,US29444U7000,0.0
2024,2025,US29476L1070,3.8866355119059626e-20
2024,2025,US29670G1022,0.0
2024,2025,US2971781057,3.8340359498686974e-20
2024,2025,US30034W1062,0.0
2024,2025,US30040W1080,0.0
2024,2025,US30161N1019,0.0
2024,2025,US30212P3038,4.197319376043116e-21
2024,2025,US3021301094,0.0
2024,2025,US30231G1022,1.0611119525819409e-19
2024,2025,US3024913036,1.5532948984653888e-20
2024,2025,US3029411093,0.06498642533284872
2024,2025,US3030751057,1.5331939287381974e-21
2024,2025,US3119001044,0.0
2024,2025,US3137451015,0.0
2024,2025,US31428X1063,0.0
2024,2025,US3156161024,0.0
2024,2025,US31620M1062,0.0
2024,2025,US3167731005,4.165429278064642e-20
2024,2025,US3205171057,6.45453334816936e-21
2024,2025,US3377381088,0.0
2024,2025,US3379321074,0.03695576594914366
2024,2025,US3434121022,0.0
2024,2025,US34354P1057,0.0
2024,2025,US3448491049,0.0
2024,2025,US3453708600,1.5024239089990172e-20
2024,2025,US3546131018,0.0
2024,2025,US35671D8570,0.0
2024,2025,US35909D1090,0.0
2024,2025,US3614481030,0.0
2024,2025,US3635761097,0.0
2024,2025,US3647601083,0.0
2024,2025,US3695501086,0.0
2024,2025,US3703341046,4.653190956481052e-20
2024,2025,US37045V1008,3.3616811176855305e-20
2024,2025,US3719011096,0.0
2024,2025,US3724601055,1.9743741320308897e-20
2024,2025,US37247D1063,2.4837371222685143e-19
2024,2025,US3755581036,6.830211109763684e-20
2024,2025,US37940X1028,3.112775877298044e-20
2024,2025,US37959E1029,0.0
2024,2025,US38141G1040,2.90671010030849e-20
2024,2025,US3825501014,1.2015648252468888e-19
2024,2025,US3841091040,0.0
2024,2025,US3848021040,0.0
2024,2025,US3976241071,0.0
2024,2025,US40434L1052,5.286824090285576e-21
2024,2025,US4062161017,9.835383850314794e-20
2024,2025,US4103451021,0.0
2024,2025,US4108671052,5.0669152105713664e-20
2024,2025,US4128221086,0.0
2024,2025,US4158641070,0.0
2024,2025,US4165151048,1.2986536153109632e-21
2024,2025,US4180561072,0.0
2024,2025,US4198701009,0.0
2024,2025,US42250P1030,0.0
2024,2025,US42330P1075,0.0
2024,2025,US4234521015,7.75244224789696e-21
2024,2025,US4278661081,0.032965892332090685
2024,2025,US42806J7000,2.4584934232889405e-19
2024,2025,US42809H1077,1.2120213573623736e-19
2024,2025,US4364401012,2.758271210295585e-20
2024,2025,US4370761029,0.0
2024,2025,US4385161066,4.025027207842309e-20
2024,2025,US4404521001,0.05478474837890191
2024,2025,US44107P1049,1.258738121281509e-20
2024,2025,US4435106079,0.0
2024,2025,US4448591028,1.2989364479404238e-19
2024,2025,US4456581077,0.0
2024,2025,US4461501045,2.229222501858997e-20
2024,2025,US4470111075,0.0
2024,2025,US45073V1089,0.0
2024,2025,US45167R1041,3.2143578945716547e-21
2024,2025,US45168D1046,0.0
2024,2025,US4523081093,0.0
2024,2025,US4523271090,1.736764504096469e-19
2024,2025,US4581401001,0.0
2024,2025,US45866F1049,0.0
2024,2025,US4592001014,0.0
2024,2025,US4595061015,2.2140750087795286e-20
2024,2025,US4601461035,0.0
2024,2025,US4606901001,0.0
2024,2025,US4612021034,4.022334810626341e-20
2024,2025,US46120E6023,0.0
2024,2025,US46284V1017,0.0
2024,2025,US4657411066,0.0
2024,2025,US46625H1005,0.0
2024,2025,US4663131039,0.0
2024,2025,US46982L1089,0.0
2024,2025,US4781601046,1.1722877873911687e-20
2024,2025,US48020Q1076,0.0
2024,2025,US48203R1041,0.0
2024,2025,US48242W1062,0.0
2024,2025,US4824801009,0.0
2024,2025,US48666K1097,2.2241208350056352e-20
2024,2025,US4878361082,0.011102222955755374
2024,2025,US4891701009,1.169966600211062e-19
2024,2025,US4932671088,0.0
2024,2025,US4943681035,1.1124124554751449e-20
2024,2025,US49446R1095,3.636778866302443e-20
2024,2025,US49456B1017,1.0750145351675232e-20
2024,2025,US4972661064,3.5390870882952946e-20
2024,2025,US5002551043,0.0
2024,2025,US5010441013,0.0
2024,2025,US5018892084,2.3034973186994242e-20
2024,2025,US5150981018,0.0
2024,2025,US5178341070,0.0
2024,2025,US5184391044,0.0
2024,2025,US5218652049,0.0
2024,2025,US5246601075,1.2685778786980325e-19
2024,2025,US5260571048,0.0
2024,2025,US5261071071,0.0
2024,2025,US5324571083,0.03472783941924591
2024,2025,US5339001068,0.0
2024,2025,US5341871094,7.917273601546779e-20
2024,2025,US5370081045,0.0
2024,2025,US5398301094,2.3110029465949365e-20
2024,2025,US5486611073,0.0
2024,2025,US5502411037,6.163975251950779e-20
2024,2025,US55261F1049,3.5696884217797665e-20
2024,2025,US5526761086,0.0
2024,2025,US5526901096,0.0
2024,2025,US5529531015,4.291157983427188e-20
2024,2025,US5535301064,0.0
2024,2025,US5543821012,3.1594714391915556e-20
2024,2025,US5544891048,4.818192855315657e-20
2024,2025,US55616P1049,0.0
2024,2025,US5635714059,0.0
2024,2025,US56418H1005,2.771364051768286e-20
2024,2025,US5658491064,9.523832377925274e-20
2024,2025,US5717481023,0.0
2024,2025,US5719032022,0.0
2024,2025,US5732841060,0.0
2024,2025,US5738741041,0.0
2024,2025,US5745991068,0.0
2024,2025,US57636Q1040,2.5534336836955892e-20
2024,2025,US57667L1070,0.0
2024,2025,US5770811025,0.0
2024,2025,US5797802064,2.6077387922671294e-21
2024,2025,US5801351017,4.8716708874089064e-20
2024,2025,US58155Q1031,6.123283054656878e-20
2024,2025,US58933Y1055,8.39664056607707e-21
2024,2025,US59156R1086,3.25667589402976e-20
2024,2025,US5926881054,0.0
2024,2025,US5949181045,0.0
2024,2025,US5950171042,0.0
2024,2025,US5951121038,0.0
2024,2025,US6005441000,9.81533498799166e-21
2024,2025,US6081901042,0.0
2024,2025,US60871R2094,0.0
2024,2025,US6092071058,4.5782285373957473e-20
2024,2025,US61174X1090,3.419114986742268e-20
2024,2025,US6153691059,6.083711466875439e-20
2024,2025,US6174464486,3.211670746423092e-20
2024,2025,US61945C1036,1.4671356294294813e-20
2024,2025,US6200763075,1.9495518686645442e-20
2024,2025,US6267171022,1.8894303808535393e-19
2024,2025,US62886E1082,0.0
2024,2025,US6293775085,1.1821460516324442e-19
2024,2025,US62955J1034,1.246606199381771e-20
2024,2025,US6311031081,5.001517393624548e-20
2024,2025,US6361801011,0.0
2024,2025,US6365181022,3.12128596692425e-20
2024,2025,US64110D1046,0.0
2024,2025,US6501111073,0.0
2024,2025,US6512291062,4.5046799895634954e-20
2024,2025,US6516391066,0.0
2024,2025,US65249B1098,0.0
2024,2025,US65339F1012,0.0
2024,2025,US6541061031,0.0
2024,2025,US65473P1057,0.0
2024,2025,US6556641008,0.0
2024,2025,US6558441084,3.4042860912329065e-20
2024,2025,US6658591044,0.0
2024,2025,US6668071029,0.006664228438402044
2024,2025,US6687711084,8.884359500454523e-20
2024,2025,US6703461052,0.0
2024,2025,US67066G1040,0.0
2024,2025,US6708371033,0.0
2024,2025,US67098H1041,4.01873969022961e-20
2024,2025,US67103H1077,0.0
2024,2025,US6745991058,2.4302020837578777e-20
2024,2025,US6752321025,1.1648551478730058e-19
2024,2025,US6780261052,0.0
2024,2025,US6819191064,0.0
2024,2025,US6821891057,0.0
2024,2025,US6826801036,1.2132199348649697e-20
2024,2025,US68389X1054,0.0
2024,2025,US6866881021,3.24655722977349e-20
2024,2025,US6882392011,0.0
2024,2025,US69036R8631,0.0
2024,2025,US69331C1080,1.5857267813291275e-19
2024,2025,US6934751057,5.447139835592267e-20
2024,2025,US6935061076,0.0
2024,2025,US69351T1060,0.0
2024,2025,US6936561009,0.0
2024,2025,US6937181088,0.0
2024,2025,US6951561090,0.0
2024,2025,US7010941042,0.0
2024,2025,US70211M1099,8.84273909018357e-20
2024,2025,US7043261079,0.0
2024,2025,US7045511000,2.5128930680311375e-20
2024,2025,US7075691094,1.0122333151898993e-19
2024,2025,US70959W1036,4.8709685305040993e-20
2024,2025,US7134481081,3.1452033861007497e-20
2024,2025,US7140461093,0.0
2024,2025,US7170811035,0.0
2024,2025,US7234841010,0.0
2024,2025,US7237871071,0.0
2024,2025,US7244791007,3.1795117713547984e-19
2024,2025,US7310681025,0.0
2024,2025,US7392761034,0.0
2024,2025,US74144T1088,0.0
2024,2025,US74251V1026,1.471034575402018e-20
2024,2025,US7427181091,0.0
2024,2025,US7433151039,3.4351694857963e-20
2024,2025,US74340W1036,0.0
2024,2025,US7443201022,3.582304467700239e-20
2024,2025,US7445731067,0.0
2024,2025,US74460D1090,3.746308724409763e-20
2024,2025,US7458671010,0.0
2024,2025,US7475251036,0.0
2024,2025,US74762E1029,0.0
2024,2025,US74834L1008,1.8600317849876717e-20
2024,2025,US7496851038,2.8758602903220088e-21
2024,2025,US7509171069,0.0
2024,2025,US7512121010,0.0
2024,2025,US75281A1097,1.9296377905876951e-19
2024,2025,US7547301090,2.967667514432711e-20
2024,2025,US75513E1010,0.0
2024,2025,US7588491032,0.0
2024,2025,US75886F1075,0.020677229424780636
2024,2025,US7591EP1005,3.1804593652637854e-20
2024,2025,US7593516047,8.103104309918156e-20
2024,2025,US7595091023,0.0
2024,2025,US7607591002,3.4577268563235025e-21
2024,2025,US7611521078,0.0
2024,2025,US7677548726,0.0
2024,2025,US7703231032,0.0
2024,2025,US7739031091,0.0
2024,2025,US7766961061,1.2354238288378063e-20
2024,2025,US7782961038,0.0
2024,2025,US7802871084,0.0
2024,2025,US7835491082,0.0
2024,2025,US78409V1044,1.8110682348936307e-20
2024,2025,US78410G1040,0.0
2024,2025,US7841171033,1.1937873519098278e-21
2024,2025,US78440X8873,0.0
2024,2025,US78442P1066,2.2623086907358935e-20
2024,2025,US78454L1008,2.3500212150798185e-19
2024,2025,US78473E1038,0.0
2024,2025,US79466L3024,3.210591749063919e-20
2024,2025,US8064071025,0.0
2024,2025,US8085131055,9.28086119607848e-20
2024,2025,US8101861065,0.0
2024,2025,US81211K1007,0.0
2024,2025,US8168511090,1.2613513157504841e-20
2024,2025,US8175651046,0.0
2024,2025,US8243481061,0.0
2024,2025,US8288061091,0.0
2024,2025,US8326964058,0.06202155015587625
2024,2025,US8330341012,2.6055992231495165e-22
2024,2025,US8354951027,0.0
2024,2025,US8425871071,0.0
2024,2025,US84265V1052,0.0
2024,2025,US8447411088,0.0
2024,2025,US8454671095,0.0
2024,2025,US8485741099,0.0
2024,2025,US8545021011,0.0
2024,2025,US8552441094,0.0
2024,2025,US8574771031,3.775989779073708e-20
2024,2025,US8581191009,0.0
2024,2025,US8589121081,0.0
2024,2025,US8636671013,0.0
2024,2025,US8676524064,2.3137196900661215e-19
2024,2025,US8716071076,0.0
2024,2025,US87161C5013,8.007147523974951e-21
2024,2025,US8718291078,0.0
2024,2025,US8725401090,0.0
2024,2025,US8760301072,0.0
2024,2025,US87612E1064,2.310935527192553e-20
2024,2025,US8793691069,0.0
2024,2025,US8794338298,1.0186399543905915e-19
2024,2025,US8803491054,0.0
2024,2025,US8807701029,0.0
2024,2025,US8807791038,0.0
2024,2025,US8816242098,0.0
2024,2025,US8825081040,0.0
2024,2025,US8832031012,0.0
2024,2025,US88337F1057,0.0
2024,2025,US8835561023,0.0
2024,2025,US8851601018,0.0
2024,2025,US88579Y1010,5.587461295865167e-20
2024,2025,US88642R1095,0.0
2024,2025,US8873891043,0.0
2024,2025,US8910921084,0.0
2024,2025,US89417E1091,3.077660503558598e-20
2024,2025,US8962391004,0.0
2024,2025,US8965221091,0.0
2024,2025,US89832Q1094,5.620698981325682e-20
2024,2025,US9024941034,1.06450830859504e-19
2024,2025,US9026531049,0.0
2024,2025,US9026811052,3.074386536665419e-20
2024,2025,US9029733048,0.0
2024,2025,US9078181081,0.0
2024,2025,US9111631035,0.0
2024,2025,US9113121068,0.0
2024,2025,US9113631090,0.0
2024,2025,US9129091081,0.0
2024,2025,US91324P1021,9.771726327337714e-20
2024,2025,US91529Y1064,8.065003072038197e-20
2024,2025,US91822M5022,0.0
2024,2025,US91913Y1001,2.213945886545599e-20
2024,2025,US92276F1003,1.3574983702062405e-20
2024,2025,US92343V1044,0.0
2024,2025,US92532F1003,8.418024526133493e-20
2024,2025,US9255501051,2.1078885093965982e-20
2024,2025,US92556V1061,0.0
2024,2025,US9282981086,1.7751860650742854e-20
2024,2025,US9290421091,0.0
2024,2025,US9291601097,0.0
2024,2025,US92922P1066,4.368168249539198e-19
2024,2025,US92939U1060,0.0
2024,2025,US9297401088,0.0
2024,2025,US9311421039,1.6302111340919273e-20
2024,2025,US9314271084,0.0
2024,2025,US9344231041,0.0
2024,2025,US94106L1098,0.0
2024,2025,US9418481035,0.0
2024,2025,US9427491025,0.0
2024,2025,US9497461015,2.2778727262758037e-20
2024,2025,US95040Q1040,0.0
2024,2025,US95058W1009,9.49894947951787e-20
2024,2025,US95082P1057,0.0
2024,2025,US9581021055,2.4492914109352088e-20
2024,2025,US9598021098,0.0
2024,2025,US9604131022,0.0
2024,2025,US96145D1054,6.865442667050264e-21
2024,2025,US9621661043,0.0
2024,2025,US9633201069,2.910055207203033e-20
2024,2025,US9682232064,0.0
2024,2025,US9694571004,1.9752594257329793e-19
2024,2025,US9699041011,0.0
2024,2025,US9831341071,0.0
2024,2025,US98389B1008,0.004695959214482432
2024,2025,US9839191015,3.5699925677334794e-20
2024,2025,US98421M1062,0.0
2024,2025,US9884981013,2.923226371252713e-20
2024,2025,US9892071054,3.782670898410515e-20
2024,2025,US98956P1021,0.0
2024,2025,US9897011071,3.88051944373721e-21
