ISIN,w_mvp_avg,w_mvp05_avg,weight_drop,CI_avg,NAME,Country,Region
US8425871071,0.026309395755616735,0.009814689973048074,0.01649470578256866,4754.919089160339,SOUTHERN,US,AMER
US26441C2044,0.008290417441521676,0.0011132130050775515,0.007177204436444125,4304.137940208305,DUKE ENERGY,US,AMER
US1258961002,0.008809875799164783,0.00200835703709794,0.006801518762066843,2291.770883879391,CMS ENERGY,US,AMER
US3379321074,0.019812126353280727,0.014863991572517618,0.0049481347807631085,1940.2697468927483,FIRSTENERGY,US,AMER
US92939U1060,0.006582951626718895,0.0016967077872004955,0.004886243839518399,3945.9081488223255,WEC ENERGY GROUP,US,AMER
US4198701009,0.0073435617409592065,0.003847401271400748,0.0034961604695584584,1426.5438361210674,HAWAIIAN ELECTRIC INDS.,US,AMER
US69351T1060,0.004386836769496738,0.0024784095370930883,0.0019084272324036496,3370.586039368638,PPL,US,AMER
US65473P1057,0.002271788185933625,0.0003768749038762509,0.0018949132820573742,2106.1951744799762,NISOURCE,US,AMER
US25746U1097,0.004317404691396115,0.002539220465861749,0.0017781842255343663,2521.2191924945478,DOMINION ENERGY,US,AMER
US98389B1008,0.001765340350449815,3.885048532781759e-09,0.0017653364654012821,4000.941529794274,XCEL ENERGY,US,AMER
US7607591002,0.0015113741938537,4.5496371414590985e-08,0.0015113286974822854,1428.9303036977967,REPUBLIC SVS.'A',US,AMER
ES0112501012,0.014294845223577927,0.013217033090547408,0.0010778121330305198,61.26427278343158,EBRO FOODS,ES,EUR
US0236081024,0.0010243280624388988,6.411987086928461e-09,0.001024321650451812,4243.056097400928,AMEREN,US,AMER
CA2918434077,0.030372566579184784,0.029567746915287824,0.00080481966389696,18.201402618636845,EMPIRE 'A',CA,AMER
US12572Q1058,0.04816709434428052,0.04746728464621808,0.0006998096980624438,0.031242228024921315,CME GROUP,US,AMER
US75886F1075,0.010678970020989699,0.009980772594019053,0.0006981974269706457,7.6757389041404265,REGENERON PHARMS.,US,AMER
GB00B572ZV91,0.002994637643807682,0.002315321921284835,0.0006793157225228473,1815.1413734293956,PHAROS ENERGY,GB,EUR
GB0003718474,0.0036029529102066618,0.0029848726848921737,0.000618080225314488,2.2703519046762293,GAMES WORKSHOP,GB,EUR
US1270971039,0.025006830968985785,0.024471042500071805,0.0005357884689139794,685.376373330106,COTERRA ENERGY,US,AMER
US75281A1097,0.00583409922091501,0.005372271147639173,0.00046182807327583685,440.6301344404776,RANGE RES.,US,AMER
US5002551043,0.0037073631291991774,0.003263070403365528,0.00044429272583364947,2.2051089661694787,KOHL'S,US,AMER
GB0001667087,0.00044353779710265675,9.426695125767398e-19,0.00044353779710265583,428.70768502752054,CAMELLIA,GB,EUR
US2371941053,0.003815769410084671,0.0034209876993481735,0.00039478171073649773,43.78947646493683,DARDEN RESTAURANTS,US,AMER
US94106L1098,0.0003943641482419527,4.5478209042760945e-08,0.00039431867003290996,1067.674648386441,WASTE MANAGEMENT,US,AMER
US2473617023,0.0003889823840887278,3.1289755746517624e-05,0.0003576926283422102,861.7291622604243,DELTA AIR LINES,US,AMER
GB00B8B4R053,0.0015012579479726591,0.0011472452940508558,0.00035401265392180333,0.20095654572750699,STUDIO RETAIL GROUP DEAD - DELIST.25/02/22,GB,EUR
IE0004927939,0.0014772936120819766,0.0011312030859002154,0.0003460905261817612,38.65602053318314,KINGSPAN GROUP,IE,EUR
GB00B0WMWD03,0.002837318773226124,0.0024996038426930603,0.0003377149305330636,14.949550606545273,QINETIQ GROUP,GB,EUR
GB00B03HDJ73,0.0015103660761992478,0.0011862103876544524,0.0003241556885447954,258.5675128527126,ESKEN LIMITED DEAD - DELIST.02/04/24,GB,EUR
GB00B3DGH821,0.00814490762174745,0.007844620893882092,0.00030028672786535857,29.583079893736226,DE LA RUE ORD DEAD - DELIST.03/07/25,GB,EUR
US1255231003,0.0035014716672106816,0.0032029274085292637,0.00029854425868141785,0.2247835665631521,CIGNA,US,AMER
GB0006776081,0.005605605742706278,0.005309288951400972,0.00029631679130530646,2.147627839384088,PEARSON,GB,EUR
US03073E1055,0.001463566622333522,0.0011731434556615334,0.00029042316667198865,0.37111665905623525,CENCORA,US,AMER
CA5394811015,0.00402419441519215,0.003736813709192439,0.0002873807059997108,16.29291639113619,LOBLAW,CA,AMER
NO0010215684,0.0004631029648356695,0.0001881537276999743,0.0002749492371356952,190.5971616496989,AKASTOR,NO,EUR
US5398301094,0.0026878415221270693,0.0024481808257529212,0.00023966069637414806,5.15946747970328,LOCKHEED MARTIN,US,AMER
GB0002318888,0.0038604341833289174,0.0036259488619360225,0.00023448532139289492,26.44453136626696,CRANSWICK,GB,EUR
DE000CLS1001,0.005304307666461197,0.005071101110100032,0.00023320655636116516,2.569893197154111,MCKESSON EUROPE DEAD - DELIST.15/06/23,DE,EUR
NL0009432491,0.004911321415428472,0.004685442154404972,0.0002258792610234997,142.75652198793708,KONINKLIJKE VOPAK,NL,EUR
FR0000120560,0.005827743690498783,0.005606990018074946,0.00022075367242383685,8.399703842546932,QUADIENT,FR,EUR
US8326964058,0.01317373810420495,0.012953338272675613,0.0002203998315293363,23.922599189385963,J M SMUCKER,US,AMER
US9024941034,0.0005302293430035782,0.00031437069672322074,0.0002158586462803575,85.51773386533468,TYSON FOODS 'A',US,AMER
IE00BJ3V9050,0.0010506619825848135,0.0008472855365792408,0.00020337644600557266,6.327621232011076,ENDO INTERNATIONAL DEAD - DELIST.02/05/24,IE,EUR
US29364G1031,0.00018758242937618453,5.422067312599221e-09,0.00018757700730887193,3125.501661152912,ENTERGY,US,AMER
FR0013280286,0.0021553100729159854,0.001972675985844265,0.0001826340870717206,9.56052004757538,BIOMERIEUX,FR,EUR
GB0009067447,0.013763923192571538,0.013582033907247604,0.00018188928532393393,9.180965814229522,MOTHERCARE,GB,EUR
US67066G1040,0.000303821612837962,0.00013978039296537944,0.00016404121987258254,0.36851624268845623,NVIDIA,US,AMER
US14149Y1082,0.0007349864717676814,0.0005712883096534037,0.00016369816211427772,1.171275204109237,CARDINAL HEALTH,US,AMER
US30231G1022,0.0061347896014453665,0.005973747407239341,0.00016104219420602552,371.1139403670718,EXXON MOBIL,US,AMER
FR0000130395,0.0017749908283803363,0.0016243390834907994,0.0001506517448895369,5.302255775592243,REMY COINTREAU,FR,EUR
GB0002670437,0.0036258545902273015,0.00349626769619818,0.00012958689402912168,209.0832121023548,DEVRO DEAD - DELIST.14/04/23,GB,EUR
GB0007370074,0.0020786020821942715,0.0019500076319053275,0.00012859445028894404,5.650402878621344,RICARDO DEAD - DELIST.13/10/25,GB,EUR
NL0010583399,0.00012788571067989525,5.931818407730972e-07,0.00012729252883912214,84.36117522353372,CORBION NV C,NL,EUR
GB00B6XZKY75,0.002414107214787532,0.002288269427388171,0.00012583778739936073,14.785845630442271,BARR (AG),GB,EUR
US30034W1062,0.00011847301157532248,5.652043235048543e-09,0.00011846735953208743,6099.6921940753955,EVERGY,US,AMER
GB00BJQZC279,0.002994192002532278,0.002884833093676082,0.00010935890885619597,1.1383491866907438,DAILY MAIL 'A' DEAD - DELIST.10/01/22,GB,EUR
IE00BLP1HW54,0.0007693788890418816,0.0006605757223043896,0.00010880316673749196,2.697943558334623,AON CLASS A,IE,EUR
DE0007042301,0.026552923311643748,0.026459332318753328,9.359099289042022e-05,23.885016696763806,RHOEN-KLINIKUM,DE,EUR
US6658591044,0.0006893227416243275,0.0005957465068426012,9.357623478172634e-05,0.745712181529263,NORTHERN TRUST,US,AMER
US2058871029,0.0003227047648333927,0.00023146288477874502,9.124188005464766e-05,37.4650465748692,CONAGRA BRANDS,US,AMER
GB00B64NSP76,8.645625471244257e-05,9.425344626084509e-07,8.551372024983412e-05,5.670300261220154,COSTAIN GROUP,GB,EUR
US0533321024,0.001211832181856822,0.00113569350958274,7.6138672274082e-05,17.815395465248155,AUTOZONE,US,AMER
US3021301094,0.007719307140268378,0.0076531878589048905,6.611928136348796e-05,1.0248690257095228,EXPEDITORS INTL.OF WASH. A,US,AMER
US00971T1016,0.008061551781170876,0.00799823745885545,6.331432231542616e-05,0.04575773527983301,AKAMAI TECHS.,US,AMER
US87612E1064,0.0008729048134482432,0.0008123897712505771,6.051504219766607e-05,8.66206526122991,TARGET,US,AMER
GB0000961622,0.0002410233902316014,0.0001903617121790851,5.066167805251631e-05,16.253891042137344,BALFOUR BEATTY,GB,EUR
US28176E1082,0.0008604927020601041,0.0008139461320001837,4.654657005992034e-05,3.1204644173216542,EDWARDS LIFESCIENCES,US,AMER
BE0003735496,0.005297448970188472,0.005251885748970589,4.5563221217882754e-05,3.5653176335048333,ORANGE BELGIUM,BE,EUR
US0584981064,0.0031906221538499807,0.003145548605528596,4.5073548321384466e-05,41.62650924317619,BALL,US,AMER
US8101861065,0.0023029115734430877,0.002259507152028073,4.340442141501479e-05,29.336873758916024,SCOTTS MIRACLE-GRO,US,AMER
US8716071076,0.0012114596690660632,0.0011692089862160046,4.2250682850058585e-05,1.0025752939148362,SYNOPSYS,US,AMER
IL0002300114,0.0033748173557688185,0.00333801378584079,3.6803569928028565e-05,8.574637404312634,BEZEQ ISRAELI TELECOMMUNICATION,IL,EUR
FR0000120966,0.0002641579510671366,0.0002331660890657852,3.099186200135142e-05,4.714389979176487,BIC,FR,EUR
US8725401090,0.012492527636359184,0.012464605722325663,2.7921914033520942e-05,2.579124591494027,TJX,US,AMER
US09062X1037,0.013550544381519087,0.013534055629739085,1.6488751780001365e-05,5.980729029491813,BIOGEN,US,AMER
US3755581036,0.0015651954722390538,0.0015490202643433527,1.617520789570109e-05,2.064091064599255,GILEAD SCIENCES,US,AMER
ES0117160111,0.0015607782615124244,0.0015455770553919968,1.5201206120427644e-05,11.035667838112479,CORPORACION FINCA.ALBA DEAD - DELIST.08/05/25,ES,EUR
US0565251081,0.0011408364674421064,0.0011295511274680022,1.1285339974104192e-05,4.665334859607655,BADGER METER,US,AMER
CA45823T1066,0.00036471829020615423,0.0003535908851562065,1.1127405049947729e-05,1.1049972749659098,INTACT FINANCIAL,CA,AMER
GB00B033F229,0.0006204020783579318,0.0006116954710750103,8.706607282921576e-06,82.82508099992616,CENTRICA,GB,EUR
CA13321L1085,0.00013695233486117506,0.00013113155636830078,5.820778492874272e-06,81.04890256761941,CAMECO,CA,AMER
US78454L1008,5.9581768301956985e-06,3.801154931970674e-07,5.578061336998631e-06,301.42552976490424,SM ENERGY,US,AMER
ES0171743901,3.86652050341619e-06,8.444486973868618e-16,3.8665205025717415e-06,4.013672309855543,PROMOTORA DE INFORMACIONES,ES,EUR
US2774614067,3.3497982976645403e-06,1.0797189841630253e-16,3.3497982975565686e-06,135.12507247209425,EASTMAN KODAK,US,AMER
US42330P1075,3.4866760788837915e-06,4.350617884311253e-07,3.051614290452666e-06,272.7222568314932,HELIX ENERGY SLTN.GP.,US,AMER
NO0010199151,3.1175826931417148e-06,7.992515313902087e-08,3.037657540002694e-06,412.29773960662715,PGS DEAD - DELIST.02/07/24,NO,EUR
US88642R1095,2.8521665600420143e-06,2.2315210386314028e-08,2.8298513496557003e-06,1599.7503761240348,TIDEWATER,US,AMER
IT0005508921,2.6787763544101127e-06,8.419358279499556e-18,2.678776354401693e-06,1.7756498312139357,BANCA MONTE DEI PASCHI,IT,EUR
US92922P1066,2.635753439132985e-06,9.570506580623568e-08,2.540048373326749e-06,663.1147778753151,W&T OFFSHORE,US,AMER
US1858991011,2.2967442625484295e-06,1.7281229982766488e-08,2.279463032565663e-06,2856.728442284111,CLEVELAND CLIFFS,US,AMER
CA6744822033,2.2390767801232187e-06,1.2473889443135926e-08,2.226602890680083e-06,1823.0259316621207,OBSIDIAN ENERGY,CA,AMER
US9129091081,2.1945392813280974e-06,6.995743496613885e-09,2.1875435378314836e-06,2101.4259758931425,UNITED STATES STEEL DEAD - DELIST.18/06/25,US,AMER
CH0048265513,2.3197893528547987e-06,1.4217742897305306e-07,2.1776119238817455e-06,236.571808450169,TRANSOCEAN,CH,EUR
US03743Q1085,2.2992486618946055e-06,1.223262494076818e-07,2.1769224124869235e-06,783.0652340202251,APA,US,AMER
CA8787422044,2.6074404706499126e-06,4.376971549024949e-07,2.1697433157474175e-06,317.46712191237043,TECK RESOURCES SUBORDINATE VOTING B,CA,AMER
FR0013506730,2.4261686583849864e-06,3.004083257523353e-07,2.125760332632651e-06,134.15029132367576,VALLOUREC,FR,EUR
DE0007507501,0.001417082022113641,0.0014150257174190188,2.0563046946222435e-06,11.28301893260423,WASHTEC,DE,EUR
DE000TUAG505,2.114329361414314e-06,7.024717191846818e-08,2.0440821894958456e-06,425.49054907530086,TUI N,DE,EUR
IL0010811243,2.8304137277132034e-06,8.391624200229016e-07,1.9912513076903018e-06,5.736010144464568,ELBIT SYSTEMS,IL,EUR
CA8239011031,1.9506751662673436e-06,8.445190383153401e-09,1.9422299758841904e-06,18018.213537043415,SHERRITT INTL.RESTRCTD VTG,CA,AMER
DE0007500001,1.8784484369160342e-06,1.7153122368579333e-08,1.8612953145474548e-06,573.4332336064954,THYSSENKRUPP,DE,EUR
US6267171022,2.0699789370786735e-06,2.2155173378911234e-07,1.8484272032895612e-06,571.2941813601918,MURPHY OIL,US,AMER
GB0005790059,2.577553603535463e-06,7.420499217595336e-07,1.8355036817759294e-06,53.19647361508868,MENZIES (JOHN) DEAD - DELIST.05/08/22,GB,EUR
CA8959451037,1.9785500560479477e-06,1.4964124603456165e-07,1.828908810013386e-06,402.9902921954158,TRICAN WELL SER.,CA,AMER
US3825501014,2.0265782811754553e-06,2.1807248058520743e-07,1.808505800590248e-06,71.54221063180175,GOODYEAR TIRE & RUB.,US,AMER
LR0008862868,2.318555352470207e-06,5.231246176518057e-07,1.7954307348184012e-06,781.2147154679606,ROYAL CARIBBEAN GROUP,US,AMER
US5635714059,2.7106077855110947e-06,9.43966604765028e-07,1.7666411807460667e-06,25.33026746047341,MANITOWOC,US,AMER
US67098H1041,1.7785758012481214e-06,3.027073466626317e-08,1.7483050665818583e-06,680.365338392062,O I GLASS,US,AMER
CA0977518616,2.1654712359943974e-06,4.415748728910014e-07,1.723896363103396e-06,8.462727262623273,BOMBARDIER 'B',CA,AMER
US25179M1036,2.0047927561769823e-06,2.8134424638398195e-07,1.7234485097930003e-06,433.0796146328818,DEVON ENERGY,US,AMER
US9113631090,2.22667163113933e-06,5.0775382478286e-07,1.7189178063564702e-06,41.891576970623554,UNITED RENTALS,US,AMER
CA59151K1084,1.7544428785495156e-06,3.8849142623895926e-08,1.7155937359256196e-06,1457.6559955943537,METHANEX,CA,AMER
GB0001500809,1.732522583403198e-06,2.3387403176023693e-08,1.7091351802271745e-06,904.5205210340288,TULLOW OIL,GB,EUR
JE00BYVQYS01,1.6883766972019973e-06,0.0,1.6883766972019973e-06,23.526290282092305,INTERNATIONAL WORKPLACE GROUP,CH,EUR
DE0006202005,1.6883564793566578e-06,1.354074192823564e-08,1.6748157374284221e-06,789.4980225495423,SALZGITTER,DE,EUR
CA3359341052,2.0312572754214803e-06,3.637839425813122e-07,1.6674733328401681e-06,532.6954934661395,FIRST QUANTUM MRLS.,CA,AMER
SE0003366871,1.6594460787997954e-06,6.269228166192841e-09,1.6531768506336027e-06,841.88602438937,SAS DEAD - DELIST.14/08/24,SE,EUR
US5658491064,1.7484342117515283e-06,1.0361215089218922e-07,1.644822060859339e-06,662.7242238926943,MARATHON OIL DEAD - DELIST.22/11/24,US,AMER
GB00B2NGPM57,1.6681425963199327e-06,3.829984242259965e-08,1.629842753897333e-06,1.6459734002743789,PARAGON BANKING GROUP,GB,EUR
US48666K1097,1.620613189382685e-06,4.237071960722706e-18,1.6206131893784478e-06,0.34710300952730777,KB HOME,US,AMER
FI0009002422,1.748640060942584e-06,1.4477490857070998e-07,1.603865152371874e-06,152.3296863235017,OUTOKUMPU 'A',FI,EUR
SE0000171100,1.607921451421629e-06,4.973974178115571e-09,1.6029474772435134e-06,1306.9974229004936,SSAB A,SE,EUR
US0893021032,1.7588283628834136e-06,1.6381510615078608e-07,1.5950132567326276e-06,6.533522035041168,BIG LOTS (OTC),US,AMER
US7075691094,1.588219753795805e-06,8.111099564764076e-19,1.588219753794994e-06,12.744860355149903,PENN ENTERTAINMENT,US,AMER
DE0006047004,1.5942864880313055e-06,8.221698990088604e-09,1.5860647890412168e-06,3359.980729379575,HEIDELBERG MATERIALS,DE,EUR
US26969P1084,1.5826896184256539e-06,9.335297309647159e-19,1.5826896184247205e-06,2432.6180341338923,EAGLE MATERIALS,US,AMER
US6752321025,1.5775377509637916e-06,0.0,1.5775377509637916e-06,19.234951348646234,OCEANEERING,US,AMER
US8803491054,1.9257383199704688e-06,3.489728419084272e-07,1.5767654780620416e-06,15.911676020476952,TENNECO A DEAD - DELIST.17/11/22,US,AMER
US4234521015,1.7581672795619451e-06,1.825474703677409e-07,1.5756198091942043e-06,515.9632835735243,HELMERICH & PAYNE,US,AMER
US6556641008,1.5727534822748478e-06,7.232482886395168e-18,1.5727534822676154e-06,33.46041152780199,NORDSTROM DEAD - DELIST.21/05/25,US,AMER
IT0005495657,1.725392492349696e-06,1.579774490055264e-07,1.5674150433441697e-06,110.49205794912375,SAIPEM,IT,EUR
US1033041013,1.5249152754190967e-06,1.0991231673816084e-18,1.5249152754179977e-06,20.425098640393962,BOYD GAMING,US,AMER
GB0000600931,1.5239587727539683e-06,2.841854658276733e-18,1.5239587727511265e-06,0.09922303976886088,BRAEMAR,GB,EUR
CA1363851017,1.575752644761675e-06,8.469807951677762e-08,1.4910545652448974e-06,1441.1697203111269,CANADIAN NATURAL RES.,CA,AMER
NL0000337319,1.6904760891702493e-06,2.0012477205995532e-07,1.490351317110294e-06,16.07932948172685,BAM GROEP KON.,NL,EUR
GB00B82YXW83,1.8770660212576232e-06,3.9792544986131003e-07,1.4791405713963132e-06,145.459594134281,VESUVIUS,GB,EUR
NO0005052605,1.5459540014868722e-06,9.423771446498941e-08,1.4517162870218828e-06,522.3242573367861,NORSK HYDRO,NO,EUR
FR0000131757,1.4642407596191928e-06,2.0518657467038138e-08,1.4437221021521546e-06,776.3928525984155,ERAMET,FR,EUR
IE0003864109,1.555343548219607e-06,1.2272819383501733e-07,1.4326153543845897e-06,35.731559097627475,GREENCORE GROUP,IE,EUR
US4601461035,1.5261460231330592e-06,9.853464313562765e-08,1.4276113799974315e-06,343.6866148346805,INTERNATIONAL PAPER,US,AMER
US91913Y1001,1.4747729599578807e-06,5.672839814624545e-08,1.4180445618116352e-06,235.82096723910345,VALERO ENERGY,US,AMER
FR0000121964,1.4929808297052625e-06,9.376501380458373e-08,1.3992158159006787e-06,8.327588058241533,KLEPIERRE REIT,FR,EUR
US1124631045,1.9521622898295362e-06,5.541419609189771e-07,1.3980203289105592e-06,32.231811768682334,BROOKDALE SENIOR LIVING,US,AMER
GB0006215205,1.5044064818820178e-06,1.0778110185839993e-07,1.3966253800236179e-06,250.53539067697344,MOBICO GROUP,GB,EUR
GB00BNR4T868,1.474856232624673e-06,8.212360948702012e-08,1.392732623137653e-06,380.3056238170091,RENEWI DEAD - DELIST.09/06/25,GB,EUR
US6745991058,1.4614805985000802e-06,7.365433221388092e-08,1.3878262662861994e-06,751.3428957237546,OCCIDENTAL PTL.,US,AMER
CH0012214059,1.394426043760445e-06,1.0369335571621908e-08,1.3840567081888232e-06,4237.670727868476,HOLCIM,CH,EUR
CA8672241079,1.4898440659478985e-06,1.0903773843830448e-07,1.380806327509594e-06,784.07368584015,SUNCOR ENERGY,CA,AMER
US2774321002,1.5135353553586715e-06,1.3791899045284866e-07,1.3756163649058228e-06,641.886042022322,EASTMAN CHEMICAL,US,AMER
FR0000051070,1.4293276797738952e-06,5.560555179518618e-08,1.373722127978709e-06,259.04814989318265,MAUREL ET PROM,FR,EUR
NO0010208051,1.4046715545216713e-06,3.923726188791344e-08,1.3654342926337579e-06,1152.423410384813,YARA INTERNATIONAL,NO,EUR
IT0001347308,1.3707703960971844e-06,6.8504100281296806e-09,1.3639199860690546e-06,5554.694514063632,BUZZI,IT,EUR
FR0000131906,2.292493431576624e-06,9.417696743996504e-07,1.3507237571769737e-06,10.267795462828378,RENAULT,FR,EUR
ES0161560018,1.8443686665619692e-06,5.037374548346738e-07,1.3406312117272953e-06,35.17170130501948,MINOR HOTELS EUROPE & AMERICAS,ES,EUR
US55616P1049,1.332739906093501e-06,1.0523218147144474e-17,1.332739906082978e-06,2.432151086790268,MACY'S,US,AMER
FR0013326246,1.317576613460219e-06,5.528249429305686e-16,1.317576612907394e-06,6.627327263747024,UNIBAIL RODAMCO WE STAPLED UNITS,FR,EUR
GB00BK9RKT01,1.8916614013060915e-06,5.816679792384472e-07,1.3099934220676443e-06,12.439467860369428,TRAVIS PERKINS,GB,EUR
US8485741099,1.302245384564748e-06,3.164805561605929e-17,1.3022453845331e-06,24.751899698660562,SPIRIT AEROSYSTEMS CL.A DEAD - DELIST.08/12/25,US,AMER
GB0008782301,2.0546818693103353e-06,7.542625735539135e-07,1.3004192957564217e-06,3.7551491833344044,TAYLOR WIMPEY,GB,EUR
NO0010861990,1.360106892466777e-06,6.431101526154047e-08,1.2957958772052364e-06,251.4457122575093,PROSAFE,NO,EUR
US9344231041,1.2765894944123231e-06,0.0,1.2765894944123231e-06,2.2638696095797695,WARNER BROS DISCOVERY SERIES A,US,AMER
GB00B128J450,1.2747682649390056e-06,1.0786287130910475e-16,1.2747682648311427e-06,4.145808814019065,IP GROUP,GB,EUR
US6081901042,1.3285746562867563e-06,5.396107628185532e-08,1.274613580004901e-06,173.9698115527916,MOHAWK INDUSTRIES,US,AMER
GB0001859296,1.3996274064915087e-06,1.2741752356676984e-07,1.2722098829247388e-06,4.591533244435503,VISTRY GROUP,GB,EUR
GB0008220112,1.4082853169478104e-06,1.3628559868931306e-07,1.2719997182584974e-06,232.36854141819717,SMITH (DS) DEAD - DELIST.04/02/25,GB,EUR
US1096961040,1.2655883503386024e-06,5.170490334786677e-19,1.2655883503380852e-06,63.683695812077914,BRINK'S,US,AMER
AT0000743059,1.3464294072101885e-06,8.58876680552268e-08,1.2605417391549617e-06,367.32529016063944,OMV,AT,EUR
CA2927661025,1.4118826973347862e-06,1.5877294850198781e-07,1.2531097488327983e-06,809.1845252552685,ENERPLUS DEAD - DELIST.04/06/24,CA,AMER
US0028962076,1.246896751039962e-06,6.902311179242706e-18,1.2468967510330597e-06,1.918839973957614,ABERCROMBIE & FITCH 'A',US,AMER
FR0000120859,1.4171910847041597e-06,1.7677636997598684e-07,1.2404147147281729e-06,344.51240520086964,IMERYS,FR,EUR
US4158641070,1.903293919880913e-06,6.671806728997354e-07,1.2361132469811774e-06,126.48461997987707,ENVIRI,US,AMER
US62955J1034,1.5611076421604352e-06,3.2921409106645597e-07,1.2318935510939792e-06,66.76947127867138,NOV,US,AMER
US7392761034,1.2220434183300035e-06,6.0039006003309975e-18,1.2220434183239995e-06,2.442985751499309,POWER INTEGRATIONS,US,AMER
US4128221086,1.3296750885360446e-06,1.1087938678810601e-07,1.2187957017479386e-06,6.268618042472746,HARLEY-DAVIDSON,US,AMER
ES0173516115,1.2389048378785392e-06,2.2113030472203974e-08,1.2167918074063352e-06,422.04031400083267,REPSOL YPF,ES,EUR
ES0132105018,1.4524734453152286e-06,2.4480219375155326e-07,1.2076712515636753e-06,102.60232756984878,ACERINOX 'R',ES,EUR
US8851601018,1.5537575434113072e-06,3.4772017822887026e-07,1.206037365182437e-06,5.745486156098816,THOR INDUSTRIES,US,AMER
US0441861046,1.7735860925806538e-06,5.687175266241922e-07,1.2048685659564614e-06,122.51145231151249,ASHLAND,US,AMER
GB0002418548,1.5180356591718388e-06,3.2231158304583343e-07,1.1957240761260054e-06,226.90940137139634,ELEMENTIS,GB,EUR
DE0006070006,1.803867941578629e-06,6.132609101409749e-07,1.1906070314376542e-06,55.603050869517226,HOCHTIEF,DE,EUR
DE0005408884,2.1405003924683777e-06,9.507878753990231e-07,1.1897125170693546e-06,11.127274013426879,LEONI DEAD - DELIST.21/08/23,DE,EUR
US4062161017,1.7924490354682941e-06,6.128875768159607e-07,1.1795614586523334e-06,174.83146710196797,HALLIBURTON,US,AMER
FR0000125007,1.3395640516405636e-06,1.7699733080420666e-07,1.162566720836357e-06,179.16125757904626,SAINT GOBAIN,FR,EUR
US1270551013,1.2173223191836284e-06,5.536649481529535e-08,1.161955824368333e-06,1317.4160556766467,CABOT,US,AMER
GB0003753778,1.2561890529574458e-06,9.581387725955894e-08,1.160375175697887e-06,84.61551897347661,GO-AHEAD GROUP DEAD - DELIST.11/10/22,GB,EUR
US00737L1035,1.1508123922271413e-06,2.802739752148121e-17,1.1508123921991138e-06,0.29029090626948095,ADTALEM GLOBAL EDUCATION,US,AMER
GB00B71N6K86,1.1490279256361149e-06,6.856376838668741e-20,1.1490279256360463e-06,3341.8528686373625,EVRAZ SUSP - SUSP.06/12/23,GB,EUR
BE0974258874,1.6895023115825775e-06,5.408921446298494e-07,1.148610166952728e-06,52.987704298499466,BEKAERT (D),BE,EUR
GB0005630420,1.148302484727961e-06,7.195198916056762e-19,1.1483024847272415e-06,15.745021001245341,MEARS GROUP,GB,EUR
SE0000111940,1.146128244271364e-06,5.1681700346737185e-18,1.1461282442661959e-06,12.801870148915933,RATOS B,SE,EUR
US0758961009,1.1446215308561917e-06,1.7650029080651447e-18,1.1446215308544267e-06,2.991890277407681,BED BATH & BEYOND DEAD - DELIST.02/10/23,US,AMER
BE0003470755,1.2316306467650365e-06,8.843530197564602e-08,1.1431953447893906e-06,778.4847873972926,SOLVAY,BE,EUR
DE0008232125,1.1663152503925185e-06,2.5275723744692427e-08,1.141039526647826e-06,749.5414725365058,DEUTSCHE LUFTHANSA,DE,EUR
US0537741052,1.1623751667121779e-06,2.1424156269434938e-08,1.140951010442743e-06,661.9782686206452,AVIS BUDGET GROUP,US,AMER
US7835491082,1.3267707465674927e-06,1.8707513250058927e-07,1.1396956140669034e-06,95.33065372788145,RYDER SYSTEM,US,AMER
US7588491032,1.130442530775392e-06,0.0,1.130442530775392e-06,1.5924696652662174,REGENCY CENTERS,US,AMER
US8288061091,1.1913922407523249e-06,6.804771875572713e-08,1.1233445219965977e-06,4.048644432023216,SIMON PROPERTY GROUP,US,AMER
FR0013505062,2.3027016889889688e-06,1.183979308815765e-06,1.1187223801732037e-06,1.837692380399817,VANTIVA,FR,EUR
DE0005470405,1.5330558146597012e-06,4.148982614746383e-07,1.118157553185063e-06,154.39060078423572,LANXESS,DE,EUR
US65249B1098,1.1079241724279217e-06,4.83312986206096e-18,1.1079241724230885e-06,2.152431859823462,NEWS 'A',US,AMER
GB00BL6XZ716,1.948838551547107e-06,8.421769738221882e-07,1.106661577724919e-06,17.23900102597973,CAPITAL & REGIONAL DEAD - DELIST.11/12/24,GB,EUR
GB00B1L5QH97,1.0945351374669586e-06,2.895216295246671e-17,1.0945351374380064e-06,16.349681909614308,RANK GROUP,GB,EUR
DE000BASF111,1.2681149356399915e-06,1.7511736242968098e-07,1.0929975732103106e-06,223.68059026559004,BASF,DE,EUR
GB0004866223,1.3633144058146005e-06,2.7286226488965086e-07,1.0904521409249496e-06,66.79529506275107,KELLER,GB,EUR
GB00B6YTLS95,1.1085638844584328e-06,2.1293213337427614e-08,1.0872706711210052e-06,225.726551848604,STAGECOACH GROUP DEAD - DELIST.28/06/22,GB,EUR
US8832031012,1.7896577998024546e-06,7.134808919829033e-07,1.0761769078195511e-06,15.692251050309451,TEXTRON,US,AMER
GB0000536739,1.4278563783389323e-06,3.70254887948921e-07,1.0576014903900112e-06,49.490925976397904,ASHTEAD GROUP,GB,EUR
CA00208D4084,1.2789160539920222e-06,2.2831231581362466e-07,1.0506037381783976e-06,695.2646013638241,ARC RESOURCES,CA,AMER
US7512121010,1.0499782599041098e-06,0.0,1.0499782599041098e-06,2.388308855555573,RALPH LAUREN CL.A,US,AMER
US9897011071,1.0488604753638435e-06,0.0,1.0488604753638435e-06,0.43570570426164434,ZIONS BANCORP.,US,AMER
US20825C1045,1.1316760744981254e-06,8.30711613265143e-08,1.0486049131716111e-06,542.2217709621501,CONOCOPHILLIPS,US,AMER
GB00B18P5K83,1.4043924538473193e-06,3.5717228808335043e-07,1.047220165763969e-06,19.582166225987564,TOPPS TILES,GB,EUR
GB0003452173,1.105063100265796e-06,6.200125839688008e-08,1.0430618418689158e-06,180.2639384425527,FIRST GROUP,GB,EUR
GB0003062816,1.042791961751412e-06,4.932018144425575e-18,1.04279196174648e-06,0.7558855259766678,TOWN CENTRE SECURITIES,GB,EUR
PA1436583006,1.0575574182167127e-06,1.8777018466483784e-08,1.038780399750229e-06,941.5469008993942,CARNIVAL,US,AMER
ES0182870214,1.9526832408841945e-06,9.225541909748345e-07,1.03012904990936e-06,87.62609660067562,SACYR,ES,EUR
GB0008025412,1.523967134352455e-06,4.944645807136496e-07,1.0295025536388055e-06,16.007992094647452,SIG,GB,EUR
GB0001367019,1.1103183030119597e-06,8.30941449078849e-08,1.0272241581040748e-06,10.183257071604611,BRITISH LAND,GB,EUR
US7703231032,1.0253460614269407e-06,1.0501352496984373e-18,1.0253460614258906e-06,0.5356025950779377,ROBERT HALF,US,AMER
FR0000124141,1.0429500104350841e-06,1.9890565088704228e-08,1.0230594453463799e-06,710.1566783505117,VEOLIA ENVIRON,FR,EUR
US0708301041,1.0230588771157149e-06,3.140070736988714e-17,1.023058877084314e-06,2.2420036830228502,BATH AND BODY WORKS,US,AMER
ES0142090317,1.1996724650501125e-06,1.8079721664898517e-07,1.0188752484011274e-06,31.89623649449744,OBRASCON HUARTE LAIN,ES,EUR
US00130H1059,1.0248638810800508e-06,7.935526624091182e-09,1.0169283544559596e-06,4082.6448834760236,AES,US,AMER
US01741R1023,1.2728356332517548e-06,2.5960419270505e-07,1.0132314405467047e-06,131.13818976188995,ATI,US,AMER
US9892071054,1.0016717437149316e-06,0.0,1.0016717437149316e-06,0.4750907601351758,ZEBRA TECHNOLOGIES 'A',US,AMER
US35671D8570,1.7920836188940687e-06,7.976065996522012e-07,9.944770192418674e-07,273.6419121799086,FREEPORT-MCMORAN,US,AMER
GB00B7KR2P84,1.0141980851164527e-06,2.3005563797981965e-08,9.911925213184708e-07,993.1123100720433,EASYJET,GB,EUR
US3448491049,9.898698172360432e-07,0.0,9.898698172360432e-07,0.8104531081303387,FOOT LOCKER DEAD - DELIST.08/09/25,US,AMER
US4364401012,9.887170739255838e-07,1.5423596559314755e-17,9.887170739101601e-07,1.576415540426392,HOLOGIC,US,AMER
GB00B0744359,9.875896398192027e-07,1.352766611308847e-17,9.87589639805675e-07,6.880670753845138,ESSENTRA,GB,EUR
CA4530384086,1.0333227757208778e-06,5.4569326068168406e-08,9.787534496527095e-07,596.5734058025527,IMPERIAL OIL,CA,AMER
DE0007664039,1.5946326204135277e-06,6.174818657244255e-07,9.771507546891022e-07,15.329063533550856,VOLKSWAGEN PREF.,DE,EUR
BE0974271034,9.768529498053085e-07,5.046754665699237e-19,9.76852949804804e-07,70.81813234477235,VIOHALCO,BE,EUR
ES0122060314,1.0091147693730194e-06,3.880975761257306e-08,9.703050117604464e-07,935.7393530584145,FOMENTO CONSTR.Y CNTR.,ES,EUR
LU0075646355,1.7337922449003048e-06,7.642834089220963e-07,9.695088359782085e-07,88.9466582181466,SUBSEA 7,GB,EUR
GB0007958233,1.4784112631221203e-06,5.166391880793501e-07,9.617720750427704e-07,8.311014307059464,SENIOR,GB,EUR
US0200021014,9.610810655199506e-07,3.005040635723342e-17,9.610810654899002e-07,0.9912145803079512,ALLSTATE ORD SHS,US,AMER
US61945C1036,1.1087476158090932e-06,1.51092294436875e-07,9.576553213722182e-07,322.52722621430274,MOSAIC,US,AMER
IL0002810146,1.0576363733053886e-06,1.0057734885367827e-07,9.570590244517103e-07,328.1601032221031,ICL GROUP,IL,EUR
US6826801036,1.1709351957620041e-06,2.187971454846638e-07,9.521380502773403e-07,261.11366152527586,ONEOK,US,AMER
US5544891048,9.51205736270662e-07,7.022412028710026e-18,9.512057362636396e-07,14.741401705021007,VERIS RESIDENTIAL,US,AMER
GB00B1FP6H53,9.957910573982392e-07,4.5645126476119175e-08,9.501459309221201e-07,33.339243977686394,MITCHELLS & BUTLERS,GB,EUR
GB00B17MMZ46,1.4892912206315963e-06,5.414118739160502e-07,9.47879346715546e-07,3.996919849368868,LOOKERS DEAD - DELIST.09/10/23,GB,EUR
US9694571004,1.0273598869103096e-06,8.527733205339209e-08,9.420825548569175e-07,1656.0580534020664,WILLIAMS,US,AMER
GB00B0YG1K06,1.1100301030599828e-06,1.7004427557584892e-07,9.399858274841339e-07,19.538652388410437,RESTAURANT GROUP DEAD - DELIST.22/12/23,GB,EUR
GB00B012BV22,9.385954994047634e-07,9.985217122914204e-18,9.385954993947781e-07,67.05061548131226,MARSHALLS,GB,EUR
US42809H1077,1.2499607651516451e-06,3.1327973976431914e-07,9.36681025387326e-07,428.88480722653867,HESS DEAD - DELIST.18/07/25,US,AMER
NL00150003E1,1.3688885446606847e-06,4.333625209066983e-07,9.355260237539864e-07,109.55413495770361,FUGRO C,NL,EUR
GB0000811801,1.7675056924904123e-06,8.39212477075055e-07,9.282932154153573e-07,4.0995935055672055,BARRATT REDROW,GB,EUR
US5719032022,1.2347541944721316e-06,3.1284011822986933e-07,9.219140762422623e-07,304.9634445223839,MARRIOTT INTL.'A',US,AMER
US8454671095,1.1002200927133937e-06,1.7929757910874024e-07,9.209225136046535e-07,384.1620481720048,SOUTHWESTERN ENERGY DEAD - DELIST.01/10/24,US,AMER
SE0020050417,1.6503315270617635e-06,7.326587590072147e-07,9.176727680545488e-07,102.54372967920035,BOLIDEN ORD SHS,SE,EUR
DE0007037129,9.247364268427121e-07,1.423336176747563e-08,9.105030650752365e-07,3177.1008437746823,RWE,DE,EUR
DE0005909006,1.6892917978807108e-06,7.79150542927709e-07,9.101412549530019e-07,6.954481599709698,BILFINGER BERGER,DE,EUR
DK0010244508,9.413368138842975e-07,3.3136772911248025e-08,9.082000409730495e-07,786.0052322984984,A P MOLLER MAERSK B,DK,EUR
DE000KSAG888,9.530266425595963e-07,4.539339677567242e-08,9.076332457839239e-07,433.9917211183246,K S N,DE,EUR
FI0009007132,9.278654482512427e-07,2.2964401761766715e-08,9.04901046489476e-07,2823.5056177629617,FORTUM,FI,EUR
US1508701034,1.4232108597232703e-06,5.202345880989805e-07,9.029762716242898e-07,550.9236868827949,CELANESE,US,AMER
SE0000113250,1.3492084990358297e-06,4.488711459954679e-07,9.003373530403617e-07,13.714012757671965,SKANSKA B,SE,EUR
FI0009005961,1.2511493903749703e-06,3.61113119559078e-07,8.900362708158922e-07,178.47116759821688,STORA ENSO R,FI,EUR
US6821891057,1.1173123180516215e-06,2.287876032759427e-07,8.885247147756788e-07,294.90954140004993,ON SEMICONDUCTOR,US,AMER
GB0006027295,1.5003573766868307e-06,6.197828482741598e-07,8.805745284126709e-07,106.768531686792,MORGAN ADVANCED MRA.,GB,EUR
US7677548726,8.796944662118077e-07,1.709719239013739e-18,8.79694466210098e-07,1.330092133297137,RITE AID (OTC) DEAD - DELIST.04/09/24,US,AMER
GB0000163088,1.2215310722940315e-06,3.4789005134403424e-07,8.736410209499973e-07,34.44697312514504,SPEEDY HIRE,GB,EUR
US25525P1075,8.636703370520029e-07,1.308021437909628e-16,8.636703369212008e-07,2.8471116290082494,DIVERSIFIED HEALTHCARE,US,AMER
GB0009697037,8.617949512563198e-07,8.097170354272933e-16,8.617949504466028e-07,16.062670801914205,BABCOCK INTERNATIONAL,GB,EUR
CA68272K1030,8.591609559868574e-07,0.0,8.591609559868574e-07,1.3117860804281125,ONEX,CA,AMER
IE0001827041,8.962252506422469e-07,3.814312695487467e-08,8.580821236873722e-07,898.7512091916859,CRH PUBLIC LIMITED,IE,EUR
ES0167050915,1.083714951806594e-06,2.2563429973356793e-07,8.58080652073026e-07,57.191703361000926,ACS ACTIV.CONSTR.Y SERV.,ES,EUR
IT0003856405,1.1810066450661265e-06,3.2319937761224335e-07,8.578072674538831e-07,16.403535207579917,LEONARDO,IT,EUR
FR0010242511,1.0038732063942915e-06,1.5009752285102683e-07,8.537756835432647e-07,468.9436141322974,EDF DEAD - DELIST.08/06/23,FR,EUR
FR0000039109,8.656685344567264e-07,2.058687256821086e-08,8.450816618885156e-07,1059.713839507421,SECHE ENVIRONNEMENT,FR,EUR
IT0001233417,8.910758547999444e-07,4.810528912560563e-08,8.429705656743388e-07,852.4707538159222,A2A,IT,EUR
DE0005439004,1.8898792853826823e-06,1.0489745400463503e-06,8.40904745336332e-07,16.89911162137246,CONTINENTAL,DE,EUR
IT0003132476,8.754001234869003e-07,3.628567564393256e-08,8.391144478429678e-07,450.9485525393778,ENI,IT,EUR
BMG850801025,8.720486975777736e-07,3.430115162436311e-08,8.377475459534105e-07,752.148809906546,STOLT-NIELSEN,GB,EUR
US8962391004,8.369548451091308e-07,2.0043741882418624e-19,8.369548451089303e-07,1.6141466426507727,TRIMBLE,US,AMER
AT0000937503,8.648911561515013e-07,3.002237699860301e-08,8.348687791528983e-07,834.653430564843,VOESTALPINE,AT,EUR
FR001400AJ45,1.3252580107758083e-06,4.931703483609637e-07,8.320876624148445e-07,53.18576842200145,MICHELIN,FR,EUR
US8581191009,9.540314282452137e-07,1.2884946221082039e-07,8.251819660343933e-07,178.41112975402692,STEEL DYNAMICS,US,AMER
GB00B1JQDM80,1.084860420515668e-06,2.648709972586052e-07,8.199894232570627e-07,34.23118111334535,MARSTON'S,GB,EUR
GB0002652740,1.1130682103725093e-06,2.934633446573976e-07,8.196048657151117e-07,12.148053093175022,DERWENT LONDON,GB,EUR
FR0000053225,8.127424629828632e-07,4.220310434981488e-18,8.127424629786429e-07,0.4216100652918857,M6-METROPOLE TV,FR,EUR
US4972661064,8.264406973996315e-07,1.631400300379268e-08,8.101266943958388e-07,370.4043808133704,KIRBY,US,AMER
DE0005552004,1.2227035340914417e-06,4.142108853179979e-07,8.084926487734438e-07,85.17222976172197,DEUTSCHE POST,DE,EUR
GB00B1VNSX38,8.453454090618176e-07,4.118415710842708e-08,8.041612519533905e-07,1687.5483003521838,DRAX GROUP,GB,EUR
GB0000904986,1.0656666092514768e-06,2.6272645287948724e-07,8.029401563719895e-07,4.31362334765696,BELLWAY,GB,EUR
ES0116870314,8.723575091279192e-07,6.944820441196169e-08,8.029093047159575e-07,614.9156150595254,NATURGY ENERGY GROUP,ES,EUR
GB0006963689,1.0276167136315608e-06,2.3033053488832173e-07,7.97286178743239e-07,55.98490609911706,PORVAIR,GB,EUR
US8447411088,8.286629977639702e-07,3.607350979191472e-08,7.925894879720555e-07,1005.9755803614868,SOUTHWEST AIRLINES,US,AMER
NL0000360618,8.22252433716348e-07,2.9817435059927096e-08,7.924349986564209e-07,1199.910606539239,SBM OFFSHORE,NL,EUR
AN8068571086,1.6010513665352575e-06,8.099907049507217e-07,7.910606615845358e-07,43.90800427401383,SLB,US,AMER
US37959E1029,7.897224960645341e-07,1.9881011593530003e-18,7.89722496062546e-07,0.26329825451451466,GLOBE LIFE,US,AMER
US5218652049,9.29355374209785e-07,1.4118124695531504e-07,7.8817412725447e-07,5.065921529168403,LEAR,US,AMER
NO0010096985,9.986780301416336e-07,2.1514064881747555e-07,7.835373813241581e-07,189.3687578235741,EQUINOR,NO,EUR
US3976241071,8.32616230865461e-07,5.865669089212729e-08,7.739595399733337e-07,119.04855197017226,GREIF 'A',US,AMER
AT0000831706,9.717485771092942e-07,1.998641378589054e-07,7.718844392503888e-07,514.9350818218462,WIENERBERGER,AT,EUR
GB0007980591,8.415466755569384e-07,6.991541448524293e-08,7.716312610716955e-07,177.18213195173772,BP,GB,EUR
US02553E1064,7.708986277932677e-07,0.0,7.708986277932677e-07,2.463055575679664,AMER.EAG.OUTFITTERS,US,AMER
US3453708600,1.669931398338254e-06,9.032320875197903e-07,7.666993108184637e-07,8.45218631751589,FORD MOTOR,US,AMER
US62886E1082,1.3521783898446515e-06,5.977026203754088e-07,7.544757694692427e-07,15.926112421173874,NCR VOYIX,US,AMER
GB00BKY40Q38,9.182239868129724e-07,1.6421582081978512e-07,7.540081659931873e-07,8.979876074688542,GALLIFORD TRY,GB,EUR
US0427351004,7.478285759160715e-07,1.0172749634287303e-18,7.478285759150542e-07,0.40065743176393487,ARROW ELECTRONICS,US,AMER
US5260571048,7.475991020114153e-07,9.214866523498316e-18,7.475991020022005e-07,0.33567052943843256,LENNAR A A,US,AMER
GB0007188757,1.0813011672947933e-06,3.4088605329165637e-07,7.404151140031369e-07,425.1968172147474,RIO TINTO,GB,EUR
FI0009005987,1.0586930692072068e-06,3.2163382627651715e-07,7.370592429306896e-07,259.3516584678832,UPM-KYMMENE,FI,EUR
US1011211018,7.696859487482611e-07,3.434083159655523e-08,7.353451171517059e-07,3.970736450326341,BXP,US,AMER
GB00B63H8491,9.386433354908378e-07,2.0377356172020364e-07,7.348697737706342e-07,13.650339709200823,ROLLS-ROYCE HOLDINGS,GB,EUR
US7547301090,7.337459847801176e-07,8.154569477663737e-19,7.337459847793021e-07,0.06119967160357265,RAYMOND JAMES FINL.,US,AMER
GB0000365774,7.376236160808989e-07,6.099689330955277e-09,7.315239267499436e-07,2816.051542885042,AEP PLANTATIONS,GB,EUR
ES0148396007,7.304584387717502e-07,6.37219354600311e-18,7.30458438765378e-07,0.7753375747125612,INDUSTRIA DE DISENO TEXTIL,ES,EUR
US1252691001,7.468828557187818e-07,2.3257761356082684e-08,7.236250943626992e-07,3481.6500609260133,CF INDUSTRIES HDG.,US,AMER
BE0974293251,8.233178876822951e-07,1.0633282018348687e-07,7.169850674988082e-07,64.95152634249665,ANHEUSER-BUSCH INBEV,BE,EUR
US00751Y1064,7.144556450361765e-07,4.031865163600004e-19,7.144556450357733e-07,11.985070710838462,ADV.AUTO PARTS,US,AMER
US0082521081,1.383661936569784e-06,6.718426200805805e-07,7.118193164892035e-07,5.171655943708598,AFFILIATED MANAGERS,US,AMER
US7782961038,7.102485248926294e-07,1.793373864493421e-17,7.102485248746957e-07,1.450398717957718,ROSS STORES,US,AMER
GB00BP6MXD84,7.562956816764162e-07,4.640475511634236e-08,7.098909265600738e-07,208.94471074272664,SHELL,GB,EUR
US5950171042,7.071939315059348e-07,4.542296511403389e-16,7.071939310517051e-07,83.25809452521135,MICROCHIP TECH.,US,AMER
NL0015001FS8,1.0854146921953706e-06,3.786531868130721e-07,7.067615053822985e-07,59.95005879301925,FERROVIAL,NL,EUR
US6293775085,7.1461306545669e-07,1.1147051196889525e-08,7.034660142598004e-07,3969.932052214974,NRG ENERGY,US,AMER
US8793691069,7.023789129951947e-07,5.770581083780355e-19,7.023789129946176e-07,5.621456460887099,TELEFLEX,US,AMER
US70959W1036,7.00919346973069e-07,2.6100613640765085e-18,7.00919346970459e-07,0.9252454660201318,PENSKE AUTOMOTIVE GP.,US,AMER
CA7669101031,6.998617394285115e-07,0.0,6.998617394285115e-07,8.44509975676035,RIOCAN REIT.TST.,CA,AMER
US78442P1066,6.968562611556637e-07,1.1317960543937517e-18,6.968562611545318e-07,0.06296108369758141,SLM,US,AMER
US3137451015,6.915595583548453e-07,1.9500506459012962e-17,6.915595583353448e-07,3.504110549472165,FEDERAL REALTY INV.TST.,US,AMER
US6703461052,7.468245977004745e-07,5.603992457867789e-08,6.907846731217966e-07,617.6332762256732,NUCOR,US,AMER
GB00BHJYC057,7.352500548164321e-07,5.470253067659242e-08,6.805475241398397e-07,246.02830771001678,ICTL.HTLS.GP.,GB,EUR
US0126531013,1.3688153859999602e-06,6.898704693671843e-07,6.789449166327759e-07,197.75431001304833,ALBEMARLE,US,AMER
CA89346D1078,6.797215271198352e-07,2.065153843285432e-09,6.776563732765498e-07,11534.475944139716,TRANSALTA,CA,AMER
US7496851038,6.723960421451369e-07,9.415186945394309e-19,6.723960421441954e-07,9.772834385659365,RPM INTERNATIONAL,US,AMER
US5770811025,7.74381253832164e-07,1.023462737133714e-07,6.720349801187927e-07,2.6575198065548173,MATTEL,US,AMER
GB0009286963,6.706638527728162e-07,7.763512530810638e-19,6.706638527720399e-07,35.971220188986834,VP,GB,EUR
FR0000120271,7.37520109780738e-07,6.968246752922554e-08,6.678376422515125e-07,218.60000318357933,TOTALENERGIES,FR,EUR
US1667641005,7.401441986308679e-07,7.438465654376701e-08,6.657595420871009e-07,401.32374969706854,CHEVRON,US,AMER
ES0178430E18,7.754087345943811e-07,1.1384846438561649e-07,6.615602702087645e-07,3.526237616460618,TELEFONICA,ES,EUR
NL00150001Q9,1.6975502354481654e-06,1.0410594036826762e-06,6.564908317654892e-07,9.117321728011884,STELLANTIS,NL,EUR
NL0000226223,1.0836453285607413e-06,4.297273583487957e-07,6.539179702119456e-07,60.579243112202896,STMICROELECTRONICS,NL,EUR
US12653C1080,1.194558338879075e-06,5.415768432871202e-07,6.529814955919547e-07,850.7876917933382,CNX RESOURCES,US,AMER
GB0030913577,8.207097141276326e-07,1.746996785606525e-07,6.460100355669802e-07,6.249643242788896,BT GROUP,GB,EUR
US48020Q1076,1.4735672209397026e-06,8.288869964340292e-07,6.446802245056735e-07,2.7007113203744084,JONES LANG LASALLE,US,AMER
GB0004170089,7.118361813872004e-07,6.861551427457139e-08,6.432206671126291e-07,21.471147079313173,HEADLAM GROUP,GB,EUR
US9604131022,8.020502719947657e-07,1.6000277699583015e-07,6.420474949989356e-07,891.7391820451462,WESTLAKE,US,AMER
US42250P1030,6.978346246048322e-07,5.792264043093212e-08,6.399119841739001e-07,25.37922909706393,HEALTHPEAK PROPERTIES,US,AMER
DE000ENAG999,8.708841226269436e-07,2.3224984182943066e-07,6.386342807975129e-07,203.3807033742321,E ON N,DE,EUR
GB00B1KJJ408,9.306574140465816e-07,3.049965829624887e-07,6.256608310840929e-07,22.937502864967005,WHITBREAD,GB,EUR
GB0006731235,6.885940037971848e-07,6.76924870700027e-08,6.209015167271821e-07,148.8824784768337,ASSOCIATED BRIT.FOODS,GB,EUR
IT0003128367,6.95973105974824e-07,8.069753850356824e-08,6.152755674712557e-07,869.5958938271013,ENEL,IT,EUR
GB0004657408,7.918250858187769e-07,1.8137977139535362e-07,6.104453144234233e-07,9.462507174998668,MITIE GROUP,GB,EUR
US98421M1062,1.050989213568496e-06,4.420564469430216e-07,6.089327666254744e-07,9.164382925954856,XEROX HOLDINGS,US,AMER
GB0004915632,8.309897226084847e-07,2.2314690855066487e-07,6.078428140578199e-07,15.459140213726291,KIER GROUP,GB,EUR
FR0013176526,1.804609605037755e-06,1.19859308794688e-06,6.060165170908751e-07,9.026622802276458,VALEO,FR,EUR
NL0000008977,7.106113884449694e-07,1.056829983917089e-07,6.049283900532606e-07,42.473876260850396,HEINEKEN HOLDING,NL,EUR
US0534841012,6.630786043428331e-07,5.868558560343625e-08,6.043930187393969e-07,9.591535404907058,AVALONBAY COMMNS.,US,AMER
US3614481030,6.031127127812798e-07,1.3272468981301537e-19,6.031127127811471e-07,11.675345558879258,GATX,US,AMER
GB0005576813,1.3053534436356362e-06,7.049272141981832e-07,6.00426229437453e-07,17.100237540662146,HOWDEN JOINERY GP.,GB,EUR
US8085131055,5.992531606635829e-07,0.0,5.992531606635829e-07,0.38304412376661956,CHARLES SCHWAB,US,AMER
PTSON0AM0001,1.226997283531357e-06,6.280434765301715e-07,5.989538070011855e-07,6.32098588113729,SONAE SGPS,PT,EUR
GB00BLGZ9862,6.32411260305637e-07,3.656318594896773e-08,5.958480743566692e-07,14.246926215220155,TESCO,GB,EUR
US9839191015,6.760689199681952e-07,8.283297885980755e-08,5.932359411083876e-07,0.5986274499451959,XILINX DEAD - DELIST.15/02/22,US,AMER
US60871R2094,5.866339959049597e-07,4.7189020115052744e-17,5.866339958577707e-07,50.08184387700214,MOLSON COORS BEVERAGE COMPANY B,US,AMER
US6882392011,1.8807048182093384e-06,1.2947204692151886e-06,5.859843489941498e-07,8.62528402627526,OSHKOSH,US,AMER
US49446R1095,1.5698066206802374e-06,9.896057933520533e-07,5.802008273281841e-07,2.260923753844644,KIMCO REALTY,US,AMER
GB00B63QSB39,7.606915918631082e-07,1.868635571924202e-07,5.738280346706881e-07,27.315299970392697,GREGGS,GB,EUR
US3724601055,5.7069638525615e-07,8.52441572153763e-20,5.706963852560647e-07,10.751323584750766,GENUINE PARTS,US,AMER
ES0130670112,6.773910961520927e-07,1.1103887793410871e-07,5.663522182179839e-07,897.2537778862,ENDESA,ES,EUR
US67103H1077,5.635202761103195e-07,1.979613937387365e-18,5.635202761083399e-07,21.68237439267336,O REILLY AUTOMOTIVE,US,AMER
BE0003717312,5.626007594635395e-07,0.0,5.626007594635395e-07,1.7870132390150855,SOFINA,BE,EUR
US0091581068,6.350318478973708e-07,7.851173232945566e-08,5.565201155679152e-07,1654.2573733323406,AIR PRDS.& CHEMS.,US,AMER
US9598021098,5.491177724807012e-07,6.7669389354501545e-18,5.491177724739343e-07,0.9205370400107005,WESTERN UNION,US,AMER
US49456B1017,5.442633717168979e-07,8.107745275779813e-20,5.442633717168168e-07,1037.0749216505167,KINDER MORGAN,US,AMER
US95082P1057,2.0155151894812947e-06,1.4745967826457453e-06,5.409184068355493e-07,4.191741774862501,WESCO INTL.,US,AMER
US5246601075,6.214295931213696e-07,8.120575296270919e-08,5.402238401586605e-07,45.276985798518695,LEGGETT&PLATT,US,AMER
US3719011096,7.510976813338315e-07,2.1214899145542169e-07,5.389486898784099e-07,5.3777797703234285,GENTEX,US,AMER
US9078181081,7.331182092188209e-07,1.9450094393273008e-07,5.386172652860909e-07,460.07325863458294,UNION PACIFIC,US,AMER
FR0000120503,9.214283515939812e-07,3.835445747417194e-07,5.378837768522619e-07,47.86438377369662,BOUYGUES,FR,EUR
US09073M1045,5.299569150942099e-07,5.366984175574435e-19,5.299569150936732e-07,3.0746025291596872,BIO-TECHNE,US,AMER
GB0033147751,5.298103540273783e-07,3.883200322366278e-19,5.298103540269899e-07,0.23112982247456504,BLOOMSBURY PBL.,GB,EUR
US9418481035,5.254687789710375e-07,1.5184875943388634e-16,5.254687788191888e-07,5.593595692457499,WATERS,US,AMER
SE0000862997,1.4930637375731391e-06,9.724335601800754e-07,5.206301773930638e-07,92.80472737912056,BILLERUD AKTIEBOLAG,SE,EUR
US8354951027,6.057743967945929e-07,8.831177466523982e-08,5.174626221293531e-07,116.96626406175695,SONOCO PRODUCTS,US,AMER
US9682232064,5.142360722225479e-07,0.0,5.142360722225479e-07,0.8219941527090668,JOHN WILEY AND SONS A,US,AMER
FR0000077919,1.2222955767545691e-06,7.083730796258224e-07,5.139224971287467e-07,8.456564019223487,JCDECAUX,FR,EUR
GB0004270301,9.174510062945338e-07,4.0500801221713567e-07,5.124429940773981e-07,57.21201856131678,HILL AND SMITH,GB,EUR
US84265V1052,1.0018145941085876e-06,4.929838099557215e-07,5.088307841528661e-07,161.09476290536506,SOUTHERN COPPER,US,AMER
GB0030181522,5.08026058048069e-07,3.3887667421819494e-18,5.080260580446803e-07,0.13806824804332132,TRIBAL GROUP,GB,EUR
DE0007314007,1.2770525656445796e-06,7.711440043944717e-07,5.059085612501079e-07,10.228933759602736,HEIDELB.DRUCKMASCHINEN,DE,EUR
US0538071038,9.52308372587456e-07,4.4966141411533853e-07,5.026469584721175e-07,0.5387407161810717,AVNET,US,AMER
CH0011075394,7.701526309242097e-07,2.708244693099722e-07,4.993281616142375e-07,0.35573684760407537,ZURICH INSURANCE GROUP,CH,EUR
US31428X1063,7.214975649954403e-07,2.2276607400274052e-07,4.987314909926997e-07,241.49045368902395,FEDEX,US,AMER
IT0003497168,7.713275732274487e-07,2.7403731147871785e-07,4.972902617487308e-07,6.0225302104580765,TELECOM ITALIA,IT,EUR
IE00BGH1M568,5.613709687510361e-07,6.455618257012387e-08,4.968147861809123e-07,13.162037094111417,PERRIGO,IE,EUR
PTJMT0AE0001,6.522427172952571e-07,1.589286357837084e-07,4.933140815115487e-07,12.501171775288995,JERONIMO MARTINS,PT,EUR
US1264081035,7.7247768153152e-07,2.7960734101432083e-07,4.928703405171991e-07,375.6247079892045,CSX,US,AMER
GB00BP92CJ43,4.928508421750912e-07,4.645590477922658e-19,4.928508421746266e-07,404.87517793315516,TATE & LYLE,GB,EUR
US5370081045,6.213692940898971e-07,1.322059219495862e-07,4.891633721403108e-07,21.299098540072265,LITTELFUSE,US,AMER
FR0000120404,1.1789719311767252e-06,6.90251538320929e-07,4.887203928557962e-07,107.92597493851581,ACCOR,FR,EUR
IE00BYTBXV33,4.828131133097931e-07,2.9324572831928634e-19,4.828131133094998e-07,1516.4915308178304,RYANAIR HOLDINGS,IE,EUR
GB00BNGDN821,1.4053260771180029e-06,9.229637730009741e-07,4.823623041170288e-07,12.379907365473334,MELROSE INDUSTRIES,GB,EUR
US2017231034,5.791714449546907e-07,9.926907511219848e-08,4.799023698424922e-07,167.73439416831337,COMMERCIAL MTLS.,US,AMER
US8330341012,4.78628008778591e-07,3.504662613474563e-18,4.786280087750863e-07,7.861773280948807,SNAP-ON,US,AMER
FI0009007884,4.7009280752002006e-07,6.596364884170578e-17,4.700928074540564e-07,0.8411770730181956,ELISA,FI,EUR
US46120E6023,4.698854749087622e-07,1.1669557274209407e-18,4.6988547490759525e-07,1.304663365592327,INTUITIVE SURGICAL,US,AMER
US26884L1098,8.236369883283196e-07,3.5897338482031375e-07,4.646636035080058e-07,377.4263054034088,EQT,US,AMER
US4456581077,6.172988152571549e-07,1.5380537485749057e-07,4.6349344039966436e-07,207.56197169514678,HUNT JB TRANSPORT SVS.,US,AMER
GB0031274896,7.577303585084786e-07,2.9796126049498156e-07,4.5976909801349705e-07,12.47186115531732,MARKS & SPENCER GROUP,GB,EUR
ES0144580Y14,6.995365594758838e-07,2.399719640194382e-07,4.5956459545644563e-07,454.5052634312633,IBERDROLA,ES,EUR
US5339001068,1.095069733402978e-06,6.376051416167709e-07,4.5746459178620703e-07,23.568535359028065,LINCOLN ELECTRIC HDG.,US,AMER
GB0002875804,4.5659450262550303e-07,1.4295953120667716e-16,4.565945024825435e-07,12.133537807561702,BRITISH AMERICAN TOBACCO,GB,EUR
US25960P1093,4.5466862920954683e-07,2.03248860369114e-18,4.546686292075143e-07,8.221383494732626,DOUGLAS EMMETT,US,AMER
US4108671052,4.505896214128896e-07,0.0,4.505896214128896e-07,1.0143410337027727,HANOVER INSURANCE GROUP,US,AMER
PTEDP0AM0009,5.088615007226802e-07,6.041941170188491e-08,4.4844208902079526e-07,757.4063190574003,EDP ENERGIAS DE PORTUGAL,PT,EUR
FR0000120073,5.229417814547169e-07,7.468066560369517e-08,4.482611158510217e-07,634.0468718880277,L AIR LQE.SC.ANYME. POUR L ETUDE ET L EPXTN.,FR,EUR
CH0198251305,4.4594411173590267e-07,4.4627338832922454e-21,4.459441117358982e-07,36.423761497398374,COCA-COLA HBC,CH,EUR
CA87807B1076,4.829505770426125e-07,4.4843590041570434e-08,4.3810698700104204e-07,1709.3455292521119,TC ENERGY,CA,AMER
US4385161066,8.513055392505389e-07,4.169409491113097e-07,4.343645901392292e-07,53.31281114332529,HONEYWELL INTL.,US,AMER
US6558441084,8.193697435876784e-07,3.862845838722286e-07,4.330851597154498e-07,421.02592333295075,NORFOLK SOUTHERN,US,AMER
GB00BD736828,4.3169885576243665e-07,3.8728651126794034e-19,4.3169885576204935e-07,1.9991102609356424,AIR PARTNER DEAD - DEAD 04/04/22,GB,EUR
US22410J1060,6.491541359538507e-07,2.192005770284981e-07,4.299535589253526e-07,28.419258056481702,CRACKER BARREL OLD CTRY. STORE,US,AMER
US1699051066,4.2559416247969127e-07,0.0,4.2559416247969127e-07,8.976496356979238,CHOICE HOTELS INTL.,US,AMER
GB00B3FLWH99,1.1758721876271778e-06,7.527388251712524e-07,4.2313336245592535e-07,160.0114800164899,BODYCOTE,GB,EUR
US5535301064,4.1782954753410507e-07,9.321970050687638e-19,4.1782954753317286e-07,4.437608127130214,MSC INDL.DIRECT 'A',US,AMER
US75513E1010,8.0946673863981e-07,3.9467287285794105e-07,4.1479386578186897e-07,10.9556076303594,RTX,US,AMER
NL0000009165,6.369596067858956e-07,2.250485098242182e-07,4.119110969616774e-07,42.02131360531997,HEINEKEN,NL,EUR
FI0009003727,1.2178342158220892e-06,8.102996652014693e-07,4.0753455062061997e-07,9.242858686370234,WARTSILA,FI,EUR
GB0001638955,6.382331150598366e-07,2.3128736829133892e-07,4.0694574676849764e-07,22.45069848993661,WETHERSPOON (JD),GB,EUR
US12504L1098,2.0722369421540687e-06,1.665845556549424e-06,4.0639138560464475e-07,3.0840852369862204,CBRE GROUP CLASS A,US,AMER
US6361801011,5.478572592816828e-07,1.452477305241927e-07,4.0260952875749004e-07,954.2616817412628,NATIONAL FUEL GAS,US,AMER
US6708371033,4.090108905554398e-07,7.982365291946087e-09,4.010285252634937e-07,5380.016046625022,OGE ENERGY,US,AMER
US4581401001,4.0071140955818007e-07,1.3041606151845347e-17,4.0071140954513846e-07,18.238744568884098,INTEL,US,AMER
US9633201069,1.5321057259343686e-06,1.133614236787607e-06,3.984914891467616e-07,9.1150109175798,WHIRLPOOL,US,AMER
US2172041061,3.9543391518622893e-07,3.641750122620184e-19,3.9543391518586476e-07,21.87622881370085,COPART,US,AMER
CH0012142631,1.3217305332895346e-06,9.292568075103375e-07,3.924737257791971e-07,68.8376690872512,CLARIANT,CH,EUR
GB0003395000,6.361948035503241e-07,2.499144708029702e-07,3.8628033274735393e-07,134.3138163973528,FISHER(JAMES)& SONS,GB,EUR
US0536111091,8.067406195186259e-07,4.219868945507775e-07,3.847537249678484e-07,27.20522672668311,AVERY DENNISON,US,AMER
GB0005758098,1.4108001397218992e-06,1.029287072422454e-06,3.8151306729944514e-07,13.63489777045416,MEGGITT DEAD - DELIST.14/09/22,GB,EUR
CA5592224011,1.071149487191406e-06,6.901078990119961e-07,3.8104158817940986e-07,10.700709661868567,MAGNA INTL.,CA,AMER
BE0003755692,9.59159607600022e-07,5.821707055510624e-07,3.769889020489596e-07,38.54334814970546,AGFA-GEVAERT,BE,EUR
US0375981091,3.74054216176103e-07,0.0,3.74054216176103e-07,24.80868272370798,APOGEE ENTERPRISES,US,AMER
US1156372096,3.730078929903927e-07,1.0784025247557903e-17,3.730078929796087e-07,32.39431593997093,BROWN-FORMAN 'B',US,AMER
US6935061076,9.050392002252173e-07,5.337049384067061e-07,3.7133426181851115e-07,55.055288287534246,PPG INDUSTRIES,US,AMER
IE00BY7QL619,6.654900002599236e-07,2.9770196512275154e-07,3.67788035137172e-07,40.398596389448365,JOHNSON CONTROLS INTL.,IE,EUR
GB0007099541,1.441199191457856e-06,1.0742084395986569e-06,3.6699075185919915e-07,0.16189300734983839,PRUDENTIAL,GB,EUR
ES0125220311,9.567470732195074e-07,5.944860845733368e-07,3.6226098864617057e-07,36.245118609623056,ACCIONA,ES,EUR
FR0000130452,1.3868719641684704e-06,1.0261774264809145e-06,3.606945376875559e-07,29.052809117106605,EIFFAGE,FR,EUR
US7766961061,3.5709217309819576e-07,5.675402684203104e-18,3.570921730925204e-07,1.3207157167111971,ROPER TECHNOLOGIES,US,AMER
US0846701086,3.5561213270825533e-07,1.690687340946868e-19,3.5561213270808624e-07,152.07281147377188,BERKSHIRE HATHAWAY 'A',US,AMER
US3377381088,4.701153002471009e-07,1.1591055076021692e-07,3.54204749486884e-07,1.8983161796403019,FISERV,US,AMER
GB0004544929,3.532245965083093e-07,1.0618144788649188e-16,3.5322459640212786e-07,5.401069830359771,IMPERIAL BRANDS,GB,EUR
US44107P1049,1.7439063141127405e-06,1.3909652441993494e-06,3.5294106991339104e-07,22.462733289590375,HOST HOTELS & RESORTS REIT,US,AMER
GB0007594764,1.820072854440702e-06,1.4673478384641813e-06,3.527250159765208e-07,10.34800102089048,RPS GROUP DEAD - DELIST.24/01/23,GB,EUR
FR0010313833,7.214340343705964e-07,3.69719357730826e-07,3.517146766397704e-07,302.82900169277633,ARKEMA,FR,EUR
GB00B019KW72,4.896025998240725e-07,1.4015733182807962e-07,3.494452679959929e-07,15.679323132437922,SAINSBURY J,GB,EUR
US8718291078,5.242661057939111e-07,1.7753511176123826e-07,3.467309940326729e-07,17.398409497003033,SYSCO,US,AMER
SE0000112724,8.959932252026913e-07,5.546214905396395e-07,3.4137173466305187e-07,124.5105914876598,SVENSKA CELLULOSA AKTIEBOLAGET SCA B,SE,EUR
US9026811052,4.1299090386959085e-07,7.402854603811451e-08,3.389623578314763e-07,157.70099785322225,UGI,US,AMER
US9029733048,5.783042406195316e-07,2.400978283888096e-07,3.38206412230722e-07,1.5780032002178463,US BANCORP,US,AMER
US3695501086,3.377102411057739e-07,6.823744791130239e-19,3.3771024110509154e-07,7.971863906115211,GENERAL DYNAMICS,US,AMER
FR0000121220,5.976901163410444e-07,2.640518334111383e-07,3.336382829299061e-07,5.607566971382945,SODEXO,FR,EUR
GB00BH4HKS39,3.6054433285247324e-07,2.774675461785522e-08,3.3279757823461803e-07,5.6139582570115145,VODAFONE GROUP,GB,EUR
FR0000125486,1.0345754998785269e-06,7.044058431317153e-07,3.3016965674681155e-07,41.30176008563867,VINCI,FR,EUR
US15189T1079,3.331798445773325e-07,6.08975681058075e-09,3.2709008776675174e-07,1436.657681202275,CENTERPOINT EN.,US,AMER
ES0130960018,7.157158816991287e-07,3.896682495244235e-07,3.2604763217470523e-07,233.2737692642617,ENAGAS,ES,EUR
IT0001137345,1.5853704647861195e-06,1.2631441204198679e-06,3.2222634436625167e-07,8.10155921951002,AUTOGRILL DEAD - DELIST.24/07/23,IT,EUR
GB0007908733,3.251236205143878e-07,6.688164534398654e-09,3.1843545597998913e-07,439.873056888058,SSE,GB,EUR
GB00BZ4BQC70,1.0588357489387029e-06,7.426768969566494e-07,3.1615885198205345e-07,11.858172993236963,JOHNSON MATTHEY,GB,EUR
CH0012410517,3.101284209935034e-07,2.8148825055751707e-20,3.1012842099347523e-07,0.5892664431166109,BALOISE HOLDING DEAD - DELIST.08/12/25,CH,EUR
GB00B135BJ46,8.322423785939498e-07,5.253887822306235e-07,3.068535963633263e-07,0.9331641072551035,SAVILLS,GB,EUR
GB0033195214,7.365379482730687e-07,4.3367713253408776e-07,3.028608157389809e-07,8.800638085740951,KINGFISHER,GB,EUR
CA1363751027,5.119435978212695e-07,2.0930247344642588e-07,3.026411243748436e-07,503.09817693206037,CANADIAN NATIONAL RY.,CA,AMER
US2567461080,3.0040860916678503e-07,1.051135445485121e-18,3.004086091657339e-07,11.371172696097272,DOLLAR TREE,US,AMER
DE0006599905,5.641995374969459e-07,2.6403024694785905e-07,3.0016929054908687e-07,40.970491695070756,MERCK KGAA,DE,EUR
US8910921084,2.999584507953872e-07,3.762096408132423e-18,2.999584507916251e-07,10.259016479334328,TORO,US,AMER
GB00B2PDGW16,9.18176571083502e-07,6.251112553377694e-07,2.9306531574573253e-07,2.984547261960472,WH SMITH,GB,EUR
US09061G1013,2.9202110771328923e-07,6.489513695303813e-18,2.9202110770679974e-07,7.382837673333663,BIOMARIN PHARM.,US,AMER
GB00BNNTLN49,3.039502438664278e-07,1.3094749445365948e-08,2.9085549442106184e-07,526.879187545292,PENNON GROUP,GB,EUR
US0394831020,3.400635371740688e-07,5.378250504250749e-08,2.8628103213156135e-07,193.47884256657574,ARCHER DANIELS MIDLAND,US,AMER
DE0005785802,3.419954536123022e-07,5.647313605121452e-08,2.8552231756108767e-07,15.023551312647147,FRESENIUS MED.CARE,DE,EUR
US21871N1019,2.7861014762392323e-07,1.4632859427563398e-18,2.7861014762245993e-07,22.429578842685704,CORECIVIC,US,AMER
US92276F1003,8.467944243132979e-07,5.684539093861817e-07,2.7834051492711616e-07,29.57670717117759,VENTAS,US,AMER
CH0022268228,2.7727592123998797e-07,0.0,2.7727592123998797e-07,0.3028674485371798,EFG INTERNATIONAL N,CH,EUR
US2333311072,2.8363109293861494e-07,7.900776632448197e-09,2.7573031630616676e-07,2452.236646445252,DTE ENERGY,US,AMER
US61174X1090,2.6785654868749227e-07,4.977701361857423e-18,2.678565486825146e-07,1.6779686859321317,MONSTER BEVERAGE,US,AMER
US7043261079,2.612540911852878e-07,5.106383329712462e-17,2.6125409113422397e-07,0.6951550126968465,PAYCHEX,US,AMER
US3205171057,8.403033962166312e-07,5.804739483000723e-07,2.598294479165589e-07,2.124021634565738,FIRST HORIZON,US,AMER
US2855121099,2.559093661846875e-07,1.2017340655407793e-18,2.5590936618348576e-07,0.42023221936913435,ELECTRONIC ARTS,US,AMER
US4663131039,1.0599371884008372e-06,8.052203257751378e-07,2.5471686262569937e-07,1.8623361014073023,JABIL,US,AMER
US4595061015,6.634312340164261e-07,4.0903425539382747e-07,2.543969786225986e-07,55.09843115481519,INTL.FLAVORS & FRAG.,US,AMER
US81211K1007,1.1115105593365405e-06,8.603576230127547e-07,2.5115293632378584e-07,26.834780263961534,SEALED AIR,US,AMER
FR0000044448,1.5803604389744023e-06,1.3319842964650907e-06,2.483761425093117e-07,16.044780172537873,NEXANS,FR,EUR
US9621661043,1.0771503185633928e-06,8.335068074528571e-07,2.4364351111053564e-07,79.14599024617836,WEYERHAEUSER,US,AMER
US8168511090,2.435486632199758e-07,1.8292817491397085e-17,2.4354866320168294e-07,563.8206836900972,SEMPRA,US,AMER
NO0003054108,2.428954202478443e-07,0.0,2.428954202478443e-07,28.733629425154884,MOWI,NO,EUR
US8825081040,5.339076903353566e-07,2.930657850588232e-07,2.408419052765334e-07,71.95180837571827,TEXAS INSTRUMENTS,US,AMER
SE0007100581,8.134532810682511e-07,5.750013213923033e-07,2.384519596759478e-07,17.702666921909252,ASSA ABLOY B,SE,EUR
DE0007297004,2.7532042781339914e-07,3.999709148947027e-08,2.3532333632392887e-07,312.7901712723522,SUEDZUCKER,DE,EUR
GB0000456144,1.2208260363574685e-06,9.93362095589871e-07,2.2746394076759756e-07,192.00991238475555,ANTOFAGASTA,GB,EUR
IL0010824113,2.2581653682667988e-07,1.3377725429854131e-17,2.2581653681330216e-07,0.2779556752322383,CHECK POINT SFTW.TECHS.,IL,EUR
IE00BK9ZQ967,1.06796822774098e-06,8.425062693490802e-07,2.2546195839189977e-07,25.218760819213305,TRANE TECHNOLOGIES,IE,EUR
FR0000120172,5.813079309771741e-07,3.5829171407614703e-07,2.2301621690102704e-07,11.511746826750835,CARREFOUR,FR,EUR
US88579Y1010,4.543905477920318e-07,2.3706063847922622e-07,2.173299093128056e-07,114.86832815665178,3M,US,AMER
US9113121068,4.2076727437978987e-07,2.0434049323303698e-07,2.164267811467529e-07,194.45586185522868,UNITED PARCEL SER.'B',US,AMER
GB0030329360,3.4978510081715574e-07,1.3825632580130837e-07,2.1152877501584737e-07,194.60295921602892,WINCANTON DEAD - DELIST.30/04/24,GB,EUR
US6951561090,5.125548057120723e-07,3.0833434750022934e-07,2.0422045821184292e-07,268.0383226777403,PACKAGING CORP.OF AM.,US,AMER
US2533931026,8.987391357238958e-07,6.94963297222408e-07,2.0377583850148785e-07,3.1107679930349676,DICK'S SPORTING GOODS,US,AMER
US7234841010,2.1130266477663688e-07,8.430499041505678e-09,2.028721657351312e-07,3293.310497873705,PINNACLE WEST CAP.,US,AMER
DK0010181759,9.80796568620621e-07,7.788795677466528e-07,2.0191700087396825e-07,49.33653476204956,CARLSBERG B,DK,EUR
CA56501R1064,1.434984005962244e-06,1.2351758095350051e-06,1.9980819642723882e-07,7.268372022889384,MANULIFE FINANCIAL,CA,AMER
CA13646K1084,8.087622964681726e-07,6.142757508646283e-07,1.9448654560354433e-07,563.3088492129256,CANADIAN PACIFIC KANSAS CITY,CA,AMER
GB0002374006,3.660489665461788e-07,1.7720924230777102e-07,1.8883972423840777e-07,34.2208953798196,DIAGEO,GB,EUR
AT000000STR1,5.615917003721486e-07,3.7375168741455804e-07,1.8784001295759056e-07,51.00849813862687,STRABAG SE,AT,EUR
GB00BYQ0JC66,6.604081752101157e-07,4.81157951869569e-07,1.7925022334054672e-07,0.015482017463709538,BEAZLEY,GB,EUR
US0188021085,1.8517242230760153e-07,7.171135175911921e-09,1.780012871316896e-07,4806.936736193603,ALLIANT ENERGY (XSC),US,AMER
US6780261052,4.339491261387766e-06,4.163399257403201e-06,1.7609200398456463e-07,28.91083585667447,OIL STS.INTL.,US,AMER
CA9611485090,1.7563091245788017e-07,3.3769970792783914e-17,1.756309124241102e-07,15.133790745309126,WESTON GEORGE,CA,AMER
US7445731067,1.9455195691576978e-07,1.907823325815057e-08,1.754737236576192e-07,1020.3347641862129,PUB.SER.ENTER.GP.,US,AMER
US95040Q1040,5.14805494923721e-07,3.414961165437445e-07,1.7330937837997652e-07,16.836421812834278,WELLTOWER,US,AMER
US8243481061,4.6416161335343437e-07,2.935239319882394e-07,1.7063768136519498e-07,24.068703733849116,SHERWIN-WILLIAMS,US,AMER
GB00B1FH8J72,2.909932304056875e-07,1.2039628179018357e-07,1.7059694861550393e-07,93.58132299811173,SEVERN TRENT,GB,EUR
US5150981018,1.6608646674447633e-07,2.468620861445212e-19,1.6608646674422948e-07,0.03543205631318509,LANDSTAR SYSTEM,US,AMER
US3647601083,1.060888657207991e-06,8.953561521899244e-07,1.6553250501806659e-07,1.8034014621931247,GAP,US,AMER
GB0032089863,6.840362332821802e-07,5.186065824809444e-07,1.654296508012358e-07,7.912253730187209,NEXT,GB,EUR
GB00B61TVQ02,1.7023310344952459e-06,1.5443055326973043e-06,1.5802550179794154e-07,2.781653913290656,INCHCAPE,GB,EUR
GB00B39J2M42,2.973444486755009e-07,1.4176566968500305e-07,1.5557877899049786e-07,50.17209107917727,UNITED UTILITIES GROUP,GB,EUR
CA1367178326,1.87821653543153e-07,3.415211695907242e-08,1.5366953658408058e-07,3334.4743604371833,CANADIAN UTILITIES 'A',CA,AMER
GB00BMJ6DW54,1.115354342757046e-06,9.671503804484142e-07,1.482039623086318e-07,1.0885107103584115,INFORMA,GB,EUR
US5526901096,1.4577013446186978e-07,1.5124985703897612e-19,1.4577013446171853e-07,329.6018759540315,MDU RESOURCES GROUP,US,AMER
IE0002424939,7.55066995106129e-07,6.122835916839245e-07,1.427834034222045e-07,4.762040874537685,DCC,IE,EUR
US8589121081,3.8084483396201245e-07,2.4168369214923866e-07,1.391611418127738e-07,152.00796725330028,STERICYCLE DEAD - DELIST.05/11/24,US,AMER
US9314271084,5.615148174522105e-07,4.2314773627933613e-07,1.3836708117287433e-07,2.7463940737426875,WALGREENS BOOTS ALLIANCE DEAD - DELIST.29/08/25,US,AMER
DE000BAY0017,8.246475893610973e-07,6.870907921668967e-07,1.3755679719420056e-07,46.35856979064258,BAYER,DE,EUR
CH0008038389,3.273932710270928e-07,1.9040158560441684e-07,1.3699168542267596e-07,13.001456519058594,SWISS PRIME SITE,CH,EUR
US6005441000,8.628057066447248e-07,7.259003846865493e-07,1.3690532195817547e-07,11.368935358718574,MILLERKNOLL,US,AMER
GB0002634946,5.25353058335317e-07,3.9857485517259015e-07,1.2677820316272686e-07,14.967504923053754,BAE SYSTEMS,GB,EUR
US46284V1017,5.282748630660907e-07,4.050986335547453e-07,1.2317622951134537e-07,37.293057082859896,IRON MOUNTAIN,US,AMER
US30040W1080,1.1860524375732151e-07,1.1524789689067285e-16,1.1860524364207361e-07,89.24652422462577,EVERSOURCE ENERGY,US,AMER
US0255371017,1.2264856357080537e-07,4.494430276096487e-09,1.1815413329470888e-07,4646.307319617966,AMER.ELEC.PWR.,US,AMER
US1720621010,2.937511088084899e-07,1.787165525597027e-07,1.1503455624878721e-07,2.6924986321243636,CINCINNATI FINL.,US,AMER
US8552441094,4.675739250812928e-07,3.526364679717104e-07,1.1493745710958243e-07,14.971742875883523,STARBUCKS,US,AMER
US5951121038,7.04602441373576e-07,5.964057328096298e-07,1.0819670856394617e-07,133.41962461022578,MICRON TECHNOLOGY,US,AMER
CA3495531079,1.36565748071284e-07,3.1506493006208413e-08,1.050592550650756e-07,1750.4823533475499,FORTIS,CA,AMER
US8175651046,9.595362109412573e-08,1.6181444991360491e-18,9.595362109250758e-08,36.13743418018367,SERVICE CORP.INTL.,US,AMER
US91529Y1064,1.466263733861204e-06,1.3710568029203444e-06,9.520693094085953e-08,0.5971398566289087,UNUM GROUP,US,AMER
US78473E1038,1.3426853991346903e-06,1.2475478205865645e-06,9.51375785481257e-08,7.123966136195347,SPX TECHNOLOGIES,US,AMER
US6092071058,2.5538951172320206e-07,1.6265673282776467e-07,9.273277889543739e-08,29.280459461703245,MONDELEZ INTERNATIONAL CL.A,US,AMER
FI0009013296,7.815254380111565e-07,6.917259495084741e-07,8.979948850268242e-08,139.90006173582148,NESTE,FI,EUR
GB00BN7SWP63,4.002551693393116e-07,3.2449852527224435e-07,7.575664406706726e-08,19.476523948296336,GLAXOSMITHKLINE,GB,EUR
FR0000120644,4.4764335139596205e-07,3.743457641945914e-07,7.329758720137063e-08,23.62475318822759,DANONE,FR,EUR
DE0007100000,1.5513915851569401e-06,1.4808952691402525e-06,7.049631601668759e-08,5.526583921296619,MERCEDES-BENZ GROUP N,DE,EUR
GB00BDR05C01,8.13721602195385e-08,1.3449600504920843e-08,6.792255971461767e-08,254.8303266296524,NATIONAL GRID,GB,EUR
US0495601058,1.015526805020621e-07,3.7306701154641434e-08,6.424597934742067e-08,310.794616531523,ATMOS ENERGY,US,AMER
US5732841060,1.4525885684850194e-07,8.345235391132322e-08,6.180650293717872e-08,725.022060829203,MARTIN MRTA.MATS.,US,AMER
IT0003153415,3.2031832552464475e-07,2.594374671593173e-07,6.088085836532747e-08,390.6265681733184,SNAM,IT,EUR
US5018892084,7.472997618354048e-07,6.864923285508656e-07,6.08074332845392e-08,18.413525908706507,LKQ,US,AMER
US0378331005,4.115778952059183e-07,3.5198667840392596e-07,5.9591216801992324e-08,0.19529066048181398,APPLE,US,AMER
US29476L1070,2.124568388319644e-07,1.5755088494904693e-07,5.490595388291746e-08,22.096271581157854,EQUITY RESD.TST.PROPS. SHBI,US,AMER
US89417E1091,3.5811324882188713e-07,3.0359360208642507e-07,5.451964673546206e-08,0.8620654071598639,TRAVELERS COS.,US,AMER
GB00BDCPN049,7.440530060812503e-07,6.902078165868929e-07,5.3845189494357373e-08,20.534745007327782,COCA COLA EUROPACIFIC PARTNERS,GB,EUR
GB00B1XH2C03,9.99824518043794e-07,9.509365303034495e-07,4.888798774034461e-08,337.9023705294698,FERREXPO,CH,EUR
US4606901001,1.2679657973596804e-06,1.2213408800375883e-06,4.6624917322092086e-08,0.6750718824663569,INTERPUBLIC GROUP DEAD - DELIST.28/11/25,US,AMER
US17275R1023,6.078573913629013e-07,5.613979580684966e-07,4.645943329440463e-08,0.8615747715570272,CISCO SYSTEMS,US,AMER
GB00BYW0PQ60,1.2328133929247082e-06,1.1889873206668482e-06,4.3826072257859945e-08,10.659245717214965,LAND SECURITIES GROUP,GB,EUR
US1912161007,1.260125026338825e-07,9.73760079458458e-08,2.8636494688036708e-08,30.826550017208195,COCA COLA,US,AMER
FI0009000459,7.912127526470691e-07,7.650229251049303e-07,2.618982754213889e-08,58.778969050898745,HUHTAMAKI,FI,EUR
GB00B5N0P849,1.4131454742237436e-06,1.3901390781699465e-06,2.3006396053797122e-08,11.473736935757485,WOOD GROUP (JOHN),GB,EUR
US7237871071,1.3520213595383375e-06,1.3291127593469819e-06,2.2908600191355637e-08,198.99753910576362,PIONEER NTRL.RES. DEAD - DELIST.03/05/24,US,AMER
US6936561009,1.4442111303734846e-06,1.422450523378899e-06,2.1760606994585642e-08,2.5698147561756994,PVH,US,AMER
NL0011794037,2.670331434140751e-07,2.483821906686028e-07,1.8650952745472305e-08,24.726785579169235,KONINKLIJKE AHOLD DELHAIZE,NL,EUR
US23918K1088,6.41381675949946e-07,6.238477339686544e-07,1.7533941981291614e-08,5.077624910840624,DAVITA,US,AMER
SE0016589188,1.1859976802001698e-06,1.1689581040258343e-06,1.703957617433547e-08,9.900527167069106,ELECTROLUX B,SE,EUR
US92556V1061,5.668895587697258e-07,5.524173037898764e-07,1.4472254979849375e-08,26.289489607288782,VIATRIS,US,AMER
ES0113860A34,7.738466965492744e-07,7.623372947847695e-07,1.1509401764504859e-08,0.3349513485137725,BANCO DE SABADELL,ES,EUR
US4612021034,3.107928117565585e-07,2.993104738081958e-07,1.1482337948362706e-08,0.8326582453143015,INTUIT,US,AMER
US0185811082,1.4474130330380344e-06,1.43779765002154e-06,9.615383016494362e-09,0.34370548387129185,BREAD FINANCIAL HOLDINGS,US,AMER
US7170811035,4.397133835541086e-07,4.370070311530464e-07,2.7063524010622168e-09,14.117204543052265,PFIZER,US,AMER
US20030N1019,5.777453104002613e-07,5.760728543958295e-07,1.6724560044318383e-09,4.754146301846711,COMCAST A,US,AMER
GB0002349065,0.0,1.6979920083810731e-19,-1.6979920083810731e-19,2346.109407703237,REA HOLDINGS,GB,EUR
US00507V1098,0.0,1.7792220944391731e-19,-1.7792220944391731e-19,0.3014116380409861,ACTIVISION BLIZZARD DEAD - DELIST.16/10/23,US,AMER
US8794338298,0.0,7.182995994474496e-19,-7.182995994474496e-19,5.356026421165221,TELEPHONE & DATA SYS.,US,AMER
US64110D1046,1.0351142533344063e-06,1.0410689618818395e-06,-5.954708547433214e-09,0.8963836265008253,NETAPP,US,AMER
US26875P1012,1.318267813264959e-06,1.3310247490286428e-06,-1.2756935763683703e-08,197.51619121924352,EOG RES.,US,AMER
US5745991068,1.446922862907182e-06,1.4622808867917895e-06,-1.5358023884607516e-08,9.09043098866954,MASCO,US,AMER
FR0010533075,5.813752899059851e-07,5.97812579218737e-07,-1.64372893127519e-08,50.45029841834403,GETLINK,FR,EUR
SE0011090018,7.62089180160054e-07,7.805486114761891e-07,-1.8459431316135164e-08,49.97934323637366,HOLMEN B,SE,EUR
US23355L1061,1.0328700350567672e-06,1.0532002147895955e-06,-2.0330179732828274e-08,1.838838856214429,DXC TECHNOLOGY,US,AMER
US3119001044,6.881446035099215e-07,7.099126184366901e-07,-2.1768014926768564e-08,21.593962522431173,FASTENAL,US,AMER
US4470111075,1.4818131563324075e-06,1.5154833843982696e-06,-3.3670228065862095e-08,79.56912828271406,HUNTSMAN,US,AMER
US2788651006,5.421359119203967e-07,5.774430217185219e-07,-3.530710979812522e-08,26.760333183837172,ECOLAB,US,AMER
CA3180714048,1.4276754390661453e-06,1.4632643993572346e-06,-3.5588960291089333e-08,10.36995013254056,FINNING INTL.,CA,AMER
GB00B67G5X01,1.3612076143458167e-06,1.4079696981950224e-06,-4.676208384920571e-08,20.185681033805484,WORKSPACE GROUP,GB,EUR
DE0005190003,1.1688448313382974e-06,1.2167453389818163e-06,-4.790050764351892e-08,5.2511701575017025,BMW,DE,EUR
US5010441013,1.4587815615215905e-08,6.657565156053658e-08,-5.198783594532067e-08,19.077046245756183,KROGER,US,AMER
US8873891043,1.0602307568792295e-06,1.1155129076875496e-06,-5.528215080832012e-08,29.603861359779263,TIMKEN,US,AMER
IE0004906560,1.7056604782754137e-07,2.2649996888198255e-07,-5.593392105444117e-08,56.77208969165391,KERRY GROUP 'A',IE,EUR
US6365181022,5.586529461539607e-07,6.208475289697952e-07,-6.219458281583455e-08,0.9409337587547597,NATIONAL INSTS. DEAD - DELIST.12/10/23,US,AMER
US4891701009,1.3429381634507127e-06,1.408473671851463e-06,-6.553550840075024e-08,11.52727922696777,KENNAMETAL,US,AMER
US9427491025,6.565869127792365e-07,7.23689021737266e-07,-6.71021089580295e-08,7.274561955231825,WATTS WATER TECHS.,US,AMER
DE000A0D9PT0,9.86395395380916e-07,1.0579155605209648e-06,-7.152016514004891e-08,7.125605894560596,MTU AERO ENGINES HLDG.,DE,EUR
IT0003506190,1.219545036351719e-06,1.2916363942467237e-06,-7.209135789500466e-08,16.549386556651964,ATLANTIA DEAD - DELIST.09/12/22,IT,EUR
US5543821012,1.8120190337881598e-06,1.8855508415669815e-06,-7.353180777882169e-08,20.58588609707847,MACERICH,US,AMER
NL0006237562,7.531840052932915e-07,8.336346662086314e-07,-8.045066091533998e-08,3.641734391861932,ARCADIS,NL,EUR
US2971781057,2.3680260029448547e-07,3.1775138470233964e-07,-8.094878440785418e-08,21.19099623565431,ESSEX PROPERTY TST.,US,AMER
US0865161014,8.448252012109543e-07,9.264346180669632e-07,-8.16094168560089e-08,5.216008058051671,BEST BUY,US,AMER
GB0007973794,3.1115828853886714e-07,3.929203105121477e-07,-8.176202197328055e-08,28.09270554235954,SERCO GROUP,GB,EUR
FI0009800643,1.2452066212170314e-06,1.3338747947223335e-06,-8.866817350530211e-08,12.333703260286072,YIT,FI,EUR
DE0008402215,6.018521735101355e-07,6.950562049499813e-07,-9.320403143984581e-08,0.01449672720273395,HANNOVER RUECK,DE,EUR
US1491231015,1.1779037101037362e-06,1.2716162287508448e-06,-9.371251864710854e-08,16.19874848648097,CATERPILLAR,US,AMER
GB0005603997,1.5994817271510283e-06,1.6955803197686002e-06,-9.609859261757193e-08,0.39548881990060925,LEGAL & GENERAL,GB,EUR
CH0012005267,2.271149534326211e-07,3.242614557866431e-07,-9.714650235402201e-08,7.779462152589222,NOVARTIS 'R',CH,EUR
US6819191064,7.963806738901251e-07,8.956243424824827e-07,-9.924366859235761e-08,2.621043991609431,OMNICOM GROUP,US,AMER
US3024913036,7.13646810954141e-07,8.16276386918959e-07,-1.0262957596481797e-07,44.67360379225255,FMC,US,AMER
GB0004478896,1.1519421954924258e-06,1.2549649120101062e-06,-1.0302271651768042e-07,8.234225436075628,HUNTING,GB,EUR
AT0000730007,6.699973750548191e-07,7.786648977836029e-07,-1.086675227287838e-07,4.769667796867559,ANDRITZ,AT,EUR
ES0171996087,1.2512930534567296e-07,2.3390122796314515e-07,-1.0877192261747219e-07,20.30479888197628,GRIFOLS ORD CL A,ES,EUR
CA85472N1096,9.699458097539896e-07,1.0846662269580282e-06,-1.1472041720403858e-07,4.183648349728565,STANTEC,CA,AMER
CA1366812024,6.979709574905604e-07,8.138518077932821e-07,-1.1588085030272165e-07,5.90330253844591,CANADIAN TIRE 'A',CA,AMER
DE0005773303,1.4007611693929679e-06,1.518422423628635e-06,-1.1766125423566723e-07,11.680739335521018,FRAPORT,DE,EUR
GB0006928617,1.9574857701434727e-06,2.0793651323433805e-06,-1.2187936219990776e-07,35.70901806077157,UNITE GROUP,GB,EUR
FI0009005318,1.1466261470445694e-06,1.2690168847595369e-06,-1.2239073771496743e-07,34.17616173865566,NOKIAN RENKAAT,FI,EUR
NL0000235190,9.977472114724276e-07,1.1231236329419187e-06,-1.253764214694911e-07,8.054911765503407,AIRBUS,NL,EUR
GB00BD6K4575,5.118473959453121e-07,6.440890550630058e-07,-1.3224165911769375e-07,4.383271696194719,COMPASS GROUP,GB,EUR
SE0000163594,8.518524820178048e-07,9.900193063717704e-07,-1.3816682435396559e-07,10.008627349972585,SECURITAS B,SE,EUR
FR0010340141,6.191573600173776e-07,7.581854500682979e-07,-1.3902809005092034e-07,12.411793117134856,ADP,FR,EUR
GB00B27YGJ97,1.2237194352114462e-06,1.3672282054403116e-06,-1.4350877022886537e-07,14.664740362052457,SEVERFIELD,GB,EUR
DE0006048432,5.65294637959154e-07,7.117339765639118e-07,-1.4643933860475777e-07,15.645885886351818,HENKEL PREFERENCE,DE,EUR
FR0000120693,6.977137317759562e-07,8.539959038752736e-07,-1.5628217209931738e-07,24.38360439145097,PERNOD-RICARD,FR,EUR
GB00B0744B38,2.7127005275110133e-07,4.305457405011297e-07,-1.5927568775002836e-07,8.218775274114458,BUNZL,GB,EUR
BE0003739530,3.050881792956564e-07,4.6622435490813215e-07,-1.6113617561247573e-07,6.238076912341435,UCB,BE,EUR
US2283681060,5.226772373967846e-07,6.953016533122243e-07,-1.7262441591543964e-07,43.21354698630417,CROWN HDG.,US,AMER
NL0000289213,1.187705237232727e-06,1.3766671841764133e-06,-1.8896194694368622e-07,10.756754068449338,WERELDHAVE,NL,EUR
US1941621039,1.5237706791436994e-07,3.4447824141175896e-07,-1.9210117349738902e-07,12.391301714162433,COLGATE-PALM.,US,AMER
US0326541051,6.044571146996068e-07,7.970626596619347e-07,-1.9260554496232785e-07,15.162387573981107,ANALOG DEVICES,US,AMER
US4370761029,3.135390971651356e-07,5.066016439911852e-07,-1.9306254682604965e-07,4.357229182490909,HOME DEPOT,US,AMER
CA4969024047,3.4105071547399927e-07,5.348037641600748e-07,-1.937530486860755e-07,258.58592065706256,KINROSS GOLD (NYS),CA,AMER
GB00B0KM9T71,1.1820540872375312e-06,1.3782318673558956e-06,-1.9617778011836438e-07,0.7344876752324359,STHREE,GB,EUR
AT0000938204,9.559294494424234e-08,2.9905348438553584e-07,-2.0346053944129352e-07,231.04916377825555,MAYR-MELNHOF KARTON,AT,EUR
US37045V1008,1.079058227963888e-06,1.2862628079714533e-06,-2.0720458000756527e-07,11.48244243917552,GENERAL MOTORS,US,AMER
GB0006825383,9.391011372571268e-07,1.1464573807485988e-06,-2.0735624349147192e-07,6.010885256700554,PERSIMMON,GB,EUR
US2193501051,7.376800698058695e-07,9.478031281472055e-07,-2.1012305834133597e-07,58.500439031860836,CORNING,US,AMER
US1096411004,1.5968560776332943e-06,1.8069801275303352e-06,-2.1012404989704093e-07,36.46854921478961,BRINKER INTL.,US,AMER
SE0000114837,2.2652814498808983e-06,2.4829237562957976e-06,-2.1764230641489938e-07,24.905724449657743,TRELLEBORG B,SE,EUR
DK0010287663,1.6416263066379249e-06,1.8595070609010884e-06,-2.1788075426316353e-07,8.852309153927855,NKT,DK,EUR
BE0974320526,6.311990032586177e-07,8.528407626647796e-07,-2.2164175940616193e-07,19.42145692980481,UMICORE,BE,EUR
US58155Q1031,4.7466418437832e-07,6.98149807998681e-07,-2.2348562362036106e-07,0.37189987929342855,MCKESSON,US,AMER
US7310681025,1.2588947340295965e-06,1.4850649901422516e-06,-2.261702561126551e-07,6.340131317701886,POLARIS,US,AMER
US2786421030,7.527497428273006e-07,9.796090245123923e-07,-2.2685928168509168e-07,1.8115793378424512,EBAY,US,AMER
GB00BF5H9P87,8.512269319764638e-07,1.0781965478316963e-06,-2.2696961585523255e-07,15.116536744707291,GREAT PORTLAND ESTATES,GB,EUR
IE00BLS09M33,6.674221915583823e-07,8.971745570704534e-07,-2.2975236551207113e-07,19.62955228247692,PENTAIR,GB,EUR
US3848021040,6.278513237873042e-07,8.591146348219779e-07,-2.3126331103467373e-07,3.2187137951346334,WW GRAINGER,US,AMER
FR0000121204,1.3181117386753209e-06,1.5503067916314785e-06,-2.321950529561576e-07,18.537101805395203,WENDEL,FR,EUR
US0382221051,8.796654386239372e-07,1.1136300991085443e-06,-2.3396466048460716e-07,3.1794501209878185,APPLIED MATS.,US,AMER
US0970231058,9.326229370231312e-07,1.1757739214853941e-06,-2.4315098446226296e-07,8.608537140922339,BOEING,US,AMER
US9581021055,8.463321726837166e-07,1.1013974025242302e-06,-2.550652298405136e-07,4.0882987018183785,WESTERN DIGITAL,US,AMER
CA2849025093,5.091457670339238e-07,7.743597621375916e-07,-2.652139951036678e-07,113.37637941353381,ELDORADO GOLD,CA,AMER
AT0000746409,1.0576830321756947e-06,1.3245049015776304e-06,-2.668218694019357e-07,285.30454640921033,VERBUND,AT,EUR
CH0010570759,2.2528025457118286e-07,5.008740961093406e-07,-2.755938415381578e-07,9.060001167425733,CHOCOLADEFABRIKEN LINDT & SPRUENGLI,CH,EUR
US45073V1089,9.569036368162073e-07,1.2369321561012248e-06,-2.8002851928501756e-07,15.957801860913156,ITT,US,AMER
DE0005785604,4.362845740033703e-07,7.170054152002063e-07,-2.80720841196836e-07,12.777650169501651,FRESENIUS,DE,EUR
US7595091023,6.658896542414793e-07,9.592835969961174e-07,-2.9339394275463813e-07,15.010277907055503,RELIANCE,US,AMER
US0530151036,2.2712053245526907e-07,5.229881084779646e-07,-2.958675760226955e-07,1.151735956163808,AUTOMATIC DATA PROC.,US,AMER
GB0008706128,1.4572779024887934e-06,1.7538565819289167e-06,-2.965786794401233e-07,0.7868996158226477,LLOYDS BANKING GROUP,GB,EUR
ES0184933812,7.470349365777434e-07,1.0444176672436147e-06,-2.9738273066587127e-07,152.6763860701966,ZARDOYA OTIS DEAD - DELIST.09/05/22,ES,EUR
FR0000120578,4.008980952156881e-07,7.057005521317553e-07,-3.048024569160672e-07,11.00982125689962,SANOFI,FR,EUR
US0454871056,8.12592181829034e-07,1.1214189764192927e-06,-3.0882679459025873e-07,3.349879560065357,ASSOCIATED BANC-CORP,US,AMER
SE0000667891,1.242753292418803e-06,1.5537288373882042e-06,-3.1097554496940134e-07,14.122511631451262,SANDVIK,SE,EUR
GB00B19Z1432,3.239365773983496e-07,6.451936779448217e-07,-3.2125710054647206e-07,48.83318517727171,PZ CUSSONS,GB,EUR
NL0010273215,8.532405877392557e-07,1.1858051182780223e-06,-3.325645305387666e-07,1.9093664820884173,ASML HOLDING,NL,EUR
US4523081093,6.39465294748432e-07,9.736046946186694e-07,-3.341393998702374e-07,8.685012137178006,ILLINOIS TOOL WORKS,US,AMER
AU000000JHX1,1.2634345052694536e-06,1.598478634471151e-06,-3.3504412920169745e-07,105.70004293942391,JAMES HARDIE INDUSTRIES CDI,IE,EUR
CA3759161035,1.0328535765562942e-06,1.3680098687795506e-06,-3.351562922232563e-07,42.79023968153615,GILDAN ACTIVEWEAR,CA,AMER
GB0009292243,7.373297178294615e-07,1.0763401267024085e-06,-3.39010408872947e-07,54.1019341160463,VICTREX,GB,EUR
US9831341071,1.7043308723235034e-06,2.0435958900036693e-06,-3.392650176801659e-07,72.7264571252115,WYNN RESORTS,US,AMER
US9297401088,7.755563538836931e-07,1.1198835251390395e-06,-3.4432717125534647e-07,18.136821186939525,WABTEC,US,AMER
US1331311027,3.234427696805698e-07,6.695291845801338e-07,-3.46086414899564e-07,27.08434354931454,CAMDEN PROPERTY TST.,US,AMER
GB0005405286,7.179260293509072e-07,1.0711444852170453e-06,-3.532184558661381e-07,0.44798119127007746,HSBC HOLDINGS,GB,EUR
US2310211063,1.225522860020138e-06,1.592037333833077e-06,-3.665144738129389e-07,14.307454173474044,CUMMINS,US,AMER
FI4000440664,1.9797874650857916e-06,2.3640108902118362e-06,-3.8422342512604466e-07,10.374299280059548,NELES DEAD - DELIST.01/04/22,FI,EUR
CH1169151003,1.651656118801803e-06,2.0438400010745338e-06,-3.9218388227273085e-07,48.73008327097674,GEORG FISCHER,CH,EUR
US4824801009,1.14008236454229e-06,1.5361466299386784e-06,-3.960642653963883e-07,1.388260359756676,KLA,US,AMER
US3635761097,2.574115135007854e-07,6.551186621078704e-07,-3.97707148607085e-07,0.2747912745495638,ARTHUR J GALLAGHER,US,AMER
CH0024638212,4.1972055172756376e-07,8.177105810839897e-07,-3.97990029356426e-07,12.998818113630412,SCHINDLER 'R',CH,EUR
GB00BM8PJY71,1.8336248681203849e-06,2.2370338477153795e-06,-4.034089795949946e-07,0.9561260778756946,NATWEST GROUP,GB,EUR
CH0038863350,1.7629447094482572e-07,5.930288977825493e-07,-4.1673442683772354e-07,35.8126273664696,NESTLE 'N',CH,EUR
DE0007030009,1.0152982537010322e-06,1.434715954773168e-06,-4.1941770107213577e-07,26.178610386673068,RHEINMETALL,DE,EUR
GB00B00FPT80,3.772345984169387e-07,8.101624760944529e-07,-4.329278776775142e-07,0.03306325336318439,CHESNARA,GB,EUR
SE0006993770,4.579101985245779e-07,9.025638617255572e-07,-4.446536632009793e-07,2.052959194684772,AXFOOD,SE,EUR
FR0000035081,1.0489842624599928e-06,1.4957470338729636e-06,-4.4676277141297076e-07,1.4996584162544655,ICADE REIT,FR,EUR
FR0014003TT8,4.795077686059698e-07,9.352949960363546e-07,-4.557872274303847e-07,1.2061571841786234,DASSAULT SYSTEMES,FR,EUR
US21036P1084,6.714232009651509e-07,1.127457414102801e-06,-4.5603421313765e-07,25.95512131353458,CONSTELLATION BRANDS 'A',US,AMER
US5717481023,4.102876907017685e-07,8.673007484404203e-07,-4.570130577386518e-07,1.1976403514949527,MARSH,US,AMER
CA1247651088,1.1406161992158025e-06,1.6031996450199708e-06,-4.625834458041682e-07,5.850199264739753,CAE,CA,AMER
FR0000120321,4.4861228706806146e-07,9.246948186360099e-07,-4.7608253156794844e-07,1.965779658081128,L'OREAL,FR,EUR
US1729081059,6.118815368294888e-07,1.0885193951874003e-06,-4.7663785835791147e-07,74.29642611408173,CINTAS,US,AMER
GB0005746358,5.866112812624799e-07,1.0662000186865932e-06,-4.795887374241133e-07,8.850616349079674,MCBRIDE,GB,EUR
GB0001795680,5.535239575425804e-07,1.0335403569049888e-06,-4.800163993624085e-07,14.867073660527804,CASTINGS,GB,EUR
ES0113211835,1.5331873116841369e-06,2.0294602189627416e-06,-4.962729072786047e-07,0.48683748761192924,BBV.ARGENTARIA,ES,EUR
FI0009000681,8.280086955825056e-07,1.3262724554324055e-06,-4.982637598498999e-07,4.500638119025523,NOKIA,FI,EUR
DE0007257503,1.5518790318620383e-06,2.0533901256074062e-06,-5.015110937453679e-07,5.562051396430314,CECONOMY,DE,EUR
CA7751092007,4.773581062717589e-07,9.832940336876769e-07,-5.059359274159179e-07,3.0203253338527976,ROGERS COMMS.'B',CA,AMER
US5529531015,2.9182758224043217e-06,3.4243232482749236e-06,-5.060474258706019e-07,24.766611489918734,MGM RESORTS INTL.,US,AMER
US9282981086,7.453528336974074e-07,1.2580273161007686e-06,-5.126744824033612e-07,10.846750989980931,VISHAY INTERTECHNOLOGY,US,AMER
US1053682035,7.867816858543227e-07,1.3103362827133242e-06,-5.235545968590015e-07,12.272478547871648,BRANDYWINE REAL.TST.SHBI NEW,US,AMER
FR0000121329,5.982489174587926e-07,1.1241386753766505e-06,-5.25889757917858e-07,4.5321193582288455,THALES,FR,EUR
GB00BRKD9Z53,1.0100551842734065e-06,1.538093079772128e-06,-5.280378954987216e-07,8.875394306099464,MJ GLEESON,GB,EUR
ES0113900J37,1.4649581211495193e-06,1.9945413768231516e-06,-5.295832556736323e-07,0.31819578448324853,BANCO SANTANDER,ES,EUR
US2441991054,8.675101805959975e-07,1.3972501771198716e-06,-5.297399965238741e-07,11.107509989736242,DEERE,US,AMER
CA01626P1484,1.8415449012441612e-07,7.164106388390475e-07,-5.322561487146315e-07,0.8164670573965397,ALIMENTATION COUCHE TARD,CA,AMER
US2910111044,8.799952040467796e-07,1.415555188317297e-06,-5.355599842705173e-07,8.071426719894463,EMERSON ELECTRIC,US,AMER
CH1256740924,5.771647536346515e-07,1.1209024518979172e-06,-5.437376982632657e-07,16.590063383642832,SGS 'N',CH,EUR
GB0002018363,9.634892525873288e-07,1.5083626787252656e-06,-5.448734261379368e-07,2.0443964488063617,CLARKSON,GB,EUR
US8545021011,9.147845522667566e-07,1.4600849154201174e-06,-5.453003631533608e-07,7.950930999844858,STANLEY BLACK & DECKER,US,AMER
US3546131018,1.0734968929519025e-06,1.6189624544852476e-06,-5.454655615333451e-07,1.2831961807120928,FRANKLIN RESOURCES,US,AMER
GB00B082RF11,7.3086325417405e-07,1.291459869991796e-06,-5.60596615817746e-07,50.682942931243154,RENTOKIL INITIAL,GB,EUR
US7244791007,1.2299283619479685e-06,1.7985975105932482e-06,-5.686691486452797e-07,9.668845502632756,PITNEY-BOWES,US,AMER
US4932671088,6.146250006628566e-07,1.1898513888047104e-06,-5.752263881418538e-07,2.0783865618191704,KEYCORP,US,AMER
US8574771031,1.0737917211060584e-06,1.6508532638846653e-06,-5.770615427786069e-07,0.7344622069898511,STATE STREET,US,AMER
GB00B1G5HX72,6.305424859225036e-07,1.2077361958902422e-06,-5.771937099677386e-07,5.523659848303374,LSL PROPERTY SERVICES,GB,EUR
GB0002015021,9.051333291052022e-07,1.4847051009272809e-06,-5.795717718220786e-07,4.145657133386959,TCLARKE DEAD - DELIST.26/06/24,GB,EUR
US8807701029,1.0727010541972934e-06,1.6522968521234297e-06,-5.795957979261363e-07,1.098139807481923,TERADYNE (XSC),US,AMER
US0383361039,3.902482385171851e-07,9.722015684857435e-07,-5.819533299685584e-07,7.530269252166669,APTARGROUP,US,AMER
IT0003242622,3.44249139710405e-07,9.2649323655707e-07,-5.82244096846665e-07,26.72548105480028,TERNA RETE ELETTRICA NAZ,IT,EUR
US9290421091,7.181933321283936e-07,1.3095033502943569e-06,-5.913100181659633e-07,11.778694186170785,VORNADO REALTY TRUST,US,AMER
GB00B0N8QD54,5.441670727846118e-07,1.1379377813765494e-06,-5.937707085919376e-07,10.56644462013666,BRITVIC DEAD - DELIST.20/01/25,GB,EUR
GB0006640972,5.421282821491725e-07,1.1397074394850124e-06,-5.975791573358399e-07,0.4896281670176267,4IMPRINT GROUP,GB,EUR
FI0009005870,1.4401249124849106e-06,2.042626029571304e-06,-6.025011170863932e-07,14.575788612131431,KONECRANES,FI,EUR
US5502411037,7.089111092493639e-05,7.149444325012538e-05,-6.033323251889951e-07,11.789886786186306,LUMEN TECHNOLOGIES,US,AMER
US29444U7000,5.939117510239001e-07,1.2027902054687528e-06,-6.088784544448527e-07,6.4247535794144595,EQUINIX REIT,US,AMER
NO0010063308,1.0262461234154507e-06,1.6520468295795507e-06,-6.258007061641e-07,12.985289384286377,TELENOR,NO,EUR
US31620M1062,3.6109573806124903e-07,9.936700430735385e-07,-6.325743050122896e-07,1.1345377467964128,FIDELITY NAT.INFO.SVS.,US,AMER
CH0126881561,1.4283470773574402e-06,2.0625363103165527e-06,-6.341892329591125e-07,0.07866832911793603,SWISS RE,CH,EUR
US3434121022,1.8735850918226058e-06,2.51715917852634e-06,-6.435740867037343e-07,0.6423284355540709,FLUOR,US,AMER
US0152711091,4.7634464363591835e-07,1.1209548552168171e-06,-6.446102115808988e-07,43.06554995413386,ALEXANDRIA REAL ESTATE EQUITIES REIT,US,AMER
DE000A0S8488,7.784905109198242e-07,1.4254131070187924e-06,-6.469225960989682e-07,49.49992378559772,HAMB.HAFEN UD.LOGISTIK,DE,EUR
US6866881021,7.00999677626786e-07,1.3584855481350034e-06,-6.574858705082174e-07,132.00064478373832,ORMAT TECHNOLOGIES,US,AMER
US0528001094,7.692948262991552e-07,1.4301023401925466e-06,-6.608075138933914e-07,11.191154055570118,AUTOLIV,SE,EUR
CA74022D4075,2.5504079344835956e-06,3.2127061158133477e-06,-6.622981813297521e-07,11.994786800149784,PRECISION DRILLING,CA,AMER
BE0974264930,1.6348516171952904e-06,2.303753145931352e-06,-6.689015287360618e-07,1.4167435069022953,AGEAS (EX-FORTIS),BE,EUR
DK0060336014,3.5040647598499206e-07,1.0259779326859694e-06,-6.755714567009773e-07,19.894180020931298,NOVOZYMES B,DK,EUR
CH0319416936,7.560601728598527e-07,1.4402735184714402e-06,-6.842133456115875e-07,26.821572080470613,FLUGHAFEN ZURICH,CH,EUR
CH0044328745,3.4365445060805603e-07,1.030039263374914e-06,-6.86384812766858e-07,0.7488886417221486,CHUBB,CH,EUR
US8965221091,1.3304051461453371e-06,2.017615210630713e-06,-6.872100644853758e-07,25.821872300945557,TRINITY INDUSTRIES,US,AMER
GB00BJFFLV09,6.026131588977639e-07,1.302731540894293e-06,-7.001183819965291e-07,64.34041246906541,CRODA INTERNATIONAL,GB,EUR
SE0000108227,1.056460947171005e-06,1.7625843001775278e-06,-7.061233530065228e-07,6.172467586776349,SKF B,SE,EUR
US0320951017,4.863943585764495e-07,1.2012869803127197e-06,-7.148926217362702e-07,4.41483776678282,AMPHENOL 'A',US,AMER
US7841171033,5.655672491975973e-07,1.298764976768996e-06,-7.331977275713987e-07,0.05016925303219142,SEI INVESTMENTS,US,AMER
US00724F1012,7.924091082612722e-07,1.5441695991874305e-06,-7.517604909261583e-07,1.4685593544325435,ADOBE (NAS),US,AMER
CH0038388911,1.514567821773917e-06,2.2697305052085696e-06,-7.551626834346527e-07,5.510269457587835,SULZER 'R',CH,EUR
SE0000202624,5.808762770273331e-07,1.34300607092481e-06,-7.621297938974769e-07,3.644606100432196,GETINGE B,SE,EUR
GB0031743007,1.0515034142483874e-06,1.8173473846306062e-06,-7.658439703822187e-07,0.5732873008158402,BURBERRY GROUP,GB,EUR
US6934751057,9.093619816175057e-07,1.6794826216096286e-06,-7.701206399921229e-07,1.9575923385172282,PNC FINL.SVS.GP.,US,AMER
ES0173093024,5.501639568903328e-07,1.3221495949950135e-06,-7.719856381046808e-07,16.408067025734912,REDEIA CORPORACION,ES,EUR
DE0006231004,2.247112584242094e-06,3.020187903388175e-06,-7.730753191460812e-07,30.34159413923012,INFINEON TECHNOLOGIES,DE,EUR
IE00B00MZ448,7.358610762540911e-07,1.5290437205462322e-06,-7.93182644292141e-07,14.150789641134272,GRAFTON GROUP,IE,EUR
GB00B012TP20,1.1230114084530093e-06,1.9268715887292403e-06,-8.03860180276231e-07,8.959359391806958,HALFORDS GROUP,GB,EUR
IE00B8KQN827,8.586635998360119e-07,1.6660327166648483e-06,-8.073691168288364e-07,9.830424222158735,EATON,IE,EUR
GB00B2B0DG97,3.617976970955424e-07,1.1719069003522386e-06,-8.101092032566962e-07,0.7303108127197073,RELX,GB,EUR
GB0031638363,4.664297695545939e-07,1.2781893827526797e-06,-8.117596131980858e-07,17.352942166877316,INTERTEK GROUP,GB,EUR
US1431301027,9.132150074520134e-07,1.7321388892228754e-06,-8.18923881770862e-07,3.8989828873640264,CARMAX,US,AMER
US9884981013,4.6988205072051544e-07,1.2921406288445855e-06,-8.2225857812407e-07,8.222513489775125,YUM! BRANDS,US,AMER
US40434L1052,6.890217269815369e-07,1.5137263023321298e-06,-8.247045753505929e-07,1.1149325143887878,HP,US,AMER
US1266501006,4.6582690662053997e-07,1.3000320870416286e-06,-8.342051804210886e-07,1.0823828025389304,CVS HEALTH,US,AMER
CA87971M1032,3.52476258497949e-07,1.191627618630888e-06,-8.39151360132939e-07,5.899349581107995,TELUS,CA,AMER
US5178341070,2.687225661759394e-06,3.53507346912839e-06,-8.47847807368996e-07,17.144676277626573,LAS VEGAS SANDS,US,AMER
US6311031081,3.414610728120232e-07,1.1932125357304917e-06,-8.517514629184685e-07,0.002384637371742415,NASDAQ,US,AMER
BE0003593044,4.3873863910715164e-07,1.2947340323893472e-06,-8.559953932821956e-07,52.24654354092874,COFINIMMO,BE,EUR
DE0005200000,2.874943298955232e-07,1.1567878719172808e-06,-8.692935420217576e-07,9.482608006803572,BEIERSDORF,DE,EUR
US5926881054,7.235651098528578e-07,1.5967102684913334e-06,-8.731451586384756e-07,10.214245165868126,METTLER TOLEDO INTL.,US,AMER
US5261071071,2.6305567585247906e-07,1.1428869750105316e-06,-8.798312991580525e-07,25.722599313530495,LENNOX INTL.,US,AMER
FR0000073272,9.913035023278883e-07,1.8915920664687172e-06,-9.002885641408289e-07,9.870463018723926,SAFRAN,FR,EUR
US2576511099,5.181408969889746e-07,1.426578804388076e-06,-9.084379073991014e-07,7.584342602208224,DONALDSON CO.,US,AMER
US9699041011,8.081645288074443e-07,1.7188465892342288e-06,-9.106820604267845e-07,2.7807361206523415,WILLIAMS-SONOMA,US,AMER
CH0013841017,5.154018689925186e-07,1.4428416659782947e-06,-9.274397969857761e-07,84.74475073874937,LONZA GROUP,CH,EUR
GB0007668071,7.751433969331003e-07,1.7042777434734901e-06,-9.291343465403899e-07,1.7860884756759965,CLOSE BROTHERS GROUP,GB,EUR
SE0000108656,4.0781419869129597e-07,1.3419614004346327e-06,-9.341472017433367e-07,2.0218678523502867,ERICSSON B,SE,EUR
US6937181088,8.7857341280936e-07,1.820185303977126e-06,-9.41611891167766e-07,5.082411510444707,PACCAR,US,AMER
US5738741041,7.034409631374627e-07,1.645494720374433e-06,-9.420537572369702e-07,0.768231096956176,MARVELL TECHNOLOGY,US,AMER
NL0000379121,1.4865382210519432e-06,2.4299676688421084e-06,-9.434294477901652e-07,2.300025811801237,RANDSTAD,NL,EUR
US46982L1089,7.978757779677158e-07,1.7444991073016371e-06,-9.466233293339213e-07,1.0641850361286014,JACOBS SOLUTIONS,US,AMER
US45866F1049,1.4959333301873406e-07,1.0971178491073118e-06,-9.475245160885777e-07,0.5118801379891543,INTERCONTINENTAL EX.,US,AMER
SE0007100599,9.80776813474107e-07,1.93982535027116e-06,-9.59048536797053e-07,0.014563960895239557,SVENSKA HANDELSBANKEN A,SE,EUR
US68389X1054,4.7264085811772076e-07,1.4544953334581204e-06,-9.818544753403997e-07,0.37070831060687376,ORACLE,US,AMER
US1273871087,3.1075566871264256e-07,1.3089394678424573e-06,-9.981837991298148e-07,2.2460289985769974,CADENCE DESIGN SYS.,US,AMER
CH0025238863,6.876730812673987e-07,1.6880601504510726e-06,-1.0003870691836738e-06,6.605008423583963,KUEHNE UND NAGEL INTERNATIONAL,CH,EUR
CA82028K2002,3.6868365827158796e-07,1.3732422731035944e-06,-1.0045586148320065e-06,4.5627744435361635,SHAW COMMS.'B' DEAD - DELIST.05/04/23,CA,AMER
US7010941042,1.149754107455697e-06,2.1647622673691023e-06,-1.0150081599134053e-06,7.183615570856843,PARKER-HANNIFIN,US,AMER
US0367521038,4.929793040348594e-07,1.5114448685050065e-06,-1.018465564470147e-06,0.11107816962022833,ELEVANCE HEALTH,US,AMER
US4165151048,2.01021063699635e-06,3.0350089613349943e-06,-1.0247983243386444e-06,0.6298818859117099,HARTFORD INSURANCE GROUP,US,AMER
GB0009895292,2.597628582270601e-07,1.284757451296053e-06,-1.0249945930689929e-06,9.892295329235852,ASTRAZENECA,GB,EUR
US0997241064,9.845516184231917e-07,2.0177100776455283e-06,-1.0331584592223365e-06,6.6601424131179074,BORGWARNER,US,AMER
GB00BJ1F4N75,1.2004989661519696e-06,2.244099586901135e-06,-1.0436006207491653e-06,0.30543107636423056,MICRO FOCUS INTL. DEAD - DELIST.01/02/23,GB,EUR
FI0009000277,8.69249645282981e-07,1.915261410641059e-06,-1.0460117653580781e-06,0.062748162632016,TIETOEVRY,FI,EUR
US0758871091,3.3614300118449354e-07,1.396825002278097e-06,-1.0606820010936034e-06,8.97824703628947,BECTON DICKINSON,US,AMER
DE0008404005,1.3223743591032687e-06,2.3967047679800488e-06,-1.0743304088767801e-06,0.3599132333183996,ALLIANZ,DE,EUR
US74340W1036,1.2537173475995611e-06,2.333440629799777e-06,-1.0797232822002157e-06,1.0222072127979778,PROLOGIS REIT,US,AMER
US1773761002,3.49516804492279e-07,1.430775413397473e-06,-1.081258608905194e-06,1.0606307789373306,CITRIX SYS. DEAD - DELIST.03/10/22,US,AMER
US9497461015,9.629666360097862e-07,2.049584619233001e-06,-1.0866179832232148e-06,0.9383647936494984,WELLS FARGO & CO,US,AMER
GB00B1WY2338,4.753906717546315e-07,1.576945421212517e-06,-1.1015547494578855e-06,4.263078877943762,SMITHS GROUP,GB,EUR
IL0006954379,4.819541861901253e-07,1.5840344067594862e-06,-1.102080220569361e-06,0.8636972026993747,MIZRAHI TEFAHOT LTD.,IL,EUR
US2600031080,9.019448449767322e-07,2.0041875804399583e-06,-1.1022427354632261e-06,10.002575419489213,DOVER,US,AMER
DE0007236101,1.1346372617411499e-06,2.240698829315193e-06,-1.1060615675740432e-06,7.5259273481581515,SIEMENS,DE,EUR
CH0030170408,6.589713182529782e-07,1.7779040404362438e-06,-1.1189327221832656e-06,33.12224240913615,GEBERIT 'R',CH,EUR
SE0000163628,5.535042324426819e-07,1.6748549271777585e-06,-1.1213506947350764e-06,2.050043018104765,ELEKTA B,SE,EUR
JE00B8KF9B49,9.776231873917548e-07,2.1019810181006825e-06,-1.1243578307089277e-06,0.6830152696421945,WPP,GB,EUR
US1423391002,5.639637278797085e-07,1.6949196049002637e-06,-1.1309558770205551e-06,14.265288793383064,CARLISLE COS.,US,AMER
NL0013267909,1.0055699626485105e-06,2.1453554694319855e-06,-1.139785506783475e-06,36.26402701526471,AKZO NOBEL,NL,EUR
DK0010234467,1.38450831249185e-06,2.525078335040948e-06,-1.1405700225490982e-06,5.179125164398257,FLSMIDTH AND B,DK,EUR
DE0005557508,2.8898456935981604e-07,1.4317246919963402e-06,-1.1427401226365242e-06,3.0035889731766816,DEUTSCHE TELEKOM,DE,EUR
IE00BDB6Q211,3.4505514280845436e-07,1.4915722492425416e-06,-1.1465171064340872e-06,1.23664404937409,WILLIS TOWERS WATSON,GB,EUR
SE0000949331,1.8323643795520225e-06,2.9969943349932404e-06,-1.164629955441218e-06,8.864931868147641,NOBIA,SE,EUR
GB00BF8Q6K64,7.157231954103073e-07,1.8906104935530179e-06,-1.1748872981427105e-06,0.27761724775488617,ABERDEEN GROUP,GB,EUR
US91822M5022,1.0626007612652788e-06,2.2434673525764973e-06,-1.1808665913112186e-06,18.29140865827394,VEON ADR 1:25,NL,EUR
GB0002148343,5.754502616212505e-07,1.757326877937606e-06,-1.1818766163163555e-06,0.8967784379883249,RATHBONES GROUP,GB,EUR
FR0000120628,1.6883069584999235e-06,2.870513836001042e-06,-1.1822068775011184e-06,0.26757757936300647,AXA,FR,EUR
US5486611073,4.982712832943351e-07,1.6873660014395516e-06,-1.1890947181452165e-06,5.6857170286365735,LOWE'S COMPANIES,US,AMER
GB00B0SWJX34,8.489478400954347e-07,2.039712163214215e-06,-1.1907643231187802e-06,0.6137439518629678,LONDON STOCK EXCHANGE GROUP,GB,EUR
US74144T1088,1.0479213652657594e-06,2.248176096954646e-06,-1.2002547316888866e-06,0.22281643547906752,T ROWE PRICE GROUP,US,AMER
CA8667961053,9.060256269472969e-07,2.1080553066737123e-06,-1.2020296797264153e-06,1.4383223150011102,SUN LIFE FINL.,CA,AMER
CH0010645932,5.204928073703145e-07,1.7384587574292356e-06,-1.217965950058921e-06,21.298900470927034,GIVAUDAN 'N',CH,EUR
IT0000784196,7.81045499642566e-07,2.0100274832432904e-06,-1.2289819836007244e-06,3.3673500910439396,BANCA PPO.DI SONDRIO,IT,EUR
GB00BWFGQN14,5.423326908480036e-07,1.8017179207123708e-06,-1.2593852298643673e-06,14.02946337328963,SPIRAX GROUP,GB,EUR
FR0000121972,8.460599589113199e-07,2.1066635772218024e-06,-1.2606036183104825e-06,4.170583337928435,SCHNEIDER ELECTRIC,FR,EUR
DE000CBK1001,1.7768488001898987e-06,3.0431535739565183e-06,-1.2663047737666196e-06,2.9487735477101373,COMMERZBANK,DE,EUR
FR0000121667,4.937666865523539e-07,1.7603212574474041e-06,-1.2665545708950502e-06,3.724542510625101,ESSILORLUXOTTICA,FR,EUR
US4103451021,6.607861834805966e-07,1.92752504990235e-06,-1.2667388664217534e-06,10.945415130236162,HANESBRANDS DEAD - DELIST.01/12/25,US,AMER
FR0010220475,1.0867026678850789e-06,2.369082905120258e-06,-1.2823802372351791e-06,5.902149774299521,ALSTOM,FR,EUR
US4435106079,5.851566459950076e-07,1.870643352339944e-06,-1.2854867063449365e-06,8.624927926071265,HUBBELL,US,AMER
AT00000VIE62,9.330164347574504e-07,2.222156414299075e-06,-1.2891399795416244e-06,12.047009187058821,FLUGHAFEN WIEN,AT,EUR
SE0000667925,4.996952680729212e-07,1.8103710354756407e-06,-1.3106757674027196e-06,1.1853440310463,TELIA COMPANY,SE,EUR
GB00B41H7391,2.751588876864727e-06,4.063929772664243e-06,-1.3123408957995164e-06,7.634759281045982,ZIGUP,GB,EUR
US34354P1057,1.3519441391297778e-06,2.682007952058092e-06,-1.3300638129283142e-06,4.35793458093604,FLOWSERVE,US,AMER
GB0004161021,1.0641022276159897e-06,2.4096808820002603e-06,-1.3455786543842706e-06,0.6897626520567823,HAYS,GB,EUR
FR0000130577,9.198728155203969e-07,2.2760098346788166e-06,-1.3561370191584199e-06,0.7602819214582036,PUBLICIS GROUPE,FR,EUR
CA8911605092,7.580851778716938e-07,2.118112956112731e-06,-1.360027778241037e-06,1.3014941237340558,TORONTO-DOMINION BANK,CA,AMER
GB0009465807,1.3749770244853101e-06,2.7385655770692626e-06,-1.3635885525839525e-06,19.53097164965021,WEIR GROUP,GB,EUR
SE0017486889,9.873467513497767e-07,2.3512520265340052e-06,-1.3639052751842286e-06,4.513172400511807,ATLAS COPCO A,SE,EUR
CA00900Q1037,9.695098659673486e-07,2.337304840862012e-06,-1.3677949748946636e-06,48.974047315375664,AIMIA,CA,AMER
US89832Q1094,6.850081206000711e-07,2.070655651867547e-06,-1.3856475312674757e-06,0.43277891892017517,TRUIST FINANCIAL,US,AMER
CH0418792922,8.106258715164474e-07,2.2168460477509607e-06,-1.4062201762345135e-06,11.6796456516305,SIKA,CH,EUR
US7739031091,1.0999856389381517e-06,2.509294356906543e-06,-1.4093087179683913e-06,4.801108613114859,ROCKWELL AUTOMATION,US,AMER
GB0003308607,1.0615691109309463e-06,2.487413130894589e-06,-1.4258440199636426e-06,4.544721316879481,SPECTRIS DEAD - DELIST.05/12/25,GB,EUR
US0231351067,2.463937109896071e-07,1.6928796156665997e-06,-1.4464859046769925e-06,28.58492729320404,AMAZON.COM,US,AMER
US0527691069,1.2765839456518703e-06,2.7265204089669533e-06,-1.449936463315083e-06,0.650296544728074,AUTODESK,US,AMER
US4781601046,2.384637769383487e-07,1.6926346501766945e-06,-1.4541708732383459e-06,5.310400449031404,JOHNSON & JOHNSON,US,AMER
US4180561072,5.592776428176508e-07,2.0170609633779894e-06,-1.4577833205603384e-06,1.119209510292498,HASBRO,US,AMER
CA7392391016,9.399979348122387e-07,2.4059365107627737e-06,-1.465938575950535e-06,0.5086998754064083,POWER CORP.CANADA,CA,AMER
GB00BF044593,7.9053389305424e-07,2.2642509797289187e-06,-1.4737170866746786e-06,19.560921514841237,CLS HOLDINGS,GB,EUR
GB00B0LCW083,5.817555542397117e-07,2.072543959861342e-06,-1.4907884056216302e-06,17.859483092954477,HIKMA PHARMACEUTICALS,GB,EUR
CH0012549785,5.439755662320079e-07,2.044905132802472e-06,-1.500929566570464e-06,2.7292455667151416,SONOVA N,CH,EUR
DE0006969603,8.220568853616826e-07,2.3240804417307053e-06,-1.5020235563690227e-06,1.2817685718575222,PUMA,DE,EUR
GB0033986497,1.4777979868364886e-06,3.0004297714651594e-06,-1.5226317846286707e-06,1.5002058924608246,ITV,GB,EUR
GB0001826634,6.523601088645057e-07,2.1861362372100936e-06,-1.533776128345588e-06,2.0147132090163624,DIPLOMA,GB,EUR
US4448591028,4.992104943805639e-07,2.0468691693126595e-06,-1.5476586749320956e-06,0.3875918795056997,HUMANA,US,AMER
SE0000106270,9.268321692370356e-07,2.474756285414256e-06,-1.5479241161772203e-06,0.6830114777143029,HENNES & MAURITZ B,SE,EUR
SE0005190238,5.061936742446969e-07,2.059236475927697e-06,-1.5530428016830003e-06,1.2868742843023406,TELE2 B,SE,EUR
US78440X8873,1.8528409811654507e-06,3.4128033465168085e-06,-1.5599623653513578e-06,6.393011322612772,SL GREEN REALTY,US,AMER
CH0012221716,9.287825885650479e-07,2.4908392267102923e-06,-1.5620566381452444e-06,12.267551416501512,ABB LTD N,CH,EUR
IE00B4BNMY34,5.129693130543345e-07,2.083277073071151e-06,-1.5703077600168164e-06,0.6031268555566335,ACCENTURE CLASS A,IE,EUR
DE0005140008,1.7884595557982896e-06,3.412660112302382e-06,-1.6242005565040923e-06,0.8638363068211813,DEUTSCHE BANK,DE,EUR
GB00B1FW5029,8.977939066868059e-07,2.5222404782882604e-06,-1.6244465716014545e-06,74.74295798131831,HOCHSCHILD MINING,GB,EUR
GB0030232317,1.1381912048264981e-06,2.7781135250249684e-06,-1.6399223201984702e-06,0.8501527611452819,PAGEGROUP,GB,EUR
GB00B8C3BL03,4.7414129106981754e-07,2.1182855369501738e-06,-1.6441442458803562e-06,1.7510918203113814,THE SAGE GROUP,GB,EUR
US7443201022,1.821932819629549e-06,3.477613547741717e-06,-1.6556807281121682e-06,0.2118164522187299,PRUDENTIAL FINL.,US,AMER
US7475251036,6.114971480177314e-07,2.2770619611474944e-06,-1.665564813129763e-06,3.2475492761800857,QUALCOMM,US,AMER
US2546871060,9.440671042992306e-07,2.612688654029274e-06,-1.6686215497300434e-06,14.207170557519277,WALT DISNEY,US,AMER
GB0001110096,6.480157822715731e-07,2.3178882826964596e-06,-1.6698725004248866e-06,5.855985006613179,BOOT (HENRY),GB,EUR
US48203R1041,1.0539963384056818e-06,2.742926817110617e-06,-1.688930478704935e-06,1.1045666596458898,JUNIPER NETWORKS DEAD - DELIST.02/07/25,US,AMER
CA7800871021,7.140512501242938e-07,2.417813216407826e-06,-1.7037619662835324e-06,0.6113096762474088,ROYAL BANK OF CANADA,CA,AMER
FR0000127771,6.182154324548946e-07,2.3224035949693586e-06,-1.7041881625144638e-06,1.0176756556063893,VIVENDI,FR,EUR
IE00BTN1Y115,4.7321692665339737e-07,2.181420426309774e-06,-1.7082034996563767e-06,3.0782173791012064,MEDTRONIC,IE,EUR
CA98462Y1007,6.866834753351105e-07,2.4012877768481903e-06,-1.71460430151308e-06,90.30758904737321,YAMANA GOLD DEAD - DELIST.04/04/23,CA,AMER
DE0008430026,6.160667492283849e-07,2.336023150179976e-06,-1.719956400951591e-06,0.6679130144747978,MUNCH. RVRS.GESELL. MUNCH.N,DE,EUR
US24906P1093,7.241243330851107e-07,2.454301561272038e-06,-1.7301772281869274e-06,2.0278499039321622,DENTSPLY SIRONA,US,AMER
US0640581007,6.175532514809848e-07,2.358296764869156e-06,-1.740743513388171e-06,0.4594818289802714,BANK OF NEW YORK MELLON,US,AMER
PTZON0AM0006,8.156259634166086e-07,2.5610446808273204e-06,-1.7454187174107117e-06,2.530749820612815,NOS SGPS,PT,EUR
FR0000121485,9.207529394786484e-07,2.6759194767555144e-06,-1.755166537276866e-06,1.312579384649302,KERING,FR,EUR
GB0031348658,2.0327378076333215e-06,3.797179615767819e-06,-1.7644418081344974e-06,0.6305083700443485,BARCLAYS,GB,EUR
SE0000148884,1.5825813402823129e-06,3.3472673443825843e-06,-1.7646860041002714e-06,0.09995199989881047,SKANDINAVISKA ENSKILDA BANKEN A,SE,EUR
US78409V1044,5.61945794129308e-07,2.3616294916528755e-06,-1.7996836975235675e-06,1.5970191153389075,S&P GLOBAL,US,AMER
FR0000121014,8.989799888657918e-07,2.6994753834955955e-06,-1.8004953946298037e-06,1.4885932995552669,LVMH,FR,EUR
US5949181045,2.928865235345773e-07,2.0963048460453456e-06,-1.8034183225107684e-06,0.9468934187057819,MICROSOFT,US,AMER
FI0009000202,5.649512053427344e-07,2.393648821559266e-06,-1.8286976162165315e-06,3.8165407568970107,KESKO B,FI,EUR
US0010551028,1.2787885157721596e-06,3.1085851982881937e-06,-1.8297966825160341e-06,0.15383210112278203,AFLAC,US,AMER
CH0012138605,1.1861729876979275e-06,3.030479510535644e-06,-1.8443065228377167e-06,1.722666735900081,ADECCO GROUP,CH,EUR
GB0009296665,1.0820804150039755e-06,2.929789076099325e-06,-1.8477086610953493e-06,2.4728570180325917,VIDENDUM,GB,EUR
SE0015988019,8.130476475806914e-07,2.6741980940150503e-06,-1.861150446434359e-06,9.885807056394542,NIBE INDUSTRIER,SE,EUR
GB00BPQY8M80,1.1474183793081513e-06,3.0182759230383646e-06,-1.8708575437302133e-06,0.30970750951632725,AVIVA,GB,EUR
US95058W1009,4.205515896488896e-07,2.320028587637311e-06,-1.8994769979884212e-06,8.072428330033048,WENDY'S CLASS A,US,AMER
BE0003565737,1.9259348996623774e-06,3.830390914206634e-06,-1.9044560145442568e-06,1.9346267069985998,KBC GROUP,BE,EUR
US74251V1026,2.1433405112935676e-06,4.049600194000728e-06,-1.9062596827071606e-06,0.45331249528756684,PRINCIPAL FINL.GP.,US,AMER
US56418H1005,1.5409905222753427e-06,3.454812318724434e-06,-1.9138217964490914e-06,0.9753943922833165,MANPOWERGROUP,US,AMER
US2003401070,9.438033723397473e-07,2.860047945863322e-06,-1.916244573523575e-06,2.090270571641908,COMERICA DEAD - DELIST.02/02/26,US,AMER
CH0025751329,8.652754192231118e-07,2.7825213711134094e-06,-1.9172459518902977e-06,0.23008658322224332,LOGITECH 'R',CH,EUR
US2944291051,6.895619145897241e-07,2.615124100214137e-06,-1.925562185624413e-06,0.2459121532167571,EQUIFAX,US,AMER
US1924461023,6.436510126694923e-07,2.5759099578461497e-06,-1.9322589451766574e-06,1.5950628084634282,COGNIZANT TECH.SLTN.'A',US,AMER
GB00BV9FP302,7.10713660202326e-07,2.655864589139332e-06,-1.945150928937006e-06,0.5847396903351252,COMPUTACENTER,GB,EUR
GB00BG11K365,1.027887537553832e-06,2.9748781531819354e-06,-1.9469906156281034e-06,5.219491883696429,REDROW DEAD - DELIST.23/08/24,GB,EUR
FI0009013403,5.981152800870719e-07,2.5734091159166603e-06,-1.9752938358295885e-06,10.58777237447847,KONE B,FI,EUR
IL0002730112,3.1414635280254306e-07,2.295779995078589e-06,-1.981633642276046e-06,0.4746545955341273,NICE,IL,EUR
GB0002869419,1.0709377815579738e-06,3.0578535373939075e-06,-1.9869157558359335e-06,1.4882826267237965,BIG YELLOW GROUP,GB,EUR
AT0000908504,7.061866337527443e-07,2.7004060964793314e-06,-1.994219462726587e-06,1.3188515518318085,VIENNA INSURANCE GROUP A,AT,EUR
US6501111073,2.8866191821089534e-07,2.289852827205523e-06,-2.0011909089946276e-06,3.3131507950335184,NEW YORK TIMES 'A',US,AMER
US0311621009,2.2565757984925607e-07,2.2385497096016365e-06,-2.0128921297523804e-06,6.041659275884176,AMGEN,US,AMER
US8636671013,4.972070931960495e-07,2.5300331967183242e-06,-2.0328261035222748e-06,3.4005680822974997,STRYKER,US,AMER
CA0641491075,8.119172714592826e-07,2.848139035124536e-06,-2.0362217636652533e-06,0.6715978577519092,BK.OF NOVA SCOTIA,CA,AMER
IT0000072618,1.2891947658273551e-06,3.3272281840192e-06,-2.038033418191845e-06,1.0833445954571712,INTESA SANPAOLO,IT,EUR
GB00B0FYMT95,5.96121457661317e-07,2.646757205346132e-06,-2.0506357476848148e-06,6.613654647678243,HELICAL REIT,GB,EUR
GB00B1P6ZR11,1.0516952017599784e-06,3.1102146250171523e-06,-2.058519423257174e-06,2.106843587994193,BROWN GROUP DEAD - DELIST.13/02/25,GB,EUR
ES0124244E34,1.3439223620370725e-06,3.4314304452384047e-06,-2.0875080832013322e-06,0.4439765477406115,MAPFRE,ES,EUR
DE0006602006,1.2321858159236076e-06,3.3379458545232787e-06,-2.105760038599671e-06,7.436141163635184,GEA GROUP,DE,EUR
CH0102484968,1.1247857957900264e-06,3.2399440347334534e-06,-2.115158238943427e-06,0.4944364664282983,JULIUS BAER GRUPPE,CH,EUR
NL0000009538,8.763984252525844e-07,3.010414445089238e-06,-2.134016019836654e-06,1.3136826247141349,PHILIPS ELTN.KONINKLIJKE,NL,EUR
DE0007164600,7.796601941205951e-07,2.9178974872475207e-06,-2.1382372931269255e-06,5.148760648325622,SAP,DE,EUR
CH0000816824,1.2113793495076956e-06,3.356092384921591e-06,-2.144713035413896e-06,6.154653144603645,OC OERLIKON CORPORATION,CH,EUR
US9255501051,1.3893143622929072e-06,3.549554542432854e-06,-2.160240180139947e-06,1.3987558780607543,VIAVI SOLUTIONS,US,AMER
GB00BP9LHF23,1.1596846150847116e-06,3.3202636095149937e-06,-2.160578994430282e-06,0.24983415407820173,SCHRODERS,GB,EUR
US4657411066,1.0384652305223148e-06,3.201512838222591e-06,-2.163047607700276e-06,2.3032482407412744,ITRON,US,AMER
CA12532H1047,5.494933421863874e-07,2.7140360864197963e-06,-2.164542744233409e-06,2.7130204653226255,CGI A,CA,AMER
US0268747849,2.674731622619443e-06,4.856014006209131e-06,-2.1812823835896877e-06,0.39391905705952723,AMERICAN INTL.GP.,US,AMER
US8064071025,4.4016164493455016e-07,2.6253755441949668e-06,-2.1852138992604164e-06,3.2079882580677093,HENRY SCHEIN,US,AMER
US1567821046,4.460064934211325e-07,2.642524048888306e-06,-2.1965175554671737e-06,1.1155304707389422,CERNER DEAD - DELIST.09/06/22,US,AMER
US98956P1021,7.683845843119281e-07,2.9699476378623105e-06,-2.2015630535503825e-06,1.7962964568479751,ZIMMER BIOMET HDG.,US,AMER
DK0010274414,1.3653021758003092e-06,3.586909427406969e-06,-2.22160725160666e-06,0.0699993855342881,DANSKE BANK,DK,EUR
US0258161092,1.2001477963103276e-06,3.4232715184589272e-06,-2.2231237221485995e-06,0.6509528021483316,AMERICAN EXPRESS,US,AMER
US02079K3059,3.443003568927251e-07,2.580307329339537e-06,-2.2360069724468117e-06,0.5887982163229366,ALPHABET 'A',US,AMER
DE0005810055,8.356902943905381e-07,3.0909417855598263e-06,-2.255251491169288e-06,1.3784838563775936,DEUTSCHE BOERSE,DE,EUR
FR0000064578,1.3635831712473652e-06,3.630775790965277e-06,-2.2671926197179118e-06,10.781771742133694,COVIVIO,FR,EUR
US6687711084,3.19017636110824e-07,2.6046558774558953e-06,-2.2856382413450714e-06,0.9557818496843588,GEN DIGITAL,US,AMER
US57636Q1040,3.315450805123862e-07,2.6193330353692193e-06,-2.287787954856833e-06,0.32958951596041014,MASTERCARD,US,AMER
CH1175448666,6.679643411189324e-07,2.9579832403808676e-06,-2.2900188992619353e-06,1.6638362460100746,STRAUMANN HLDG.,CH,EUR
CA1360691010,8.100902882390738e-07,3.101339938695296e-06,-2.291249650456222e-06,1.2386839023990526,CANADIAN IMP.BK.COM.,CA,AMER
FR0000130403,1.0671635486821913e-06,3.4384716460529654e-06,-2.371308097370774e-06,1.269122840114356,CHRISTIAN DIOR,FR,EUR
ES0109427734,1.3134337817120612e-06,3.706354357932399e-06,-2.392920576220338e-06,1.585226706503165,ATRESMEDIA CORPN.DE MEDIOS DE CMNI.,ES,EUR
GB00BYT1DJ19,1.9975315548279165e-06,4.395670514070358e-06,-2.398138959242441e-06,0.0793074281978058,ICG,GB,EUR
US3156161024,8.992281718569632e-07,3.314077825823831e-06,-2.414849653966868e-06,0.20482922200882026,F5,US,AMER
US03076C1062,1.1156219632165994e-06,3.5381929415688584e-06,-2.422570978352259e-06,0.4775666390190898,AMERIPRISE FINL.,US,AMER
PTBCP0AM0015,1.49954258092667e-06,3.944970912353683e-06,-2.445428331427013e-06,2.4454395094687023,BANCO COMR.PORTUGUES 'R',PT,EUR
US4461501045,1.2257407805024499e-06,3.6761661396900012e-06,-2.4504253591875514e-06,2.635383102252277,HUNTINGTON BCSH.,US,AMER
SE0000379190,8.887873902419138e-07,3.34201393941983e-06,-2.453226549177916e-06,1.3571901110379507,CASTELLUM,SE,EUR
IT0000066123,6.374968467861139e-07,3.0944667058643137e-06,-2.4569698590781998e-06,2.8335746267485247,BPER BANCA,IT,EUR
US5184391044,5.370566703580903e-07,2.9954595628265237e-06,-2.4584028924684333e-06,2.4117038828391606,ESTEE LAUDER COS.'A',US,AMER
IL0006046119,8.355212043884413e-07,3.324351641592871e-06,-2.4888304372044297e-06,1.0084601885141427,LEUMI LTD.,IL,EUR
GB0004052071,5.273576424293556e-07,3.0274443345844393e-06,-2.5000866921550837e-06,3.1541838074248942,HALMA,GB,EUR
GB00B04V1276,1.575437838346657e-06,4.0866307006693525e-06,-2.5111928623226953e-06,1.9432587600789244,GRAINGER,GB,EUR
SE0000695876,1.0181762213277025e-06,3.555284292742599e-06,-2.5371080714148966e-06,3.596326993802702,ALFA LAVAL,SE,EUR
GB0004726096,6.303170866532589e-07,3.172046327029867e-06,-2.541729240376608e-06,0.29889266992122254,SPIRENT COMMUNICATIONS DEAD - DELIST.17/10/25,GB,EUR
US25659T1079,4.689048158985675e-07,3.016452323357343e-06,-2.5475475074587757e-06,0.8042562986657792,DOLBY LABORATORIES 'A',US,AMER
US37940X1028,6.611817258755445e-07,3.2127125047776895e-06,-2.551530778902145e-06,0.5111043274489276,GLOBAL PAYMENTS,US,AMER
GB00B5ZN1N88,1.333571525915703e-06,3.89102938505742e-06,-2.5574578591417173e-06,7.62077280031911,SEGRO,GB,EUR
IT0000062072,1.104025414438996e-06,3.6637669248937653e-06,-2.5597415104547693e-06,0.38058837290520947,GENERALI,IT,EUR
DK0060079531,1.0167161881876648e-06,3.584222435331649e-06,-2.5675062471439845e-06,37.95882312084595,DSV,DK,EUR
CH0014852781,1.2702310664870454e-06,3.846742690346144e-06,-2.5765116238590982e-06,0.39655635256636973,SWISS LIFE HOLDING,CH,EUR
US1598641074,3.5100240286117097e-07,2.9278961012242745e-06,-2.5768936983631036e-06,31.493544627761082,CHAS.RVR.LABS.INTL.,US,AMER
US30212P3038,8.451275083366998e-07,3.4442154343784622e-06,-2.5990879260417624e-06,0.6964129969039835,EXPEDIA GROUP,US,AMER
DE0006569908,3.0949063232312027e-07,2.9307549556512728e-06,-2.6212643233281525e-06,2.2219236472926913,MLP,DE,EUR
FR0010307819,3.6897207956198664e-07,2.990695663013462e-06,-2.6217235834514753e-06,10.1129856586531,LEGRAND,FR,EUR
US59156R1086,1.4730002019515692e-06,4.110578265459789e-06,-2.6375780635082203e-06,0.25821590493605767,METLIFE,US,AMER
NO0012470089,8.291512196837981e-07,3.490873051291738e-06,-2.66172183160794e-06,21.200293286540695,TOMRA SYSTEMS,NO,EUR
US0311001004,7.34069979874716e-07,3.4364258329060406e-06,-2.7023558530313246e-06,5.198705148583136,AMETEK,US,AMER
CH0024608827,4.0401524902251176e-07,3.197372882472176e-06,-2.7933576334496645e-06,0.25134134620272797,PARTNERS GROUP HOLDING,CH,EUR
NL0015435975,2.692263561494414e-07,3.0727903403960414e-06,-2.8035639842466e-06,31.97106615239721,DAVIDE CAMPARI MILANO,IT,EUR
GB00BVFNZH21,9.443544616874062e-07,3.764544500803296e-06,-2.82019003911589e-06,5.533163582488974,ROTORK,GB,EUR
GB0004082847,1.3873037074480527e-06,4.218128712701513e-06,-2.8308250052534602e-06,0.421063745002147,STANDARD CHARTERED,GB,EUR
GB00BGLP8L22,1.28221577525383e-06,4.141150282586034e-06,-2.8589345073322044e-06,6.055543397689813,IMI,GB,EUR
US8835561023,3.3924449721676846e-07,3.207328207620409e-06,-2.8680837104036405e-06,8.31172826488733,THERMO FISHER SCIENTIFIC,US,AMER
NL0011821202,2.1737054174592334e-06,5.073517066261648e-06,-2.8998116488024147e-06,0.263486492075996,ING GROEP,NL,EUR
US1717793095,1.0952110583442022e-06,4.003380960680993e-06,-2.908169902336791e-06,0.6454437745169497,CIENA,US,AMER
GB0007388407,1.1407099858867927e-06,4.056120159421789e-06,-2.9154101735349966e-06,0.40266751747981305,LIONTRUST ASSET MAN.,GB,EUR
US8807791038,1.2427466813111726e-06,4.163782773884935e-06,-2.9210360925737625e-06,8.310740953857232,TEREX,US,AMER
SE0015811955,9.474001641119404e-07,3.869336634246196e-06,-2.921936470134256e-06,1.5345212542939706,INVESTOR A,SE,EUR
CA6837151068,4.723802649796793e-07,3.396556381852595e-06,-2.9241761168729154e-06,0.9536380878645381,OPEN TEXT (NAS),CA,AMER
NL0000395903,5.119648791641164e-07,3.4489301335571944e-06,-2.936965254393078e-06,0.9454473381455407,WOLTERS KLUWER,NL,EUR
US0010841023,8.0502582077362e-07,3.7750446798467876e-06,-2.970018859073168e-06,5.125596975188043,AGCO,US,AMER
SE0000190126,1.1864745158089137e-06,4.157397542179431e-06,-2.9709230263705177e-06,0.02816131225911954,INDUSTRIVARDEN A,SE,EUR
AT0000652011,1.9727984326520076e-06,4.954522325713006e-06,-2.9817238930609986e-06,2.088342968586225,ERSTE GROUP BANK,AT,EUR
CH0210483332,9.71436147102258e-07,4.037246131884327e-06,-3.065809984782069e-06,1.040882075775278,RICHEMONT N,CH,EUR
SE0018012635,7.408777317080691e-07,3.822795658088549e-06,-3.0819179263804797e-06,2.648538828149337,WIHLBORGS FASTIGHETER,SE,EUR
SE0011166974,1.1936058574415566e-06,4.294406639887366e-06,-3.1008007824458092e-06,0.0652689440595879,FABEGE,SE,EUR
GB0007669376,1.0245682920504945e-06,4.128523176944073e-06,-3.1039548848935788e-06,0.27256085893612736,ST.JAMES'S PLACE ORD,GB,EUR
FI0009002158,1.2038979627791871e-06,4.3470183890570305e-06,-3.1431204262778435e-06,6.18693229730805,UPONOR DEAD - DELIST.30/04/24,FI,EUR
US2358511028,2.333991930317708e-07,3.3791837604068296e-06,-3.145784567375059e-06,5.7540367879422645,DANAHER,US,AMER
IL0006625771,7.613990606206935e-07,3.907357465600153e-06,-3.1459584049794593e-06,1.316126544775708,BANK HAPOALIM B M LTD.,IL,EUR
US6512291062,1.013384142336716e-06,4.172353195589887e-06,-3.1589690532531714e-06,6.451372699985964,NEWELL BRANDS (XSC),US,AMER
US7591EP1005,8.803482418049749e-07,4.054693281448934e-06,-3.174345039643959e-06,0.7998093165207563,REGIONS FINL.NEW,US,AMER
IT0004810054,1.3262755051072815e-06,4.504645871330939e-06,-3.1783703662236576e-06,0.43607576038505425,UNIPOL ASSICURAZIONI SPA,IT,EUR
US0605051046,1.7334019546281026e-06,4.970595298105387e-06,-3.2371933434772846e-06,0.7331953072271348,BANK OF AMERICA,US,AMER
US14040H1059,1.2637869148355839e-06,4.523239321633497e-06,-3.259452406797913e-06,0.39304333842675604,CAPITAL ONE FINL.,US,AMER
ES0134950F36,7.4412191074316e-07,4.008379051293831e-06,-3.2642571405506707e-06,9.029923787314521,FAES FARMA,ES,EUR
US3167731005,1.5590532247896274e-06,4.843241386891833e-06,-3.2841881621022054e-06,1.6266833380743713,FIFTH THIRD BANCORP,US,AMER
GB00B02J6398,5.819263281211631e-07,3.86747750415624e-06,-3.2855511760350768e-06,0.34759019134893987,ADMIRAL GROUP,GB,EUR
CA0636711016,8.866361793763186e-07,4.192473944888839e-06,-3.30583776551252e-06,1.4661933766354354,BANK OF MONTREAL,CA,AMER
US46625H1005,9.215020907705178e-07,4.256634648120868e-06,-3.33513255735035e-06,0.7020376438905518,JP MORGAN CHASE & CO.,US,AMER
IT0005239360,1.9770203133180513e-06,5.318406871013599e-06,-3.3413865576955476e-06,1.3970489023699855,UNICREDIT,IT,EUR
US38141G1040,1.0810907928361905e-06,4.429377565370018e-06,-3.3482867725338278e-06,0.2408273319901544,GOLDMAN SACHS GP.,US,AMER
FR0010040865,1.457559671154803e-06,4.833138757558312e-06,-3.3755790864035088e-06,7.850004628778643,GECINA,FR,EUR
GB0007689002,9.024438026859188e-07,4.303061254078518e-06,-3.4006174513925993e-06,0.20242774863551585,KIN AND CARTA DEAD - DELIST.29/04/24,GB,EUR
GB00B1YW4409,1.247808009419519e-06,4.657707609703992e-06,-3.409899600284473e-06,0.1159025384614838,3I GROUP,GB,EUR
US6153691059,2.9612127539481323e-07,3.7406385658603604e-06,-3.444517290465547e-06,0.1971129535211096,MOODY'S,US,AMER
FR0000054900,1.2801562080666145e-06,4.745333989734093e-06,-3.465177781667478e-06,0.35122243898294436,TF1 (TV.FSE.1),FR,EUR
US88337F1057,3.0681165216560346e-06,6.55559108613121e-06,-3.4874745644751754e-06,2.544357481356948,ODP DEAD - DELIST.11/12/25,US,AMER
CA4495861060,1.129704883061823e-06,4.635490181696184e-06,-3.505785298634361e-06,0.3799335994391609,IGM FINL.,CA,AMER
US7140461093,5.322895141782507e-07,4.041248165896702e-06,-3.508958651718451e-06,4.671224444926749,REVVITY,US,AMER
US7593516047,7.262083669600432e-07,4.2848587796884065e-06,-3.5586504127283632e-06,0.035127477787314586,REINSURANCE GROUP OF AM.,US,AMER
US70211M1099,5.153779372712774e-07,4.095018021698057e-06,-3.579640084426779e-06,7.601053629401406,PARTNER COMMS.ADR 1:1 DEAD - DELIST.22/09/23,IL,EUR
GB0003096442,9.509288872057603e-07,4.562681377573679e-06,-3.611752490367919e-06,2.3295507786109715,RS GROUP,GB,EUR
FR0000125338,1.2552681403658733e-06,4.879766255977055e-06,-3.6244981156111824e-06,0.5608582172480674,CAPGEMINI,FR,EUR
ES0118594417,8.87828063455406e-07,4.519024083960613e-06,-3.631196020505207e-06,0.6344520097094472,INDRA SISTEMAS,ES,EUR
FR0000130213,8.610170631998758e-07,4.519742636397789e-06,-3.658725573197913e-06,1.3425540905630309,LAGARDERE GROUPE,FR,EUR
FR0000120222,1.2630929398656913e-06,4.933614847660316e-06,-3.670521907794625e-06,0.06938536503641135,CNP ASSURANCES DEAD - DELIST.20/06/22,FR,EUR
US45168D1046,1.730121290721914e-07,3.861417027371965e-06,-3.6884048982997737e-06,5.757287314749881,IDEXX LABORATORIES,US,AMER
US00846U1016,8.240674689483772e-07,4.517768441232873e-06,-3.6937009722844955e-06,2.1118115826801906,AGILENT TECHS.,US,AMER
SE0000806994,1.6792036010679689e-06,5.445920922764838e-06,-3.7667173216968687e-06,2.1333043796397564,JM,SE,EUR
DK0060738599,7.13639591025425e-07,4.495795340474223e-06,-3.782155749448798e-06,2.9318845764329846,DEMANT,DK,EUR
ES0152503035,1.5906883099160474e-06,5.3928397750697526e-06,-3.8021514651537054e-06,0.7462315009032144,MEDIASET ESPANA COMUNICACION,ES,EUR
US1729674242,1.995401301373276e-06,5.807895703905956e-06,-3.81249440253268e-06,0.34516389841480216,CITIGROUP,US,AMER
ES0113679I37,1.153270516504105e-06,4.983165530975874e-06,-3.82989501447177e-06,0.5407000732521384,BANKINTER 'R',ES,EUR
US5341871094,2.3323322780661703e-06,6.171606276038839e-06,-3.8392739979726685e-06,0.2007209386668929,LINCOLN NATIONAL,US,AMER
FR0000130809,1.7791645570691028e-06,5.698061629149693e-06,-3.91889707208059e-06,0.40165346603555535,SOCIETE GENERALE,FR,EUR
GB00BGDT3G23,3.380084661239982e-07,4.265910679805297e-06,-3.927902213681299e-06,1.2778577587927298,RIGHTMOVE,GB,EUR
DE000A0D6554,1.3947199913970682e-06,5.329182480460753e-06,-3.934462489063684e-06,5.050830209538406,NORDEX,DE,EUR
IT0001469383,1.3178724306346306e-06,5.2593613631117615e-06,-3.941488932477131e-06,1.0043752193095223,ARNOLDO MONDADORI EDI.,IT,EUR
FR0010411983,6.842313052456815e-07,4.628351589376562e-06,-3.9441202841308805e-06,0.033937864161241844,SCOR SE,FR,EUR
SE0018012494,1.6092557865370074e-06,5.613488346868372e-06,-4.0042325603313645e-06,0.2438868695818285,MODERN TIMES GROUP MTG B,SE,EUR
US79466L3024,8.179193647755791e-07,4.941897809469259e-06,-4.123978444693679e-06,0.5300332395815954,SALESFORCE,US,AMER
US1011371077,7.017796286193674e-07,4.9083610131746025e-06,-4.206581384555235e-06,4.447170911595767,BOSTON SCIENTIFIC,US,AMER
BE0003797140,5.371825370803141e-07,4.817220311803767e-06,-4.280037774723453e-06,0.01871530488668099,GBL NEW,BE,EUR
CA39138C1068,7.324740991041757e-07,5.025336612903311e-06,-4.292862513799136e-06,0.4440231032302463,GREAT WEST LIFECO,CA,AMER
CH0244767585,1.2568632575085042e-06,5.56274382494896e-06,-4.3058805674404555e-06,0.40862899928316093,UBS GROUP,CH,EUR
DK0010311471,5.614293798857925e-07,4.9012851611926134e-06,-4.339855781306821e-06,0.61115025494288,AL SYDBANK,DK,EUR
US45167R1041,4.936705185578302e-07,4.8434217991067084e-06,-4.349751280548878e-06,3.8382571080707364,IDEX,US,AMER
GB0008085614,0.0009719023857329454,0.0009762717447130624,-4.369358980116952e-06,4.822780025077212,MORGAN SINDALL GROUP,GB,EUR
US3841091040,4.719551718668192e-07,4.845975823937367e-06,-4.374020652070548e-06,7.190865350534986,GRACO,US,AMER
US37247D1063,2.7761777633402054e-06,7.232932815528443e-06,-4.456755052188237e-06,0.06394660225483577,GENWORTH FINANCIAL,US,AMER
SE0000242455,1.7689997488813861e-06,6.282292807395727e-06,-4.513293058514341e-06,0.12437529792067646,SWEDBANK A,SE,EUR
US7802871084,6.030746971090743e-07,5.1990860564505e-06,-4.596011359341425e-06,0.0,ROYAL GOLD,US,AMER
CH0012138530,1.277943832588664e-06,5.917801894037563e-06,-4.639858061448899e-06,0.4529541052460015,CREDIT SUISSE GROUP DEAD - DELIST.14/06/23,CH,EUR
US87161C5013,1.1870318238583349e-06,6.053245504247128e-06,-4.866213680388793e-06,1.1664781169972127,SYNOVUS FINANCIAL DEAD - DELIST.02/01/26,US,AMER
IL0005930388,3.3681997737924893e-07,5.207792970708151e-06,-4.870972993328902e-06,0.9844657350379986,FIRST INTL.BK.OF ISR.,IL,EUR
GB0001048619,9.00536267387481e-07,5.797361572665116e-06,-4.8968253052776354e-06,0.3657763351865889,TED BAKER DEAD - DELIST.24/10/22,GB,EUR
IT0005218380,9.401407062337414e-07,5.924414302327445e-06,-4.984273596093704e-06,2.2271436422018476,BANCO BPM,IT,EUR
US5526761086,7.399143555364182e-07,5.752328628156654e-06,-5.012414272620235e-06,4.5294109790839245,MDC HOLDINGS DEAD - DELIST.19/04/24,US,AMER
US6174464486,1.2169614375543961e-06,6.335651372095725e-06,-5.118689934541329e-06,0.6331684911129684,MORGAN STANLEY,US,AMER
DE0005089031,2.0201404656035746e-07,5.437318192460044e-06,-5.235304145899687e-06,0.7546140309093985,UNITED INTERNET,DE,EUR
SE0001662230,4.299159832725168e-07,5.679786488046132e-06,-5.249870504773616e-06,6.154245756484815,HUSQVARNA B,SE,EUR
FR0000131104,1.4384710688884301e-06,6.720846750759631e-06,-5.2823756818712e-06,0.5711109547515927,BNP PARIBAS,FR,EUR
IE00BF0L3536,3.653931007970474e-06,8.951573440662208e-06,-5.297642432691734e-06,1.4463666600968843,AIB GROUP,IE,EUR
GB00B132NW22,8.09440011424451e-07,6.17161606987571e-06,-5.362176058451259e-06,0.16138662690964137,ASHMORE GROUP,GB,EUR
DK0010272632,5.399189335820226e-07,6.117611233199338e-06,-5.577692299617316e-06,0.942263176637974,GN STORE NORD,DK,EUR
US48242W1062,6.424849177473202e-07,6.2711919624310835e-06,-5.628707044683763e-06,0.5724180368776389,KBR,US,AMER
DK0010307958,6.664637160884507e-07,6.343105880480388e-06,-5.6766421643919374e-06,0.28890146008610057,JYSKE BANK,DK,EUR
GB0007323586,9.111935658902166e-07,6.63347850238524e-06,-5.722284936495024e-06,5.505943544684256,RENISHAW,GB,EUR
GB0008481250,8.231253868513852e-07,6.564867335775597e-06,-5.741741948924212e-06,4.667795444448616,ME GROUP INTERNATIONAL,GB,EUR
FR0000121121,1.6198206504129797e-06,7.532809624775555e-06,-5.912988974362575e-06,0.017613233137265684,EURAZEO,FR,EUR
GB00BM8Q5M07,9.467491137013898e-07,7.046801611463931e-06,-6.100052497762542e-06,1.3949007647588874,JD SPORTS FASHION,GB,EUR
GB0001765816,1.1067897452306885e-06,7.325871121585432e-06,-6.219081376354744e-06,0.6189411792525724,BREWIN DOLPHIN DEAD - DELIST.28/09/22,GB,EUR
JE00BJ1DLW90,1.0503156086903765e-06,7.31798173747621e-06,-6.267666128785833e-06,0.5284409217454585,MAN GROUP,GB,EUR
GB00BKP36R26,2.074140984976873e-06,8.420723806940606e-06,-6.3465828219637335e-06,1.3597988833464623,HYVE GROUP DEAD - DELIST.23/05/23,GB,EUR
IT0000062957,1.2044164721022812e-06,7.6119284170416935e-06,-6.407511944939412e-06,0.5936152372849698,MEDIOBANCA BC.FIN,IT,EUR
NO0003053605,1.5991203553785455e-06,8.05666853852802e-06,-6.457548183149474e-06,0.010744990075446353,STOREBRAND,NO,EUR
FR0000045072,1.6028447564134216e-06,8.062752279406585e-06,-6.459907522993163e-06,0.20594192857043817,CREDIT AGRICOLE,FR,EUR
NO0003078800,1.6552840283958917e-06,8.150852436649517e-06,-6.495568408253625e-06,63.574062456484704,TGS,NO,EUR
US23331A1097,1.1410961880315174e-06,7.657268930093628e-06,-6.51617274206211e-06,2.371267287325675,D R HORTON,US,AMER
CH0012255151,6.386621442639467e-07,7.189718483180877e-06,-6.551056338916931e-06,2.2821340640228067,THE SWATCH GROUP,CH,EUR
GB0006650450,6.862855691972912e-07,7.263457278655253e-06,-6.577171709457962e-06,1.3368250100351924,OXFORD INSTRUMENTS,GB,EUR
GB00BJT0FF39,1.4398292831301498e-06,8.126463187283748e-06,-6.686633904153598e-06,1.896978559728821,RM,GB,EUR
US09857L1089,5.617150937423963e-07,7.339969997260817e-06,-6.778254903518421e-06,0.277426487690607,BOOKING HOLDINGS,US,AMER
DE000A0WMPJ6,5.81070711583772e-08,6.867336437728808e-06,-6.809229366570431e-06,0.6103279424027391,AIXTRON,DE,EUR
AT0000606306,1.6088686298230854e-06,8.475409132825669e-06,-6.866540503002584e-06,0.7272855614655724,RAIFFEISEN BANK INTL.,AT,EUR
AT0000A21KS2,8.933341620811667e-07,8.01662704979463e-06,-7.123292887713464e-06,14.932551122976147,CPI EUROPE AGE,AT,EUR
NO0003028904,1.6451746025463165e-06,8.888875961805558e-06,-7.243701359259241e-06,0.6980568683067426,VEND SERA DEAD - DELIST.28/10/25,NO,EUR
DK0061539921,1.285534681648947e-06,8.720050611889841e-06,-7.434515930240894e-06,5.963853252745384,VESTAS WINDSYSTEMS,DK,EUR
IE00BD1RP616,3.805913093896014e-06,1.1458207434845555e-05,-7.652294340949542e-06,0.5076967044649724,BANK OF IRELAND GROUP,IE,EUR
IT0004827447,1.5867299764110315e-06,1.0007285919059281e-05,-8.42055594264825e-06,0.4954861209282069,UNIPOLSAI DEAD - DELIST.03/07/24,IT,EUR
DE000A1EWWW0,1.9309594776322385e-07,8.722539525011161e-06,-8.529443577247937e-06,0.598584811052788,ADIDAS,DE,EUR
DE000PSM7770,1.6895551914776665e-06,1.0416320570610737e-05,-8.72676537913307e-06,0.47068534845070875,PROSIEBENSAT 1 MEDIA,DE,EUR
GB0008475088,8.432518900073834e-07,9.576103700586156e-06,-8.732851810578772e-06,0.4339806549554038,ROBERT WALTERS,GB,EUR
GB0008711763,6.496121705229561e-07,9.659401092947098e-06,-9.009788922424142e-06,1.7432229448132557,TT ELECTRONICS,GB,EUR
SE0015812219,0.00015987325744427092,0.00016892219931151578,-9.048941867244867e-06,470.4588294540271,SWEDISH MATCH DEAD - DELIST.02/01/23,SE,EUR
DE000A2GS401,4.4197186562782656e-07,1.0673545681995667e-05,-1.023157381636784e-05,0.19001273223452883,SOFTWARE N DEAD - DELIST.26/08/24,DE,EUR
US78410G1040,0.00040416200780677927,0.00041532855267692025,-1.1166544870140984e-05,4.365448091459288,SBA COMMS.,US,AMER
US0079031078,1.4661072968286018e-06,1.393412075912009e-05,-1.2468013462291488e-05,0.7477209933267933,ADVANCED MICRO DEVICES,US,AMER
IT0000784154,4.807724911039804e-07,1.3016211683024556e-05,-1.2535439191920575e-05,0.1980694204003416,CATTOLICA ASSICURAZIONI DEAD - DELIST.12/08/22,IT,EUR
NL0013332471,6.398965242601432e-07,1.3677159870274889e-05,-1.3037263346014746e-05,2.3307658073754913,TOM TOM,NL,EUR
SE0015961909,1.1309216433558446e-06,1.4602612774740755e-05,-1.347169113138491e-05,2.4280851441271465,HEXAGON B,SE,EUR
US7458671010,1.046214016511932e-06,1.4762471701681228e-05,-1.3716257685169296e-05,0.9311444883224862,PULTEGROUP,US,AMER
GB00BYZN9041,0.0005486407938643243,0.0005656588256023287,-1.7018031738004415e-05,0.39015031691124313,FUTURE,GB,EUR
GB0006449366,1.0987306373124214e-06,1.9377066067616304e-05,-1.8278335430303884e-05,0.0,ECORA ROYALTIES,GB,EUR
DK0060636678,4.595670322151222e-05,6.79528209321508e-05,-2.1996117710638583e-05,0.3388823356025763,TRYG,DK,EUR
US8676524064,2.0009584156284227e-06,2.7094109940463453e-05,-2.509315152483503e-05,1.0287020277899805,SUNPOWER DEAD - DELIST.18/11/24,US,AMER
US6541061031,0.00019445245764899865,0.0002391569513398045,-4.470449369080586e-05,1.6955729413171277,NIKE 'B',US,AMER
GB0001570810,1.9860570976056705e-06,4.8822434432231936e-05,-4.683637733462626e-05,2.129405266089612,XAAR,GB,EUR
US8816242098,0.020983797228184973,0.021035733965461267,-5.1936737276294526e-05,18.15124641353722,TEVA PHARMACEUTICAL INDUSTRIES ADR 1:1,IL,EUR
US9291601097,5.168549915909117e-05,0.00010680826442915225,-5.5122765270061084e-05,180.78998950420873,VULCAN MATERIALS,US,AMER
CA3518581051,0.0019162829240745372,0.0019717853630930103,-5.5502439018473076e-05,0.0,FRANCO-NEVADA,CA,AMER
GB00B06QFB75,0.00016195235051330597,0.00022020413479382906,-5.825178428052309e-05,0.525770789086071,IG GROUP HOLDINGS,GB,EUR
US5324571083,0.01049391225305156,0.010559582380731139,-6.567012767957903e-05,10.163411874995846,ELI LILLY,US,AMER
US4523271090,0.0004241868022777138,0.000497827645507615,-7.36408432299012e-05,4.30753131317733,ILLUMINA,US,AMER
US8760301072,7.682988999884354e-06,8.506287133894211e-05,-7.737988233905775e-05,0.6627870761434356,TAPESTRY,US,AMER
GB0022569080,0.0004901473966739305,0.0005701235112792199,-7.997611460528939e-05,1.1355393254312272,AMDOCS,US,AMER
US58933Y1055,0.0009381592331931312,0.0010194260985069824,-8.126686531385126e-05,17.582064496921035,MERCK & COMPANY,US,AMER
US9111631035,3.460799701343264e-05,0.00012845763733838225,-9.38496403249496e-05,18.85436256292011,UNITED NATURAL FOODS,US,AMER
US3030751057,0.0003055285564629564,0.00039940386710511747,-9.387531064216107e-05,1.3669014390570153,FACTSET RESEARCH SYS.,US,AMER
GB00B01QGK86,0.007024461723672619,0.007122401346541183,-9.793962286856403e-05,0.9558336940544537,NCC GROUP,GB,EUR
US74762E1029,0.001869073617513695,0.0019705415929174666,-0.00010146797540377147,53.78082019171895,QUANTA SERVICES,US,AMER
BE0003810273,0.000251245277539257,0.00035418825567255644,-0.00010294297813329942,5.355000734391776,PROXIMUS,BE,EUR
FR0010221234,0.003092547372628896,0.003201973959805254,-0.00010942658717635802,0.2545889583085033,EUTELSAT COMMUNICATIONS,FR,EUR
CA8029121057,0.008482959245862204,0.008596198920534601,-0.00011323967467239716,42.557839931303,SAPUTO,CA,AMER
GB0009123323,0.001058562175770881,0.0011739259989267238,-0.0001153638231558428,2.4935430485303898,ULTRA ELECTRONICS DEAD - DELIST.02/08/22,GB,EUR
US7134481081,1.0345669798627615e-07,0.00012585341527273343,-0.00012574995857474714,52.30982804923938,PEPSICO,US,AMER
AT0000720008,0.00037029536745696143,0.0004965116201984401,-0.00012621625274147864,4.822059857443445,TELEKOM AUSTRIA,AT,EUR
BE0974256852,0.025163751545209473,0.02529453441437377,-0.00013078286916429552,7.55776061010848,COLRUYT GROUP,BE,EUR
US6516391066,0.020331849496695035,0.020463107064410686,-0.00013125756771565147,296.7478653555625,NEWMONT,US,AMER
US22160K1051,0.0006216650382474561,0.0007752982526870707,-0.00015363321443961464,4.938339427563505,COSTCO WHOLESALE,US,AMER
GB00B45C9X44,0.0006106784103150968,0.0007860163626850123,-0.00017533795236991548,18.86742934331159,CHEMRING GROUP,GB,EUR
US9026531049,2.642933895143605e-07,0.00018806371274678624,-0.00018779941935727189,11.827453868526872,UDR,US,AMER
US65339F1012,0.0023733033132897663,0.002563671712945271,-0.00019036839965550466,2646.4511692768615,NEXTERA ENERGY,US,AMER
US1101221083,0.0005076974357211874,0.0006983139506735328,-0.00019061651495234542,9.066710505733546,BRISTOL MYERS SQUIBB,US,AMER
GB00BDFBVT43,0.004933120572319284,0.005130312863467423,-0.00019719229114813913,10.349366198410442,OXFORD BIOMEDICA,GB,EUR
NO0003733800,0.0013579641979438305,0.001556598503193776,-0.00019863430524994538,22.649013768368288,ORKLA,NO,EUR
US6200763075,0.0029572709468792513,0.003159111755067995,-0.0002018408081887438,2.20990764750217,MOTOROLA SOLUTIONS,US,AMER
GB00BYYTFB60,0.000562841386734365,0.0007657313215315041,-0.00020288993479713904,8.589984233504635,HOMESERVE DEAD - DELIST.05/01/23,GB,EUR
FR0000052292,0.001484086733618142,0.0016907533977622597,-0.00020666666414411762,2.1907466645295863,HERMES INTL.,FR,EUR
FI0009007694,0.001202925684033087,0.0014150867509199647,-0.00021216106688687775,1.675860161193624,SANOMA,FI,EUR
GB00BYRJ5J14,0.016253039820782845,0.016476414421588512,-0.0002233746008056675,0.2763992087737062,PRIMARY HEALTH PROPS.,GB,EUR
US4592001014,0.00363321768405068,0.0038662372679338715,-0.00023301958388319147,2.2246484636219335,INTERNATIONAL BUS.MCHS.,US,AMER
CA0084741085,0.004442768597772094,0.004681966267008066,-0.00023919766923597222,207.849222650869,AGNICO-EAGLE MNS. (NYS),CA,AMER
US0718131099,0.0036248091862276064,0.003865922932176212,-0.00024111374594860567,26.327515842203542,BAXTER INTL.,US,AMER
NL0000009082,0.001584722651304291,0.001841356482364452,-0.00025663383106016083,2.8382129391255684,KPN KON,NL,EUR
GB0002074580,0.00019165863345017972,0.0004530212957387614,-0.0002613626622885817,112.38942383751196,GENUS,GB,EUR
US4878361082,0.0064469700328257775,0.006710189098992521,-0.0002632190661667434,33.43846982548458,KELLANOVA DEAD - DELIST.11/12/25,US,AMER
GB0009223206,2.1524025045775026e-07,0.0002652059772853903,-0.00026499073703493254,2.3224582620155085,SMITH & NEPHEW,GB,EUR
US1344291091,0.009298785687851642,0.009573127361720755,-0.0002743416738691124,53.109467568225,THE CAMPBELL S COMPANY,US,AMER
US7509171069,0.00026251474728958155,0.0005468080733607089,-0.0002842933260711273,3.271079654390896,RAMBUS,US,AMER
US6668071029,0.0042653432595702815,0.004551706829347566,-0.0002863635697772848,6.461483755655174,NORTHROP GRUMMAN,US,AMER
US92532F1003,0.0014407220701240617,0.001730799568885176,-0.00029007749876111435,1.619081096413581,VERTEX PHARMS.,US,AMER
DK0060477503,0.002818789615338741,0.003115136203075892,-0.00029634658773715133,0.3936985344948418,TOPDANMARK DEAD - DELIST.21/10/24,DK,EUR
US74834L1008,0.023768065234896035,0.024074108532112382,-0.00030604329721634765,14.045431723250408,QUEST DIAGNOSTICS,US,AMER
DK0060448595,0.012296396250187344,0.012602982700958235,-0.0003065864507708904,6.079655588438253,COLOPLAST B,DK,EUR
CA29250N1050,0.00019035315350757098,0.0005039709433262351,-0.0003136177898186641,190.04273781295424,ENBRIDGE,CA,AMER
US91324P1021,0.0011054932139712378,0.0014557625788076997,-0.0003502693648364619,0.22607654068774213,UNITEDHEALTH GROUP,US,AMER
CH0018294154,3.214616289516415e-07,0.0003593080017735494,-0.0003589865401445977,24.110093187230486,PSP SWISS PROPERTY AG,CH,EUR
US0844231029,0.00785064936217593,0.008229667758513103,-0.0003790183963371732,0.41900500247170114,W R BERKLEY,US,AMER
GB0009692319,0.0007456325915619671,0.0011258602663488178,-0.00038022767478685065,0.1596954116146095,WILMINGTON,GB,EUR
US2566771059,0.003140174013831036,0.0035663163302196684,-0.0004261423163886323,17.97740383131236,DOLLAR GENERAL,US,AMER
GB0009633180,0.00022879806651065755,0.0006602197230394468,-0.0004314216565287892,7.47487192684523,DECHRA PHARMACEUTICALS DEAD - DELIST.17/01/24,GB,EUR
FR0000133308,0.003914572895181801,0.004362528379527439,-0.00044795548434563813,6.843465009588738,ORANGE,FR,EUR
CH0012032048,0.00017346640953988805,0.0006324024841833059,-0.0004589360746434178,5.289127457133984,ROCHE HOLDING,CH,EUR
US0028241000,0.0016174488406222381,0.002099675757531476,-0.00048222691690923787,17.900772152210962,ABBOTT LABORATORIES,US,AMER
US04621X1081,0.0005732842718471649,0.0010673134383398359,-0.000494029166492671,0.14975566716444202,ASSURANT,US,AMER
US02209S1033,0.0041758872605927545,0.0046873249670703575,-0.000511437706477603,8.535717036461497,ALTRIA GROUP,US,AMER
GB0006886666,0.006928580936887297,0.007440363956359534,-0.0005117830194722372,1.991516001743406,EUROMONEY INSTL.INVESTOR DEAD - DELIST.25/11/22,GB,EUR
US12541W2098,0.003781153669003908,0.004311693651909453,-0.0005305399829055447,0.23735910255000814,CH ROBINSON WWD.,US,AMER
US5797802064,0.004341025209437787,0.004880309547406313,-0.0005392843379685265,6.05679534435568,MCCORMICK & COMPANY NV.,US,AMER
US2810201077,4.2625141525576136e-05,0.0006704676506384132,-0.000627842509112837,515.4783473447259,EDISON INTL.,US,AMER
CA05534B7604,0.0008716740701898022,0.0015112799002018303,-0.0006396058300120281,7.555650133577178,BCE,CA,AMER
US0936711052,0.012536960439078704,0.013184145236709015,-0.0006471847976303111,6.553444900615561,H&R BLOCK,US,AMER
GB0008794710,0.01725360601168961,0.017905046774089238,-0.0006514407623996292,0.6231620689365877,TELECOM PLUS,GB,EUR
CA8849038085,0.0037614998324194435,0.004431745133943582,-0.0006702453015241384,0.6756617717997392,THOMSON REUTERS,CA,AMER
IE00BWT6H894,0.012679393172146213,0.013361233267886644,-0.0006818400957404307,1.0471417911363945,FLUTTER ENTERTAINMENT,US,AMER
US55261F1049,0.0053046913634065065,0.0060785182647239274,-0.0007738269013174209,2.7290272602517045,M&T BANK,US,AMER
US4404521001,0.016338323463565865,0.017113784722786112,-0.0007754612592202476,39.5680012309302,HORMEL FOODS,US,AMER
US7433151039,0.0030524822797812407,0.003985151833623263,-0.0009326695538420218,1.4075367824620766,PROGRESSIVE OHIO,US,AMER
US7611521078,0.010631508049782516,0.011584736771612167,-0.0009532287218296503,0.9981831491668636,RESMED,US,AMER
FR0000054470,0.011493396134472783,0.012454547576743781,-0.000961151442270998,1.180148222701349,UBISOFT ENTERTAINMENT CAT A,FR,EUR
GB00B3CX3644,0.037818597414543874,0.03878075819495043,-0.0009621607804065554,2.124526677734702,STV GROUP,GB,EUR
US3703341046,0.02374135640651605,0.024719895935426634,-0.0009785395289105825,16.478201177908357,GENERAL MILLS,US,AMER
US30161N1019,1.6403380246225883e-07,0.0009929184510540695,-0.0009927544172516072,232.66848817779035,EXELON,US,AMER
US1713401024,0.011315949218521946,0.012318498835653767,-0.0010025496171318215,16.328433574278034,CHURCH & DWIGHT CO.,US,AMER
US22822V1017,0.008696385113681069,0.009716654460536402,-0.0010202693468553334,2.23764913371306,CROWN CASTLE,US,AMER
CH0014786500,0.041543432345787716,0.04263773086924385,-0.001094298523456133,2.0763857138121167,VALIANT 'R',CH,EUR
US4943681035,0.006487343158193984,0.007702196143697952,-0.0012148529855039673,101.55181168271486,KIMBERLY-CLARK,US,AMER
US00206R1023,0.0016699165042707333,0.0029222619437798206,-0.0012523454395090873,6.422378627239447,AT&T,US,AMER
US03027X1000,0.005534057036283047,0.006795652252319144,-0.001261595216036097,54.99651892465866,AMERICAN TOWER,US,AMER
CH0008742519,0.009789893615902079,0.011109060464312403,-0.0013191668484103247,1.3883215019717285,SWISSCOM 'R',CH,EUR
US92343V1044,0.002300713768937927,0.0036934140648196244,-0.0013927002958816974,2.8292730182800354,VERIZON COMMUNICATIONS,US,AMER
BE0003822393,0.0033789698831455973,0.004848177359662973,-0.001469207476517376,6.095009947756181,ELIA GROUP,BE,EUR
US1890541097,0.028161132607448996,0.029658410803011473,-0.0014972781955624771,11.603273118631348,CLOROX,US,AMER
CA59162N1096,0.020910526309873664,0.022475579586983475,-0.001565053277109811,19.039379719775486,METRO,CA,AMER
US7427181091,0.004813885419309104,0.006663566003083175,-0.001849680583774071,29.55778439664331,PROCTER & GAMBLE,US,AMER
US5801351017,0.01896488778127917,0.02084060660882954,-0.0018757188275503704,5.7808013095683854,MCDONALDS,US,AMER
US3029411093,0.04161297249888344,0.0437972197103345,-0.0021842472114510583,0.09377495239305522,FTI CONSULTING,US,AMER
GB00BRB37M78,0.015357315162929744,0.017603106993030727,-0.002245791830100983,36.48794769293869,DIGNITY DEAD - DELIST.25/05/23,GB,EUR
US4278661081,0.04322219725809145,0.04557768523849137,-0.0023554879803999243,17.208000258122258,HERSHEY,US,AMER
US69331C1080,0.01397735109016259,0.016716378347669873,-0.0027390272575072826,226.9165725663131,PG&E,US,AMER
US29670G1022,0.01298763958157894,0.015768522724039596,-0.0027808831424606557,186.38823192390188,ESSENTIAL UTILITIES,US,AMER
US9311421039,0.03998298330759996,0.04291978349541948,-0.00293680018781952,12.629523293955325,WALMART,US,AMER
US1307881029,0.00576806604403012,0.008817478489983696,-0.0030494124459535758,7.751285697220664,CAL.WATER SER.,US,AMER
US74460D1090,0.0020949732804113716,0.00642024751472971,-0.004325274234318338,5.575601587846074,PUBLIC STORAGE,US,AMER
US2091151041,0.029655621813503605,0.04067589683596374,-0.011020275022460134,230.57052524349976,CONSOLIDATED EDISON,US,AMER
