screen_year,investment_year,ISIN,weight
2013,2014,AN8068571086,0.005467227384268834
2013,2014,AT0000652011,0.0006977480533949546
2013,2014,AT0000720008,0.00016850344613784547
2013,2014,AT0000743059,0.0007281458634685351
2013,2014,AT0000746409,0.00017708150727493825
2013,2014,BE0003470755,0.0006040223842356728
2013,2014,BE0003565737,0.0010935123972456657
2013,2014,BE0003593044,0.0001001665035229312
2013,2014,BE0003735496,5.957402317689067e-05
2013,2014,BE0003739530,0.0006258940464363646
2013,2014,BE0003755692,2.1100795792410587e-05
2013,2014,BE0974258874,0.00011444907697801771
2013,2014,BE0974264930,0.0004599941537138519
2013,2014,BE0974293251,0.007944803295999113
2013,2014,CA00208D4084,0.0004203226414814356
2013,2014,CA0084741085,0.00021957088558166934
2013,2014,CA05534B7604,0.0015635590386039947
2013,2014,CA0636711016,0.002007145877939198
2013,2014,CA0641491075,0.003519130983109822
2013,2014,CA0977518616,0.00027775403570153945
2013,2014,CA1247651088,0.00015851148297610034
2013,2014,CA12532H1047,0.00043363265747308063
2013,2014,CA13321L1085,0.0003930306323805017
2013,2014,CA1360691010,0.0015814759539130956
2013,2014,CA1363751027,0.0022073243913322046
2013,2014,CA1363851017,0.0017018708065327898
2013,2014,CA13646K1084,0.0012482548716492218
2013,2014,CA1366812024,0.0003406113753156441
2013,2014,CA1367178326,0.00024716503987790126
2013,2014,CA2849025093,0.00018324071593171104
2013,2014,CA29250N1050,0.001699590702940534
2013,2014,CA2927661025,0.0001777973663333114
2013,2014,CA3180714048,0.00021544454177400589
2013,2014,CA3359341052,0.0004839828859345247
2013,2014,CA3759161035,0.0003095032994516056
2013,2014,CA4495861060,0.0006269894855234567
2013,2014,CA4530384086,0.0017480932291836213
2013,2014,CA4969024047,0.00023905739076886351
2013,2014,CA5592224011,0.000859526068781858
2013,2014,CA56501R1064,0.0016854835361964583
2013,2014,CA59151K1084,0.00024618465561129863
2013,2014,CA6744822033,0.0001734372931765389
2013,2014,CA7392391016,0.0005823660806505377
2013,2014,CA7751092007,0.0008650868059703335
2013,2014,CA7800871021,0.004493328269350872
2013,2014,CA8029121057,0.00042361818646983806
2013,2014,CA85472N1096,0.0001426611495218729
2013,2014,CA8667961053,0.0009903592474032584
2013,2014,CA8672241079,0.0024185334942320408
2013,2014,CA87807B1076,0.001504591429851309
2013,2014,CA8787422044,0.0006821173849168882
2013,2014,CA87971M1032,0.0010088294115228316
2013,2014,CA8849038085,0.0014482522596909906
2013,2014,CA8911605092,0.004024145393849166
2013,2014,CA89346D1078,6.335947200918336e-12
2013,2014,CA8959451037,9.071037616841565e-05
2013,2014,CA98462Y1007,0.00031009186717512047
2013,2014,CH0008742519,0.0012803039722925262
2013,2014,CH0010570759,0.0003422886825931132
2013,2014,CH0010645932,0.0006232534727601461
2013,2014,CH0011075394,0.002003108288738566
2013,2014,CH0012005267,0.010055630984393289
2013,2014,CH0012032048,0.009135659627596524
2013,2014,CH0012138530,0.0022767410210484625
2013,2014,CH0012138605,0.0007105526727402903
2013,2014,CH0012142631,0.00028688222332859896
2013,2014,CH0012214059,0.0010696789063572177
2013,2014,CH0012221716,0.0028505393634956633
2013,2014,CH0012549785,0.000432659893319344
2013,2014,CH0013841017,0.00024306500991966884
2013,2014,CH0014786500,7.484732833799538e-05
2013,2014,CH0014852781,0.0003050313858581384
2013,2014,CH0018294154,0.00018160847027893202
2013,2014,CH0024638212,0.0004881999823925888
2013,2014,CH0025238863,0.0007368954834198254
2013,2014,CH0025751329,0.00011246689254594338
2013,2014,CH0030170408,0.0005377344835835294
2013,2014,CH0038388911,0.00025663402801515996
2013,2014,CH0038863350,0.01098493722873059
2013,2014,CH0044328745,0.0016361410365708317
2013,2014,CH0048265513,0.0008268561854033568
2013,2014,CH0126881561,0.0016038356906685574
2013,2014,CH0210483332,0.0024085925169862977
2013,2014,CH0244767585,0.0034021578474977077
2013,2014,CH0319416936,0.0001720214785799616
2013,2014,CH0418792922,0.0003607407204166293
2013,2014,CH1169151003,0.00013222600156585676
2013,2014,CH1175448666,0.00014616868830847804
2013,2014,CH1256740924,0.0008401379006621075
2013,2014,DE0005140008,0.0022541067085930927
2013,2014,DE0005190003,0.0032783813905452605
2013,2014,DE0005200000,0.0011869231776114163
2013,2014,DE0005408884,0.00011910200207745904
2013,2014,DE0005439004,0.002023822212829615
2013,2014,DE0005552004,0.0020654718916709495
2013,2014,DE0005557508,0.0035515375191463947
2013,2014,DE0005773303,0.0003341320000130575
2013,2014,DE0005810055,0.0007349145455033878
2013,2014,DE0005909006,0.00026071727137919856
2013,2014,DE0006047004,0.0006066604150204412
2013,2014,DE0006048432,0.0009597018917374213
2013,2014,DE0006070006,0.00031818696133087415
2013,2014,DE0006202005,8.914581331696372e-05
2013,2014,DE0006231004,0.0005398348469006405
2013,2014,DE0006599905,0.0005404209569348018
2013,2014,DE0006602006,0.00043951936280745533
2013,2014,DE0006969603,0.00023330223671635033
2013,2014,DE0007037129,0.0008390891059196043
2013,2014,DE0007100000,0.004317665397955484
2013,2014,DE0007164600,0.004907955031107336
2013,2014,DE0007236101,0.0056058667515251955
2013,2014,DE0007257503,0.0007315386981548175
2013,2014,DE0007500001,0.0006318211775526118
2013,2014,DE0007664039,0.0022091637266525256
2013,2014,DE0008232125,0.00040787590878200216
2013,2014,DE0008402215,0.000486207802111209
2013,2014,DE0008404005,0.003811550438988322
2013,2014,DE0008430026,0.0018480545662097798
2013,2014,DE000BASF111,0.004566947755331849
2013,2014,DE000BAY0017,0.0054075473370219646
2013,2014,DE000CBK1001,0.0008456500386003659
2013,2014,DE000ENAG999,0.0016835057676036654
2013,2014,DE000KSAG888,0.0002761257573592459
2013,2014,DE000TUAG505,0.0001725821568186966
2013,2014,DK0010181759,0.0005968917541292184
2013,2014,DK0010234467,0.0001610871025122872
2013,2014,DK0010244508,0.001072049703064836
2013,2014,DK0010274414,0.0010746122715331139
2013,2014,DK0010287663,5.870042144541019e-05
2013,2014,DK0060079531,0.0002897958187191094
2013,2014,DK0060336014,0.0005265346482820278
2013,2014,DK0060448595,0.000627563094235289
2013,2014,DK0060477503,0.00017177328430785193
2013,2014,DK0060738599,0.0002656776943026389
2013,2014,DK0061539921,0.0002725371952256184
2013,2014,ES0109427734,0.0001897874225861849
2013,2014,ES0112501012,0.00017204873952081305
2013,2014,ES0113211835,0.0033253468674839014
2013,2014,ES0113679I37,0.00028422307019029493
2013,2014,ES0113860A34,0.0004804464490825813
2013,2014,ES0113900J37,0.004728948665764037
2013,2014,ES0116870314,0.0012136405623769761
2013,2014,ES0118594417,0.00012830541481519055
2013,2014,ES0122060314,6.589530902982399e-05
2013,2014,ES0124244E34,0.0006081023807245581
2013,2014,ES0125220311,0.00017458403615448526
2013,2014,ES0130670112,0.0015605829106360043
2013,2014,ES0130960018,0.0003087243724130818
2013,2014,ES0132105018,0.0001714629385434139
2013,2014,ES0144580Y14,0.00184840123031251
2013,2014,ES0148396007,0.0047738762258412
2013,2014,ES0161560018,9.407885721889532e-05
2013,2014,ES0167050915,0.0005075745364669067
2013,2014,ES0171743901,4.453704173809728e-05
2013,2014,ES0173093024,0.00044204525792545705
2013,2014,ES0173516115,0.0015469968736803203
2013,2014,ES0178430E18,0.0034530652010617323
2013,2014,ES0182870214,0.00010587796782085371
2013,2014,FI0009000202,0.00013290707980501064
2013,2014,FI0009000277,7.1105789697112e-05
2013,2014,FI0009000459,0.00012876333732284059
2013,2014,FI0009000681,0.001408939463572928
2013,2014,FI0009002158,7.290496644741364e-05
2013,2014,FI0009002422,5.4834082919943905e-05
2013,2014,FI0009003727,0.0004678822318891214
2013,2014,FI0009005318,0.00030793852202469155
2013,2014,FI0009005870,0.00012847725522175285
2013,2014,FI0009005961,0.00027227770630201023
2013,2014,FI0009005987,0.0004132988208559774
2013,2014,FI0009007132,0.0009416214869541115
2013,2014,FI0009007694,8.185926471579744e-05
2013,2014,FI0009007884,0.00021791082725402963
2013,2014,FI0009013403,0.0009331175168812346
2013,2014,FI0009800643,8.681324383886739e-05
2013,2014,FI4000440664,0.00031027278491321233
2013,2014,FR0000035081,0.00032132177853687376
2013,2014,FR0000039109,2.4321041530941405e-11
2013,2014,FR0000044448,0.00010584044332653786
2013,2014,FR0000045072,0.0014685747288578285
2013,2014,FR0000054900,0.00021782475495901399
2013,2014,FR0000064578,0.00024733648426420243
2013,2014,FR0000073272,0.0013376110327645895
2013,2014,FR0000077919,0.0004343962456496813
2013,2014,FR0000120073,0.002047715278243619
2013,2014,FR0000120172,0.0013465269090273799
2013,2014,FR0000120222,0.0006562763234762822
2013,2014,FR0000120271,0.006774105793351278
2013,2014,FR0000120321,0.004908924055933032
2013,2014,FR0000120404,0.000506215007348051
2013,2014,FR0000120503,0.0005820691445434626
2013,2014,FR0000120560,0.00013018563114867404
2013,2014,FR0000120578,0.006531063320245367
2013,2014,FR0000120628,0.003122871178850664
2013,2014,FR0000120644,0.002113421293363779
2013,2014,FR0000120693,0.0014107577576999068
2013,2014,FR0000120859,0.0003005386979664882
2013,2014,FR0000120966,0.00027070170102757863
2013,2014,FR0000121014,0.004290247284913443
2013,2014,FR0000121121,0.00023748960796220964
2013,2014,FR0000121220,0.0007449104820533519
2013,2014,FR0000121329,0.0006021062519898373
2013,2014,FR0000121485,0.0012423371492025527
2013,2014,FR0000121667,0.0010614688285825928
2013,2014,FR0000121964,0.0004407193612694389
2013,2014,FR0000121972,0.0022736052484507116
2013,2014,FR0000124141,0.00036080086953842796
2013,2014,FR0000125007,0.0014097928594888401
2013,2014,FR0000125338,0.0005280919437366324
2013,2014,FR0000125486,0.0018490457688269677
2013,2014,FR0000127771,0.0016566580402834167
2013,2014,FR0000130213,0.0002240231790045078
2013,2014,FR0000130395,0.000187800335277024
2013,2014,FR0000130403,0.0015843672154340384
2013,2014,FR0000130452,0.00024240634961463284
2013,2014,FR0000130577,0.0009055174680615462
2013,2014,FR0000130809,0.0021642214832693664
2013,2014,FR0000131104,0.004503289257228451
2013,2014,FR0000131906,0.0011014248468662331
2013,2014,FR0000133308,0.0015351538623558402
2013,2014,FR0010040865,0.00038787430482920633
2013,2014,FR0010220475,0.000545208828679241
2013,2014,FR0013176526,0.00039906616856479385
2013,2014,FR0013326246,0.0011567059075271056
2013,2014,FR0013505062,8.930613626857143e-05
2013,2014,FR0013506730,0.0003460573225514041
2013,2014,FR0014003TT8,0.0007184564241955444
2013,2014,GB0000163088,2.304027408534509e-05
2013,2014,GB0000456144,0.0006215866432510665
2013,2014,GB0000536739,0.00030431312185854356
2013,2014,GB0000811801,0.0002524057760962045
2013,2014,GB0000904986,0.00016222786723241718
2013,2014,GB0000961622,0.00016422701095945825
2013,2014,GB0001367019,0.0004946862266099749
2013,2014,GB0001500809,0.0006071746166495504
2013,2014,GB0001638955,7.080805408554796e-05
2013,2014,GB0001826634,7.667962628977e-05
2013,2014,GB0001859296,9.960119164973178e-05
2013,2014,GB0002074580,6.918774499940791e-05
2013,2014,GB0002148343,5.088056070841597e-05
2013,2014,GB0002318888,5.3127531206082636e-05
2013,2014,GB0002374006,0.0038618811107653194
2013,2014,GB0002418548,0.00010145298237195892
2013,2014,GB0002634946,0.0010720271866217258
2013,2014,GB0002652740,0.00020509242046260425
2013,2014,GB0002670437,2.8705168396476e-05
2013,2014,GB0002869419,6.31105425232279e-05
2013,2014,GB0002875804,0.004693774144748777
2013,2014,GB0003096442,0.00010549316898573703
2013,2014,GB0003308607,0.00024154321716804975
2013,2014,GB0003452173,0.00011845529390782878
2013,2014,GB0003753778,5.6047522307122954e-05
2013,2014,GB0004052071,0.0001754771136808246
2013,2014,GB0004082847,0.0025442015781237236
2013,2014,GB0004161021,0.0001446529323545767
2013,2014,GB0004478896,0.00011252723069679923
2013,2014,GB0004544929,0.0017369097843388166
2013,2014,GB0004657408,0.00010868498833932411
2013,2014,GB0004726096,4.5636942714876114e-05
2013,2014,GB0004866223,6.641644456427917e-05
2013,2014,GB0004915632,9.04625263438369e-05
2013,2014,GB0005405286,0.009589214136501089
2013,2014,GB0005576813,0.00016437454221647371
2013,2014,GB0005603997,0.0010144112751291504
2013,2014,GB0005746358,1.0863601023779467e-05
2013,2014,GB0005758098,0.0003112921091958992
2013,2014,GB0006027295,6.159799560924019e-05
2013,2014,GB0006215205,0.00011850383061268444
2013,2014,GB0006731235,0.0014972463872194217
2013,2014,GB0006776081,0.0008475304401827846
2013,2014,GB0006825383,0.00029067155517262304
2013,2014,GB0006886666,0.00011900088781889564
2013,2014,GB0006928617,6.281001706162172e-05
2013,2014,GB0007099541,0.0026318480025411717
2013,2014,GB0007188757,0.0037114061134464584
2013,2014,GB0007323586,9.14304047643628e-05
2013,2014,GB0007594764,7.453122966292931e-05
2013,2014,GB0007668071,0.00015931141749153722
2013,2014,GB0007669376,0.00029091142686255727
2013,2014,GB0007908733,0.0009996700305813526
2013,2014,GB0007958233,9.889388983132388e-05
2013,2014,GB0007973794,0.00020192240555654827
2013,2014,GB0007980591,0.007001495018813276
2013,2014,GB0008025412,9.305671140522863e-05
2013,2014,GB0008085614,2.8939054172965246e-05
2013,2014,GB0008220112,0.000225393065649557
2013,2014,GB0008706128,0.004325257223258758
2013,2014,GB0008782301,0.00029467312982700593
2013,2014,GB0009067447,3.0022118609378715e-05
2013,2014,GB0009123323,0.0001095695731276284
2013,2014,GB0009223206,0.0005918816148573398
2013,2014,GB0009292243,0.00011363894300357846
2013,2014,GB0009465807,0.0003333846565257485
2013,2014,GB0009697037,0.00038410225365992563
2013,2014,GB0009895292,0.0034557233991150903
2013,2014,GB0022569080,0.00030999124658335575
2013,2014,GB0030232317,0.00011884282752333211
2013,2014,GB0030913577,0.0023179731758877775
2013,2014,GB0031274896,0.0005569573201022328
2013,2014,GB0031348658,0.003356609906995495
2013,2014,GB0031638363,0.00037550362782616563
2013,2014,GB0031743007,0.0005079468354364817
2013,2014,GB0032089863,0.0006481206698842725
2013,2014,GB0033195214,0.000694379021415005
2013,2014,GB0033986497,0.0006021432008500477
2013,2014,GB00B012BV22,1.9205053527638922e-05
2013,2014,GB00B019KW72,0.0005430393650354073
2013,2014,GB00B033F229,0.0013544057921881598
2013,2014,GB00B04V1276,6.10607903887982e-05
2013,2014,GB00B0744B38,0.00037028665061089534
2013,2014,GB00B082RF11,0.00017258671068572708
2013,2014,GB00B0FYMT95,3.7487528022428666e-05
2013,2014,GB00B0SWJX34,0.0003512911289344273
2013,2014,GB00B0YG1K06,8.836723147465128e-05
2013,2014,GB00B135BJ46,6.714458342116383e-05
2013,2014,GB00B18P5K83,1.283177469003513e-05
2013,2014,GB00B19Z1432,0.00013138540158993305
2013,2014,GB00B1FH8J72,0.00032593044698575824
2013,2014,GB00B1FP6H53,0.00013333994429304855
2013,2014,GB00B1JQDM80,6.661286405280072e-05
2013,2014,GB00B1KJJ408,0.0005219884793363125
2013,2014,GB00B1P6ZR11,0.00011825963444955472
2013,2014,GB00B1WY2338,0.00045893505190496307
2013,2014,GB00B1YW4409,0.0003046185227802797
2013,2014,GB00B2B0DG97,0.0008043942471439109
2013,2014,GB00B2NGPM57,9.713671531635636e-05
2013,2014,GB00B2PDGW16,7.406287578784376e-05
2013,2014,GB00B39J2M42,0.00036041751404079764
2013,2014,GB00B3DGH821,8.369254373192366e-05
2013,2014,GB00B3FLWH99,8.576618281186957e-05
2013,2014,GB00B45C9X44,3.5028873203922835e-05
2013,2014,GB00B572ZV91,8.995540726332742e-05
2013,2014,GB00B5N0P849,0.0001879828127047426
2013,2014,GB00B5ZN1N88,0.00019987908780044967
2013,2014,GB00B61TVQ02,0.0002156127624293623
2013,2014,GB00B63H8491,0.0018408892008132656
2013,2014,GB00B63QSB39,2.382415719914325e-05
2013,2014,GB00B67G5X01,6.438287709714961e-05
2013,2014,GB00B6YTLS95,0.0001733915905926476
2013,2014,GB00B7KR2P84,0.00046617620380899594
2013,2014,GB00B82YXW83,0.00010774337550094654
2013,2014,GB00B8C3BL03,0.0003372161711601046
2013,2014,GB00BD6K4575,0.0013521685704614677
2013,2014,GB00BDCPN049,0.0005253084961047592
2013,2014,GB00BDR05C01,0.0024776032838830266
2013,2014,GB00BF044593,5.165293848026803e-05
2013,2014,GB00BF5H9P87,0.00020489369674109295
2013,2014,GB00BG11K365,8.828541232542619e-05
2013,2014,GB00BGLP8L22,0.0003584323312781386
2013,2014,GB00BH4HKS39,0.008826493621130437
2013,2014,GB00BHJYC057,0.000453251649229875
2013,2014,GB00BJFFLV09,0.0002630327910277738
2013,2014,GB00BJQZC279,0.00026382609178890253
2013,2014,GB00BK9RKT01,0.00039555191616886447
2013,2014,GB00BKP36R26,7.1552213460226e-05
2013,2014,GB00BKY40Q38,8.191410232458566e-05
2013,2014,GB00BL6XZ716,1.0203702193570597e-05
2013,2014,GB00BLGZ9862,0.00208722360284827
2013,2014,GB00BM8PJY71,0.0029348032517074224
2013,2014,GB00BMJ6DW54,0.0002729671391823078
2013,2014,GB00BN7SWP63,0.0060109759579905905
2013,2014,GB00BNGDN821,0.0003005668698866211
2013,2014,GB00BNNTLN49,0.00019372905377192744
2013,2014,GB00BNR4T868,4.306539699501999e-05
2013,2014,GB00BP92CJ43,0.00029488798242663567
2013,2014,GB00BP9LHF23,0.0004541682021469465
2013,2014,GB00BPQY8M80,0.0010093905348476813
2013,2014,GB00BV9FP302,6.579366983995026e-05
2013,2014,GB00BVFNZH21,0.0001943376485427014
2013,2014,GB00BWFGQN14,0.0001780668635509621
2013,2014,GB00BYQ0JC66,0.00010065069715163344
2013,2014,GB00BYT1DJ19,0.0001695264995708226
2013,2014,GB00BYW0PQ60,0.0005943431418130061
2013,2014,GB00BYYTFB60,7.144121382587913e-05
2013,2014,GB00BZ4BQC70,0.000510116611757851
2013,2014,IE0001827041,0.0008580528915601816
2013,2014,IE0002424939,0.0002031548714208165
2013,2014,IE0003864109,7.45527201161007e-05
2013,2014,IE0004927939,0.0001362611367715367
2013,2014,IE00B4BNMY34,0.002440390509497095
2013,2014,IE00B8KQN827,0.0016823440329860838
2013,2014,IE00BD1RP616,0.0005167329848931634
2013,2014,IE00BF0L3536,0.0037538449640285238
2013,2014,IE00BK9ZQ967,0.0008190642047617153
2013,2014,IE00BLP1HW54,0.0011617963699113644
2013,2014,IE00BTN1Y115,0.0026745247606173445
2013,2014,IE00BY7QL619,0.000899719709396392
2013,2014,IL0002810146,0.0005191405579144752
2013,2014,IL0006046119,0.0002981185305731316
2013,2014,IL0006625771,0.0003582675500714718
2013,2014,IL0006954379,0.00015209455976236891
2013,2014,IL0010811243,0.00013378966160198692
2013,2014,IT0000062072,0.001707909679045078
2013,2014,IT0000062957,0.00034126516065720053
2013,2014,IT0000072618,0.001778458054182938
2013,2014,IT0001137345,9.583689334979111e-05
2013,2014,IT0001233417,0.0001435438646915752
2013,2014,IT0001347308,8.703586229430274e-06
2013,2014,IT0001469383,2.659009813164326e-05
2013,2014,IT0003128367,0.001855378502552364
2013,2014,IT0003132476,0.004060706434085141
2013,2014,IT0003153415,0.0008856304362445636
2013,2014,IT0003497168,0.0006250380744473345
2013,2014,IT0003506190,0.0008800286885798318
2013,2014,IT0003856405,0.00021031028785286615
2013,2014,IT0004810054,0.00013949138045974587
2013,2014,IT0005239360,0.002009089456338759
2013,2014,IT0005495657,0.0004444850699449811
2013,2014,IT0005508921,0.00012408070852626757
2013,2014,JE00B8KF9B49,0.0014250092592484468
2013,2014,JE00BJ1DLW90,0.00014375075996132474
2013,2014,LR0008862868,0.00047699265559266737
2013,2014,LU0075646355,0.00030880293979587285
2013,2014,NL0000008977,0.0008497835807071047
2013,2014,NL0000009082,0.000641112308486432
2013,2014,NL0000009165,0.0018103206360983806
2013,2014,NL0000009538,0.0016018872940848465
2013,2014,NL0000226223,0.000349144391062265
2013,2014,NL0000235190,0.0027985138150642044
2013,2014,NL0000289213,8.892397206698606e-05
2013,2014,NL0000337319,6.936131273673114e-05
2013,2014,NL0000360618,0.00019322594123586794
2013,2014,NL0000379121,0.0005515301278119531
2013,2014,NL0000395903,0.0003991693950651208
2013,2014,NL0009432491,0.000362993502219302
2013,2014,NL0010273215,0.001954409197646801
2013,2014,NL0010583399,8.104698767187686e-05
2013,2014,NL0011794037,0.0008904972264911255
2013,2014,NL0011821202,0.002484931097004844
2013,2014,NL0013267909,0.0008726474586977697
2013,2014,NL00150001Q9,0.00045629002257131714
2013,2014,NL0015001FS8,0.0006810407269452788
2013,2014,NO0003028904,0.00034537642072684154
2013,2014,NO0003053605,0.0001278402562965122
2013,2014,NO0003733800,0.0003852370364125746
2013,2014,NO0005052605,0.00042512602032100465
2013,2014,NO0010063308,0.0016848823210547264
2013,2014,NO0010096985,0.0035823994877429875
2013,2014,NO0010199151,0.0001359700876758942
2013,2014,NO0010861990,9.123745630122618e-05
2013,2014,NO0012470089,6.436621375411875e-05
2013,2014,PA1436583006,0.001092432629166252
2013,2014,PTBCP0AM0015,0.00021465905064709526
2013,2014,PTEDP0AM0009,0.0004984551409347965
2013,2014,PTJMT0AE0001,0.0005768552215794962
2013,2014,PTSON0AM0001,0.00013602681893135418
2013,2014,PTZON0AM0006,0.00017469184285467102
2013,2014,SE0000106270,0.0031335795075396215
2013,2014,SE0000108227,0.0005023620748017556
2013,2014,SE0000108656,0.001721070771852345
2013,2014,SE0000112724,0.0008667040561089427
2013,2014,SE0000113250,0.0003795649680971934
2013,2014,SE0000114837,0.0002187096899115609
2013,2014,SE0000148884,0.0013231143295944282
2013,2014,SE0000163594,0.0001741108372859414
2013,2014,SE0000163628,0.00027648605414846007
2013,2014,SE0000171100,1.074829881012378e-11
2013,2014,SE0000190126,0.00025651280464734715
2013,2014,SE0000202624,0.0003487009773768026
2013,2014,SE0000242455,0.0014789265681120058
2013,2014,SE0000379190,0.0001239254713533189
2013,2014,SE0000667891,0.0008209082916896859
2013,2014,SE0000667925,0.0016857741473196217
2013,2014,SE0000695876,0.0005082076415925476
2013,2014,SE0000806994,0.00010541862619716634
2013,2014,SE0000862997,0.00011114958316365967
2013,2014,SE0000949331,4.2957798150936174e-05
2013,2014,SE0003366871,1.4216724308060153e-11
2013,2014,SE0005190238,0.0002074585687892659
2013,2014,SE0006993770,0.000128892882724373
2013,2014,SE0007100581,0.0008614706274637599
2013,2014,SE0007100599,0.0014047164564138246
2013,2014,SE0011090018,0.00010466916156004388
2013,2014,SE0011166974,7.493333104254931e-05
2013,2014,SE0015811955,0.000494334360027375
2013,2014,SE0015812219,0.00029171688831992036
2013,2014,SE0016589188,0.00037410815725125694
2013,2014,SE0017486889,0.0010773402010146376
2013,2014,SE0018012494,0.0001484988648978363
2013,2014,SE0020050417,0.0001868534069227158
2013,2014,US0010551028,0.0014182740320965138
2013,2014,US00130H1059,0.00036792474333813594
2013,2014,US00206R1023,0.008545507663933034
2013,2014,US0028241000,0.002754973579509052
2013,2014,US0028962076,0.00011431811402880322
2013,2014,US00724F1012,0.001398027922146349
2013,2014,US0079031078,0.0001161430543923201
2013,2014,US0082521081,0.0005297404247574906
2013,2014,US00846U1016,0.000895597823854548
2013,2014,US0091581068,0.0010832264076969214
2013,2014,US00971T1016,0.0003853814234918734
2013,2014,US0126531013,0.0002565124820485443
2013,2014,US0185811082,0.0006138871193157065
2013,2014,US0188021085,0.000201020583609112
2013,2014,US0200021014,0.0011447001208079294
2013,2014,US02209S1033,0.00356770050890369
2013,2014,US0236081024,0.0003475483854044656
2013,2014,US0255371017,0.000974225480537401
2013,2014,US0258161092,0.004484216913226427
2013,2014,US0268747849,0.0034701658989750627
2013,2014,US03027X1000,0.001482284432536177
2013,2014,US0311621009,0.004001607410795691
2013,2014,US0326541051,0.0007418182927125658
2013,2014,US0367521038,0.0012844096409227708
2013,2014,US03743Q1085,0.0015752650051980648
2013,2014,US0378331005,0.023257457931958127
2013,2014,US0382221051,0.0009826029551162831
2013,2014,US0441861046,0.0003532656400734197
2013,2014,US0527691069,0.0005258249964530696
2013,2014,US0530151036,0.0017974888932169267
2013,2014,US0534841012,0.0007191432652147405
2013,2014,US0536111091,0.0002285332302205817
2013,2014,US0538071038,0.0002809231164461203
2013,2014,US0584981064,0.00034995554389469864
2013,2014,US0605051046,0.007658270342751446
2013,2014,US0640581007,0.0018587222352636644
2013,2014,US0708301041,0.0008348767322698982
2013,2014,US0718131099,0.0017547844257850378
2013,2014,US0758871091,0.0009958363911868068
2013,2014,US0865161014,0.0006222264262332994
2013,2014,US09062X1037,0.003061509288199136
2013,2014,US0970231058,0.004769212690541212
2013,2014,US1011371077,0.0007247724266215538
2013,2014,US1101221083,0.004057858775761378
2013,2014,US1156372096,0.00046023011055340254
2013,2014,US1255231003,0.0011198296454451916
2013,2014,US1258961002,0.0003066708508353157
2013,2014,US1264081035,0.0013625040198540605
2013,2014,US12653C1080,0.00041317229883099094
2013,2014,US1266501006,0.0039611909189423596
2013,2014,US1270551013,0.00012874050141367357
2013,2014,US1344291091,0.00064715751401624
2013,2014,US14040H1059,0.002027197266671521
2013,2014,US14149Y1082,0.0010490441116240068
2013,2014,US1491231015,0.002681021199262239
2013,2014,US15189T1079,0.00044531749921885634
2013,2014,US1667641005,0.011148959328867301
2013,2014,US1720621010,0.00040172130520247615
2013,2014,US17275R1023,0.005551886991133115
2013,2014,US1729674242,0.0073256221529758424
2013,2014,US1858991011,0.00019690233616315533
2013,2014,US1890541097,0.0005527602329785198
2013,2014,US1912161007,0.008468542123737469
2013,2014,US1924461023,0.0014225681986959253
2013,2014,US1941621039,0.002805462676456355
2013,2014,US2003401070,0.00040397091548670914
2013,2014,US2058871029,0.0006589009754564657
2013,2014,US20825C1045,0.0040162759678741555
2013,2014,US2091151041,0.000774909128006012
2013,2014,US21036P1084,0.0005453589450401279
2013,2014,US22160K1051,0.0024348382068896915
2013,2014,US2283681060,0.00028020641534050235
2013,2014,US2310211063,0.0012379380739985274
2013,2014,US2333311072,0.0004990386927145271
2013,2014,US23355L1061,0.00038100253974541646
2013,2014,US2371941053,0.00032188756965512307
2013,2014,US2441991054,0.0015722156483643276
2013,2014,US25179M1036,0.0011735803433791166
2013,2014,US2546871060,0.006238159912790411
2013,2014,US25746U1097,0.0017464326226753195
2013,2014,US2600031080,0.0007655096775774157
2013,2014,US26441C2044,0.0022186117925350225
2013,2014,US26875P1012,0.0021376971674816397
2013,2014,US26884L1098,0.0006376200519004173
2013,2014,US2774321002,0.0005607887140426784
2013,2014,US2786421030,0.0032779361602717745
2013,2014,US2788651006,0.0014715409187371783
2013,2014,US2810201077,0.0006488206099402465
2013,2014,US28176E1082,0.0003244832180969128
2013,2014,US2910111044,0.0023134768317390475
2013,2014,US29364G1031,0.0004943467842886079
2013,2014,US29670G1022,0.00021341465111032366
2013,2014,US30040W1080,0.0006499600079623773
2013,2014,US30161N1019,0.0011163197991508412
2013,2014,US3021301094,0.0004255441165702517
2013,2014,US30231G1022,0.020363039716851484
2013,2014,US3024913036,0.0004637132474665831
2013,2014,US31428X1063,0.0020865506646566417
2013,2014,US3156161024,0.0003226544545208591
2013,2014,US3167731005,0.0008287343893107111
2013,2014,US3379321074,0.0006256588169145756
2013,2014,US3434121022,0.0006349229164751639
2013,2014,US34354P1057,0.0005148713844504412
2013,2014,US3453708600,0.0027744718573539757
2013,2014,US3546131018,0.0016997452096994736
2013,2014,US35671D8570,0.0018046989753563141
2013,2014,US3647601083,0.0007952055237032008
2013,2014,US3703341046,0.001458149186593376
2013,2014,US3719011096,0.00020969218890009946
2013,2014,US3755581036,0.0053547372874525176
2013,2014,US38141G1040,0.003729560557630483
2013,2014,US3825501014,0.0002792192065676641
2013,2014,US3848021040,0.0008126799622858031
2013,2014,US3976241071,4.901400615455672e-05
2013,2014,US40434L1052,0.0024857334767626246
2013,2014,US4062161017,0.002013440272011485
2013,2014,US4128221086,0.000718858891390679
2013,2014,US4165151048,0.0007712940512687234
2013,2014,US4180561072,0.0003373048015430648
2013,2014,US4198701009,0.0001043326533424722
2013,2014,US42250P1030,0.0007795536800640303
2013,2014,US4278661081,0.0007313883972434554
2013,2014,US42809H1077,0.0012682155539462036
2013,2014,US4370761029,0.005376784288140177
2013,2014,US4385161066,0.0033362388363491727
2013,2014,US4404521001,0.0005538316950529554
2013,2014,US44107P1049,0.0006875569193206256
2013,2014,US4448591028,0.0007521056009718874
2013,2014,US4456581077,0.0004264858947278635
2013,2014,US4461501045,0.00037766970537483235
2013,2014,US45073V1089,0.00020463640035315225
2013,2014,US4523081093,0.0017302581977389118
2013,2014,US4581401001,0.005996792876859934
2013,2014,US4592001014,0.00945060905333036
2013,2014,US4595061015,0.00033633310763116377
2013,2014,US4601461035,0.0009970681699672645
2013,2014,US4612021034,0.0010016952789209364
2013,2014,US46284V1017,0.000273479607957728
2013,2014,US4657411066,6.825107794437436e-05
2013,2014,US46625H1005,0.01018530013762667
2013,2014,US4663131039,0.00015771642290396553
2013,2014,US46982L1089,0.00040360305018019934
2013,2014,US4781601046,0.012004629728651224
2013,2014,US48020Q1076,0.0002154833997344499
2013,2014,US48203R1041,0.0005235257606196676
2013,2014,US4824801009,0.0005070988027579535
2013,2014,US4878361082,0.0010317288288644642
2013,2014,US4891701009,0.00019891583497761475
2013,2014,US4932671088,0.0005580133432313559
2013,2014,US4943681035,0.0018521713068187658
2013,2014,US49446R1095,0.00038212916208686605
2013,2014,US4972661064,0.00025737698394033445
2013,2014,US5002551043,0.0005620472782456663
2013,2014,US5010441013,0.000945542462476542
2013,2014,US5184391044,0.0008308883352577596
2013,2014,US5324571083,0.0026637405029726518
2013,2014,US5339001068,0.0002790899207582189
2013,2014,US5341871094,0.0006364453608368996
2013,2014,US5398301094,0.0022226023163012267
2013,2014,US5486611073,0.0024065682453525547
2013,2014,US5502411037,0.0008778980442131124
2013,2014,US5526761086,7.757447343983963e-05
2013,2014,US5529531015,0.0005210459524471659
2013,2014,US5635714059,0.00014006176130421438
2013,2014,US56418H1005,0.0003301142978514202
2013,2014,US5658491064,0.0011469073814833542
2013,2014,US5717481023,0.001219119326960448
2013,2014,US5719032022,0.0006934017153382445
2013,2014,US5738741041,0.00034742132445947794
2013,2014,US5745991068,0.00037609078240851405
2013,2014,US5770811025,0.0007603343728076477
2013,2014,US5797802064,0.0003795362537863238
2013,2014,US5801351017,0.004488765427329816
2013,2014,US58155Q1031,0.0017390414575569506
2013,2014,US58933Y1055,0.006801387700815642
2013,2014,US59156R1086,0.0028098768508336485
2013,2014,US5926881054,0.0003456186086483814
2013,2014,US5949181045,0.01441424491507315
2013,2014,US5950171042,0.00042556082883757763
2013,2014,US5951121038,0.0010526417684040836
2013,2014,US6005441000,8.90836249528846e-05
2013,2014,US6081901042,0.000498975458505549
2013,2014,US60871R2094,0.00041480447304413496
2013,2014,US6092071058,0.0028706041038084615
2013,2014,US6174464486,0.0028215326944043234
2013,2014,US61945C1036,0.0007662809607061839
2013,2014,US6200763075,0.0007980745249837937
2013,2014,US6293775085,0.00038002444577043843
2013,2014,US6311031081,0.0003015962295133107
2013,2014,US6365181022,0.00018086474153472616
2013,2014,US64110D1046,0.0006405105906587138
2013,2014,US6512291062,0.00043028272843933276
2013,2014,US6516391066,0.000515864570558599
2013,2014,US65339F1012,0.0017295677614579705
2013,2014,US6541061031,0.002596734657344308
2013,2014,US65473P1057,0.0004631193214889676
2013,2014,US6556641008,0.0005474110751543332
2013,2014,US6558441084,0.0013387223677043968
2013,2014,US6658591044,0.0006840966944890632
2013,2014,US6668071029,0.001157537476874779
2013,2014,US6687711084,0.0007554815989939322
2013,2014,US67066G1040,0.00044168281889548093
2013,2014,US6708371033,0.0002609440381936384
2013,2014,US67098H1041,0.00027407222917789404
2013,2014,US6745991058,0.0035268901545538658
2013,2014,US6819191064,0.0008923839691053446
2013,2014,US6826801036,0.000614992091303086
2013,2014,US68389X1054,0.007991942304181484
2013,2014,US6882392011,0.0002018869221434246
2013,2014,US69331C1080,0.0008608998835475279
2013,2014,US6934751057,0.0019174399505177003
2013,2014,US6935061076,0.0012462471423030478
2013,2014,US69351T1060,0.0008688670112434301
2013,2014,US6936561009,0.000506977215511883
2013,2014,US6937181088,0.0009837715395719087
2013,2014,US7010941042,0.000894425456896844
2013,2014,US70211M1099,7.071981362864383e-05
2013,2014,US7134481081,0.005906285435647947
2013,2014,US7140461093,0.00021846207940614772
2013,2014,US7170811035,0.009214094128344012
2013,2014,US7234841010,0.00024061431041490848
2013,2014,US7244791007,0.00021179628970832085
2013,2014,US7310681025,0.0004518795599001862
2013,2014,US74144T1088,0.0010206773672233062
2013,2014,US74251V1026,0.000685298920692153
2013,2014,US7427181091,0.010245266505788286
2013,2014,US7433151039,0.0007619183044779503
2013,2014,US74340W1036,0.0008745215078004683
2013,2014,US7443201022,0.0019774648135312775
2013,2014,US7445731067,0.0007606444804008636
2013,2014,US7475251036,0.005827137826830932
2013,2014,US74834L1008,0.00036346818968810397
2013,2014,US75281A1097,0.0006389145879868406
2013,2014,US75513E1010,0.004854599146736213
2013,2014,US7588491032,0.0002112604779705103
2013,2014,US7739031091,0.0007812707721343302
2013,2014,US7835491082,0.0001926142838685
2013,2014,US78409V1044,0.000989278043180939
2013,2014,US78440X8873,0.00042883707818823724
2013,2014,US8101861065,0.0001608781219038602
2013,2014,US81211K1007,0.00030613052770248945
2013,2014,US8168511090,0.0010300648917756655
2013,2014,US8243481061,0.0008728647793331651
2013,2014,US8288061091,0.0022331714027351767
2013,2014,US8326964058,0.0005119510688318303
2013,2014,US8354951027,0.0002045698535225361
2013,2014,US8425871071,0.0016409260797278936
2013,2014,US84265V1052,0.0011144619796738793
2013,2014,US8447411088,0.0005954424135692375
2013,2014,US8545021011,0.0006539656981550208
2013,2014,US8552441094,0.002730732854764591
2013,2014,US8574771031,0.0014927308751269761
2013,2014,US8718291078,0.0009678429343363388
2013,2014,US8725401090,0.002089440309311925
2013,2014,US87612E1064,0.0018472580597854295
2013,2014,US8807701029,0.0001612735828558704
2013,2014,US8816242098,0.0017575607501321437
2013,2014,US8825081040,0.0022238749508475424
2013,2014,US8832031012,0.0004987446201012352
2013,2014,US88337F1057,0.0001366106958805521
2013,2014,US8835561023,0.0018722304731719373
2013,2014,US88579Y1010,0.004318843296072357
2013,2014,US89417E1091,0.0014931124421590683
2013,2014,US89832Q1094,0.001224567399700899
2013,2014,US9024941034,0.0004018457841873971
2013,2014,US9029733048,0.0034195851446655635
2013,2014,US9078181081,0.003590847024432434
2013,2014,US9111631035,0.0001643044300874282
2013,2014,US9113121068,0.0034878488044838615
2013,2014,US9129091081,5.027261689661132e-05
2013,2014,US91529Y1064,0.00042570942332953703
2013,2014,US91913Y1001,0.0012215086091580706
2013,2014,US92276F1003,0.0007941670913756668
2013,2014,US92343V1044,0.006540692159151665
2013,2014,US9255501051,0.0001369154887510548
2013,2014,US9291601097,0.00037110946634097804
2013,2014,US92939U1060,0.0003841480095252995
2013,2014,US9311421039,0.011821293667854794
2013,2014,US9314271084,0.0025500294158153085
2013,2014,US94106L1098,0.0009718729135819649
2013,2014,US9418481035,0.0004048439083939577
2013,2014,US9497461015,0.011075262529277994
2013,2014,US95040Q1040,0.0007226084224460985
2013,2014,US9581021055,0.000937210125761942
2013,2014,US9621661043,0.0008564820491156576
2013,2014,US9633201069,0.000573765971377433
2013,2014,US9694571004,0.0012309858951873413
2013,2014,US98389B1008,0.00057836018094729
2013,2014,US9839191015,0.0005820730085716066
2013,2014,US98421M1062,0.0006715962243247083
2013,2014,US9884981013,0.0015670351634904315
2013,2014,US98956P1021,0.0007362546962027472
2014,2015,AN8068571086,0.0048707817713420365
2014,2015,AT0000652011,0.0004537743766359375
2014,2015,AT0000720008,0.0002256736661465018
2014,2015,AT0000743059,0.00036465309513805644
2014,2015,AT0000746409,0.00015795037214555175
2014,2015,BE0003470755,0.0004924407815152888
2014,2015,BE0003565737,0.0010364087914873366
2014,2015,BE0003593044,9.28730321916582e-05
2014,2015,BE0003735496,7.3233230765514e-05
2014,2015,BE0003739530,0.0006579605593762039
2014,2015,BE0003755692,3.055205314385543e-05
2014,2015,BE0003810273,0.0005581110052157401
2014,2015,BE0974258874,0.00010596478546247482
2014,2015,BE0974264930,0.0003638284446726767
2014,2015,BE0974293251,0.008154408758313473
2014,2015,CA00208D4084,0.00033352664336435106
2014,2015,CA0084741085,0.0002551415001118708
2014,2015,CA05534B7604,0.001721238073607047
2014,2015,CA0636711016,0.0020721322701963423
2014,2015,CA0641491075,0.0031210172207337085
2014,2015,CA0977518616,0.0002389323218020034
2014,2015,CA1247651088,0.00016515968172293527
2014,2015,CA12532H1047,0.0004815397413211834
2014,2015,CA13321L1085,0.0003132987652971579
2014,2015,CA1360691010,0.0015312513350462925
2014,2015,CA1363751027,0.002505179043956944
2014,2015,CA1363851017,0.001509533701052965
2014,2015,CA13646K1084,0.0014707525358014595
2014,2015,CA1366812024,0.00035911519241543056
2014,2015,CA1367178326,0.00024914976644611
2014,2015,CA2849025093,0.00021342983465242474
2014,2015,CA29250N1050,0.001972297086131774
2014,2015,CA2927661025,0.00010141074240033544
2014,2015,CA3180714048,0.00017622155803057274
2014,2015,CA3359341052,0.00037952793391549003
2014,2015,CA3495531079,0.0004206731220525078
2014,2015,CA3759161035,0.00033178639556381313
2014,2015,CA4495861060,0.0004511680464906836
2014,2015,CA4530384086,0.0016318771244767548
2014,2015,CA45823T1066,0.00042827954460949
2014,2015,CA4969024047,0.00015043249449113861
2014,2015,CA5394811015,0.0009894387247256756
2014,2015,CA5592224011,0.0010231580023744476
2014,2015,CA56501R1064,0.0015993103879085476
2014,2015,CA59151K1084,0.00017279356685332702
2014,2015,CA6744822033,9.336112746412655e-12
2014,2015,CA7392391016,0.0005147805337854289
2014,2015,CA7751092007,0.0007328111613278394
2014,2015,CA7800871021,0.004455007615681535
2014,2015,CA8029121057,0.0005438605803146637
2014,2015,CA85472N1096,0.00013485202616078226
2014,2015,CA8667961053,0.0009856150807082441
2014,2015,CA8672241079,0.002057496588579202
2014,2015,CA87807B1076,0.0015645737452225786
2014,2015,CA8787422044,0.00034322837415297244
2014,2015,CA87971M1032,0.001002491531393196
2014,2015,CA8849038085,0.0014402232441744164
2014,2015,CA8911605092,0.003954405292800215
2014,2015,CA89346D1078,9.297891532684962e-14
2014,2015,CA8959451037,4.82405708370478e-05
2014,2015,CA98462Y1007,0.0001642845133036282
2014,2015,CH0008038389,0.00019743803948150588
2014,2015,CH0008742519,0.0012325278619557355
2014,2015,CH0010570759,0.00034942016313547716
2014,2015,CH0010645932,0.0007491049234274294
2014,2015,CH0011075394,0.0020894980661914694
2014,2015,CH0012005267,0.011224373666882415
2014,2015,CH0012032048,0.008521761658734462
2014,2015,CH0012138530,0.00181283340312337
2014,2015,CH0012138605,0.0005696495066050904
2014,2015,CH0012142631,0.0002530658919459299
2014,2015,CH0012214059,0.0009304608682356597
2014,2015,CH0012221716,0.0022094910088260276
2014,2015,CH0012549785,0.0004531464643224614
2014,2015,CH0013841017,0.00028354696886327257
2014,2015,CH0014786500,5.9855751650327275e-05
2014,2015,CH0014852781,0.0003351740203850542
2014,2015,CH0018294154,0.0001783409463583286
2014,2015,CH0024638212,0.00042956585327863484
2014,2015,CH0025238863,0.000725116978536302
2014,2015,CH0025751329,0.00010816924264146463
2014,2015,CH0030170408,0.0005925126723153251
2014,2015,CH0038388911,0.00016158424484385948
2014,2015,CH0038863350,0.010558580215742708
2014,2015,CH0044328745,0.0017038234597378649
2014,2015,CH0048265513,0.0002909750915360076
2014,2015,CH0126881561,0.0014179778206873865
2014,2015,CH0210483332,0.002069245404783324
2014,2015,CH0244767585,0.002862847899283144
2014,2015,CH0319416936,0.00019205588271728433
2014,2015,CH0418792922,0.0002972952677405181
2014,2015,CH1169151003,0.00010481627174085143
2014,2015,CH1175448666,0.00019097133174032218
2014,2015,CH1256740924,0.0007175707615962142
2014,2015,DE0005140008,0.0018586019413523649
2014,2015,DE0005190003,0.002914065085099223
2014,2015,DE0005200000,0.0009179152912607742
2014,2015,DE0005408884,8.618036961219056e-05
2014,2015,DE0005439004,0.0018749606930899886
2014,2015,DE0005552004,0.0017976095659461234
2014,2015,DE0005557508,0.003264369383721506
2014,2015,DE0005773303,0.0002468416789165566
2014,2015,DE0005810055,0.000612443296473007
2014,2015,DE0005909006,0.00013672731917301772
2014,2015,DE0006047004,0.0005245794137252542
2014,2015,DE0006048432,0.0008597158142421259
2014,2015,DE0006070006,0.0002129913758742798
2014,2015,DE0006202005,0.0
2014,2015,DE0006231004,0.0005446683963543749
2014,2015,DE0006599905,0.0005591302829892147
2014,2015,DE0006602006,0.00040863620671285916
2014,2015,DE0006969603,0.0001513511916978701
2014,2015,DE0007037129,0.0005746324287000747
2014,2015,DE0007042301,0.00010171665314459662
2014,2015,DE0007100000,0.004020416112756524
2014,2015,DE0007164600,0.00386124757162383
2014,2015,DE0007236101,0.004472520808001157
2014,2015,DE0007257503,0.0004401235014401359
2014,2015,DE0007500001,0.00063146766860854
2014,2015,DE0007664039,0.0017850340195475593
2014,2015,DE0008232125,0.0002596224678395569
2014,2015,DE0008402215,0.0004961412916625001
2014,2015,DE0008404005,0.0033988248275005502
2014,2015,DE0008430026,0.001561154394365559
2014,2015,DE000BASF111,0.003489028544486
2014,2015,DE000BAY0017,0.005070094074369873
2014,2015,DE000CBK1001,0.0006767462820945722
2014,2015,DE000ENAG999,0.0015032354313551182
2014,2015,DE000KSAG888,0.00024238334455718824
2014,2015,DE000TUAG505,0.0003929007354890501
2014,2015,DK0010181759,0.0004038363825906348
2014,2015,DK0010234467,0.00012488436387205355
2014,2015,DK0010244508,0.0009358059970791288
2014,2015,DK0010274414,0.0012294147538797282
2014,2015,DK0010287663,5.95591726659463e-05
2014,2015,DK0060079531,0.00027133346859941677
2014,2015,DK0060336014,0.0004952587481152074
2014,2015,DK0060448595,0.0007592533133130697
2014,2015,DK0060477503,0.00018935150686826623
2014,2015,DK0060738599,0.000196516761698841
2014,2015,DK0061539921,0.0003688434844024073
2014,2015,ES0109427734,0.00015352551950842703
2014,2015,ES0112501012,0.00012129864176289339
2014,2015,ES0113211835,0.002650063839202102
2014,2015,ES0113679I37,0.00031933247161741106
2014,2015,ES0113860A34,0.00047324055644977383
2014,2015,ES0113900J37,0.0047650121137134535
2014,2015,ES0116870314,0.0011509903815478681
2014,2015,ES0118594417,8.209486258887112e-05
2014,2015,ES0122060314,0.00010586095905585064
2014,2015,ES0124244E34,0.0004667854613678108
2014,2015,ES0125220311,0.00020487559566902228
2014,2015,ES0130670112,0.000921788503779709
2014,2015,ES0130960018,0.0003650244852243701
2014,2015,ES0132105018,0.00020757902377359906
2014,2015,ES0144580Y14,0.0019303376038034277
2014,2015,ES0148396007,0.003991429467423448
2014,2015,ES0152503035,0.00025075084972539513
2014,2015,ES0161560018,8.820132987563986e-05
2014,2015,ES0167050915,0.00048765334736467164
2014,2015,ES0171743901,6.258775917105499e-05
2014,2015,ES0173093024,0.0005662025357148679
2014,2015,ES0173516115,0.0011416989069164473
2014,2015,ES0178430E18,0.0030087458131295474
2014,2015,ES0182870214,7.032082933373811e-05
2014,2015,FI0009000202,0.00012938443921732133
2014,2015,FI0009000277,9.325614826389394e-05
2014,2015,FI0009000459,0.00011865201231815378
2014,2015,FI0009000681,0.001344332251681248
2014,2015,FI0009002158,4.7723489432326024e-05
2014,2015,FI0009002422,0.00012853472927692924
2014,2015,FI0009003727,0.0003931463668051475
2014,2015,FI0009005318,0.00015759272300012433
2014,2015,FI0009005870,0.00011109458609468402
2014,2015,FI0009005961,0.00022354193074105991
2014,2015,FI0009005987,0.00038131873986732855
2014,2015,FI0009007132,0.0008457227657529295
2014,2015,FI0009007694,4.587205377988575e-05
2014,2015,FI0009007884,0.0002242994960018158
2014,2015,FI0009013403,0.0009097180159588114
2014,2015,FI0009800643,3.306054372925921e-05
2014,2015,FI4000440664,0.00021206550135838766
2014,2015,FR0000035081,0.00027018965284835166
2014,2015,FR0000039109,0.0
2014,2015,FR0000044448,5.624353094810072e-05
2014,2015,FR0000045072,0.0014755297516747857
2014,2015,FR0000054900,0.00017400891945215953
2014,2015,FR0000064578,0.0002581680597262417
2014,2015,FR0000073272,0.0011563799428684054
2014,2015,FR0000077919,0.000347310270376992
2014,2015,FR0000120073,0.0019010030272387918
2014,2015,FR0000120172,0.0010148149645296096
2014,2015,FR0000120222,0.0005418497866938261
2014,2015,FR0000120271,0.005465412891006896
2014,2015,FR0000120321,0.004198067364013707
2014,2015,FR0000120404,0.00047037659067726046
2014,2015,FR0000120503,0.0005765298056470405
2014,2015,FR0000120560,0.00010025297051246571
2014,2015,FR0000120578,0.005423251621380372
2014,2015,FR0000120628,0.002532791616790005
2014,2015,FR0000120644,0.0018928783003257438
2014,2015,FR0000120693,0.0013323375468871396
2014,2015,FR0000120859,0.0002435761346647796
2014,2015,FR0000120966,0.000280010517275626
2014,2015,FR0000121014,0.003607180172717286
2014,2015,FR0000121121,0.00021786935801530955
2014,2015,FR0000121220,0.0006989681303431127
2014,2015,FR0000121329,0.0005007784659641944
2014,2015,FR0000121485,0.0010890753522975554
2014,2015,FR0000121667,0.0010829639807776205
2014,2015,FR0000121964,0.00039112458364299555
2014,2015,FR0000121972,0.0019139230465425097
2014,2015,FR0000124141,0.0003928408905311106
2014,2015,FR0000125007,0.0010577506316502604
2014,2015,FR0000125338,0.0005535901936950454
2014,2015,FR0000125486,0.0014595889500761466
2014,2015,FR0000127771,0.0015281666394575098
2014,2015,FR0000130213,0.0001534291842710045
2014,2015,FR0000130395,0.0001344032575637245
2014,2015,FR0000130403,0.0013900817468071776
2014,2015,FR0000130452,0.0002047716782751332
2014,2015,FR0000130577,0.0007021451579822296
2014,2015,FR0000130809,0.001523611130659004
2014,2015,FR0000131104,0.0033125574381363586
2014,2015,FR0000131906,0.0009684391482084181
2014,2015,FR0000133308,0.0020385278521794807
2014,2015,FR0010040865,0.00035307938203210074
2014,2015,FR0010220475,0.0004850361415442835
2014,2015,FR0013176526,0.0004259568870988907
2014,2015,FR0013280286,0.0001891049983774697
2014,2015,FR0013326246,0.0011226230139618832
2014,2015,FR0013505062,7.78960001830466e-05
2014,2015,FR0013506730,0.00018967879251712583
2014,2015,FR0014003TT8,0.000690672745392339
2014,2015,FR001400AJ45,0.0007486280584532881
2014,2015,GB0000163088,1.3924812357648294e-05
2014,2015,GB0000456144,0.0005089761583311304
2014,2015,GB0000536739,0.0003918611663110406
2014,2015,GB0000811801,0.0003156368044196533
2014,2015,GB0000904986,0.0001856093606409308
2014,2015,GB0000961622,0.0001068519384036512
2014,2015,GB0001367019,0.000558513610980687
2014,2015,GB0001500809,0.0002576056105130984
2014,2015,GB0001638955,8.40782279925697e-05
2014,2015,GB0001765816,3.988632956063119e-05
2014,2015,GB0001826634,7.826970392157407e-05
2014,2015,GB0001859296,0.00010443148726298378
2014,2015,GB0002074580,6.186878526918445e-05
2014,2015,GB0002148343,6.07421147491959e-05
2014,2015,GB0002318888,6.433715639268896e-05
2014,2015,GB0002374006,0.003236284608931047
2014,2015,GB0002418548,9.306074987072765e-05
2014,2015,GB0002634946,0.0010444477205964686
2014,2015,GB0002652740,0.00021995540440629516
2014,2015,GB0002670437,6.343739470727349e-06
2014,2015,GB0002869419,8.387372144199191e-05
2014,2015,GB0002875804,0.004536040467099866
2014,2015,GB0003096442,8.125348444110164e-05
2014,2015,GB0003308607,0.00016982776677179962
2014,2015,GB0003452173,9.175617342218471e-05
2014,2015,GB0003753778,8.403755169155184e-05
2014,2015,GB0004052071,0.00018751339164486621
2014,2015,GB0004082847,0.0016543467602668951
2014,2015,GB0004161021,0.00014694763191325626
2014,2015,GB0004478896,8.014426171522386e-05
2014,2015,GB0004544929,0.0018878315561504744
2014,2015,GB0004657408,8.826558012676525e-05
2014,2015,GB0004726096,2.8782032664907176e-05
2014,2015,GB0004866223,5.167122086784334e-05
2014,2015,GB0004915632,7.148230944801278e-05
2014,2015,GB0005405286,0.008128715871874342
2014,2015,GB0005576813,0.00017946173824705318
2014,2015,GB0005603997,0.0010210260156771238
2014,2015,GB0005746358,1.7023748096226364e-05
2014,2015,GB0005758098,0.0002728605872723595
2014,2015,GB0006027295,4.912241470586764e-05
2014,2015,GB0006215205,0.00010955870466620624
2014,2015,GB0006650450,3.5045202940022555e-05
2014,2015,GB0006731235,0.001746779868207515
2014,2015,GB0006776081,0.0006811263690395672
2014,2015,GB0006825383,0.0003337826742054733
2014,2015,GB0006886666,8.546989357875388e-05
2014,2015,GB0006928617,6.838241994053966e-05
2014,2015,GB0007099541,0.002654585430283016
2014,2015,GB0007188757,0.002961380237076841
2014,2015,GB0007323586,8.376658337817193e-05
2014,2015,GB0007594764,6.756173298599303e-05
2014,2015,GB0007668071,0.00016254945419874416
2014,2015,GB0007669376,0.00029326802065006674
2014,2015,GB0007908733,0.001101674961448956
2014,2015,GB0007958233,9.286692569332314e-05
2014,2015,GB0007973794,6.806575992578372e-05
2014,2015,GB0007980591,0.005210666071034625
2014,2015,GB0008025412,6.88105824295767e-05
2014,2015,GB0008085614,3.0796597618474945e-05
2014,2015,GB0008220112,0.00019262591600624192
2014,2015,GB0008706128,0.003767169304000709
2014,2015,GB0008782301,0.0003292435336321563
2014,2015,GB0008794710,7.250987738036128e-05
2014,2015,GB0009067447,2.9573495645189306e-05
2014,2015,GB0009123323,9.039097093321895e-05
2014,2015,GB0009223206,0.000736662894016061
2014,2015,GB0009292243,0.00011685955928335078
2014,2015,GB0009465807,0.00026192223456172924
2014,2015,GB0009633180,5.277294225496238e-05
2014,2015,GB0009697037,0.00038050611485722737
2014,2015,GB0009895292,0.003999429252032825
2014,2015,GB0022569080,0.00033416137434103313
2014,2015,GB0030232317,9.742068531142208e-05
2014,2015,GB0030913577,0.002285317827183832
2014,2015,GB0031274896,0.0005581474283127633
2014,2015,GB0031348658,0.0027631405607755613
2014,2015,GB0031638363,0.00023408422879151028
2014,2015,GB0031743007,0.0004879451318717219
2014,2015,GB0032089863,0.0007263332300086059
2014,2015,GB0033195214,0.0005578866125778968
2014,2015,GB0033986497,0.0006005728987933247
2014,2015,GB00B012BV22,3.105129859892801e-05
2014,2015,GB00B012TP20,6.812445470710812e-05
2014,2015,GB00B019KW72,0.0003263509202924094
2014,2015,GB00B02J6398,0.00026519654583773285
2014,2015,GB00B033F229,0.0009528456433546558
2014,2015,GB00B03HDJ73,0.0
2014,2015,GB00B04V1276,5.240998501443204e-05
2014,2015,GB00B0744B38,0.00040526465158133654
2014,2015,GB00B082RF11,0.0001657356669820415
2014,2015,GB00B0FYMT95,3.0641505036916015e-05
2014,2015,GB00B0SWJX34,0.0005254968838107585
2014,2015,GB00B0YG1K06,9.371992590003647e-05
2014,2015,GB00B135BJ46,7.027307163352376e-05
2014,2015,GB00B18P5K83,1.4226572783474567e-05
2014,2015,GB00B19Z1432,9.766994829418735e-05
2014,2015,GB00B1FH8J72,0.0003455787630912581
2014,2015,GB00B1FP6H53,0.00011180474778133672
2014,2015,GB00B1JQDM80,6.24125611988057e-05
2014,2015,GB00B1KJJ408,0.000602109010045884
2014,2015,GB00B1L5QH97,5.944828983225998e-05
2014,2015,GB00B1P6ZR11,6.558482978582477e-05
2014,2015,GB00B1WY2338,0.00031400509170898227
2014,2015,GB00B1YW4409,0.0003205410888809347
2014,2015,GB00B27YGJ97,2.476120065731658e-05
2014,2015,GB00B2B0DG97,0.0008670608811834771
2014,2015,GB00B2NGPM57,9.83456186001361e-05
2014,2015,GB00B2PDGW16,0.00010417383355373764
2014,2015,GB00B39J2M42,0.00044295250482083567
2014,2015,GB00B3DGH821,3.230555887922064e-05
2014,2015,GB00B3FLWH99,7.855080260133369e-05
2014,2015,GB00B41H7391,3.3426762339981474e-05
2014,2015,GB00B45C9X44,2.3650983044632065e-05
2014,2015,GB00B572ZV91,4.777186406637974e-05
2014,2015,GB00B5N0P849,0.00014744686476960683
2014,2015,GB00B5ZN1N88,0.0002078434848184289
2014,2015,GB00B61TVQ02,0.00022970304304370783
2014,2015,GB00B63H8491,0.0011429568195133822
2014,2015,GB00B63QSB39,5.2531694352347174e-05
2014,2015,GB00B67G5X01,9.737722910208855e-05
2014,2015,GB00B6XZKY75,5.5450059228186353e-05
2014,2015,GB00B6YTLS95,0.00015822629479659694
2014,2015,GB00B7KR2P84,0.00045590264652004144
2014,2015,GB00B82YXW83,7.849463022877798e-05
2014,2015,GB00B8B4R053,0.0
2014,2015,GB00B8C3BL03,0.0003329898807446799
2014,2015,GB00BD6K4575,0.001214266163543662
2014,2015,GB00BDCPN049,0.00046759114176309703
2014,2015,GB00BDR05C01,0.0026344046563761964
2014,2015,GB00BF044593,5.234998506316682e-05
2014,2015,GB00BF5H9P87,0.00022482733512979884
2014,2015,GB00BG11K365,8.460611733188967e-05
2014,2015,GB00BGLP8L22,0.00022487092896317636
2014,2015,GB00BH4HKS39,0.004102398386854801
2014,2015,GB00BHJYC057,0.00046660570237707516
2014,2015,GB00BJFFLV09,0.0002454510194290391
2014,2015,GB00BJQZC279,0.0001938150958081353
2014,2015,GB00BK9RKT01,0.00035583333941932376
2014,2015,GB00BKP36R26,3.7913658401489295e-05
2014,2015,GB00BKY40Q38,9.001120697474442e-05
2014,2015,GB00BL6XZ716,0.0002550991220420331
2014,2015,GB00BLGZ9862,0.0010687402851156276
2014,2015,GB00BM8PJY71,0.0031383369457513403
2014,2015,GB00BM8Q5M07,8.61642316759708e-05
2014,2015,GB00BMJ6DW54,0.0002150557526348375
2014,2015,GB00BN7SWP63,0.004657725907032619
2014,2015,GB00BNGDN821,0.000184101058229662
2014,2015,GB00BNNTLN49,0.000263840900814095
2014,2015,GB00BNR4T868,2.7570205520123362e-05
2014,2015,GB00BP92CJ43,0.00019250516845872756
2014,2015,GB00BP9LHF23,0.000419827446902623
2014,2015,GB00BPQY8M80,0.0009945998184977657
2014,2015,GB00BRB37M78,8.870576004019063e-05
2014,2015,GB00BV9FP302,6.238546223828306e-05
2014,2015,GB00BVFNZH21,0.00013197705155616152
2014,2015,GB00BWFGQN14,0.0001563889350881925
2014,2015,GB00BYQ0JC66,9.815439463312828e-05
2014,2015,GB00BYT1DJ19,0.00017245714919878448
2014,2015,GB00BYW0PQ60,0.0006511579991509647
2014,2015,GB00BYYTFB60,7.783787877092528e-05
2014,2015,GB00BZ4BQC70,0.00047882089345625524
2014,2015,IE0001827041,0.0007820318503869872
2014,2015,IE0002424939,0.00021498390718464975
2014,2015,IE0003864109,7.688444747995144e-05
2014,2015,IE0004927939,0.0001322317349149849
2014,2015,IE00B4BNMY34,0.0025151763941829745
2014,2015,IE00B8KQN827,0.0014479396158126518
2014,2015,IE00BD1RP616,0.0005321844901317975
2014,2015,IE00BF0L3536,0.0022500229946801104
2014,2015,IE00BGH1M568,0.001051778386022836
2014,2015,IE00BK9ZQ967,0.0007474174040237457
2014,2015,IE00BLP1HW54,0.0012007805598846998
2014,2015,IE00BTN1Y115,0.0031896683059663305
2014,2015,IE00BY7QL619,0.0008295162677928633
2014,2015,IL0002810146,0.00044582491061337474
2014,2015,IL0006046119,0.00024623330858738096
2014,2015,IL0006625771,0.0002965109665245627
2014,2015,IL0006954379,0.00011721963355331768
2014,2015,IL0010811243,0.0001299343589910261
2014,2015,IT0000062072,0.0014370006410433752
2014,2015,IT0000062957,0.0003170754986150878
2014,2015,IT0000072618,0.0020677902740892525
2014,2015,IT0001137345,8.738851512719902e-05
2014,2015,IT0001233417,9.78539511286937e-05
2014,2015,IT0001347308,0.0
2014,2015,IT0001469383,2.2481570174195676e-05
2014,2015,IT0003128367,0.0018177981145222621
2014,2015,IT0003132476,0.002849168431552075
2014,2015,IT0003153415,0.0007883786325916941
2014,2015,IT0003242622,0.000425874642180378
2014,2015,IT0003497168,0.0006550522143906238
2014,2015,IT0003506190,0.0008846373812695071
2014,2015,IT0003856405,0.00026793141662396754
2014,2015,IT0004810054,0.00010798483090040129
2014,2015,IT0004827447,0.0002794247470994444
2014,2015,IT0005239360,0.0017141909489886919
2014,2015,IT0005495657,0.0002297508331884602
2014,2015,IT0005508921,0.00014552323592458122
2014,2015,JE00B8KF9B49,0.0012283592855988708
2014,2015,JE00BJ1DLW90,0.00021530980469715243
2014,2015,LR0008862868,0.0008042333403864763
2014,2015,LU0075646355,0.00014144130066827404
2014,2015,NL0000008977,0.0008172625776346025
2014,2015,NL0000009082,0.0006027153206225396
2014,2015,NL0000009165,0.0018460136231234834
2014,2015,NL0000009538,0.001224410954141214
2014,2015,NL0000226223,0.00030703906516506274
2014,2015,NL0000235190,0.001759600223898258
2014,2015,NL0000289213,0.00010749710376453302
2014,2015,NL0000337319,4.16064807162971e-05
2014,2015,NL0000360618,0.00010756879421120658
2014,2015,NL0000379121,0.0004113765792738357
2014,2015,NL0000395903,0.00040957115485937344
2014,2015,NL0009432491,0.0003089235322142449
2014,2015,NL0010273215,0.002129747726254328
2014,2015,NL0010583399,4.246225136397754e-05
2014,2015,NL0011794037,0.0007203257849754627
2014,2015,NL0011821202,0.0022578533764710494
2014,2015,NL0013267909,0.0007619107392958641
2014,2015,NL00150001Q9,0.000649198826071174
2014,2015,NL0015001FS8,0.0006738509338258374
2014,2015,NO0003028904,0.0003320751140120793
2014,2015,NO0003053605,7.53252831412775e-05
2014,2015,NO0003733800,0.00033560702756696545
2014,2015,NO0005052605,0.0005182855755939567
2014,2015,NO0010063308,0.001360380946697747
2014,2015,NO0010096985,0.00248809485725314
2014,2015,NO0010199151,7.485713258942142e-05
2014,2015,NO0010208051,0.0005333233582550235
2014,2015,NO0010861990,4.4702999017768745e-05
2014,2015,NO0012470089,3.526012877425508e-05
2014,2015,PA1436583006,0.0011774369953439126
2014,2015,PTBCP0AM0015,0.00020395959583599567
2014,2015,PTEDP0AM0009,0.0005062793586733371
2014,2015,PTJMT0AE0001,0.00028598312707203347
2014,2015,PTSON0AM0001,0.00011895657287455566
2014,2015,PTZON0AM0006,0.00014139804945515426
2014,2015,SE0000106270,0.0027225937489396114
2014,2015,SE0000108227,0.0003874780652836225
2014,2015,SE0000108656,0.001637785090239974
2014,2015,SE0000112724,0.0005831630203707065
2014,2015,SE0000113250,0.0003785790871565842
2014,2015,SE0000114837,0.0001864903455586355
2014,2015,SE0000148884,0.0012228125676143262
2014,2015,SE0000163594,0.00019878164680339227
2014,2015,SE0000163628,0.0001874605270320017
2014,2015,SE0000171100,1.230495388840966e-11
2014,2015,SE0000190126,0.00021521416096677754
2014,2015,SE0000202624,0.00023162889366133523
2014,2015,SE0000242455,0.0012650949754389003
2014,2015,SE0000379190,0.00012166618331956132
2014,2015,SE0000667891,0.0005452812869251383
2014,2015,SE0000667925,0.0012462285927029681
2014,2015,SE0000695876,0.0003590169151981005
2014,2015,SE0000806994,0.00011228276398714344
2014,2015,SE0000862997,0.00011294090843035005
2014,2015,SE0000949331,3.159324279344773e-05
2014,2015,SE0003366871,2.1180991081830424e-11
2014,2015,SE0005190238,0.00022084665775624288
2014,2015,SE0006993770,0.0001440211529790661
2014,2015,SE0007100581,0.0008363831834540517
2014,2015,SE0007100599,0.0012791189250794326
2014,2015,SE0011090018,8.616897768104068e-05
2014,2015,SE0011166974,7.439163110092173e-05
2014,2015,SE0015811955,0.0005036697019565803
2014,2015,SE0015812219,0.0002701632356522469
2014,2015,SE0015988019,0.00010394813969263478
2014,2015,SE0016589188,0.000400783052292914
2014,2015,SE0017486889,0.0010400440795402602
2014,2015,SE0018012494,7.433953861114217e-05
2014,2015,SE0020050417,0.00019469993454316917
2014,2015,US0010551028,0.0012029514662526058
2014,2015,US00130H1059,0.00024379431915885435
2014,2015,US00206R1023,0.007798002191200592
2014,2015,US0028241000,0.0030295495874258557
2014,2015,US0028962076,8.621206339226563e-05
2014,2015,US00724F1012,0.0016272651462246855
2014,2015,US0079031078,7.051686770744646e-05
2014,2015,US0082521081,0.0005261133998711628
2014,2015,US00846U1016,0.0006361697623371937
2014,2015,US0091581068,0.0013571608393789574
2014,2015,US00971T1016,0.000490280437266469
2014,2015,US0126531013,0.00022918439604965282
2014,2015,US0185811082,0.0007696221872540667
2014,2015,US0188021085,0.00025593004093917135
2014,2015,US0200021014,0.0013121485962891799
2014,2015,US02079K3059,0.006745416322500793
2014,2015,US02209S1033,0.0043409214094058575
2014,2015,US0236081024,0.0004438021508167199
2014,2015,US0255371017,0.0012279072790778464
2014,2015,US0258161092,0.004254916308936667
2014,2015,US0268747849,0.003451867860683375
2014,2015,US03027X1000,0.0017668416430375066
2014,2015,US0311621009,0.005398694489750605
2014,2015,US0326541051,0.0007855015508505241
2014,2015,US0367521038,0.0015341593617958517
2014,2015,US03743Q1085,0.0010550012059913627
2014,2015,US0378331005,0.028898445660313778
2014,2015,US0382221051,0.001353931697809992
2014,2015,US0383361039,0.00021243370102245183
2014,2015,US0441861046,0.00038001912653354275
2014,2015,US0527691069,0.0006067144539909527
2014,2015,US0530151036,0.001788009265133875
2014,2015,US0534841012,0.0009676746023394659
2014,2015,US0536111091,0.0002229240390463675
2014,2015,US0538071038,0.00026710304234187223
2014,2015,US0584981064,0.0004133387715219534
2014,2015,US0605051046,0.008397880783350496
2014,2015,US0640581007,0.002070480161006372
2014,2015,US0708301041,0.0011356912887662124
2014,2015,US0718131099,0.001780117481703913
2014,2015,US0758871091,0.0012065776249562657
2014,2015,US0865161014,0.0005892046120116377
2014,2015,US09062X1037,0.0035621542198436685
2014,2015,US0970231058,0.004138921188330447
2014,2015,US1011371077,0.000759766915041231
2014,2015,US1101221083,0.004354114827149246
2014,2015,US1156372096,0.0005087657048771717
2014,2015,US12504L1098,0.0005285139515386416
2014,2015,US1255231003,0.0012159415411517101
2014,2015,US1258961002,0.0004051855876193249
2014,2015,US1264081035,0.0016229450453620546
2014,2015,US12653C1080,0.000367165871549473
2014,2015,US1266501006,0.004921734779424622
2014,2015,US1270551013,9.223008771001716e-05
2014,2015,US1344291091,0.0006309203365124002
2014,2015,US14040H1059,0.0020355316081226158
2014,2015,US14149Y1082,0.0011927416737861443
2014,2015,US1491231015,0.0024778948368556083
2014,2015,US15189T1079,0.0004213983571616827
2014,2015,US1667641005,0.009460160299222474
2014,2015,US1720621010,0.00037992727349782737
2014,2015,US17275R1023,0.006325983036845608
2014,2015,US1729674242,0.007305293430677716
2014,2015,US1858991011,2.5098101227612334e-11
2014,2015,US1890541097,0.0005957282649253693
2014,2015,US1912161007,0.008259534412720546
2014,2015,US1924461023,0.0014253292701556569
2014,2015,US1941621039,0.002821149146740969
2014,2015,US2003401070,0.0003682618723780525
2014,2015,US2058871029,0.000695969508862258
2014,2015,US20825C1045,0.003796837712967757
2014,2015,US2091151041,0.0008818470819754327
2014,2015,US21036P1084,0.0007525306532202318
2014,2015,US22160K1051,0.002786823834490159
2014,2015,US2283681060,0.00030300615564299446
2014,2015,US2310211063,0.0011839811465300036
2014,2015,US2333311072,0.0006363803571889279
2014,2015,US23355L1061,0.00038654116120657447
2014,2015,US2371941053,0.0003003121082121668
2014,2015,US2441991054,0.0013580411521417056
2014,2015,US25179M1036,0.0011317121999738805
2014,2015,US2546871060,0.007128369113613513
2014,2015,US25746U1097,0.002006978990951784
2014,2015,US2600031080,0.0005308250893957765
2014,2015,US26441C2044,0.002581973842503779
2014,2015,US26875P1012,0.0022673419639876943
2014,2015,US26884L1098,0.0005313095186438978
2014,2015,US2774321002,0.000490511126331396
2014,2015,US2786421030,0.0030891162123834605
2014,2015,US2788651006,0.0014086709763169525
2014,2015,US2810201077,0.0009888300808220745
2014,2015,US28176E1082,0.0005995782874555018
2014,2015,US2910111044,0.0019233621111311979
2014,2015,US29364G1031,0.0006756405437047814
2014,2015,US29444U7000,0.0005841694332396859
2014,2015,US29670G1022,0.00022210806809279756
2014,2015,US30040W1080,0.0007915374301440004
2014,2015,US30161N1019,0.0014587638511299658
2014,2015,US3021301094,0.0003880226409109483
2014,2015,US30231G1022,0.017323714864597717
2014,2015,US3024913036,0.0003389331042431432
2014,2015,US31428X1063,0.0021996148128708565
2014,2015,US3156161024,0.0004326670485555765
2014,2015,US3167731005,0.0007458820383372877
2014,2015,US3379321074,0.0007218934875513274
2014,2015,US3434121022,0.00045343774053758075
2014,2015,US34354P1057,0.0003584684804416272
2014,2015,US3453708600,0.0026107948631458595
2014,2015,US3546131018,0.0015460447113742665
2014,2015,US35671D8570,0.0010765149360223891
2014,2015,US3647601083,0.0007629293871988804
2014,2015,US3703341046,0.0014474987135683695
2014,2015,US3719011096,0.00022228877357446093
2014,2015,US37247D1063,0.0002189934695749248
2014,2015,US3755581036,0.00630749314880724
2014,2015,US38141G1040,0.0037638599812586534
2014,2015,US3825501014,0.0003521867667767728
2014,2015,US3848021040,0.0007632062173858445
2014,2015,US3976241071,4.3839349565245475e-05
2014,2015,US40434L1052,0.0032874752751974683
2014,2015,US4062161017,0.0015007755258100869
2014,2015,US4128221086,0.0006442843994350385
2014,2015,US4165151048,0.0008019192255707767
2014,2015,US4180561072,0.00032522417165633237
2014,2015,US4198701009,0.000130358285085607
2014,2015,US42250P1030,0.000915494985192628
2014,2015,US4278661081,0.0007376774618261882
2014,2015,US42809H1077,0.0009682087474607539
2014,2015,US4370761029,0.006158818510228406
2014,2015,US4385161066,0.003495080441748703
2014,2015,US4404521001,0.0006114191301321765
2014,2015,US44107P1049,0.0008093082511454384
2014,2015,US4448591028,0.0009748462285377961
2014,2015,US4456581077,0.00044967283336716507
2014,2015,US4461501045,0.00038175509501588595
2014,2015,US45073V1089,0.0001831588422296735
2014,2015,US4523081093,0.001646803329505953
2014,2015,US4581401001,0.007835391176382095
2014,2015,US4592001014,0.007088280266871959
2014,2015,US4595061015,0.0003742715291745899
2014,2015,US4601461035,0.0010020509936998492
2014,2015,US4606901001,0.00037534706090280927
2014,2015,US4612021034,0.001162461195322336
2014,2015,US46284V1017,0.00036424352813117127
2014,2015,US4657411066,5.081604064202649e-05
2014,2015,US46625H1005,0.010425607112331071
2014,2015,US4663131039,0.00018204127915718934
2014,2015,US46982L1089,0.00028052814437387223
2014,2015,US4781601046,0.013070850502410176
2014,2015,US48020Q1076,0.0003006046733310921
2014,2015,US48203R1041,0.00041100517956189653
2014,2015,US4824801009,0.0005288277785745369
2014,2015,US4878361082,0.0010375018960562894
2014,2015,US4891701009,0.00013866129159481578
2014,2015,US4932671088,0.0005282103765242891
2014,2015,US4943681035,0.001896566493551557
2014,2015,US49446R1095,0.00046814188478767134
2014,2015,US4972661064,0.000201571216018206
2014,2015,US5002551043,0.000542057740062979
2014,2015,US5010441013,0.0014048791926773332
2014,2015,US5178341070,0.002062284998857199
2014,2015,US5184391044,0.0007816725095284276
2014,2015,US5324571083,0.003426450303972693
2014,2015,US5339001068,0.0002459941179054277
2014,2015,US5341871094,0.0006894555720286999
2014,2015,US5398301094,0.002727185651802265
2014,2015,US5486611073,0.002985979642712319
2014,2015,US5502411037,0.0010152571396720583
2014,2015,US5526761086,7.306511380678928e-05
2014,2015,US5529531015,0.00047751424742253885
2014,2015,US5635714059,0.00013927367772906927
2014,2015,US56418H1005,0.0002517279220291198
2014,2015,US5658491064,0.0008623198820538422
2014,2015,US5717481023,0.0013832789252816388
2014,2015,US5719032022,0.0009965518704220643
2014,2015,US5738741041,0.00033685262114313585
2014,2015,US5745991068,0.00039140858606939895
2014,2015,US5770811025,0.000490324907478797
2014,2015,US5797802064,0.0003855927345982086
2014,2015,US5801351017,0.004078290563695508
2014,2015,US58155Q1031,0.002163134805274285
2014,2015,US58933Y1055,0.007235824936555965
2014,2015,US59156R1086,0.0027384380384601077
2014,2015,US5926881054,0.0003992048853170948
2014,2015,US5949181045,0.017085606014475507
2014,2015,US5950171042,0.00042328217770235563
2014,2015,US5951121038,0.0016661922568994385
2014,2015,US6005441000,9.25265850199382e-05
2014,2015,US6081901042,0.0005028035696037334
2014,2015,US60871R2094,0.000536991158046194
2014,2015,US6092071058,0.002722691852411012
2014,2015,US6174464486,0.003361890775599639
2014,2015,US61945C1036,0.0007395937953092597
2014,2015,US6200763075,0.0007121589241111393
2014,2015,US6293775085,0.0001327962067476002
2014,2015,US6311031081,0.00034600463922827097
2014,2015,US6365181022,0.00017388205165501668
2014,2015,US64110D1046,0.0005692219633760125
2014,2015,US6512291062,0.0004574369325543529
2014,2015,US6516391066,0.00040411954903751455
2014,2015,US65339F1012,0.002073874984862945
2014,2015,US6541061031,0.0029411396402008565
2014,2015,US65473P1057,0.0005863241650559401
2014,2015,US6556641008,0.0006654054363118986
2014,2015,US6558441084,0.0015217027026915811
2014,2015,US6658591044,0.0007012084272155392
2014,2015,US6668071029,0.0013103108723901042
2014,2015,US6687711084,0.0007850855683262964
2014,2015,US67066G1040,0.0005078312786870145
2014,2015,US6708371033,0.0002453684633756073
2014,2015,US67098H1041,0.0001748534378052036
2014,2015,US6745991058,0.0027951372338996957
2014,2015,US6819191064,0.0008655598877091295
2014,2015,US6826801036,0.0004899717631416398
2014,2015,US68389X1054,0.008813418859038878
2014,2015,US6866881021,8.118005387021984e-05
2014,2015,US6882392011,0.00017403903904494798
2014,2015,US69331C1080,0.0011475055978332313
2014,2015,US6934751057,0.0021291066407248876
2014,2015,US6935061076,0.0014123469210254795
2014,2015,US69351T1060,0.0010668916695993134
2014,2015,US6936561009,0.0004614270513415004
2014,2015,US6937181088,0.0010916364454725941
2014,2015,US7010941042,0.0008187472872952428
2014,2015,US70211M1099,5.1909516132600344e-05
2014,2015,US7134481081,0.006321804128972086
2014,2015,US7140461093,0.0002264078095209097
2014,2015,US7170811035,0.008759490371850817
2014,2015,US7234841010,0.0002984997467979104
2014,2015,US7244791007,0.0002034145713670323
2014,2015,US7310681025,0.00043992847400414384
2014,2015,US74144T1088,0.0009933333867480825
2014,2015,US74251V1026,0.0006998068471449428
2014,2015,US7427181091,0.010969548027519238
2014,2015,US7433151039,0.0007083719015731891
2014,2015,US74340W1036,0.000970468693786301
2014,2015,US7443201022,0.00184642669472042
2014,2015,US7445731067,0.0009600992785938531
2014,2015,US7475251036,0.005508826129231614
2014,2015,US74834L1008,0.00042798574997947997
2014,2015,US75281A1097,0.0004111126421220516
2014,2015,US75513E1010,0.004678714379158107
2014,2015,US7588491032,0.0002764954889046459
2014,2015,US7739031091,0.0006932077004473192
2014,2015,US7835491082,0.0002347384723447519
2014,2015,US78409V1044,0.0010828660222334174
2014,2015,US78440X8873,0.0005365958873773474
2014,2015,US78473E1038,0.00018546194723356453
2014,2015,US79466L3024,0.0016839827552192974
2014,2015,US8101861065,0.00015406344284490833
2014,2015,US81211K1007,0.00039122858011169157
2014,2015,US8168511090,0.0012409908644848866
2014,2015,US8243481061,0.0011346133229421702
2014,2015,US8288061091,0.0025658540495342437
2014,2015,US8326964058,0.00046499216185754544
2014,2015,US8354951027,0.00021117983747477516
2014,2015,US8425871071,0.0019199643377113057
2014,2015,US84265V1052,0.0010269590083313732
2014,2015,US8447411088,0.0012743542424077682
2014,2015,US8545021011,0.0006621734062625282
2014,2015,US8552441094,0.002719034869161943
2014,2015,US8574771031,0.001454682935914059
2014,2015,US8718291078,0.0010329522459528381
2014,2015,US8725401090,0.0020960337037225006
2014,2015,US87612E1064,0.0021503950265691395
2014,2015,US8807701029,0.00020825021751326333
2014,2015,US8816242098,0.002450208210802972
2014,2015,US8825081040,0.00251347934327203
2014,2015,US8832031012,0.0005357963356329776
2014,2015,US88337F1057,0.00020137551265041894
2014,2015,US8835561023,0.0022429932773046606
2014,2015,US88579Y1010,0.004653367476131683
2014,2015,US89417E1091,0.0015243460215198562
2014,2015,US89832Q1094,0.0012467911112716136
2014,2015,US9024941034,0.0005380874551468266
2014,2015,US9029733048,0.0035742370425628487
2014,2015,US9078181081,0.0047322085735495125
2014,2015,US9111631035,0.0001589637145153603
2014,2015,US9113121068,0.0034697781812294912
2014,2015,US9113631090,0.0004696729234664817
2014,2015,US9129091081,8.742710666181653e-13
2014,2015,US91529Y1064,0.00038605711177633475
2014,2015,US91913Y1001,0.0011084057785745193
2014,2015,US92276F1003,0.0009488009490049284
2014,2015,US92343V1044,0.008680848728640231
2014,2015,US9255501051,0.00014647544920892618
2014,2015,US9291601097,0.0004031423587537241
2014,2015,US92939U1060,0.0004786445645130042
2014,2015,US9311421039,0.012359969080366484
2014,2015,US9314271084,0.003716696923181107
2014,2015,US94106L1098,0.0010355490120207561
2014,2015,US9418481035,0.00042805951983143235
2014,2015,US9497461015,0.012643701151716067
2014,2015,US95040Q1040,0.001117100772738204
2014,2015,US95082P1057,0.00016266794166102085
2014,2015,US9581021055,0.0011708702138692733
2014,2015,US9621661043,0.00083525070778504
2014,2015,US9633201069,0.0006695754972548133
2014,2015,US9694571004,0.0015248967449869178
2014,2015,US98389B1008,0.0007376428131836364
2014,2015,US9839191015,0.0005208956074246002
2014,2015,US98421M1062,0.0006894537750757669
2014,2015,US9884981013,0.0014329957996327906
2014,2015,US98956P1021,0.0008529285713696765
2015,2016,AN8068571086,0.004069771763840341
2015,2016,AT00000VIE62,0.00010916406248727854
2015,2016,AT0000606306,0.0001970980341559553
2015,2016,AT0000652011,0.0006325242544017817
2015,2016,AT0000720008,0.0002305188138491386
2015,2016,AT0000743059,0.0003367654301331112
2015,2016,AT0000746409,0.00011845641116068695
2015,2016,BE0003470755,0.00046044400820028974
2015,2016,BE0003565737,0.0011874612409224013
2015,2016,BE0003593044,0.00011636891798529085
2015,2016,BE0003735496,7.358008054964777e-05
2015,2016,BE0003739530,0.0008035369898386429
2015,2016,BE0003755692,3.5484393860529275e-05
2015,2016,BE0003810273,0.0005370577102005425
2015,2016,BE0974258874,0.00015582968327266072
2015,2016,BE0974264930,0.00045611495499106434
2015,2016,BE0974293251,0.009200839380519136
2015,2016,CA00208D4084,0.0002481404740503169
2015,2016,CA0084741085,0.0003008763829750498
2015,2016,CA00900Q1037,0.00011220676553747438
2015,2016,CA05534B7604,0.0015179507582513605
2015,2016,CA0636711016,0.0017020540338837534
2015,2016,CA0641491075,0.0022604425795625226
2015,2016,CA0977518616,0.0001349280280719164
2015,2016,CA1247651088,0.0001734940060076754
2015,2016,CA12532H1047,0.000524783315047194
2015,2016,CA13321L1085,0.00027097116244950757
2015,2016,CA1360691010,0.0011983780955904706
2015,2016,CA1363751027,0.002026641722190652
2015,2016,CA1363851017,0.0010842355201606958
2015,2016,CA13646K1084,0.0009158445015938885
2015,2016,CA1366812024,0.0002905400695374354
2015,2016,CA1367178326,0.0
2015,2016,CA2849025093,0.00015676404972741402
2015,2016,CA29250N1050,0.0013805841998904365
2015,2016,CA2927661025,3.149690866050747e-06
2015,2016,CA3180714048,0.00011574055208169019
2015,2016,CA3359341052,0.00012352604800494097
2015,2016,CA3495531079,0.00028918177047759704
2015,2016,CA3759161035,0.00034881929990081436
2015,2016,CA39138C1068,0.0011484972852888503
2015,2016,CA4495861060,0.0002953149477180733
2015,2016,CA4530384086,0.0012561579164536178
2015,2016,CA45823T1066,0.00037230874362302206
2015,2016,CA4969024047,0.00011275157603092164
2015,2016,CA5394811015,0.0008942444716403808
2015,2016,CA5592224011,0.0007824101749329096
2015,2016,CA56501R1064,0.00137360681619077
2015,2016,CA59151K1084,1.8749021904412254e-05
2015,2016,CA6744822033,0.0
2015,2016,CA7392391016,0.00041220205336263015
2015,2016,CA7751092007,0.0006718654710140741
2015,2016,CA7800871021,0.0036545559481979263
2015,2016,CA8029121057,0.0004962671098287693
2015,2016,CA8239011031,0.0
2015,2016,CA85472N1096,0.00014907616868534246
2015,2016,CA8667961053,0.0008647194600278466
2015,2016,CA8672241079,0.001719583948188231
2015,2016,CA87807B1076,0.0010859311512462552
2015,2016,CA8787422044,3.3691195702711537e-05
2015,2016,CA87971M1032,0.0007809765939792875
2015,2016,CA8849038085,0.001337009352427161
2015,2016,CA8911605092,0.0033548348543371866
2015,2016,CA89346D1078,0.0
2015,2016,CA8959451037,0.0
2015,2016,CA98462Y1007,0.00010605423709809964
2015,2016,CH0008038389,0.00026946137215999247
2015,2016,CH0008742519,0.0012552460094423011
2015,2016,CH0010570759,0.00047072250518075007
2015,2016,CH0010645932,0.0008061178269114157
2015,2016,CH0011075394,0.0017962755265872304
2015,2016,CH0012005267,0.010732017844121622
2015,2016,CH0012032048,0.008979980572809968
2015,2016,CH0012138530,0.00196288486082085
2015,2016,CH0012138605,0.0006062915397229682
2015,2016,CH0012142631,0.0002978357534711152
2015,2016,CH0012214059,0.000971274695185712
2015,2016,CH0012221716,0.0019263008788503305
2015,2016,CH0012549785,0.00043515401552887955
2015,2016,CH0013841017,0.0004244378449753452
2015,2016,CH0014786500,7.176872404353843e-05
2015,2016,CH0014852781,0.00040804934866722585
2015,2016,CH0018294154,0.00021318835516749614
2015,2016,CH0024638212,0.0005236557157369055
2015,2016,CH0025238863,0.0007534135845367147
2015,2016,CH0025751329,0.00012575183825592302
2015,2016,CH0030170408,0.0006290380873570507
2015,2016,CH0038388911,0.00012100661637949185
2015,2016,CH0038863350,0.010959835955656595
2015,2016,CH0044328745,0.0017697040819686601
2015,2016,CH0048265513,0.00018133705640358628
2015,2016,CH0126881561,0.0017238144565921017
2015,2016,CH0210483332,0.0017284622460498728
2015,2016,CH0244767585,0.0034796856345136887
2015,2016,CH0319416936,0.00024546712600867737
2015,2016,CH0418792922,0.0003870800209681188
2015,2016,CH1169151003,0.00010999885313148291
2015,2016,CH1175448666,0.0002262825827437744
2015,2016,CH1256740924,0.0006928543452848256
2015,2016,DE0005140008,0.0015403654819440829
2015,2016,DE0005190003,0.002946562941832446
2015,2016,DE0005200000,0.0010636800923229637
2015,2016,DE0005408884,9.163391479956328e-05
2015,2016,DE0005439004,0.002210374599948519
2015,2016,DE0005470405,0.00017685755228118708
2015,2016,DE0005552004,0.0016336040887173404
2015,2016,DE0005557508,0.0038542438153276824
2015,2016,DE0005773303,0.0003025560461658092
2015,2016,DE0005810055,0.0007821092666070161
2015,2016,DE0005909006,0.0001824836109854894
2015,2016,DE0006047004,0.0004923010689761313
2015,2016,DE0006048432,0.0009301707932445123
2015,2016,DE0006070006,0.00025446766154494754
2015,2016,DE0006202005,0.0
2015,2016,DE0006231004,0.0007766684825360675
2015,2016,DE0006599905,0.0005952062793990327
2015,2016,DE0006602006,0.00041570066287749396
2015,2016,DE0006969603,0.00018155824268156252
2015,2016,DE0007030009,0.00010575044163612114
2015,2016,DE0007037129,0.0
2015,2016,DE0007042301,6.361175586983321e-05
2015,2016,DE0007100000,0.004204531702658883
2015,2016,DE0007164600,0.004538535923142867
2015,2016,DE0007236101,0.003986842243667346
2015,2016,DE0007257503,0.0004704585506297652
2015,2016,DE0007500001,0.00034902828850382427
2015,2016,DE0007664039,0.0014126552249713765
2015,2016,DE0008232125,7.849036092176568e-05
2015,2016,DE0008402215,0.0006441062654280777
2015,2016,DE0008404005,0.003755752363630166
2015,2016,DE0008430026,0.0015640955654310645
2015,2016,DE000A0D9PT0,0.0002634584073918097
2015,2016,DE000BASF111,0.003267266974053137
2015,2016,DE000BAY0017,0.0048376695177613505
2015,2016,DE000CBK1001,0.0005926301823984993
2015,2016,DE000ENAG999,0.0006354202195311579
2015,2016,DE000KSAG888,0.00017551373315489392
2015,2016,DE000PSM7770,0.00045918584051681026
2015,2016,DE000TUAG505,0.0004916534097534518
2015,2016,DK0010181759,0.0004607245286717337
2015,2016,DK0010234467,0.00013323079077761087
2015,2016,DK0010244508,0.00037257394876267054
2015,2016,DK0010274414,0.0012542393655898877
2015,2016,DK0010287663,7.098867127147077e-05
2015,2016,DK0060079531,0.00039630304738752693
2015,2016,DK0060336014,0.0005728358153930384
2015,2016,DK0060448595,0.0007819732765308162
2015,2016,DK0060477503,0.0001834328664051808
2015,2016,DK0060636678,0.0002855651806806631
2015,2016,DK0060738599,0.0002309851587804524
2015,2016,DK0061539921,0.0007306641482781082
2015,2016,ES0109427734,0.00012692693929418364
2015,2016,ES0112501012,0.00016409615623097984
2015,2016,ES0113211835,0.0021642625484029772
2015,2016,ES0113679I37,0.0003029261762193398
2015,2016,ES0113860A34,0.00045558585128825375
2015,2016,ES0113900J37,0.0033387452266329166
2015,2016,ES0116870314,0.0009568206286065447
2015,2016,ES0118594417,9.776875365909019e-05
2015,2016,ES0122060314,0.0
2015,2016,ES0124244E34,0.00038395825417648785
2015,2016,ES0125220311,0.0003052437780320882
2015,2016,ES0130670112,0.0008763332177910204
2015,2016,ES0130960018,0.0003677410535036529
2015,2016,ES0132105018,0.00022227470194862716
2015,2016,ES0144580Y14,0.002082968257296446
2015,2016,ES0148396007,0.004934741636973345
2015,2016,ES0152503035,0.00024197521648679714
2015,2016,ES0161560018,0.00012435315424769817
2015,2016,ES0167050915,0.000401734921876631
2015,2016,ES0171743901,8.081656529559048e-05
2015,2016,ES0173093024,0.0005963640292464339
2015,2016,ES0173516115,0.0006441111547640758
2015,2016,ES0178430E18,0.0026106985599727893
2015,2016,ES0182870214,3.6029308914027046e-05
2015,2016,FI0009000202,0.0001655483545098303
2015,2016,FI0009000277,0.00012451996496000415
2015,2016,FI0009000459,0.00017685088462717426
2015,2016,FI0009000681,0.0013284706978547206
2015,2016,FI0009002158,5.909126215948468e-05
2015,2016,FI0009002422,5.410503666193797e-05
2015,2016,FI0009003727,0.0004101238757502618
2015,2016,FI0009005318,0.00021104291405694753
2015,2016,FI0009005870,0.00010218568790499745
2015,2016,FI0009005961,0.0001980017782374004
2015,2016,FI0009005987,0.0004176999468484845
2015,2016,FI0009007132,0.0005694494879775815
2015,2016,FI0009007694,1.4004112464705328e-05
2015,2016,FI0009007884,0.0003166171069093786
2015,2016,FI0009013296,0.00035138689894145104
2015,2016,FI0009013403,0.0008820663740947113
2015,2016,FI0009800643,2.2453247061030905e-05
2015,2016,FI4000440664,0.00019909831513961052
2015,2016,FR0000035081,0.00026950347425699217
2015,2016,FR0000039109,0.0
2015,2016,FR0000044448,4.629501481714833e-05
2015,2016,FR0000045072,0.0014141303679255806
2015,2016,FR0000051070,8.127398449426108e-05
2015,2016,FR0000054900,0.00017209574199221912
2015,2016,FR0000064578,0.0002860162112707653
2015,2016,FR0000073272,0.0013354442394933378
2015,2016,FR0000077919,0.0004011258179338521
2015,2016,FR0000120073,0.0017611598946018368
2015,2016,FR0000120172,0.0010196195538919929
2015,2016,FR0000120222,0.0004426136603309987
2015,2016,FR0000120271,0.005055149445512443
2015,2016,FR0000120321,0.004367041255049548
2015,2016,FR0000120404,0.0004992735061024639
2015,2016,FR0000120503,0.0006901353926996737
2015,2016,FR0000120560,9.538320971121899e-05
2015,2016,FR0000120578,0.005168689025909616
2015,2016,FR0000120628,0.003063094638110211
2015,2016,FR0000120644,0.0020657470246712895
2015,2016,FR0000120693,0.0014438652227789259
2015,2016,FR0000120859,0.00025609343012701163
2015,2016,FR0000120966,0.0003590064710654267
2015,2016,FR0000121014,0.003667272365921191
2015,2016,FR0000121121,0.00024358127636594075
2015,2016,FR0000121204,0.00031258434270972635
2015,2016,FR0000121220,0.0007335955044601154
2015,2016,FR0000121329,0.0007202526314446905
2015,2016,FR0000121485,0.001017742571601084
2015,2016,FR0000121667,0.0012616877753582206
2015,2016,FR0000121964,0.00066350937131179
2015,2016,FR0000121972,0.001545497317905327
2015,2016,FR0000124141,0.00045785093895711826
2015,2016,FR0000125007,0.0010879708983171307
2015,2016,FR0000125338,0.000767903123793255
2015,2016,FR0000125486,0.0017910008097676005
2015,2016,FR0000127771,0.0014076785732131372
2015,2016,FR0000130213,0.00017623511728381928
2015,2016,FR0000130395,0.00013548514289149282
2015,2016,FR0000130403,0.0014106212073156682
2015,2016,FR0000130452,0.00027190656767068176
2015,2016,FR0000130577,0.0007136624665831381
2015,2016,FR0000130809,0.0017024680861395674
2015,2016,FR0000131104,0.0032576013726880724
2015,2016,FR0000131906,0.001377726414134101
2015,2016,FR0000133308,0.002115384353869405
2015,2016,FR0010040865,0.00038723909856119935
2015,2016,FR0010220475,0.0004793643371758724
2015,2016,FR0010242511,0.0012084596787968797
2015,2016,FR0013176526,0.0005544190409119772
2015,2016,FR0013280286,0.0002442885614137428
2015,2016,FR0013326246,0.0011841088342685311
2015,2016,FR0013505062,0.0001498886051926579
2015,2016,FR0013506730,7.265498274978627e-05
2015,2016,FR0014003TT8,0.0009117412975029525
2015,2016,FR001400AJ45,0.0008058719555880258
2015,2016,GB0000163088,5.9428601602722826e-05
2015,2016,GB0000456144,0.00031034074944691115
2015,2016,GB0000536739,0.00036907003108603293
2015,2016,GB0000811801,0.0003862476493075628
2015,2016,GB0000904986,0.00028494955658722997
2015,2016,GB0000961622,0.00012336248491691884
2015,2016,GB0001048619,5.73766417651964e-05
2015,2016,GB0001367019,0.0005636397262520821
2015,2016,GB0001500809,0.00012244511341738093
2015,2016,GB0001638955,8.937366011107032e-05
2015,2016,GB0001765816,6.410163291249067e-05
2015,2016,GB0001826634,9.8213780487872e-05
2015,2016,GB0001859296,0.0001343461342692009
2015,2016,GB0002018363,7.545509140239465e-05
2015,2016,GB0002074580,9.727836413036276e-05
2015,2016,GB0002148343,7.169398468046368e-05
2015,2016,GB0002318888,8.404882674870429e-05
2015,2016,GB0002374006,0.0031855992289904155
2015,2016,GB0002418548,7.00008530859145e-05
2015,2016,GB0002634946,0.0010767501504766776
2015,2016,GB0002652740,0.00028848447955657483
2015,2016,GB0002670437,0.0
2015,2016,GB0002869419,9.262174156729556e-05
2015,2016,GB0002875804,0.004769049201498658
2015,2016,GB0003096442,8.637280521461851e-05
2015,2016,GB0003308607,0.00016265865524952167
2015,2016,GB0003395000,6.543114704769396e-05
2015,2016,GB0003452173,5.692266026230727e-05
2015,2016,GB0003753778,0.00011117658210828896
2015,2016,GB0004052071,0.000225380959535462
2015,2016,GB0004082847,0.0012964260384620368
2015,2016,GB0004161021,0.00018601586745505797
2015,2016,GB0004170089,6.327838042069145e-05
2015,2016,GB0004270301,1.8698798795267216e-05
2015,2016,GB0004478896,7.237576823674372e-05
2015,2016,GB0004544929,0.0023353295875426206
2015,2016,GB0004657408,0.00011200188523897727
2015,2016,GB0004726096,3.613233470637542e-05
2015,2016,GB0004866223,3.785922987955602e-05
2015,2016,GB0004915632,0.00011156906543493475
2015,2016,GB0005405286,0.007185766717011653
2015,2016,GB0005576813,0.0002350664062163164
2015,2016,GB0005603997,0.0010601270376900552
2015,2016,GB0005746358,1.0136499995427868e-16
2015,2016,GB0005758098,0.00016653497791168636
2015,2016,GB0006027295,2.235361635737202e-05
2015,2016,GB0006215205,0.00012128630973570042
2015,2016,GB0006650450,3.3152389544171825e-05
2015,2016,GB0006731235,0.0018277828832968443
2015,2016,GB0006776081,0.00042399823356538527
2015,2016,GB0006825383,0.0004249187313809592
2015,2016,GB0006886666,5.7118222948267626e-05
2015,2016,GB0006928617,0.00011909844111137273
2015,2016,GB0007099541,0.002662616349532559
2015,2016,GB0007188757,0.0018384451965384526
2015,2016,GB0007323586,5.1781393217463295e-05
2015,2016,GB0007594764,6.550271338845746e-05
2015,2016,GB0007668071,0.00013852339843893594
2015,2016,GB0007669376,0.00034848452548881715
2015,2016,GB0007908733,0.0010539960732084922
2015,2016,GB0007958233,9.119222635322176e-05
2015,2016,GB0007973794,2.108345046480861e-05
2015,2016,GB0007980591,0.004405548534319828
2015,2016,GB0008025412,7.142123846253292e-05
2015,2016,GB0008085614,4.91439490077652e-05
2015,2016,GB0008220112,0.0002159855038341869
2015,2016,GB0008706128,0.0035311633458560347
2015,2016,GB0008782301,0.0004705206832814326
2015,2016,GB0008794710,5.908224017900509e-05
2015,2016,GB0009067447,1.0634252668125405e-06
2015,2016,GB0009123323,0.00010311982676848653
2015,2016,GB0009223206,0.0007669259833050901
2015,2016,GB0009292243,0.00010832126008717271
2015,2016,GB0009465807,0.00016737126397688634
2015,2016,GB0009633180,0.00010171005192858968
2015,2016,GB0009697037,0.0003581742351254082
2015,2016,GB0009895292,0.003969840597112807
2015,2016,GB0022569080,0.00038432086880131556
2015,2016,GB0030232317,0.00010660756541834195
2015,2016,GB0030913577,0.0026954515625095122
2015,2016,GB0031274896,0.0005150566118424543
2015,2016,GB0031348658,0.0024399401166552786
2015,2016,GB0031638363,0.00025306482108778083
2015,2016,GB0031743007,0.0003326209583980016
2015,2016,GB0032089863,0.0007618927757881219
2015,2016,GB0033195214,0.0005391089492188573
2015,2016,GB0033986497,0.0007432336829037222
2015,2016,GB00B012BV22,1.4615163315306062e-05
2015,2016,GB00B012TP20,5.8148405911619034e-05
2015,2016,GB00B019KW72,0.00031322983384817296
2015,2016,GB00B01QGK86,4.542093866896421e-05
2015,2016,GB00B02J6398,0.00034663238646786366
2015,2016,GB00B033F229,0.0007560238975877316
2015,2016,GB00B03HDJ73,0.0
2015,2016,GB00B04V1276,2.4775052415714804e-05
2015,2016,GB00B06QFB75,0.00024042994355449684
2015,2016,GB00B0744359,0.00012600455214435021
2015,2016,GB00B0744B38,0.0004331598145368996
2015,2016,GB00B082RF11,0.00019737757238909577
2015,2016,GB00B0FYMT95,4.076193185722543e-05
2015,2016,GB00B0KM9T71,8.678550046985847e-05
2015,2016,GB00B0LCW083,0.00032802912870324416
2015,2016,GB00B0N8QD54,0.00015376947977180182
2015,2016,GB00B0SWJX34,0.0006443083065530252
2015,2016,GB00B0YG1K06,0.00010648959626918794
2015,2016,GB00B128J450,9.836326258814272e-05
2015,2016,GB00B135BJ46,0.00010137976986619927
2015,2016,GB00B17MMZ46,8.024507276321e-05
2015,2016,GB00B18P5K83,2.5746295406722176e-05
2015,2016,GB00B19Z1432,8.936593026725835e-05
2015,2016,GB00B1FH8J72,0.0003728089478895027
2015,2016,GB00B1FP6H53,0.0001194392593549377
2015,2016,GB00B1JQDM80,7.510770154346951e-05
2015,2016,GB00B1KJJ408,0.0005574036808206485
2015,2016,GB00B1L5QH97,8.133533329303571e-05
2015,2016,GB00B1P6ZR11,3.641982805193251e-05
2015,2016,GB00B1VNSX38,0.0
2015,2016,GB00B1WY2338,0.000252162094115299
2015,2016,GB00B1YW4409,0.00035427063567899735
2015,2016,GB00B27YGJ97,4.817104705476124e-05
2015,2016,GB00B2B0DG97,0.0009090103518927412
2015,2016,GB00B2NGPM57,6.842677530320518e-05
2015,2016,GB00B2PDGW16,0.00010988409415866262
2015,2016,GB00B39J2M42,0.0004566737681543173
2015,2016,GB00B3DGH821,2.2417707505873517e-05
2015,2016,GB00B3FLWH99,4.964078481186473e-05
2015,2016,GB00B41H7391,4.734333906400488e-05
2015,2016,GB00B45C9X44,4.1856168478313e-05
2015,2016,GB00B572ZV91,2.336193232249095e-06
2015,2016,GB00B5N0P849,0.0001933578876143445
2015,2016,GB00B5ZN1N88,0.00025072349993993684
2015,2016,GB00B61TVQ02,0.0002514524877850357
2015,2016,GB00B63H8491,0.0007405148925694737
2015,2016,GB00B63QSB39,8.912059930381571e-05
2015,2016,GB00B67G5X01,0.0001366958800050387
2015,2016,GB00B6XZKY75,6.049468985154723e-05
2015,2016,GB00B6YTLS95,9.645293303606264e-05
2015,2016,GB00B7KR2P84,0.0004362671270895034
2015,2016,GB00B82YXW83,4.403033221219727e-05
2015,2016,GB00B8B4R053,4.210199201622895e-17
2015,2016,GB00B8C3BL03,0.0004232096184680424
2015,2016,GB00BD6K4575,0.00126565551077905
2015,2016,GB00BDCPN049,0.0005145309313495569
2015,2016,GB00BDR05C01,0.0026323616091543005
2015,2016,GB00BF044593,6.751767190857703e-05
2015,2016,GB00BF5H9P87,0.00024043847165671766
2015,2016,GB00BG11K365,0.00010321725990471747
2015,2016,GB00BGLP8L22,0.00015163282337606008
2015,2016,GB00BH4HKS39,0.00400993806731591
2015,2016,GB00BHJYC057,0.0005122479308271819
2015,2016,GB00BJ1F4N75,0.000374334288222284
2015,2016,GB00BJFFLV09,0.0002636545813216796
2015,2016,GB00BJQZC279,0.00014400258329662168
2015,2016,GB00BK9RKT01,0.00037337631375720736
2015,2016,GB00BKP36R26,3.734368525731756e-05
2015,2016,GB00BKY40Q38,9.322732187285268e-05
2015,2016,GB00BL6XZ716,0.0002942220815225631
2015,2016,GB00BLGZ9862,0.0008410136332513267
2015,2016,GB00BM8PJY71,0.0023574069616256743
2015,2016,GB00BM8Q5M07,0.0001423321942097843
2015,2016,GB00BMJ6DW54,0.0002469323426527812
2015,2016,GB00BN7SWP63,0.004557011562147426
2015,2016,GB00BNGDN821,0.0001804764320321384
2015,2016,GB00BNNTLN49,0.0002690802528875866
2015,2016,GB00BNR4T868,0.0
2015,2016,GB00BP6MXD84,0.004096722058002449
2015,2016,GB00BP92CJ43,0.00020161586033866146
2015,2016,GB00BP9LHF23,0.0004905996501668708
2015,2016,GB00BPQY8M80,0.0014280331796866512
2015,2016,GB00BRB37M78,0.00012138738768342429
2015,2016,GB00BV9FP302,5.9330299317675676e-05
2015,2016,GB00BVFNZH21,0.00011228824017353066
2015,2016,GB00BWFGQN14,0.0001861950558011902
2015,2016,GB00BYQ0JC66,0.00010160262625914814
2015,2016,GB00BYT1DJ19,0.000211748494389597
2015,2016,GB00BYW0PQ60,0.0006645364190151532
2015,2016,GB00BYYTFB60,8.015807101437999e-05
2015,2016,GB00BZ4BQC70,0.0003537538311207373
2015,2016,IE0001827041,0.0010707598755479524
2015,2016,IE0002424939,0.000331590768379099
2015,2016,IE0003864109,8.65750878278604e-05
2015,2016,IE0004927939,0.00021691282375519216
2015,2016,IE00B4BNMY34,0.0030365486547342968
2015,2016,IE00B8KQN827,0.001120802821970672
2015,2016,IE00BD1RP616,0.0004917268707182162
2015,2016,IE00BF0L3536,0.0007587901659722049
2015,2016,IE00BGH1M568,0.0010216275981664521
2015,2016,IE00BK9ZQ967,0.0006682479095162558
2015,2016,IE00BLP1HW54,0.001161014625291583
2015,2016,IE00BLS09M33,0.0004222284584530111
2015,2016,IE00BTN1Y115,0.005022160917001957
2015,2016,IE00BY7QL619,0.0006301614038498891
2015,2016,IL0002810146,0.0003183759681027794
2015,2016,IL0006046119,0.000270936238489222
2015,2016,IL0006625771,0.00034549145068287184
2015,2016,IL0006954379,0.00016682256962982113
2015,2016,IL0010811243,0.00019308023413349147
2015,2016,IT0000062072,0.001355031712532092
2015,2016,IT0000062957,0.00042265186613332144
2015,2016,IT0000072618,0.0024360092321352796
2015,2016,IT0000784196,0.00010391534257521641
2015,2016,IT0001137345,0.000142965171303669
2015,2016,IT0001233417,5.8309556324740466e-05
2015,2016,IT0001347308,0.0
2015,2016,IT0001469383,2.5845456301718545e-05
2015,2016,IT0003128367,0.0016021899163319868
2015,2016,IT0003132476,0.0024817655224219255
2015,2016,IT0003153415,0.0008768022810697075
2015,2016,IT0003242622,0.0005176711391256559
2015,2016,IT0003497168,0.0008391217981870046
2015,2016,IT0003506190,0.0010591155635856526
2015,2016,IT0003856405,0.00041139974599388956
2015,2016,IT0004810054,0.000185636223516476
2015,2016,IT0004827447,0.0003633701646120553
2015,2016,IT0005218380,0.0002463407183690784
2015,2016,IT0005239360,0.0015785757804385047
2015,2016,IT0005495657,0.0002154942769364093
2015,2016,IT0005508921,0.00017511690728540973
2015,2016,JE00B8KF9B49,0.0013710129496653407
2015,2016,JE00BJ1DLW90,0.00027130487260022145
2015,2016,LR0008862868,0.001010583716025641
2015,2016,LU0075646355,0.00010251296133380673
2015,2016,NL0000008977,0.0010345494136272454
2015,2016,NL0000009082,0.0007281934852318598
2015,2016,NL0000009165,0.0022896462733989218
2015,2016,NL0000009538,0.0011088731700586271
2015,2016,NL0000226223,0.0002899588054755124
2015,2016,NL0000235190,0.0024255153875870662
2015,2016,NL0000289213,0.00013381663507363716
2015,2016,NL0000337319,6.911269418152498e-05
2015,2016,NL0000360618,2.2105568209629992e-05
2015,2016,NL0000379121,0.0005678233716581201
2015,2016,NL0000395903,0.00046846279376172383
2015,2016,NL0009432491,0.0002604021249377188
2015,2016,NL0010273215,0.0018319197434977811
2015,2016,NL0010583399,5.834919289410511e-05
2015,2016,NL0011794037,0.0008355344814794435
2015,2016,NL0011821202,0.002400175490180207
2015,2016,NL0013267909,0.0007838329329040478
2015,2016,NL00150001Q9,0.0007957679118511424
2015,2016,NL0015001FS8,0.0008218121731261344
2015,2016,NO0003028904,0.00019715594662095105
2015,2016,NO0003053605,5.694707373128305e-05
2015,2016,NO0003733800,0.0003923312464165362
2015,2016,NO0005052605,0.0003141151640671827
2015,2016,NO0010063308,0.0012125997679818424
2015,2016,NO0010096985,0.002045619849271055
2015,2016,NO0010199151,8.946358400887275e-05
2015,2016,NO0010208051,0.0004782507313475293
2015,2016,NO0010861990,3.665414392937609e-05
2015,2016,NO0012470089,3.0468286324696327e-05
2015,2016,PA1436583006,0.001426728684671446
2015,2016,PTBCP0AM0015,0.00017931892348450656
2015,2016,PTEDP0AM0009,0.0003849012076210443
2015,2016,PTJMT0AE0001,0.00039559213246850215
2015,2016,PTSON0AM0001,0.0001376549119355265
2015,2016,PTZON0AM0006,0.0001538864780764206
2015,2016,SE0000106270,0.0024333485270961364
2015,2016,SE0000108227,0.0003099818354802508
2015,2016,SE0000108656,0.0013716774035309803
2015,2016,SE0000112724,0.000838758026634921
2015,2016,SE0000113250,0.0003584262781162354
2015,2016,SE0000114837,0.00021520458344671104
2015,2016,SE0000148884,0.0010686549743577477
2015,2016,SE0000163594,0.00026052996917499076
2015,2016,SE0000163628,0.00019413007355552697
2015,2016,SE0000171100,0.0
2015,2016,SE0000190126,0.00023204728872495858
2015,2016,SE0000202624,0.00028859992204847393
2015,2016,SE0000242455,0.0011805791303437143
2015,2016,SE0000379190,0.0001332868256152773
2015,2016,SE0000667891,0.0004891681095487444
2015,2016,SE0000667925,0.0010107305882777868
2015,2016,SE0000695876,0.00036541318028413526
2015,2016,SE0000806994,0.00013802858686218564
2015,2016,SE0000862997,0.00014401306405690298
2015,2016,SE0000949331,6.398166317249025e-05
2015,2016,SE0003366871,0.0
2015,2016,SE0005190238,0.00020449938657080395
2015,2016,SE0006993770,0.00020300248126388986
2015,2016,SE0007100581,0.0010347368273060911
2015,2016,SE0007100599,0.0011309934455699224
2015,2016,SE0011090018,8.730945114502231e-05
2015,2016,SE0011166974,9.412083922045863e-05
2015,2016,SE0015811955,0.0005388270369437128
2015,2016,SE0015812219,0.0003238336035484234
2015,2016,SE0015988019,0.00016194852074031662
2015,2016,SE0016589188,0.00033000784805052575
2015,2016,SE0017486889,0.000942840044536995
2015,2016,SE0018012494,2.0552352609975326e-05
2015,2016,SE0018012635,9.159531289996697e-05
2015,2016,SE0020050417,0.000174353910446448
2015,2016,US0010551028,0.0011667137097508557
2015,2016,US00130H1059,0.0
2015,2016,US00206R1023,0.009811071776757958
2015,2016,US0028241000,0.0031101071467161266
2015,2016,US0028962076,7.562669340029288e-05
2015,2016,US00724F1012,0.0021789335210487854
2015,2016,US0079031078,6.320274990239713e-05
2015,2016,US0082521081,0.00038882030629891343
2015,2016,US00846U1016,0.0006928005252978027
2015,2016,US0091581068,0.0012404157143243312
2015,2016,US00971T1016,0.000430196113412751
2015,2016,US0126531013,0.0003424860360519863
2015,2016,US0185811082,0.0008170473714548633
2015,2016,US0188021085,0.0001909571232482152
2015,2016,US0200021014,0.0011254467959329463
2015,2016,US02079K3059,0.010431864154133337
2015,2016,US02209S1033,0.0052799525631973925
2015,2016,US0236081024,0.00028847190447521694
2015,2016,US0255371017,0.001050256818013098
2015,2016,US0258161092,0.0031886067730504844
2015,2016,US0268747849,0.003557872887784306
2015,2016,US03027X1000,0.0018971349186779577
2015,2016,US03073E1055,0.0009792215555103306
2015,2016,US0311621009,0.005649116448845112
2015,2016,US0326541051,0.0008120855092281422
2015,2016,US0367521038,0.0017284341967262504
2015,2016,US03743Q1085,0.0007797951075752936
2015,2016,US0378331005,0.026901682117766862
2015,2016,US0382221051,0.0010136949835499356
2015,2016,US0383361039,0.0002478885524434468
2015,2016,US0441861046,0.0003131620847733868
2015,2016,US0527691069,0.0006367686644312619
2015,2016,US0530151036,0.0017977514039946036
2015,2016,US0534841012,0.001178587602214562
2015,2016,US0536111091,0.0002792294612249657
2015,2016,US0538071038,0.0002428956933383084
2015,2016,US0584981064,0.0004577586439210068
2015,2016,US0605051046,0.008092121063902325
2015,2016,US0640581007,0.0020892896090368425
2015,2016,US0708301041,0.0012856985737714796
2015,2016,US0718131099,0.0009980207439419513
2015,2016,US0758871091,0.0015127578193313734
2015,2016,US0865161014,0.00043383990250055816
2015,2016,US09062X1037,0.00315727169222982
2015,2016,US0970231058,0.004450560520402776
2015,2016,US0997241064,0.00046603752966501924
2015,2016,US1011211018,0.0009418409285764618
2015,2016,US1011371077,0.0010830684284976514
2015,2016,US1101221083,0.0052646901488049725
2015,2016,US1124631045,0.0001622100338598129
2015,2016,US1156372096,0.0005526951860892654
2015,2016,US12504L1098,0.0005481586040112757
2015,2016,US1255231003,0.0017053295035585998
2015,2016,US1258961002,0.0003868343461991892
2015,2016,US1264081035,0.001177311297159697
2015,2016,US12653C1080,0.0
2015,2016,US1266501006,0.005001111299294628
2015,2016,US1270551013,0.0
2015,2016,US1307881029,5.995025042997947e-05
2015,2016,US1344291091,0.0007756006457557339
2015,2016,US14040H1059,0.0017669329527630123
2015,2016,US14149Y1082,0.0013454690437237587
2015,2016,US1491231015,0.0018433135990759562
2015,2016,US1508701034,0.0004358284238906076
2015,2016,US15189T1079,0.000246397384559287
2015,2016,US1667641005,0.007805329948150574
2015,2016,US1717793095,8.852530565785785e-05
2015,2016,US1720621010,0.00044831423287601497
2015,2016,US17275R1023,0.006300952083747584
2015,2016,US1729674242,0.007104886544586259
2015,2016,US1858991011,0.0
2015,2016,US1890541097,0.0007515632040665138
2015,2016,US1912161007,0.008648993101471962
2015,2016,US1924461023,0.0016501756606402643
2015,2016,US1941621039,0.0027767664524560396
2015,2016,US2003401070,0.00032570942717606745
2015,2016,US2058871029,0.0008276671981301992
2015,2016,US20825C1045,0.002656020167948022
2015,2016,US2091151041,0.0009315829715533246
2015,2016,US21036P1084,0.0011703976927593097
2015,2016,US22160K1051,0.0032747178158942583
2015,2016,US2283681060,0.00031722710489680777
2015,2016,US2310211063,0.0007445798046976681
2015,2016,US2333311072,0.0005006202149756494
2015,2016,US23355L1061,0.00019985314401915316
2015,2016,US2371941053,0.00032160590426204386
2015,2016,US2441991054,0.0011208157905299482
2015,2016,US25179M1036,0.0006085010069990536
2015,2016,US2533931026,0.00013562105939788933
2015,2016,US2546871060,0.007999921918899214
2015,2016,US25746U1097,0.0018624327830204645
2015,2016,US2600031080,0.00045220382742919236
2015,2016,US26441C2044,0.0020635393169126403
2015,2016,US26875P1012,0.001840728406414179
2015,2016,US26884L1098,0.0004322708050029008
2015,2016,US2774321002,0.0004234450677582326
2015,2016,US2786421030,0.0014748676995976564
2015,2016,US2788651006,0.0015778164024193306
2015,2016,US2810201077,0.0009805107082507876
2015,2016,US28176E1082,0.0007411140412564959
2015,2016,US2910111044,0.0014741906401655412
2015,2016,US29364G1031,0.000427474492665162
2015,2016,US29444U7000,0.0008551025385830921
2015,2016,US29670G1022,0.00029657998252444277
2015,2016,US30040W1080,0.0008361669282881554
2015,2016,US30161N1019,0.0012987060081026903
2015,2016,US3021301094,0.00038061528474466464
2015,2016,US30231G1022,0.014936601794604177
2015,2016,US3024913036,0.00026349546643293783
2015,2016,US31428X1063,0.001878689538940608
2015,2016,US3156161024,0.00032375732251733774
2015,2016,US3167731005,0.0007309372345759484
2015,2016,US3379321074,0.0005109934797075402
2015,2016,US3434121022,0.0003978700303446174
2015,2016,US34354P1057,0.00025467097370742217
2015,2016,US3453708600,0.0025526423018638416
2015,2016,US3546131018,0.001053885645595857
2015,2016,US35671D8570,0.00026233748663773675
2015,2016,US3647601083,0.0004541581026529868
2015,2016,US3703341046,0.0015961008321831326
2015,2016,US3719011096,0.00018302966001606884
2015,2016,US37247D1063,0.00014543340369319255
2015,2016,US3755581036,0.006718226761120463
2015,2016,US38141G1040,0.003524522174495483
2015,2016,US3825501014,0.00038349280820407705
2015,2016,US3848021040,0.0006077330476841646
2015,2016,US3976241071,4.533074391319341e-18
2015,2016,US40434L1052,0.0009937172189993968
2015,2016,US4062161017,0.0013687966273433644
2015,2016,US4128221086,0.0004336087496609081
2015,2016,US4165151048,0.0008292880087519523
2015,2016,US4180561072,0.00038229569175219356
2015,2016,US4198701009,8.266290557414902e-05
2015,2016,US42250P1030,0.0008580685064626525
2015,2016,US4278661081,0.0006502729391520467
2015,2016,US42809H1077,0.0006858683488767819
2015,2016,US4370761029,0.007686335601187007
2015,2016,US4385161066,0.0036891036080553487
2015,2016,US4404521001,0.0009703182873407747
2015,2016,US44107P1049,0.0005718510360159808
2015,2016,US4448591028,0.0012285540494845132
2015,2016,US4456581077,0.00036302615381676533
2015,2016,US4461501045,0.0004105178026762083
2015,2016,US4470111075,7.397344422138669e-05
2015,2016,US45073V1089,0.00015347033610415108
2015,2016,US4523081093,0.0015489501145500549
2015,2016,US4581401001,0.007500841492124689
2015,2016,US4592001014,0.006159510428873582
2015,2016,US4595061015,0.0004720268912073844
2015,2016,US4601461035,0.0007008246793463594
2015,2016,US4606901001,0.0004371218035904341
2015,2016,US4612021034,0.0012232014100033279
2015,2016,US46284V1017,0.00031394278418816666
2015,2016,US4657411066,3.8193124481869906e-05
2015,2016,US46625H1005,0.011177343793590613
2015,2016,US4663131039,0.00015893873220523857
2015,2016,US46982L1089,0.00025147612038739313
2015,2016,US4781601046,0.013145047747585265
2015,2016,US48020Q1076,0.0003263747161845695
2015,2016,US48203R1041,0.0004509446065398248
2015,2016,US4824801009,0.000542189361675461
2015,2016,US4878361082,0.0012010370306903735
2015,2016,US4891701009,7.30579082359536e-05
2015,2016,US4932671088,0.0005090520561667841
2015,2016,US4943681035,0.002170971192721559
2015,2016,US49446R1095,0.0005271124406532801
2015,2016,US4972661064,0.00010921804655863439
2015,2016,US5002551043,0.0003981219634012034
2015,2016,US5010441013,0.0018867253357274312
2015,2016,US5178341070,0.0016055023221903046
2015,2016,US5184391044,0.0008838233244548629
2015,2016,US5324571083,0.004302995593879691
2015,2016,US5339001068,0.0001992304450392679
2015,2016,US5341871094,0.0005896315286322341
2015,2016,US5398301094,0.003074160192459763
2015,2016,US5486611073,0.0031887549160428885
2015,2016,US5502411037,0.0006626538386000864
2015,2016,US5526761086,5.520718769999799e-05
2015,2016,US5529531015,0.0006016546474602223
2015,2016,US5543821012,0.0006514950276049884
2015,2016,US5635714059,0.0001334919606073701
2015,2016,US56418H1005,0.0002986845354494521
2015,2016,US5658491064,0.00039423497303684395
2015,2016,US5717481023,0.0013451860579959981
2015,2016,US5719032022,0.0008017290092263118
2015,2016,US5738741041,0.00025408843603830466
2015,2016,US5745991068,0.0004169456014697556
2015,2016,US5770811025,0.0004784887621558823
2015,2016,US5797802064,0.0004522381785835743
2015,2016,US5801351017,0.0050262386965220784
2015,2016,US58155Q1031,0.002116247739590422
2015,2016,US58933Y1055,0.0068683146449820265
2015,2016,US59156R1086,0.0024761323964935873
2015,2016,US5926881054,0.0004500782408590816
2015,2016,US5949181045,0.020438749703302766
2015,2016,US5950171042,0.0004567333363825936
2015,2016,US5951121038,0.0007099454659348044
2015,2016,US6005441000,9.331017890453854e-05
2015,2016,US6081901042,0.0006316278735581458
2015,2016,US60871R2094,0.0007118405078375653
2015,2016,US6092071058,0.0032908457782523
2015,2016,US6174464486,0.0028041900040712358
2015,2016,US61945C1036,0.0005091651120568908
2015,2016,US6200763075,0.0005213222862567086
2015,2016,US6267171022,0.0001521071437973689
2015,2016,US6293775085,0.0
2015,2016,US6311031081,0.0004229285166885809
2015,2016,US6365181022,0.000168314731839281
2015,2016,US64110D1046,0.0003176273869241777
2015,2016,US6512291062,0.0005330249703423917
2015,2016,US6516391066,0.00041908240969492554
2015,2016,US65339F1012,0.0021913003421023093
2015,2016,US6541061031,0.003882601665252481
2015,2016,US65473P1057,0.00016652845954860695
2015,2016,US6556641008,0.00039044551593764564
2015,2016,US6558441084,0.0011612947087408496
2015,2016,US6658591044,0.00076375485232143
2015,2016,US6668071029,0.001576889505238858
2015,2016,US6687711084,0.0006800881453909667
2015,2016,US67066G1040,0.0008554505592694563
2015,2016,US6708371033,0.0
2015,2016,US67098H1041,0.0
2015,2016,US6745991058,0.0024095320217519525
2015,2016,US6819191064,0.0008751821780616502
2015,2016,US6821891057,0.0002014432653479149
2015,2016,US6826801036,0.00030676734319371845
2015,2016,US68389X1054,0.007080900170149188
2015,2016,US6866881021,0.00010297353152052077
2015,2016,US6882392011,0.00017159722753386637
2015,2016,US69331C1080,0.0012482639702687624
2015,2016,US6934751057,0.002241508375352097
2015,2016,US6935061076,0.0012300201299307936
2015,2016,US69351T1060,0.0010079712214546414
2015,2016,US6936561009,0.000233068172900683
2015,2016,US6937181088,0.0008175670552517926
2015,2016,US7010941042,0.0006220954722627022
2015,2016,US70211M1099,7.11811879833138e-05
2015,2016,US7134481081,0.006716670848596025
2015,2016,US7140461093,0.00028197917944106294
2015,2016,US7170811035,0.009204142976933557
2015,2016,US7234841010,0.00021038043972262986
2015,2016,US7244791007,0.0001811485888262044
2015,2016,US7310681025,0.0002450957083623125
2015,2016,US74144T1088,0.0008307531952524075
2015,2016,US74251V1026,0.0006263750060312762
2015,2016,US7427181091,0.00992309656544975
2015,2016,US7433151039,0.0008755499417963391
2015,2016,US74340W1036,0.0010843610827722843
2015,2016,US7443201022,0.0016892206769258335
2015,2016,US7445731067,0.0009478303792469352
2015,2016,US7475251036,0.0034851659866467644
2015,2016,US74834L1008,0.00046592570936099573
2015,2016,US75281A1097,0.00018345470204521558
2015,2016,US75513E1010,0.003953148314225503
2015,2016,US7588491032,0.0003195367191134832
2015,2016,US7607591002,0.0006325805177759012
2015,2016,US7739031091,0.0006602773359308088
2015,2016,US7835491082,0.00015758531290367047
2015,2016,US78409V1044,0.001241996876471563
2015,2016,US78440X8873,0.0005645653993171183
2015,2016,US78473E1038,6.325749944325117e-05
2015,2016,US79466L3024,0.002415074933008226
2015,2016,US8101861065,0.00015542666363139564
2015,2016,US81211K1007,0.00037904844035788036
2015,2016,US8168511090,0.0011039621692489785
2015,2016,US8243481061,0.0011333980546813015
2015,2016,US8288061091,0.0028629630223015057
2015,2016,US8326964058,0.0007047654606057722
2015,2016,US8354951027,0.00023479875916734312
2015,2016,US8425871071,0.0017441329778602774
2015,2016,US84265V1052,0.0009339453899178263
2015,2016,US8447411088,0.001250025601391255
2015,2016,US8545021011,0.0007242722356667575
2015,2016,US8552441094,0.004069271766706108
2015,2016,US8574771031,0.0012388911964891112
2015,2016,US8676524064,0.00021826289625699908
2015,2016,US8718291078,0.0010610511260048885
2015,2016,US8725401090,0.0021461412929662223
2015,2016,US87612E1064,0.00204708076249845
2015,2016,US8807701029,0.00023715735533604585
2015,2016,US8816242098,0.0030735016835210815
2015,2016,US8825081040,0.0025449812110057367
2015,2016,US8832031012,0.0005668371621956018
2015,2016,US88337F1057,0.00013798584354449538
2015,2016,US8835561023,0.0026068574402343075
2015,2016,US88579Y1010,0.004262020450105409
2015,2016,US89417E1091,0.0016098124538833412
2015,2016,US89832Q1094,0.001354246434884999
2015,2016,US9024941034,0.0006885968800102299
2015,2016,US9029733048,0.0034417009731814957
2015,2016,US9078181081,0.0031072517123780894
2015,2016,US9111631035,9.086912334917994e-05
2015,2016,US9113121068,0.0030723938326670743
2015,2016,US9113631090,0.00035883439989667495
2015,2016,US9129091081,0.0
2015,2016,US91324P1021,0.0051694946514826475
2015,2016,US91529Y1064,0.00034189221917678084
2015,2016,US91913Y1001,0.001432191829404155
2015,2016,US92276F1003,0.0008996723962646838
2015,2016,US92343V1044,0.008694993925285934
2015,2016,US9255501051,4.9259318852310254e-05
2015,2016,US92556V1061,0.0012389340282677437
2015,2016,US9291601097,0.0005739350422886188
2015,2016,US92939U1060,0.0006374576907246397
2015,2016,US9311421039,0.009094729066359318
2015,2016,US9314271084,0.004269990053149003
2015,2016,US94106L1098,0.0010412272833719585
2015,2016,US9418481035,0.0005241910163297989
2015,2016,US9427491025,0.00010632382147113636
2015,2016,US9497461015,0.012800915074684767
2015,2016,US95040Q1040,0.0011604628174773002
2015,2016,US95082P1057,8.4147752855448e-05
2015,2016,US9581021055,0.0007238928398305697
2015,2016,US9621661043,0.0007319497970287282
2015,2016,US9633201069,0.0005420099555575984
2015,2016,US9694571004,0.0008492144645521889
2015,2016,US98389B1008,0.0005904313925303205
2015,2016,US9839191015,0.0005710929106726638
2015,2016,US98421M1062,0.0005010400415805701
2015,2016,US9884981013,0.0014929129165474717
2015,2016,US98956P1021,0.0009687339740440192
2016,2017,AN8068571086,0.005062827793434605
2016,2017,AT00000VIE62,0.00013821811888862354
2016,2017,AT0000606306,0.00025325278694434176
2016,2017,AT0000652011,0.0005615117267436523
2016,2017,AT0000720008,0.00022640354380018595
2016,2017,AT0000743059,0.0004376710909786632
2016,2017,AT0000746409,0.00018167290457365393
2016,2017,AT0000938204,8.970524219566853e-05
2016,2017,BE0003470755,0.0004563448044021044
2016,2017,BE0003565737,0.0010878128090187288
2016,2017,BE0003593044,0.0001234410023786923
2016,2017,BE0003735496,4.370835625675676e-05
2016,2017,BE0003739530,0.0005407654725668078
2016,2017,BE0003755692,4.923914557803427e-05
2016,2017,BE0003810273,0.00046050403758178966
2016,2017,BE0974258874,0.00017730242912844237
2016,2017,BE0974264930,0.00036827181569829085
2016,2017,BE0974293251,0.007734601995291
2016,2017,CA00208D4084,0.0002931945287815236
2016,2017,CA0084741085,0.00042502163598798914
2016,2017,CA00900Q1037,7.9946477269453e-05
2016,2017,CA01626P1484,0.00030171821609162303
2016,2017,CA05534B7604,0.0016497702017949647
2016,2017,CA0636711016,0.0020456243047332506
2016,2017,CA0641491075,0.0029547292282959448
2016,2017,CA0977518616,0.00018728481134070056
2016,2017,CA1247651088,0.00017530529123165755
2016,2017,CA12532H1047,0.0005758753174713256
2016,2017,CA13321L1085,0.0001856696409330065
2016,2017,CA1360691010,0.0014058803123062887
2016,2017,CA1363751027,0.0022168533142466404
2016,2017,CA1363851017,0.0015217511225362455
2016,2017,CA13646K1084,0.0009213120546563093
2016,2017,CA1366812024,0.0003023818186230133
2016,2017,CA1367178326,0.0
2016,2017,CA2849025093,8.991959115064546e-05
2016,2017,CA29250N1050,0.0017566351762365626
2016,2017,CA2927661025,0.00011532324826966654
2016,2017,CA3180714048,0.00015298323658057654
2016,2017,CA3359341052,0.0003435216634382273
2016,2017,CA3495531079,0.0005035374819986134
2016,2017,CA3759161035,0.00028576561438439107
2016,2017,CA39138C1068,0.0011333400044502427
2016,2017,CA4495861060,0.000318728433929035
2016,2017,CA4530384086,0.0012466708039853423
2016,2017,CA45823T1066,0.00040834883795321376
2016,2017,CA4969024047,0.00020578142114490577
2016,2017,CA5394811015,0.0009395193915522089
2016,2017,CA5592224011,0.0007348127158656256
2016,2017,CA56501R1064,0.0015264646354186475
2016,2017,CA59151K1084,3.332898618012095e-05
2016,2017,CA6744822033,0.0
2016,2017,CA7392391016,0.0004148350038744828
2016,2017,CA7751092007,0.0007089597808497183
2016,2017,CA7800871021,0.0043586614172926
2016,2017,CA8029121057,0.0006595417125934262
2016,2017,CA8239011031,0.0
2016,2017,CA85472N1096,0.0001652867084687445
2016,2017,CA8667961053,0.001009005689667071
2016,2017,CA8672241079,0.002374819564042225
2016,2017,CA87807B1076,0.001704545928914007
2016,2017,CA8787422044,0.0005423435421909903
2016,2017,CA87971M1032,0.0008303321927263813
2016,2017,CA8849038085,0.0013678490323885306
2016,2017,CA8911605092,0.003976554379677911
2016,2017,CA89346D1078,0.0
2016,2017,CA8959451037,9.475556511433572e-05
2016,2017,CA98462Y1007,0.0001505755302014897
2016,2017,CH0008038389,0.00026871694318955473
2016,2017,CH0008742519,0.0010690214024112804
2016,2017,CH0010570759,0.0003745394042370622
2016,2017,CH0010645932,0.0007715124661025316
2016,2017,CH0011075394,0.0018013940731657835
2016,2017,CH0012005267,0.008285590991888074
2016,2017,CH0012032048,0.006947320014531654
2016,2017,CH0012138530,0.0013029132714864552
2016,2017,CH0012138605,0.000531615000005591
2016,2017,CH0012142631,0.00026800674360367386
2016,2017,CH0012214059,0.0010090784016150453
2016,2017,CH0012221716,0.002043421119037753
2016,2017,CH0012549785,0.0003734120538002149
2016,2017,CH0013841017,0.00042982813993539725
2016,2017,CH0014786500,4.51135160921752e-05
2016,2017,CH0014852781,0.0004012023222704612
2016,2017,CH0018294154,0.0002039784269780902
2016,2017,CH0024608827,0.000553100226772633
2016,2017,CH0024638212,0.0005119882873479006
2016,2017,CH0025238863,0.0006912065378208032
2016,2017,CH0025751329,0.00019600634373874963
2016,2017,CH0030170408,0.0006592245234378607
2016,2017,CH0038388911,0.00014631056561792156
2016,2017,CH0038863350,0.009679446125821056
2016,2017,CH0044328745,0.002659653027180691
2016,2017,CH0048265513,0.00022879398092557718
2016,2017,CH0126881561,0.0015086371629162982
2016,2017,CH0210483332,0.0014971819268188276
2016,2017,CH0244767585,0.0026442170462105895
2016,2017,CH0319416936,0.0002906689508538074
2016,2017,CH0418792922,0.0004828765762389655
2016,2017,CH1169151003,0.000152190390963133
2016,2017,CH1175448666,0.00026032777594508485
2016,2017,CH1256740924,0.000689340767205762
2016,2017,DE0005089031,0.00032977382058996246
2016,2017,DE0005140008,0.001055082404036921
2016,2017,DE0005190003,0.002420442760775128
2016,2017,DE0005200000,0.0009141259672297731
2016,2017,DE0005408884,0.00010224992179693767
2016,2017,DE0005439004,0.0016533798198842783
2016,2017,DE0005470405,0.0002658385313220751
2016,2017,DE0005552004,0.0017968662671674252
2016,2017,DE0005557508,0.0034748799026544535
2016,2017,DE0005773303,0.00028070283527650706
2016,2017,DE0005810055,0.0006589368701499603
2016,2017,DE0005909006,0.00011949969413170984
2016,2017,DE0006047004,0.0004450473140432447
2016,2017,DE0006048432,0.0009217115932807199
2016,2017,DE0006070006,0.0003867585833760946
2016,2017,DE0006202005,6.344105648888016e-19
2016,2017,DE0006231004,0.0008783897953407573
2016,2017,DE0006599905,0.0006114125236216328
2016,2017,DE0006602006,0.0003940159181116361
2016,2017,DE0006969603,0.00019916943190194047
2016,2017,DE0007030009,0.00013178956357462585
2016,2017,DE0007037129,0.0
2016,2017,DE0007042301,7.427324494115019e-05
2016,2017,DE0007100000,0.003455767170018387
2016,2017,DE0007164600,0.004609790108520722
2016,2017,DE0007236101,0.004529658712860192
2016,2017,DE0007257503,0.00045492522424353386
2016,2017,DE0007500001,0.00042119387324340195
2016,2017,DE0007664039,0.001273502304201904
2016,2017,DE0008232125,0.0
2016,2017,DE0008402215,0.0005881930103702108
2016,2017,DE0008404005,0.0032487541166797886
2016,2017,DE0008430026,0.001324164406151105
2016,2017,DE000A0D9PT0,0.00029289906897323403
2016,2017,DE000BASF111,0.003691910825518986
2016,2017,DE000BAY0017,0.0037773462185837245
2016,2017,DE000CBK1001,0.0004050656308407609
2016,2017,DE000CLS1001,0.0002748083918222481
2016,2017,DE000ENAG999,0.0006978202704481606
2016,2017,DE000KSAG888,0.00013521114927840067
2016,2017,DE000PSM7770,0.0003240217642608385
2016,2017,DE000TUAG505,0.0002979050097990619
2016,2017,DK0010181759,0.00041422433461170725
2016,2017,DK0010234467,0.00015826899986255675
2016,2017,DK0010244508,0.0004535775993578023
2016,2017,DK0010274414,0.0012978814646381661
2016,2017,DK0010287663,6.997221419056483e-05
2016,2017,DK0060079531,0.00040837085076992675
2016,2017,DK0060336014,0.00037252559742568007
2016,2017,DK0060448595,0.000586636734744217
2016,2017,DK0060477503,0.00012480358948005412
2016,2017,DK0060636678,0.0002255374113259284
2016,2017,DK0060738599,0.00018246698357410036
2016,2017,DK0061539921,0.0005873240739568871
2016,2017,ES0109427734,0.00014574405768349866
2016,2017,ES0112501012,0.00014817733658335801
2016,2017,ES0113211835,0.001944403775413317
2016,2017,ES0113679I37,0.00031108090274191766
2016,2017,ES0113860A34,0.0003318919802103918
2016,2017,ES0113900J37,0.0033260254953171534
2016,2017,ES0116870314,0.0008429647111905911
2016,2017,ES0118594417,0.00012769982406549997
2016,2017,ES0122060314,0.0
2016,2017,ES0124244E34,0.0004363997841860777
2016,2017,ES0125220311,0.0002449797125886512
2016,2017,ES0130670112,0.000881280933856116
2016,2017,ES0130960018,0.0003393965088614166
2016,2017,ES0132105018,0.00020198457672199505
2016,2017,ES0144580Y14,0.001824314763135456
2016,2017,ES0148396007,0.004597076103316921
2016,2017,ES0152503035,0.00024903377465038085
2016,2017,ES0161560018,9.616080927404491e-05
2016,2017,ES0167050915,0.0004292722059296495
2016,2017,ES0171743901,7.340713517149322e-05
2016,2017,ES0171996087,0.0004293438042549087
2016,2017,ES0173093024,0.0005102787536983135
2016,2017,ES0173516115,0.0008274843710301701
2016,2017,ES0178430E18,0.0020613489269348372
2016,2017,ES0182870214,5.8170637533694314e-05
2016,2017,FI0009000202,0.00016644372307525205
2016,2017,FI0009000277,0.00011302262171668774
2016,2017,FI0009000459,0.00017410369007369035
2016,2017,FI0009000681,0.0012366570455945769
2016,2017,FI0009002158,7.128820624453698e-05
2016,2017,FI0009002422,0.00019588438286681845
2016,2017,FI0009003727,0.00040428163992119187
2016,2017,FI0009005318,0.0002116637124720502
2016,2017,FI0009005870,9.957958252044693e-05
2016,2017,FI0009005961,0.0002351883419214967
2016,2017,FI0009005987,0.0005436286544962244
2016,2017,FI0009007132,0.0005245940059931721
2016,2017,FI0009007694,3.4027196873845546e-05
2016,2017,FI0009007884,0.00025372781774398904
2016,2017,FI0009013296,0.0004152779453617339
2016,2017,FI0009013403,0.0008678196676993817
2016,2017,FI0009800643,6.333262995834043e-05
2016,2017,FI4000440664,0.0002165921448908676
2016,2017,FR0000035081,0.00026808132134167596
2016,2017,FR0000039109,3.856433629022289e-19
2016,2017,FR0000044448,7.275219371343778e-05
2016,2017,FR0000045072,0.0014989448486908549
2016,2017,FR0000051070,7.54007843293722e-05
2016,2017,FR0000054900,0.00012381163872038578
2016,2017,FR0000064578,0.00027794124803726193
2016,2017,FR0000073272,0.0013222228885250667
2016,2017,FR0000077919,0.0003177026065047813
2016,2017,FR0000120073,0.0018311923353596176
2016,2017,FR0000120172,0.0008104669202469843
2016,2017,FR0000120222,0.0005557415218058239
2016,2017,FR0000120271,0.005387518722411749
2016,2017,FR0000120321,0.004422835597703389
2016,2017,FR0000120404,0.00047973180277706347
2016,2017,FR0000120503,0.0005740669839633842
2016,2017,FR0000120560,9.952316377236653e-05
2016,2017,FR0000120578,0.004535557828560302
2016,2017,FR0000120628,0.0026362495356129804
2016,2017,FR0000120644,0.0018093219008360718
2016,2017,FR0000120693,0.0012868163682991927
2016,2017,FR0000120859,0.00026972610126229187
2016,2017,FR0000120966,0.00027380485555878224
2016,2017,FR0000121014,0.004180023366900245
2016,2017,FR0000121121,0.00019206365319035109
2016,2017,FR0000121204,0.0002859595918897913
2016,2017,FR0000121220,0.000789140670248312
2016,2017,FR0000121329,0.0008999784947948072
2016,2017,FR0000121485,0.0012506023660611093
2016,2017,FR0000121667,0.0010651834585844863
2016,2017,FR0000121964,0.0005677939806149127
2016,2017,FR0000121972,0.0017734200936006172
2016,2017,FR0000124141,0.00016093439229721828
2016,2017,FR0000125007,0.0011031094524195859
2016,2017,FR0000125338,0.0006428259488639955
2016,2017,FR0000125486,0.0017758357753098481
2016,2017,FR0000127771,0.0011020824773292504
2016,2017,FR0000130213,0.0001637073454652664
2016,2017,FR0000130395,0.00013744212411518153
2016,2017,FR0000130403,0.0016550720513348763
2016,2017,FR0000130452,0.00031749101193573537
2016,2017,FR0000130577,0.0007172640727243805
2016,2017,FR0000130809,0.0016913098280712472
2016,2017,FR0000131104,0.0034281852810979082
2016,2017,FR0000131906,0.0011305077715717162
2016,2017,FR0000133308,0.0017742612853559223
2016,2017,FR0010040865,0.000397745447999653
2016,2017,FR0010220475,0.000297422643033895
2016,2017,FR0010242511,0.0008107609144646777
2016,2017,FR0010307819,0.0006604197672528637
2016,2017,FR0010313833,0.0003059715604575174
2016,2017,FR0010340141,0.0004888642258537788
2016,2017,FR0013176526,0.0005946386431204215
2016,2017,FR0013280286,0.0002823788082224363
2016,2017,FR0013326246,0.0010561565839243918
2016,2017,FR0013505062,0.00011101601072157994
2016,2017,FR0013506730,0.000193920476116263
2016,2017,FR0014003TT8,0.0008068751861925651
2016,2017,FR001400AJ45,0.0008687439047317469
2016,2017,GB0000163088,5.461983659355596e-05
2016,2017,GB0000456144,0.0003395705842649127
2016,2017,GB0000536739,0.00042894062247563034
2016,2017,GB0000811801,0.00017545336891554595
2016,2017,GB0000904986,0.00019965664535719286
2016,2017,GB0000961622,8.735877864397123e-05
2016,2017,GB0001048619,4.203224360667388e-05
2016,2017,GB0001367019,0.0003505305334382043
2016,2017,GB0001500809,0.00014483845748778867
2016,2017,GB0001638955,5.2570947696230654e-05
2016,2017,GB0001765816,5.33747578330085e-05
2016,2017,GB0001826634,0.00011016368905882886
2016,2017,GB0001859296,7.466318644389255e-05
2016,2017,GB0002018363,4.759678614872759e-05
2016,2017,GB0002074580,7.032835802470414e-05
2016,2017,GB0002148343,4.776340130469184e-05
2016,2017,GB0002318888,6.822874089244185e-05
2016,2017,GB0002374006,0.002843456011550487
2016,2017,GB0002418548,9.474531426279735e-05
2016,2017,GB0002634946,0.001008499396498454
2016,2017,GB0002652740,0.00017244817137808754
2016,2017,GB0002670437,0.0
2016,2017,GB0002869419,4.212002003900972e-05
2016,2017,GB0002875804,0.004596276756920273
2016,2017,GB0003096442,0.00010308645322973321
2016,2017,GB0003308607,0.00017761590628778646
2016,2017,GB0003395000,0.00010102877441459851
2016,2017,GB0003452173,0.0
2016,2017,GB0003753778,6.818160719694492e-05
2016,2017,GB0004052071,0.00017627694376313744
2016,2017,GB0004082847,0.0011873985819951232
2016,2017,GB0004161021,0.00015329489976476264
2016,2017,GB0004170089,5.3334904935605266e-05
2016,2017,GB0004270301,5.9549789438701654e-05
2016,2017,GB0004478896,0.00013846834821731546
2016,2017,GB0004544929,0.0018175737276727804
2016,2017,GB0004657408,4.760558564250088e-05
2016,2017,GB0004726096,4.415576128091813e-05
2016,2017,GB0004866223,2.4879115306882213e-17
2016,2017,GB0004915632,8.459643194399594e-05
2016,2017,GB0005405286,0.006957749280557133
2016,2017,GB0005576813,0.0001214699944648516
2016,2017,GB0005603997,0.0007572277720635807
2016,2017,GB0005746358,0.0
2016,2017,GB0005758098,0.0001596138681307546
2016,2017,GB0006027295,1.580732288741416e-05
2016,2017,GB0006215205,0.00013095452584892416
2016,2017,GB0006650450,0.0
2016,2017,GB0006731235,0.001168131009382326
2016,2017,GB0006776081,0.0003652473077750336
2016,2017,GB0006825383,0.00028431248786790466
2016,2017,GB0006886666,5.218868217485571e-05
2016,2017,GB0006928617,6.929872524246882e-05
2016,2017,GB0007099541,0.0022255465689817976
2016,2017,GB0007188757,0.002346717827680659
2016,2017,GB0007323586,8.629307387346604e-05
2016,2017,GB0007594764,8.067032082009347e-05
2016,2017,GB0007668071,0.0001126888930573344
2016,2017,GB0007669376,0.0002828017790926347
2016,2017,GB0007908733,0.0008324155784244576
2016,2017,GB0007958233,4.2131104126471185e-05
2016,2017,GB0007973794,5.660657484685472e-05
2016,2017,GB0007980591,0.0052912781452622345
2016,2017,GB0008025412,2.9294211100806023e-05
2016,2017,GB0008085614,3.4684225701742156e-05
2016,2017,GB0008220112,0.0001514225109888628
2016,2017,GB0008706128,0.0023435474826761934
2016,2017,GB0008782301,0.000280693897761729
2016,2017,GB0008794710,7.965265713100154e-05
2016,2017,GB0009067447,1.5944878513397713e-16
2016,2017,GB0009123323,7.482184276131292e-05
2016,2017,GB0009223206,0.0005879714881896478
2016,2017,GB0009292243,9.23735133349297e-05
2016,2017,GB0009465807,0.0002430356042770521
2016,2017,GB0009633180,9.720837239012661e-05
2016,2017,GB0009697037,0.00023729866215717023
2016,2017,GB0009895292,0.002989554249032264
2016,2017,GB0022569080,0.0003800846890034953
2016,2017,GB0030232317,8.619381258593157e-05
2016,2017,GB0030913577,0.0019456410990302223
2016,2017,GB0031274896,0.00030815875002526016
2016,2017,GB0031348658,0.0019502966401415427
2016,2017,GB0031638363,0.00028896934914322174
2016,2017,GB0031743007,0.00032279828096754037
2016,2017,GB0032089863,0.00036263185629624895
2016,2017,GB0033195214,0.0004308335592556096
2016,2017,GB0033986497,0.000454508444622969
2016,2017,GB00B012BV22,1.336040725071474e-05
2016,2017,GB00B012TP20,4.643287236540651e-05
2016,2017,GB00B019KW72,0.0002611309785766312
2016,2017,GB00B01QGK86,2.906503463913728e-16
2016,2017,GB00B02J6398,0.0002836973207639743
2016,2017,GB00B033F229,0.0007177758836513261
2016,2017,GB00B03HDJ73,0.0
2016,2017,GB00B04V1276,3.2702003639853094e-05
2016,2017,GB00B06QFB75,0.00012035635329921796
2016,2017,GB00B0744359,3.3833508292079724e-05
2016,2017,GB00B0744B38,0.00039850910296592443
2016,2017,GB00B082RF11,0.00023205774870501382
2016,2017,GB00B0FYMT95,0.0
2016,2017,GB00B0KM9T71,5.084357632881554e-05
2016,2017,GB00B0LCW083,0.00028540534847964143
2016,2017,GB00B0N8QD54,6.98122623595939e-05
2016,2017,GB00B0SWJX34,0.0005630112201323808
2016,2017,GB00B0WMWD03,9.965558271431736e-05
2016,2017,GB00B0YG1K06,0.0
2016,2017,GB00B128J450,0.00010523503231122523
2016,2017,GB00B132NW22,0.00013111886624656553
2016,2017,GB00B135BJ46,0.00011459249283885343
2016,2017,GB00B17MMZ46,4.5026315363102554e-05
2016,2017,GB00B18P5K83,5.395199999985447e-06
2016,2017,GB00B19Z1432,6.131025016361365e-05
2016,2017,GB00B1FH8J72,0.00027707426436669573
2016,2017,GB00B1FP6H53,6.6322557505926e-05
2016,2017,GB00B1FW5029,7.430055334368496e-05
2016,2017,GB00B1JQDM80,3.272003293240837e-05
2016,2017,GB00B1KJJ408,0.00034878677200620524
2016,2017,GB00B1L5QH97,2.1120642844199684e-05
2016,2017,GB00B1P6ZR11,1.244541568459593e-05
2016,2017,GB00B1VNSX38,7.078757218397077e-19
2016,2017,GB00B1WY2338,0.0003237332611651904
2016,2017,GB00B1YW4409,0.00038880351300939664
2016,2017,GB00B27YGJ97,6.182274563144754e-05
2016,2017,GB00B2B0DG97,0.0008582687448831164
2016,2017,GB00B2NGPM57,7.653716196966507e-05
2016,2017,GB00B2PDGW16,7.573451977336274e-05
2016,2017,GB00B39J2M42,0.00033665632656890507
2016,2017,GB00B3DGH821,2.899606565326871e-05
2016,2017,GB00B3FLWH99,7.33923373371794e-05
2016,2017,GB00B41H7391,5.475726463547537e-05
2016,2017,GB00B45C9X44,3.655446535514882e-05
2016,2017,GB00B572ZV91,2.0678435059938797e-05
2016,2017,GB00B5N0P849,0.0001957143758131697
2016,2017,GB00B5ZN1N88,0.00022866068317472184
2016,2017,GB00B61TVQ02,0.000173394760628654
2016,2017,GB00B63H8491,0.0006792381324776288
2016,2017,GB00B63QSB39,3.403619662935489e-05
2016,2017,GB00B67G5X01,0.00010256679219531758
2016,2017,GB00B6XZKY75,2.259362470039503e-05
2016,2017,GB00B6YTLS95,1.5801841644921603e-05
2016,2017,GB00B7KR2P84,8.399443145159103e-05
2016,2017,GB00B82YXW83,3.8486322312472926e-05
2016,2017,GB00B8B4R053,0.0
2016,2017,GB00B8C3BL03,0.0003592621959494031
2016,2017,GB00BD6K4575,0.001256515675600985
2016,2017,GB00BDCPN049,0.0006467794580059572
2016,2017,GB00BDR05C01,0.0021037474491205493
2016,2017,GB00BF044593,3.2276760902600605e-05
2016,2017,GB00BF5H9P87,0.00015313131704338648
2016,2017,GB00BF8Q6K64,0.0003804872395441063
2016,2017,GB00BG11K365,6.568225836764486e-05
2016,2017,GB00BGDT3G23,0.00010115772615731491
2016,2017,GB00BGLP8L22,0.00013571686774345175
2016,2017,GB00BH4HKS39,0.0028571328191520757
2016,2017,GB00BHJYC057,0.0004377120435864203
2016,2017,GB00BJ1F4N75,0.0003269179969588647
2016,2017,GB00BJFFLV09,0.00019930772360388468
2016,2017,GB00BJQZC279,0.00014226136191750695
2016,2017,GB00BK9RKT01,0.00018215278488352283
2016,2017,GB00BKP36R26,5.469855997898633e-07
2016,2017,GB00BKY40Q38,5.039994061465283e-05
2016,2017,GB00BL6XZ716,0.00020283867446318254
2016,2017,GB00BLGZ9862,0.0009092073910967232
2016,2017,GB00BM8PJY71,0.001401312366739094
2016,2017,GB00BM8Q5M07,0.00018144809129059603
2016,2017,GB00BMJ6DW54,0.0003049892252672261
2016,2017,GB00BN7SWP63,0.0041178625592597105
2016,2017,GB00BNGDN821,0.00024183707215153798
2016,2017,GB00BNNTLN49,0.00016558675592658365
2016,2017,GB00BNR4T868,1.8807617195909988e-06
2016,2017,GB00BP6MXD84,0.005268675849020532
2016,2017,GB00BP92CJ43,0.00016804073128844188
2016,2017,GB00BP9LHF23,0.00038617530527459493
2016,2017,GB00BPQY8M80,0.0010529103763573704
2016,2017,GB00BRB37M78,9.206527192459313e-05
2016,2017,GB00BV9FP302,5.635936057117382e-05
2016,2017,GB00BVFNZH21,0.00012346315897598977
2016,2017,GB00BWFGQN14,0.00019280715794673905
2016,2017,GB00BYQ0JC66,7.167443385960191e-05
2016,2017,GB00BYT1DJ19,0.00017121461430330507
2016,2017,GB00BYW0PQ60,0.0004911377833352694
2016,2017,GB00BYYTFB60,7.036214708769965e-05
2016,2017,GB00BZ4BQC70,0.000340200454809416
2016,2017,IE0001827041,0.0011914553210709085
2016,2017,IE0002424939,0.0002734451411721339
2016,2017,IE0003864109,7.032718829860534e-05
2016,2017,IE0004927939,0.00020612471350160873
2016,2017,IE00B00MZ448,5.243117506451022e-05
2016,2017,IE00B4BNMY34,0.0031516794916672778
2016,2017,IE00B8KQN827,0.0013184538382142673
2016,2017,IE00BD1RP616,0.0002965526651729083
2016,2017,IE00BF0L3536,0.000696954681418344
2016,2017,IE00BGH1M568,0.0005280442149259764
2016,2017,IE00BK9ZQ967,0.0008438354699464082
2016,2017,IE00BLP1HW54,0.0012816330649643526
2016,2017,IE00BLS09M33,0.00046143342521690815
2016,2017,IE00BTN1Y115,0.004242742571036787
2016,2017,IE00BWT6H894,0.00039615715113777017
2016,2017,IE00BY7QL619,0.0016723465110000195
2016,2017,IL0002810146,0.00025078573101845465
2016,2017,IL0006046119,0.0002961608155979463
2016,2017,IL0006625771,0.0003747639159542516
2016,2017,IL0006954379,0.00020054907196788172
2016,2017,IL0010811243,0.00022012552281700935
2016,2017,IT0000062072,0.0010414536831468814
2016,2017,IT0000062957,0.0003577341266640649
2016,2017,IT0000066123,0.0001245355669562652
2016,2017,IT0000072618,0.0017380789730328204
2016,2017,IT0000784154,4.578098145446728e-05
2016,2017,IT0000784196,9.367631141583905e-05
2016,2017,IT0001137345,0.00011940117070798879
2016,2017,IT0001233417,4.029295305581622e-05
2016,2017,IT0001347308,0.0
2016,2017,IT0001469383,3.916201821893829e-05
2016,2017,IT0003128367,0.0017314163268853185
2016,2017,IT0003132476,0.002519151986987488
2016,2017,IT0003153415,0.0006542453898601299
2016,2017,IT0003242622,0.0004423513983224151
2016,2017,IT0003497168,0.0006223110459100847
2016,2017,IT0003506190,0.000892582169710624
2016,2017,IT0003856405,0.0004101477336291275
2016,2017,IT0004810054,0.0001361997959991984
2016,2017,IT0004827447,0.000299059969003903
2016,2017,IT0005218380,0.00012954964273161572
2016,2017,IT0005239360,0.0008124613944688493
2016,2017,IT0005495657,0.0002831650249390178
2016,2017,JE00B8KF9B49,0.0012556397017240712
2016,2017,JE00BJ1DLW90,0.00016482391687589024
2016,2017,LR0008862868,0.0007618741923142472
2016,2017,LU0075646355,0.0001950014262222749
2016,2017,NL0000008977,0.0008714989573412762
2016,2017,NL0000009082,0.0005522733033407806
2016,2017,NL0000009165,0.0018827871048792083
2016,2017,NL0000009538,0.001248322166347502
2016,2017,NL0000226223,0.0004875598114262953
2016,2017,NL0000235190,0.002206910725876031
2016,2017,NL0000289213,9.595774726575192e-05
2016,2017,NL0000337319,1.838837519650584e-05
2016,2017,NL0000360618,2.5627385193040354e-05
2016,2017,NL0000379121,0.000455234812532721
2016,2017,NL0000395903,0.0004737736605717556
2016,2017,NL0009432491,0.0002560312337619149
2016,2017,NL0010273215,0.002170920736284025
2016,2017,NL0010583399,5.337325775175697e-05
2016,2017,NL0011794037,0.0011879058361309671
2016,2017,NL0011821202,0.0023488068628165974
2016,2017,NL0013267909,0.0007213759428148838
2016,2017,NL00150001Q9,0.000507990888150757
2016,2017,NL0015001FS8,0.000624875148157669
2016,2017,NO0003028904,0.00013216822713656834
2016,2017,NO0003053605,9.176160521251559e-05
2016,2017,NO0003733800,0.00044092961655040823
2016,2017,NO0005052605,0.0003914423195782534
2016,2017,NO0010063308,0.0009861297210852936
2016,2017,NO0010096985,0.0025629950577307978
2016,2017,NO0010199151,9.061922309869672e-05
2016,2017,NO0010208051,0.00036652668413498894
2016,2017,NO0010861990,0.0
2016,2017,NO0012470089,6.165344110643217e-05
2016,2017,PA1436583006,0.0011688457237598374
2016,2017,PTBCP0AM0015,7.038937075275401e-05
2016,2017,PTEDP0AM0009,0.00037234970383446457
2016,2017,PTJMT0AE0001,0.0004452043805406591
2016,2017,PTSON0AM0001,0.00010526236380248683
2016,2017,PTZON0AM0006,0.00013757956928970696
2016,2017,SE0000106270,0.00178136049282379
2016,2017,SE0000108227,0.00032419926901853076
2016,2017,SE0000108656,0.0007678786909181679
2016,2017,SE0000112724,0.0007730907392120809
2016,2017,SE0000113250,0.0003968425916827141
2016,2017,SE0000114837,0.00019162305714552055
2016,2017,SE0000148884,0.0009814346176529047
2016,2017,SE0000163594,0.00023398782365360347
2016,2017,SE0000163628,0.00014146463653281493
2016,2017,SE0000171100,1.7674635818131655e-19
2016,2017,SE0000190126,0.00024766469585647577
2016,2017,SE0000202624,0.00016159077761887828
2016,2017,SE0000242455,0.0011917327355140932
2016,2017,SE0000379190,0.0001678934797955168
2016,2017,SE0000667891,0.000677686784240154
2016,2017,SE0000667925,0.0007591923761237065
2016,2017,SE0000695876,0.0003224488686200887
2016,2017,SE0000806994,0.00011022378344546484
2016,2017,SE0000862997,0.00012340119674227748
2016,2017,SE0000949331,3.9437961871389194e-05
2016,2017,SE0001662230,0.00017865683000906584
2016,2017,SE0003366871,0.0
2016,2017,SE0005190238,0.0001792468910080042
2016,2017,SE0006993770,0.00018120235340812377
2016,2017,SE0007100581,0.0008569924969420295
2016,2017,SE0007100599,0.0011347775867325976
2016,2017,SE0011090018,8.963484051631763e-05
2016,2017,SE0011166974,8.198170268273683e-05
2016,2017,SE0015811955,0.000524170298744676
2016,2017,SE0015812219,0.00024900104126115595
2016,2017,SE0015988019,0.00013799934166725236
2016,2017,SE0016589188,0.0003297990525146925
2016,2017,SE0017486889,0.0011020739051286871
2016,2017,SE0018012494,2.4112343296086693e-05
2016,2017,SE0018012635,7.080094072658287e-05
2016,2017,SE0020050417,0.00024995769784497883
2016,2017,US0010551028,0.0012144283053719695
2016,2017,US00130H1059,0.0
2016,2017,US00206R1023,0.011313010642986546
2016,2017,US0028241000,0.0024666102065726463
2016,2017,US0028962076,5.402284994245424e-05
2016,2017,US00724F1012,0.0022561672331401967
2016,2017,US0079031078,0.0004391812798828465
2016,2017,US0082521081,0.0003373994527083693
2016,2017,US00846U1016,0.0006732845705798475
2016,2017,US0091581068,0.00131702570435271
2016,2017,US00971T1016,0.0005393568888057188
2016,2017,US0126531013,0.00042095776818450387
2016,2017,US0185811082,0.0005821300893306487
2016,2017,US0188021085,0.00028284946884334593
2016,2017,US0200021014,0.0011856781781202173
2016,2017,US02079K3059,0.0101331255881606
2016,2017,US02209S1033,0.005719885515480291
2016,2017,US0236081024,0.00040995441401697145
2016,2017,US0255371017,0.0010977065788463835
2016,2017,US0258161092,0.002952927744389008
2016,2017,US0268747849,0.0029176879577259202
2016,2017,US03027X1000,0.0019695599327824113
2016,2017,US03073E1055,0.0007356066181582199
2016,2017,US0311621009,0.004703373510813796
2016,2017,US0326541051,0.000977515097542346
2016,2017,US0367521038,0.0016933995956411017
2016,2017,US03743Q1085,0.0010243601142265002
2016,2017,US0378331005,0.02626648832713141
2016,2017,US0382221051,0.0014946459887550884
2016,2017,US0383361039,0.00022064935187543605
2016,2017,US0394831020,0.001129308267804612
2016,2017,US0441861046,0.0002827515852497942
2016,2017,US0495601058,0.00038656238086991033
2016,2017,US0527691069,0.0007148508935335168
2016,2017,US0530151036,0.0020072824516632662
2016,2017,US0534841012,0.0010692655965246283
2016,2017,US0536111091,0.0002842215387430106
2016,2017,US0538071038,0.0002796160722555787
2016,2017,US0584981064,0.0005551696935385687
2016,2017,US0605051046,0.009659113284987062
2016,2017,US0640581007,0.0021812828308684293
2016,2017,US0708301041,0.0008121328647219455
2016,2017,US0718131099,0.0010973170492498204
2016,2017,US0758871091,0.0015326205943410672
2016,2017,US0844231029,0.0003587262266007723
2016,2017,US0865161014,0.0005365431479690467
2016,2017,US09062X1037,0.002645524568477594
2016,2017,US0970231058,0.004158552966673252
2016,2017,US0997241064,0.00038988461015009485
2016,2017,US1011211018,0.0008726333578526758
2016,2017,US1011371077,0.001249309016316206
2016,2017,US1101221083,0.004205107191659739
2016,2017,US1124631045,2.4446433379969402e-05
2016,2017,US1156372096,0.0004420227673541634
2016,2017,US12504L1098,0.0004557485029989234
2016,2017,US1252691001,0.00011000481692472702
2016,2017,US1255231003,0.0014605462391983183
2016,2017,US1258961002,0.0004650576829511852
2016,2017,US1264081035,0.0014629874248196456
2016,2017,US12653C1080,0.000288747778179363
2016,2017,US1266501006,0.0036629208874681555
2016,2017,US1270551013,9.109174030682081e-06
2016,2017,US1307881029,0.00010029783217050515
2016,2017,US1344291091,0.0008212629399367032
2016,2017,US14040H1059,0.0018022514056693928
2016,2017,US14149Y1082,0.0009957038523219954
2016,2017,US1491231015,0.0023622243482869835
2016,2017,US1508701034,0.00047083774571647814
2016,2017,US15189T1079,0.0003661524838798799
2016,2017,US1667641005,0.009582779705698203
2016,2017,US1717793095,0.0001372204772691315
2016,2017,US1720621010,0.0005226916413284205
2016,2017,US17275R1023,0.006504761061906085
2016,2017,US1729674242,0.00731316662623247
2016,2017,US1858991011,6.055065660734986e-18
2016,2017,US1890541097,0.0006596917135369217
2016,2017,US1912161007,0.007745440872261479
2016,2017,US1924461023,0.001455418404753272
2016,2017,US1941621039,0.0025327253651904447
2016,2017,US2003401070,0.0005036532366942038
2016,2017,US2058871029,0.0007418629805368171
2016,2017,US20825C1045,0.002666532226580316
2016,2017,US2091151041,0.0010403805910963056
2016,2017,US21036P1084,0.0012152744309920187
2016,2017,US22160K1051,0.0030445172558691055
2016,2017,US2283681060,0.00029968763107173033
2016,2017,US2310211063,0.000995803363732971
2016,2017,US2333311072,0.0006685671853859342
2016,2017,US23355L1061,0.0003097348141066483
2016,2017,US2371941053,0.0003371008533416467
2016,2017,US2441991054,0.0014253032058963546
2016,2017,US25179M1036,0.0010292654067853367
2016,2017,US2533931026,0.00020918476889282754
2016,2017,US2546871060,0.007156073114187188
2016,2017,US25746U1097,0.0020485602151875293
2016,2017,US2576511099,0.0002713275651138641
2016,2017,US2600031080,0.0004950891459221482
2016,2017,US26441C2044,0.0021145026711775583
2016,2017,US26875P1012,0.0025343433240398224
2016,2017,US26884L1098,0.0005279517568196885
2016,2017,US2774321002,0.00044380429848436104
2016,2017,US2786421030,0.0014095375868265114
2016,2017,US2788651006,0.0014866615120724515
2016,2017,US2810201077,0.001113183032599547
2016,2017,US28176E1082,0.0008390313244723614
2016,2017,US2910111044,0.0015853244948040432
2016,2017,US29364G1031,0.000380995851517863
2016,2017,US29444U7000,0.0011476813530281807
2016,2017,US29670G1022,0.00027553918251640996
2016,2017,US2971781057,0.000685163343270809
2016,2017,US30034W1062,0.00016406947956235354
2016,2017,US30040W1080,0.0008530923545058143
2016,2017,US30161N1019,0.0015219822810326553
2016,2017,US3021301094,0.0003940768808307522
2016,2017,US30231G1022,0.016122359380740928
2016,2017,US3024913036,0.000321561062530157
2016,2017,US31428X1063,0.0021520249792843496
2016,2017,US3156161024,0.0004185727158231157
2016,2017,US3167731005,0.0008821115918008672
2016,2017,US3379321074,0.00032257926065771804
2016,2017,US3434121022,0.0003873430136403247
2016,2017,US34354P1057,0.00026629109359185826
2016,2017,US3453708600,0.002039690393823928
2016,2017,US3546131018,0.0009779332171192835
2016,2017,US35671D8570,0.0007466515909201285
2016,2017,US3647601083,0.0004176492998360203
2016,2017,US3703341046,0.0015679224376325268
2016,2017,US3719011096,0.0002158970229969302
2016,2017,US37247D1063,8.820243822809511e-05
2016,2017,US3755581036,0.004076240394146556
2016,2017,US38141G1040,0.004111631760966192
2016,2017,US3825501014,0.0003407347431517091
2016,2017,US3848021040,0.0006166318087783737
2016,2017,US3976241071,2.9352683715169394e-05
2016,2017,US40434L1052,0.0011121568773559542
2016,2017,US4062161017,0.002039329052907631
2016,2017,US4128221086,0.0004719722439819133
2016,2017,US4165151048,0.0007884387210544147
2016,2017,US4180561072,0.0004070163550351748
2016,2017,US4198701009,9.707830934262378e-05
2016,2017,US42250P1030,0.0006257538306831253
2016,2017,US4278661081,0.0006987935744379108
2016,2017,US42809H1077,0.0008682249773964829
2016,2017,US4370761029,0.007026658371521927
2016,2017,US4385161066,0.0038301682493756244
2016,2017,US4404521001,0.0008160903489915371
2016,2017,US44107P1049,0.0006465115348727078
2016,2017,US4448591028,0.0013212166561612933
2016,2017,US4456581077,0.0004517063622219652
2016,2017,US4461501045,0.0006220397402228774
2016,2017,US4470111075,0.0001928615065794639
2016,2017,US45073V1089,0.0001686642487187183
2016,2017,US4523081093,0.001855622609501993
2016,2017,US4581401001,0.007441041587516383
2016,2017,US4592001014,0.006803260570115908
2016,2017,US4595061015,0.0004024195813071279
2016,2017,US4601461035,0.0009564728546689445
2016,2017,US4606901001,0.0003839483906292548
2016,2017,US4612021034,0.0012435328501338811
2016,2017,US46284V1017,0.0004135486278957255
2016,2017,US4657411066,0.00010108115277080736
2016,2017,US46625H1005,0.01331415101215194
2016,2017,US4663131039,0.00015323845342899038
2016,2017,US46982L1089,0.00030234242904243373
2016,2017,US4781601046,0.013568960369241247
2016,2017,US48020Q1076,0.00018255005999261747
2016,2017,US48203R1041,0.0004653205140644644
2016,2017,US48242W1062,0.00011932255543326048
2016,2017,US4824801009,0.0005703753264522957
2016,2017,US4878361082,0.001134877710925223
2016,2017,US4891701009,0.00011259844266291008
2016,2017,US4932671088,0.000863099272926377
2016,2017,US4943681035,0.001783225382371002
2016,2017,US49446R1095,0.0004943450344119887
2016,2017,US4972661064,0.00010551303999762997
2016,2017,US5002551043,0.00035579600182340435
2016,2017,US5010441013,0.0013945658104616285
2016,2017,US5178341070,0.0017794641244106347
2016,2017,US5184391044,0.0007123579656495303
2016,2017,US5324571083,0.003517356284835748
2016,2017,US5339001068,0.0002482143102061226
2016,2017,US5341871094,0.0006762243140174662
2016,2017,US5398301094,0.003162506028107859
2016,2017,US5486611073,0.0026603741073039306
2016,2017,US5502411037,0.0006005823129957459
2016,2017,US5526761086,5.4036531409912604e-05
2016,2017,US5529531015,0.0007311676679686577
2016,2017,US5543821012,0.00048190637234624904
2016,2017,US5635714059,5.483705128474177e-05
2016,2017,US56418H1005,0.000265855538240652
2016,2017,US5658491064,0.0006311671990872143
2016,2017,US5717481023,0.0015150956328396847
2016,2017,US5719032022,0.001405133170287557
2016,2017,US5738741041,0.0003668254656058103
2016,2017,US5745991068,0.00043746154388471395
2016,2017,US57636Q1040,0.004800070502724834
2016,2017,US5770811025,0.000416993860263511
2016,2017,US5797802064,0.0004699662207138937
2016,2017,US5801351017,0.0043790042761474865
2016,2017,US58155Q1031,0.0013656510913480388
2016,2017,US58933Y1055,0.00705412828610594
2016,2017,US59156R1086,0.002556872380090889
2016,2017,US5926881054,0.0004919445363899716
2016,2017,US5949181045,0.020878020252617528
2016,2017,US5950171042,0.0006081988190697693
2016,2017,US5951121038,0.0009812295970422795
2016,2017,US6005441000,0.00010546356166328746
2016,2017,US6081901042,0.0006320541642668007
2016,2017,US60871R2094,0.0008466602020450025
2016,2017,US6092071058,0.0029545914524901806
2016,2017,US6153691059,0.0007606614087705952
2016,2017,US6174464486,0.003391826403178906
2016,2017,US61945C1036,0.0004841033438941353
2016,2017,US6200763075,0.0005552591586009192
2016,2017,US6267171022,0.00023758401096970715
2016,2017,US6293775085,0.0
2016,2017,US6311031081,0.0004788470956061625
2016,2017,US6365181022,0.0001564388808023229
2016,2017,US64110D1046,0.00040330331167595993
2016,2017,US6512291062,0.0009215182811645548
2016,2017,US6516391066,0.0007911248708544198
2016,2017,US65339F1012,0.002417751809569257
2016,2017,US6541061031,0.002920784592609627
2016,2017,US65473P1057,0.00020835058702056507
2016,2017,US6556641008,0.00034317363363723513
2016,2017,US6558441084,0.0013560697165958737
2016,2017,US6658591044,0.0008801892847191662
2016,2017,US6668071029,0.0017880057939485183
2016,2017,US6687711084,0.0006775499463983417
2016,2017,US67066G1040,0.002492648532063542
2016,2017,US6708371033,0.00010667833607989527
2016,2017,US67098H1041,0.0
2016,2017,US6745991058,0.0023542310970304037
2016,2017,US6819191064,0.0008862757247386618
2016,2017,US6821891057,0.00024225000190025765
2016,2017,US6826801036,0.0005821455418730391
2016,2017,US68389X1054,0.0068072551245757645
2016,2017,US6866881021,0.00011195148449004736
2016,2017,US6882392011,0.0002630635248205602
2016,2017,US69331C1080,0.0013760113923990715
2016,2017,US6934751057,0.0024745510462870672
2016,2017,US6935061076,0.0010839883330718493
2016,2017,US69351T1060,0.0009406147060044713
2016,2017,US6936561009,0.0002869418102730552
2016,2017,US6937181088,0.0009892336918116617
2016,2017,US6951561090,0.00038422036480779964
2016,2017,US7010941042,0.0008134569583278644
2016,2017,US70211M1099,6.0581726118523864e-05
2016,2017,US7134481081,0.006494717887375555
2016,2017,US7140461093,0.00024248471189349593
2016,2017,US7170811035,0.008527693434345078
2016,2017,US7234841010,0.00032342631835327146
2016,2017,US7244791007,0.00012260992681301338
2016,2017,US7310681025,0.00024091995309827468
2016,2017,US74144T1088,0.0007994206035709971
2016,2017,US74251V1026,0.0007372533087139319
2016,2017,US7427181091,0.009727776257717471
2016,2017,US7433151039,0.0009285658337215645
2016,2017,US74340W1036,0.0012530159091543322
2016,2017,US7443201022,0.0019172805656791905
2016,2017,US7445731067,0.0010157115430033622
2016,2017,US7475251036,0.004191885387111178
2016,2017,US74834L1008,0.0005504032902855792
2016,2017,US75281A1097,0.000369897413215362
2016,2017,US75513E1010,0.003906425080047822
2016,2017,US7588491032,0.00032803305818640256
2016,2017,US75886F1075,0.0016817273384989685
2016,2017,US7607591002,0.0008030187761602044
2016,2017,US7739031091,0.00076050290301001
2016,2017,US7835491082,0.00018141057883085568
2016,2017,US78409V1044,0.0012243914683885487
2016,2017,US78440X8873,0.000501223600180286
2016,2017,US78473E1038,8.94800131115727e-05
2016,2017,US79466L3024,0.002065927578945197
2016,2017,US8101861065,0.00022935383675355385
2016,2017,US81211K1007,0.0003686137078754007
2016,2017,US8168511090,0.0011315623442880198
2016,2017,US8243481061,0.0010578788829720962
2016,2017,US8288061091,0.002447041897122594
2016,2017,US8326964058,0.0006650033966727938
2016,2017,US8354951027,0.00025161146656738786
2016,2017,US8425871071,0.0019207881811604296
2016,2017,US84265V1052,0.001062037298286376
2016,2017,US8447411088,0.0012789163006345417
2016,2017,US8545021011,0.0007453852527192709
2016,2017,US8552441094,0.0034621213123249327
2016,2017,US8574771031,0.0013111564621892913
2016,2017,US8676524064,2.993811873542312e-05
2016,2017,US8718291078,0.0013082412566357015
2016,2017,US8725401090,0.002082979929072737
2016,2017,US8760301072,0.00039308120555772306
2016,2017,US87612E1064,0.0017471710545863591
2016,2017,US8807701029,0.00025784205210090745
2016,2017,US8816242098,0.0015921161261901612
2016,2017,US8825081040,0.0031553478565516458
2016,2017,US8832031012,0.0005861620797763283
2016,2017,US88337F1057,0.00012282818384756153
2016,2017,US8835561023,0.002400661766297737
2016,2017,US88579Y1010,0.004629822227855998
2016,2017,US89417E1091,0.0015030704118372976
2016,2017,US89832Q1094,0.0016385404962881262
2016,2017,US9024941034,0.0007681516866855243
2016,2017,US9029733048,0.0037812917963340642
2016,2017,US9078181081,0.0037014233137481426
2016,2017,US9111631035,0.00011359533419175271
2016,2017,US9113121068,0.0034005623656179125
2016,2017,US9113631090,0.0004365829805910134
2016,2017,US9129091081,1.9131119635551252e-05
2016,2017,US91324P1021,0.006598127083238627
2016,2017,US91529Y1064,0.00042090917616118624
2016,2017,US91913Y1001,0.0012219814681570333
2016,2017,US92276F1003,0.000985095809474401
2016,2017,US92343V1044,0.009424090202643436
2016,2017,US9255501051,8.690653304341297e-05
2016,2017,US92556V1061,0.0008766026609476886
2016,2017,US9290421091,0.0008962368386741171
2016,2017,US9291601097,0.000739130637632182
2016,2017,US92939U1060,0.0007046387965925595
2016,2017,US9311421039,0.009195810313672729
2016,2017,US9314271084,0.0038780819525650228
2016,2017,US94106L1098,0.001325090986339102
2016,2017,US9418481035,0.0005060835527545661
2016,2017,US9427491025,0.00010962724145092842
2016,2017,US9497461015,0.01193955245550288
2016,2017,US95040Q1040,0.0010837120199928667
2016,2017,US95082P1057,0.00016166570688903458
2016,2017,US9581021055,0.0009191523382415055
2016,2017,US9604131022,0.00017243148464930047
2016,2017,US9621661043,0.001014947592876878
2016,2017,US9633201069,0.0005975235926056428
2016,2017,US9694571004,0.0009780346742892338
2016,2017,US98389B1008,0.0006783673374722234
2016,2017,US9839191015,0.0006523334785875012
2016,2017,US98421M1062,0.00039265095830031907
2016,2017,US9884981013,0.0010398099012624517
2016,2017,US98956P1021,0.0008853835824210757
2017,2018,AN8068571086,0.0033196721031572935
2017,2018,AT000000STR1,0.00018269601125964476
2017,2018,AT00000VIE62,0.00015253847518599198
2017,2018,AT0000606306,0.0004514630355887175
2017,2018,AT0000652011,0.0006687954195602477
2017,2018,AT0000720008,0.0002599992956679414
2017,2018,AT0000730007,0.00022608987605581197
2017,2018,AT0000743059,0.0007221358558702405
2017,2018,AT0000746409,0.00019325400542615675
2017,2018,AT0000938204,0.00010285836563182793
2017,2018,BE0003470755,0.0004783826964180783
2017,2018,BE0003565737,0.0012434069651833777
2017,2018,BE0003593044,0.0001048688407097355
2017,2018,BE0003735496,5.321921348639136e-05
2017,2018,BE0003739530,0.0005528819711894781
2017,2018,BE0003755692,3.7079179238162935e-05
2017,2018,BE0003810273,0.00042077105314592745
2017,2018,BE0974258874,0.0001217784939542057
2017,2018,BE0974264930,0.00036018678973645345
2017,2018,BE0974293251,0.006692171803473577
2017,2018,BE0974320526,0.000380593501915964
2017,2018,CA00208D4084,0.00018226078879954245
2017,2018,CA0084741085,0.00038979518223586867
2017,2018,CA00900Q1037,4.206725451562589e-05
2017,2018,CA01626P1484,0.0002528274710786818
2017,2018,CA05534B7604,0.0015357702692494106
2017,2018,CA0636711016,0.0018589340041713948
2017,2018,CA0641491075,0.0027719099140139326
2017,2018,CA0977518616,0.00019764199129115894
2017,2018,CA1247651088,0.00017466939434222708
2017,2018,CA12532H1047,0.0004935323088389175
2017,2018,CA13321L1085,0.0001448007552931916
2017,2018,CA1360691010,0.0015353651550503668
2017,2018,CA1363751027,0.002178640023880827
2017,2018,CA1363851017,0.0015366689474280986
2017,2018,CA13646K1084,0.0009437904152971558
2017,2018,CA1366812024,0.00029153363316094546
2017,2018,CA1367178326,5.0103722833713e-05
2017,2018,CA2849025093,1.120852626924515e-05
2017,2018,CA29250N1050,0.0023562751294272715
2017,2018,CA2927661025,0.00010035906540878226
2017,2018,CA3180714048,0.00015778010732578007
2017,2018,CA3359341052,0.00038179024864903367
2017,2018,CA3495531079,0.0005415529316705397
2017,2018,CA3518581051,0.0005542114361452281
2017,2018,CA3759161035,0.0002821968874827403
2017,2018,CA39138C1068,0.000990721724572316
2017,2018,CA4495861060,0.0003138432877125594
2017,2018,CA4530384086,0.0009085778632153872
2017,2018,CA45823T1066,0.0004208471710674035
2017,2018,CA4969024047,0.000219145018058517
2017,2018,CA5394811015,0.0007619200708685674
2017,2018,CA5592224011,0.0007514902893648752
2017,2018,CA56501R1064,0.001467491816947922
2017,2018,CA59151K1084,0.00012646645689055723
2017,2018,CA6744822033,0.0
2017,2018,CA7392391016,0.0003835058144273725
2017,2018,CA7751092007,0.0007540451623021701
2017,2018,CA7800871021,0.004218328082294446
2017,2018,CA8029121057,0.0005236683150465605
2017,2018,CA8239011031,7.010520349638762e-19
2017,2018,CA85472N1096,0.00014047321802451707
2017,2018,CA8667961053,0.0008919671683092151
2017,2018,CA8672241079,0.0021492507808817144
2017,2018,CA87807B1076,0.0015303385598296095
2017,2018,CA8787422044,0.0005610910087709733
2017,2018,CA87971M1032,0.000804043238627843
2017,2018,CA8849038085,0.0010884370692588014
2017,2018,CA8911605092,0.0038383239633791337
2017,2018,CA89346D1078,2.145696596242553e-19
2017,2018,CA8959451037,0.00010495840163080903
2017,2018,CA98462Y1007,0.00011935321830645998
2017,2018,CH0008038389,0.000244234531210616
2017,2018,CH0008742519,0.0010252981896749004
2017,2018,CH0010570759,0.0003583182752862034
2017,2018,CH0010645932,0.0007720899490123027
2017,2018,CH0011075394,0.0016225871790700186
2017,2018,CH0012005267,0.007836554184101601
2017,2018,CH0012032048,0.006296596938317259
2017,2018,CH0012138530,0.0016133656022376903
2017,2018,CH0012138605,0.0004837862057153949
2017,2018,CH0012142631,0.00034449660677062936
2017,2018,CH0012214059,0.0009996153089091254
2017,2018,CH0012221716,0.0020613935371408773
2017,2018,CH0012549785,0.00039150294496720714
2017,2018,CH0013841017,0.0007267662772864949
2017,2018,CH0014786500,4.366870981905603e-05
2017,2018,CH0014852781,0.00042729647881087015
2017,2018,CH0018294154,0.00016887807570027118
2017,2018,CH0024608827,0.000635399640626562
2017,2018,CH0024638212,0.0005367890387247196
2017,2018,CH0025238863,0.000756400930682985
2017,2018,CH0025751329,0.00020346855001511207
2017,2018,CH0030170408,0.0005809355836087159
2017,2018,CH0038388911,0.00013236699776395737
2017,2018,CH0038863350,0.009472988627954225
2017,2018,CH0044328745,0.0023996790589683277
2017,2018,CH0048265513,0.00013757643064125888
2017,2018,CH0126881561,0.00117706202442964
2017,2018,CH0210483332,0.0016731431738192277
2017,2018,CH0244767585,0.0025207196026136493
2017,2018,CH0319416936,0.00027230426154017614
2017,2018,CH0418792922,0.0006220363144996443
2017,2018,CH1169151003,0.00019364336273653175
2017,2018,CH1175448666,0.00038277086850052394
2017,2018,CH1256740924,0.0006981447258585728
2017,2018,DE0005089031,0.0005009670411534616
2017,2018,DE0005140008,0.001363273177810718
2017,2018,DE0005190003,0.0022108361172053148
2017,2018,DE0005200000,0.0010428780344733347
2017,2018,DE0005408884,0.00013785923265704909
2017,2018,DE0005439004,0.0019137326180212798
2017,2018,DE0005470405,0.00025129409641506945
2017,2018,DE0005552004,0.0020978948949761404
2017,2018,DE0005557508,0.002997048260963763
2017,2018,DE0005773303,0.00038136075212404384
2017,2018,DE0005785604,0.0012574548096945862
2017,2018,DE0005785802,0.001146324380072766
2017,2018,DE0005810055,0.0007775453784041865
2017,2018,DE0005909006,9.223994997080528e-05
2017,2018,DE0006047004,0.000571895493619475
2017,2018,DE0006048432,0.0008360153078182823
2017,2018,DE0006070006,0.0003925553767673662
2017,2018,DE0006202005,3.589970999433948e-05
2017,2018,DE0006231004,0.0011159392333556755
2017,2018,DE0006569908,1.5625922260875945e-05
2017,2018,DE0006599905,0.0004967663935053898
2017,2018,DE0006602006,0.0003553630688246558
2017,2018,DE0006969603,0.00023553436927397422
2017,2018,DE0007030009,0.00020264629025635257
2017,2018,DE0007037129,2.409275725248257e-19
2017,2018,DE0007042301,8.824517535092789e-05
2017,2018,DE0007100000,0.0032117071635830332
2017,2018,DE0007164600,0.004876733426072925
2017,2018,DE0007236101,0.004204442038686188
2017,2018,DE0007257503,0.00016546939100624814
2017,2018,DE0007500001,0.0006162299605967949
2017,2018,DE0007664039,0.0014592135673678168
2017,2018,DE0008232125,0.0005424002252408432
2017,2018,DE0008402215,0.0005513638446216771
2017,2018,DE0008404005,0.0035898164639835955
2017,2018,DE0008430026,0.0011995267693639398
2017,2018,DE000A0D9PT0,0.0003442600830802283
2017,2018,DE000A0S8488,8.271777929929862e-05
2017,2018,DE000A1EWWW0,0.0015030142811055123
2017,2018,DE000BASF111,0.0035805694870327007
2017,2018,DE000BAY0017,0.003665188598541763
2017,2018,DE000CBK1001,0.0006506812866106259
2017,2018,DE000CLS1001,0.0002529606341105173
2017,2018,DE000ENAG999,0.0009411546093326048
2017,2018,DE000KSAG888,0.00012791704070217106
2017,2018,DE000PSM7770,0.0002593605006626192
2017,2018,DE000TUAG505,0.00039760774722443084
2017,2018,DK0010181759,0.0004932945646042475
2017,2018,DK0010234467,0.00014161933722247065
2017,2018,DK0010244508,0.0004992522755980633
2017,2018,DK0010274414,0.0012986676660965127
2017,2018,DK0010287663,4.506850103118214e-05
2017,2018,DK0010311471,0.00011282874186969572
2017,2018,DK0060079531,0.0005496154270079091
2017,2018,DK0060336014,0.0005138985689577418
2017,2018,DK0060448595,0.0005633896066318528
2017,2018,DK0060477503,0.00015678771257863624
2017,2018,DK0060636678,0.0002743002771967712
2017,2018,DK0060738599,0.0002522814891525567
2017,2018,DK0061539921,0.0005005039440284826
2017,2018,ES0109427734,0.0001025762945816004
2017,2018,ES0112501012,0.0001331765025106244
2017,2018,ES0113211835,0.0020280074382418548
2017,2018,ES0113679I37,0.00028689090468637604
2017,2018,ES0113860A34,0.00040529214929637547
2017,2018,ES0113900J37,0.0037724525723766755
2017,2018,ES0116870314,0.0008393312751609694
2017,2018,ES0118594417,0.00012104411154546205
2017,2018,ES0122060314,7.175608123195307e-05
2017,2018,ES0124244E34,0.00037440927917093363
2017,2018,ES0125220311,0.00019657723302447382
2017,2018,ES0130670112,0.000745543808992308
2017,2018,ES0130960018,0.0002845310809131385
2017,2018,ES0132105018,0.00017304619356875724
2017,2018,ES0144580Y14,0.0017690138995849671
2017,2018,ES0148396007,0.0038416472197138445
2017,2018,ES0152503035,0.0001664468849804104
2017,2018,ES0161560018,0.00012476074743783335
2017,2018,ES0167050915,0.00042796057682224076
2017,2018,ES0171996087,0.00047472265874643843
2017,2018,ES0173093024,0.00046825864036279446
2017,2018,ES0173516115,0.0009439897482977587
2017,2018,ES0178430E18,0.0018238325317655004
2017,2018,ES0182870214,5.198402224511887e-05
2017,2018,FI0009000202,0.0001311289269109075
2017,2018,FI0009000277,8.999308299872615e-05
2017,2018,FI0009000459,0.00016864829819218368
2017,2018,FI0009000681,0.000993755419111165
2017,2018,FI0009002158,6.860018541948098e-05
2017,2018,FI0009002422,0.00016758987819428186
2017,2018,FI0009003727,0.00044002299979218826
2017,2018,FI0009005318,0.00019334713854016802
2017,2018,FI0009005870,0.00012426299760282203
2017,2018,FI0009005961,0.00032332942881394894
2017,2018,FI0009005987,0.0005720513734485441
2017,2018,FI0009007132,0.0006054473302010929
2017,2018,FI0009007694,4.534658021874446e-05
2017,2018,FI0009007884,0.00025775912800495465
2017,2018,FI0009013296,0.0005871456934775404
2017,2018,FI0009013403,0.000872787774164418
2017,2018,FI0009800643,2.5943363710850204e-05
2017,2018,FI4000440664,0.00019277428612334588
2017,2018,FR0000035081,0.0002648363122464158
2017,2018,FR0000039109,2.3372357051843413e-18
2017,2018,FR0000044448,8.23402849365006e-05
2017,2018,FR0000045072,0.0016445629052858628
2017,2018,FR0000051070,5.071393990183556e-05
2017,2018,FR0000054900,0.00013583465078998263
2017,2018,FR0000064578,0.0003125875790910053
2017,2018,FR0000073272,0.0015271790105794657
2017,2018,FR0000077919,0.00033135682890930723
2017,2018,FR0000120073,0.0018833591204654102
2017,2018,FR0000120172,0.0006004783968865715
2017,2018,FR0000120222,0.0005560444132057816
2017,2018,FR0000120271,0.004940998262478607
2017,2018,FR0000120321,0.0043938882305038915
2017,2018,FR0000120404,0.0005248013041101033
2017,2018,FR0000120503,0.000692772465106241
2017,2018,FR0000120560,7.106839521836909e-05
2017,2018,FR0000120578,0.0038577362555400354
2017,2018,FR0000120628,0.0025383944933357167
2017,2018,FR0000120644,0.0019922556604047123
2017,2018,FR0000120693,0.0015084595101887055
2017,2018,FR0000120859,0.0002745193690919872
2017,2018,FR0000120966,0.00020340927204216765
2017,2018,FR0000121014,0.00526560163966178
2017,2018,FR0000121121,0.00025456064976062804
2017,2018,FR0000121204,0.0003050292072269579
2017,2018,FR0000121220,0.0007213683926265604
2017,2018,FR0000121329,0.0008103209875689167
2017,2018,FR0000121485,0.002110579000018202
2017,2018,FR0000121667,0.001064945803308393
2017,2018,FR0000121964,0.0004945549848958864
2017,2018,FR0000121972,0.0017805623424985307
2017,2018,FR0000124141,0.0004135699492763534
2017,2018,FR0000125007,0.001067818245262134
2017,2018,FR0000125338,0.0007100558351303733
2017,2018,FR0000125486,0.0021452130583797238
2017,2018,FR0000127771,0.0012618057424981617
2017,2018,FR0000130213,0.00015608324525357488
2017,2018,FR0000130395,0.00023242577172394617
2017,2018,FR0000130403,0.002323721484237721
2017,2018,FR0000130452,0.0003874609362138508
2017,2018,FR0000130577,0.0005763436130733112
2017,2018,FR0000130809,0.0014461017900467407
2017,2018,FR0000131104,0.0032824439820934932
2017,2018,FR0000131906,0.0010429512038714437
2017,2018,FR0000133308,0.0016624051639957485
2017,2018,FR0010040865,0.0004941074230961212
2017,2018,FR0010220475,0.000342593514361843
2017,2018,FR0010242511,0.0012851699575004809
2017,2018,FR0010307819,0.0007234022445301937
2017,2018,FR0010313833,0.0003100730028646062
2017,2018,FR0010340141,0.000692222333397982
2017,2018,FR0010533075,0.00024673764327464695
2017,2018,FR0013176526,0.0006091758135234421
2017,2018,FR0013280286,0.00038930329375168023
2017,2018,FR0013326246,0.0009030348743875156
2017,2018,FR0013505062,4.181404677703985e-05
2017,2018,FR0013506730,0.0001265083984394291
2017,2018,FR0014003TT8,0.0009653925851365081
2017,2018,FR001400AJ45,0.0009156849898596054
2017,2018,GB0000163088,4.344981753700811e-05
2017,2018,GB0000456144,0.00047331756583789093
2017,2018,GB0000536739,0.0004799323462345792
2017,2018,GB0000811801,0.0002908627598428188
2017,2018,GB0000904986,0.00023287024896112056
2017,2018,GB0000961622,8.701027439769681e-05
2017,2018,GB0001048619,3.610138807146472e-05
2017,2018,GB0001367019,0.0003284509705896049
2017,2018,GB0001500809,0.000129452004959544
2017,2018,GB0001638955,6.649827804416413e-05
2017,2018,GB0001765816,6.155428473840167e-05
2017,2018,GB0001826634,0.00010028693620102281
2017,2018,GB0001859296,8.267307127066606e-05
2017,2018,GB0002018363,4.220554458966799e-05
2017,2018,GB0002074580,8.795022616161028e-05
2017,2018,GB0002148343,7.228908983486689e-05
2017,2018,GB0002318888,9.270828336246504e-05
2017,2018,GB0002374006,0.003258092533764212
2017,2018,GB0002418548,7.505753612378253e-05
2017,2018,GB0002634946,0.0008709799271699786
2017,2018,GB0002652740,0.00016801726158488005
2017,2018,GB0002670437,3.925365921147618e-06
2017,2018,GB0002869419,5.634102391406961e-05
2017,2018,GB0002875804,0.0055021991271679655
2017,2018,GB0003096442,0.0001262587519755176
2017,2018,GB0003308607,0.00014227589578776328
2017,2018,GB0003395000,8.587597750152508e-05
2017,2018,GB0003452173,1.4129117843891082e-05
2017,2018,GB0003753778,2.5552252899086515e-05
2017,2018,GB0004052071,0.00023078176991539083
2017,2018,GB0004082847,0.001244197909837752
2017,2018,GB0004161021,0.00015878993368366361
2017,2018,GB0004170089,5.100544945117972e-05
2017,2018,GB0004270301,5.045189288050301e-05
2017,2018,GB0004478896,7.225749331781026e-05
2017,2018,GB0004544929,0.0014388759377761135
2017,2018,GB0004657408,4.9734749378115275e-05
2017,2018,GB0004726096,2.7114156185787077e-05
2017,2018,GB0004866223,2.9071170589036244e-05
2017,2018,GB0004915632,5.044738349518766e-05
2017,2018,GB0005405286,0.007332216944514462
2017,2018,GB0005576813,0.00013467724225452936
2017,2018,GB0005603997,0.0007585985016234237
2017,2018,GB0005746358,2.3276470306204268e-17
2017,2018,GB0005758098,0.00017272859168147156
2017,2018,GB0006027295,2.626148371075496e-05
2017,2018,GB0006215205,0.00010827926441429828
2017,2018,GB0006650450,8.223476683620018e-06
2017,2018,GB0006731235,0.0010752757443933303
2017,2018,GB0006776081,0.0002830765309877186
2017,2018,GB0006825383,0.0003996504750698041
2017,2018,GB0006886666,6.766562478838066e-05
2017,2018,GB0006928617,8.934183376983223e-05
2017,2018,GB0007099541,0.002358077780009168
2017,2018,GB0007188757,0.002546237314257551
2017,2018,GB0007323586,0.0001774317178903812
2017,2018,GB0007594764,5.7817496086333104e-05
2017,2018,GB0007668071,9.003821974070338e-05
2017,2018,GB0007669376,0.00030991287211618604
2017,2018,GB0007908733,0.0006486777913997819
2017,2018,GB0007958233,5.750843731069842e-05
2017,2018,GB0007973794,4.1556268314547514e-05
2017,2018,GB0007980591,0.0049548882294237415
2017,2018,GB0008025412,6.624895388274012e-05
2017,2018,GB0008085614,5.2212413190867034e-05
2017,2018,GB0008220112,0.0002366755148834602
2017,2018,GB0008706128,0.002316706590101651
2017,2018,GB0008782301,0.00034037095779628857
2017,2018,GB0008794710,5.419233060769712e-05
2017,2018,GB0009067447,1.7231710051203582e-16
2017,2018,GB0009123323,4.223708151104307e-05
2017,2018,GB0009223206,0.0005523236569211174
2017,2018,GB0009292243,0.00010256747963325233
2017,2018,GB0009465807,0.00023021937600173863
2017,2018,GB0009633180,0.00012403934589994383
2017,2018,GB0009697037,0.00015781024901781793
2017,2018,GB0009895292,0.0031119105173395586
2017,2018,GB0022569080,0.00033039743428573895
2017,2018,GB0030232317,6.805195858798758e-05
2017,2018,GB0030329360,0.0
2017,2018,GB0030913577,0.0012926733071434052
2017,2018,GB0031274896,0.00023674382014940255
2017,2018,GB0031348658,0.001620435091110851
2017,2018,GB0031638363,0.0004090817344336752
2017,2018,GB0031743007,0.0003605105423023339
2017,2018,GB0032089863,0.0002888105360686788
2017,2018,GB0033195214,0.00034371826540658643
2017,2018,GB0033986497,0.0003139214268803618
2017,2018,GB00B012BV22,3.164342454507586e-05
2017,2018,GB00B012TP20,3.8556515415099145e-05
2017,2018,GB00B019KW72,0.00023625998620428664
2017,2018,GB00B01QGK86,4.014570390567895e-06
2017,2018,GB00B02J6398,0.000273018427096211
2017,2018,GB00B033F229,0.00039022292774784444
2017,2018,GB00B03HDJ73,2.9329244705331542e-05
2017,2018,GB00B04V1276,4.325380196124863e-05
2017,2018,GB00B06QFB75,0.00013305206789701032
2017,2018,GB00B0744359,4.791824608541916e-05
2017,2018,GB00B0744B38,0.0003400285934489323
2017,2018,GB00B082RF11,0.0003030661128932749
2017,2018,GB00B0FYMT95,1.766247197700338e-05
2017,2018,GB00B0KM9T71,3.977960474826671e-05
2017,2018,GB00B0LCW083,0.00016200321101625606
2017,2018,GB00B0N8QD54,9.58867788838175e-05
2017,2018,GB00B0SWJX34,0.0006295649379443206
2017,2018,GB00B0WMWD03,6.786430890549148e-05
2017,2018,GB00B0YG1K06,2.8061799046427526e-06
2017,2018,GB00B128J450,9.647261936649179e-05
2017,2018,GB00B132NW22,0.00016391823593440443
2017,2018,GB00B135BJ46,9.786461348643201e-05
2017,2018,GB00B17MMZ46,2.6384638129677224e-17
2017,2018,GB00B18P5K83,9.170946857481778e-06
2017,2018,GB00B19Z1432,5.006980403027878e-05
2017,2018,GB00B1FH8J72,0.00024278162373557604
2017,2018,GB00B1FP6H53,4.515333185219853e-05
2017,2018,GB00B1FW5029,7.550155735145784e-05
2017,2018,GB00B1JQDM80,1.4655453297263348e-05
2017,2018,GB00B1KJJ408,0.0003360862955539761
2017,2018,GB00B1L5QH97,5.1797542316211035e-05
2017,2018,GB00B1P6ZR11,1.9089303056008063e-05
2017,2018,GB00B1VNSX38,7.695621920441405e-19
2017,2018,GB00B1WY2338,0.00030074021613086795
2017,2018,GB00B1XH2C03,0.0001271075171215778
2017,2018,GB00B1YW4409,0.00043870963190534865
2017,2018,GB00B27YGJ97,1.9734505337157198e-05
2017,2018,GB00B2B0DG97,0.0008969159732867582
2017,2018,GB00B2NGPM57,7.110012603586778e-05
2017,2018,GB00B2PDGW16,0.00012015818113506926
2017,2018,GB00B39J2M42,0.0002778042800314246
2017,2018,GB00B3DGH821,2.2881487317416065e-05
2017,2018,GB00B3FLWH99,9.664496299596226e-05
2017,2018,GB00B41H7391,4.129568095845148e-05
2017,2018,GB00B45C9X44,2.7307692226264964e-05
2017,2018,GB00B572ZV91,0.0
2017,2018,GB00B5N0P849,0.00021168568704483926
2017,2018,GB00B5ZN1N88,0.0002880848042279062
2017,2018,GB00B61TVQ02,0.00015245470487604604
2017,2018,GB00B63H8491,0.0007582675002047791
2017,2018,GB00B63QSB39,5.605576771347421e-05
2017,2018,GB00B67G5X01,8.753248335565483e-05
2017,2018,GB00B6XZKY75,4.143469752138553e-05
2017,2018,GB00B6YTLS95,5.6846778553496635e-06
2017,2018,GB00B7KR2P84,0.00020482809454406618
2017,2018,GB00B82YXW83,5.1045583203682806e-05
2017,2018,GB00B8B4R053,0.0
2017,2018,GB00B8C3BL03,0.0004075351561675331
2017,2018,GB00BD6K4575,0.0012137561878074047
2017,2018,GB00BDCPN049,0.0006754325806018008
2017,2018,GB00BDR05C01,0.0014213453324101242
2017,2018,GB00BF044593,4.767618065156326e-05
2017,2018,GB00BF5H9P87,0.00010327928660334671
2017,2018,GB00BF8Q6K64,0.0006120482595476434
2017,2018,GB00BG11K365,0.00011025706300985649
2017,2018,GB00BGDT3G23,0.00014064315662359585
2017,2018,GB00BGLP8L22,0.0001511801651184121
2017,2018,GB00BH4HKS39,0.0030247442533002343
2017,2018,GB00BHJYC057,0.0004282417531490653
2017,2018,GB00BJ1F4N75,0.0005644816119795676
2017,2018,GB00BJFFLV09,0.0002752070620955511
2017,2018,GB00BJQZC279,9.851064796860805e-05
2017,2018,GB00BK9RKT01,0.00019353229978538172
2017,2018,GB00BKP36R26,1.1136172331334532e-05
2017,2018,GB00BKY40Q38,7.169434895221084e-05
2017,2018,GB00BL6XZ716,0.0001882698012874816
2017,2018,GB00BLGZ9862,0.0008162019303760742
2017,2018,GB00BM8PJY71,0.0015778538549846245
2017,2018,GB00BM8Q5M07,0.0001465848997266996
2017,2018,GB00BMJ6DW54,0.0002843756991601397
2017,2018,GB00BN7SWP63,0.0031553128230368847
2017,2018,GB00BNGDN821,0.00021558754144681983
2017,2018,GB00BNNTLN49,0.0001468586561304952
2017,2018,GB00BNR4T868,3.97228303782634e-05
2017,2018,GB00BP6MXD84,0.005446253336351244
2017,2018,GB00BP92CJ43,0.00013898941591519959
2017,2018,GB00BP9LHF23,0.0003838511290259619
2017,2018,GB00BPQY8M80,0.0009727678405013836
2017,2018,GB00BRB37M78,6.621813872882252e-05
2017,2018,GB00BV9FP302,7.797763946690306e-05
2017,2018,GB00BVFNZH21,0.00012525251743866962
2017,2018,GB00BWFGQN14,0.00021013371177299874
2017,2018,GB00BYQ0JC66,0.0001316535946655291
2017,2018,GB00BYT1DJ19,0.00017692825258170614
2017,2018,GB00BYW0PQ60,0.00037591622272931314
2017,2018,GB00BYYTFB60,9.717304188942746e-05
2017,2018,GB00BZ4BQC70,0.0002815263796414353
2017,2018,IE0001827041,0.0010528330211620471
2017,2018,IE0002424939,0.0003153950518405586
2017,2018,IE0003864109,6.293218426581323e-05
2017,2018,IE0004906560,0.0007070770649871976
2017,2018,IE0004927939,0.00027001920874037354
2017,2018,IE00B00MZ448,8.42833398758392e-05
2017,2018,IE00B4BNMY34,0.0033442749010139865
2017,2018,IE00B8KQN827,0.0012379042664663244
2017,2018,IE00BD1RP616,0.0003029033007733596
2017,2018,IE00BF0L3536,0.0006857821856048524
2017,2018,IE00BGH1M568,0.0004224934351074451
2017,2018,IE00BK9ZQ967,0.0007848747596590744
2017,2018,IE00BLP1HW54,0.001193498596748714
2017,2018,IE00BLS09M33,0.00046277433623247166
2017,2018,IE00BTN1Y115,0.003878209321005356
2017,2018,IE00BWT6H894,0.0003394186804716307
2017,2018,IE00BY7QL619,0.0012490600345070164
2017,2018,IL0002300114,0.00015168423752397983
2017,2018,IL0002810146,0.00018694931427158925
2017,2018,IL0006046119,0.00033175604615438153
2017,2018,IL0006625771,0.00035837070085469584
2017,2018,IL0006954379,0.00017841521980144234
2017,2018,IL0010811243,0.00021388106364307887
2017,2018,IT0000062072,0.0010321404865207499
2017,2018,IT0000062957,0.0003808342430104039
2017,2018,IT0000066123,8.415676303124069e-05
2017,2018,IT0000072618,0.0018550230133922204
2017,2018,IT0000784154,6.540328993451182e-05
2017,2018,IT0000784196,6.78510200400366e-05
2017,2018,IT0001137345,0.00013159873348532713
2017,2018,IT0001233417,0.00012821439501238476
2017,2018,IT0001347308,5.712631624093338e-19
2017,2018,IT0001469383,5.22856359638783e-05
2017,2018,IT0003128367,0.0021424815050035315
2017,2018,IT0003132476,0.0021064631351990324
2017,2018,IT0003153415,0.0006277948248867382
2017,2018,IT0003242622,0.00044783800716449896
2017,2018,IT0003497168,0.0004979970831989165
2017,2018,IT0003506190,0.0009633699114276288
2017,2018,IT0003856405,0.0002706092993035006
2017,2018,IT0004810054,0.00012424741897913596
2017,2018,IT0004827447,0.00025499147452551734
2017,2018,IT0005218380,0.0001994992671012152
2017,2018,IT0005239360,0.0014974284734067921
2017,2018,IT0005495657,0.00017423495189253403
2017,2018,JE00B8KF9B49,0.0008231125984337343
2017,2018,JE00BJ1DLW90,0.00019570914576749822
2017,2018,LR0008862868,0.000901110578973316
2017,2018,LU0075646355,0.00018263198988380458
2017,2018,NL0000008977,0.0010170958298757367
2017,2018,NL0000009082,0.000527667689799124
2017,2018,NL0000009165,0.002140430890331774
2017,2018,NL0000009538,0.0012717085565306775
2017,2018,NL0000226223,0.000729059354097536
2017,2018,NL0000235190,0.0027278266462715944
2017,2018,NL0000289213,7.065008983316148e-05
2017,2018,NL0000337319,4.01951541259122e-05
2017,2018,NL0000360618,5.0581391525649266e-05
2017,2018,NL0000379121,0.00040790800226317414
2017,2018,NL0000395903,0.0005386169089925861
2017,2018,NL0009432491,0.00018514048121593405
2017,2018,NL0010273215,0.0026922677285968737
2017,2018,NL0010583399,4.783797106995685e-05
2017,2018,NL0011794037,0.0009859423582858832
2017,2018,NL0011821202,0.002517384283746518
2017,2018,NL0013267909,0.0008013895990898181
2017,2018,NL00150001Q9,0.0009711808545684503
2017,2018,NL00150003E1,6.967906386385777e-05
2017,2018,NL0015001FS8,0.0006162791898728719
2017,2018,NL0015435975,0.00033680500583506716
2017,2018,NO0003028904,0.00012103463474291876
2017,2018,NO0003053605,0.00012324802992607535
2017,2018,NO0003733800,0.00039991631561354777
2017,2018,NO0005052605,0.0005559509585247234
2017,2018,NO0010063308,0.0011714795250147045
2017,2018,NO0010096985,0.002519296279514593
2017,2018,NO0010199151,2.0798775849905805e-05
2017,2018,NO0010208051,0.000382285413794551
2017,2018,NO0010215684,5.871057373113728e-05
2017,2018,NO0010861990,4.4187538774356334e-18
2017,2018,NO0012470089,7.746995750533286e-05
2017,2018,PA1436583006,0.0012259215665619265
2017,2018,PTBCP0AM0015,0.0001911116075840379
2017,2018,PTEDP0AM0009,0.0003751684850701119
2017,2018,PTJMT0AE0001,0.0004429308527394056
2017,2018,PTSON0AM0001,0.000115820562205176
2017,2018,PTZON0AM0006,0.00011587485938316338
2017,2018,SE0000106270,0.0010927644049915507
2017,2018,SE0000108227,0.00031028597234276044
2017,2018,SE0000108656,0.0007383119962046815
2017,2018,SE0000112724,0.00024374818345347847
2017,2018,SE0000113250,0.00027378503944848346
2017,2018,SE0000114837,0.00017403487910545485
2017,2018,SE0000148884,0.000909982422383057
2017,2018,SE0000163594,0.00021206566926894153
2017,2018,SE0000163628,9.822020850220815e-05
2017,2018,SE0000171100,8.745197457548314e-19
2017,2018,SE0000190126,0.00025139504206554496
2017,2018,SE0000202624,0.0001169517060890876
2017,2018,SE0000242455,0.0009749551408535366
2017,2018,SE0000379190,0.00016711055903283014
2017,2018,SE0000667891,0.0007739742918547727
2017,2018,SE0000667925,0.0006963633315698497
2017,2018,SE0000695876,0.0003592644755608507
2017,2018,SE0000806994,4.0397376990244374e-05
2017,2018,SE0000862997,0.00011042480857936802
2017,2018,SE0000949331,2.4988461378083476e-05
2017,2018,SE0001662230,0.0001652511944596568
2017,2018,SE0003366871,1.701258181234517e-19
2017,2018,SE0005190238,0.0002200500957345944
2017,2018,SE0006993770,0.00016272913590899559
2017,2018,SE0007100581,0.0007856242745496371
2017,2018,SE0007100599,0.0009186443824928959
2017,2018,SE0011090018,0.00010911449315124426
2017,2018,SE0011166974,9.078054377152494e-05
2017,2018,SE0015811955,0.0005049687525921583
2017,2018,SE0015812219,0.00025014625882804317
2017,2018,SE0015988019,0.00012035480326305647
2017,2018,SE0016589188,0.00035675911734834567
2017,2018,SE0017486889,0.0012763654426808694
2017,2018,SE0018012494,8.651551320660618e-05
2017,2018,SE0018012635,6.275275659112274e-05
2017,2018,SE0020050417,0.0003170341576710132
2017,2018,US0010551028,0.0012182950902632401
2017,2018,US0010841023,0.0001881257337844971
2017,2018,US00130H1059,4.48453898043364e-19
2017,2018,US00206R1023,0.008462644860453221
2017,2018,US0028241000,0.003534007554031226
2017,2018,US0028962076,3.286146769010121e-05
2017,2018,US00724F1012,0.0030848712864105926
2017,2018,US0079031078,0.00035395273615109943
2017,2018,US0082521081,0.0004000592305805981
2017,2018,US00846U1016,0.0007790643598097461
2017,2018,US0091581068,0.0012488911067304286
2017,2018,US00971T1016,0.00038645975191567466
2017,2018,US0126531013,0.000500949361324622
2017,2018,US0185811082,0.0005064949808887657
2017,2018,US0188021085,0.000286338129001445
2017,2018,US0200021014,0.001339577084309246
2017,2018,US02079K3059,0.011095390071231306
2017,2018,US02209S1033,0.004822523924149566
2017,2018,US0236081024,0.0004187759622045496
2017,2018,US0255371017,0.0011852194023174963
2017,2018,US0258161092,0.0030662394830075477
2017,2018,US0268747849,0.0019144723524369368
2017,2018,US03027X1000,0.0021864217350167
2017,2018,US03073E1055,0.0007161499298706961
2017,2018,US0311621009,0.004493075829493794
2017,2018,US0320951017,0.0009466336253865171
2017,2018,US0326541051,0.0011724221910308294
2017,2018,US0367521038,0.002061486827025642
2017,2018,US03743Q1085,0.0005287642434966758
2017,2018,US0378331005,0.030700733193068156
2017,2018,US0382221051,0.0019155050079976029
2017,2018,US0383361039,0.0001970387692959466
2017,2018,US0394831020,0.0007696348956692189
2017,2018,US0441861046,0.00015608188315850962
2017,2018,US04621X1081,0.00019505222313645522
2017,2018,US0495601058,0.00036948142295863075
2017,2018,US0527691069,0.0008289339103118673
2017,2018,US0528001094,0.0003868000670560612
2017,2018,US0530151036,0.0018353925730576282
2017,2018,US0534841012,0.0008851288408808122
2017,2018,US0536111091,0.0003712017108727074
2017,2018,US0538071038,0.000184212973329615
2017,2018,US0584981064,0.0004616652125661215
2017,2018,US0605051046,0.010886553853162086
2017,2018,US0640581007,0.0019617688912468042
2017,2018,US0708301041,0.0005692576142751323
2017,2018,US0718131099,0.0012679063827083735
2017,2018,US0758871091,0.0017511060017965112
2017,2018,US0844231029,0.0003222143319592691
2017,2018,US0865161014,0.0006753573253723886
2017,2018,US09062X1037,0.0023786095193159894
2017,2018,US0970231058,0.006222366625220523
2017,2018,US09857L1089,0.0029783841324951548
2017,2018,US0997241064,0.00040158769899056277
2017,2018,US1011211018,0.0007292383324995085
2017,2018,US1011371077,0.0011860493743125894
2017,2018,US1101221083,0.003542040960727267
2017,2018,US1124631045,3.433227577942712e-05
2017,2018,US1156372096,0.0005383858640142441
2017,2018,US12504L1098,0.0005248348261782515
2017,2018,US1252691001,0.00022781852935245244
2017,2018,US1255231003,0.0017541364244216995
2017,2018,US1258961002,0.00045223764562066904
2017,2018,US1264081035,0.0017353737037294544
2017,2018,US12653C1080,0.00016740050469788692
2017,2018,US1266501006,0.002596322955654102
2017,2018,US1270551013,4.517077826922548e-05
2017,2018,US1307881029,0.00010123229312111211
2017,2018,US1344291091,0.000511358319280387
2017,2018,US14040H1059,0.0017178772647306597
2017,2018,US14149Y1082,0.0006821098872058641
2017,2018,US1491231015,0.003323137725577044
2017,2018,US1508701034,0.0005011096369866895
2017,2018,US15189T1079,0.0003862221499142843
2017,2018,US1667641005,0.008400947684179217
2017,2018,US1717793095,0.00010519072928260968
2017,2018,US1720621010,0.00042635581469922654
2017,2018,US17275R1023,0.006672366864939189
2017,2018,US1729674242,0.0069524786196899745
2017,2018,US1858991011,3.3802624058393825e-06
2017,2018,US1890541097,0.0006785166967782547
2017,2018,US1912161007,0.006922562950113679
2017,2018,US1924461023,0.001485541060316759
2017,2018,US1941621039,0.002365177187176653
2017,2018,US2003401070,0.0005212748496807328
2017,2018,US2058871029,0.0005256405863393393
2017,2018,US20825C1045,0.0023231455887394174
2017,2018,US2091151041,0.0009681584933357076
2017,2018,US21036P1084,0.0014309788561392683
2017,2018,US22160K1051,0.002884636910198449
2017,2018,US2283681060,0.00024510357759247546
2017,2018,US2310211063,0.001047704632505891
2017,2018,US2333311072,0.000646187545958505
2017,2018,US23355L1061,0.0009316837759349626
2017,2018,US2371941053,0.0003876785419636172
2017,2018,US2441991054,0.0017851196378119642
2017,2018,US2473617023,0.001388311799392863
2017,2018,US25179M1036,0.0007773053846836921
2017,2018,US2533931026,7.063957257248503e-05
2017,2018,US2546871060,0.00573296061791041
2017,2018,US25746U1097,0.0018599939252299537
2017,2018,US2576511099,0.00023366132006167497
2017,2018,US25960P1093,0.00026998394079831627
2017,2018,US2600031080,0.0005614827861648481
2017,2018,US26441C2044,0.001971994790705633
2017,2018,US26875P1012,0.0022270445619728308
2017,2018,US26884L1098,0.0005739670464566125
2017,2018,US2774321002,0.0004517192360439315
2017,2018,US2786421030,0.001386664965544268
2017,2018,US2788651006,0.0013845898044883168
2017,2018,US2810201077,0.0007830910262106363
2017,2018,US28176E1082,0.0008148185577936307
2017,2018,US2910111044,0.0016028767004790405
2017,2018,US29364G1031,0.000430965205279424
2017,2018,US29444U7000,0.0012749329373301093
2017,2018,US29476L1070,0.0008382403471705619
2017,2018,US29670G1022,0.0002762217499497811
2017,2018,US2971781057,0.000581677083627201
2017,2018,US30034W1062,0.00015048698922941255
2017,2018,US30040W1080,0.0007567936650393476
2017,2018,US30161N1019,0.001404240975219706
2017,2018,US3021301094,0.00040361779262641697
2017,2018,US30231G1022,0.012500862999432242
2017,2018,US3024913036,0.0004631274588603486
2017,2018,US31428X1063,0.0023758647995961806
2017,2018,US3156161024,0.00031582421330365363
2017,2018,US3167731005,0.0007765225828729745
2017,2018,US3379321074,0.00035095477766442705
2017,2018,US3434121022,0.00028985630455669736
2017,2018,US34354P1057,0.0001739033514383292
2017,2018,US3453708600,0.0017109311472345734
2017,2018,US3546131018,0.0008554900328348824
2017,2018,US35671D8570,0.0009665276125748304
2017,2018,US3647601083,0.00046527686063960313
2017,2018,US3703341046,0.0012033316054211492
2017,2018,US3719011096,0.00020220044197361763
2017,2018,US37247D1063,7.189618146700503e-05
2017,2018,US3755581036,0.003297877769541928
2017,2018,US38141G1040,0.00339956224956393
2017,2018,US3825501014,0.0002522046359863235
2017,2018,US3848021040,0.0004959179400118339
2017,2018,US3976241071,2.9964002794892654e-05
2017,2018,US40434L1052,0.0012294385094178133
2017,2018,US4062161017,0.0015063825466740729
2017,2018,US4103451021,0.0002605168024195214
2017,2018,US4128221086,0.00031241926999989585
2017,2018,US4165151048,0.0007170088080083866
2017,2018,US4180561072,0.0003958207849068873
2017,2018,US4198701009,0.0001053007803356162
2017,2018,US42250P1030,0.0004488060149889256
2017,2018,US4278661081,0.0006100352482461136
2017,2018,US42809H1077,0.0005177697962041434
2017,2018,US4370761029,0.007808281199881158
2017,2018,US4385161066,0.004112223165969433
2017,2018,US4404521001,0.0006711720051157994
2017,2018,US44107P1049,0.0005425350117661668
2017,2018,US4448591028,0.0012510416074785324
2017,2018,US4456581077,0.000430923913177665
2017,2018,US4461501045,0.0005670035483712378
2017,2018,US4470111075,0.0003008778875129519
2017,2018,US45073V1089,0.00017231751900159852
2017,2018,US4523081093,0.00202447518361621
2017,2018,US4581401001,0.007649076043730698
2017,2018,US4592001014,0.005018648672993864
2017,2018,US4595061015,0.00043097727622048955
2017,2018,US4601461035,0.0008357149323815478
2017,2018,US4606901001,0.00025980549303190333
2017,2018,US4612021034,0.0014171905696777373
2017,2018,US46284V1017,0.0003997989943779628
2017,2018,US4657411066,8.699690242709902e-05
2017,2018,US46625H1005,0.013101541817049981
2017,2018,US4663131039,0.00015587504423344593
2017,2018,US46982L1089,0.00033320821847001485
2017,2018,US4781601046,0.013297808455740705
2017,2018,US48020Q1076,0.00024822127579956707
2017,2018,US48203R1041,0.00035891992301022313
2017,2018,US48242W1062,0.00013007265328352475
2017,2018,US4824801009,0.0005954838836654842
2017,2018,US4878361082,0.000841189107288943
2017,2018,US4891701009,0.00012881279395332077
2017,2018,US4932671088,0.0007700926160640878
2017,2018,US4943681035,0.001518215759364921
2017,2018,US49446R1095,0.00028264066972413657
2017,2018,US4972661064,0.00011688201844311834
2017,2018,US5002551043,0.00031020068811042086
2017,2018,US5010441013,0.0008449062596037274
2017,2018,US5178341070,0.001922936580213806
2017,2018,US5184391044,0.0010054423008517789
2017,2018,US5261071071,0.0003113576984785433
2017,2018,US5324571083,0.0032957914575417547
2017,2018,US5339001068,0.00022818934642759964
2017,2018,US5341871094,0.0006042581909117423
2017,2018,US5398301094,0.0032582648525719127
2017,2018,US5486611073,0.0027168176332198327
2017,2018,US5502411037,0.0006260088641052055
2017,2018,US55261F1049,0.0009045460316604302
2017,2018,US5526761086,9.040824557645745e-05
2017,2018,US5529531015,0.0006677176752298305
2017,2018,US5543821012,0.0003440968728481264
2017,2018,US55616P1049,0.00026240672101371804
2017,2018,US5635714059,7.585266354648603e-05
2017,2018,US56418H1005,0.00029429084012147575
2017,2018,US5658491064,0.000488926161003677
2017,2018,US5717481023,0.0014692682737445612
2017,2018,US5719032022,0.0017612014122225098
2017,2018,US5738741041,0.0004283839422937696
2017,2018,US5745991068,0.00047359869164099696
2017,2018,US57636Q1040,0.005601745715355431
2017,2018,US5770811025,0.00020202590989992187
2017,2018,US5797802064,0.00043416247439875117
2017,2018,US5801351017,0.00485836579479621
2017,2018,US58155Q1031,0.0011576357991569131
2017,2018,US58933Y1055,0.005445168231713328
2017,2018,US59156R1086,0.001880285956522954
2017,2018,US5926881054,0.0005718365915023254
2017,2018,US5949181045,0.02333672875942663
2017,2018,US5950171042,0.0007253063791299942
2017,2018,US5951121038,0.0016935027434888765
2017,2018,US6005441000,8.371990357665947e-05
2017,2018,US6081901042,0.0007221699412917907
2017,2018,US60871R2094,0.0005718560177894812
2017,2018,US6092071058,0.002261108910014184
2017,2018,US6153691059,0.0009906887506044243
2017,2018,US6174464486,0.003347968754735449
2017,2018,US61945C1036,0.0003168251027052935
2017,2018,US6200763075,0.0005041671162955528
2017,2018,US6267171022,0.00020766503193462785
2017,2018,US6293775085,6.030494812187698e-05
2017,2018,US6311031081,0.00044366271664534354
2017,2018,US6365181022,0.00018406979620341356
2017,2018,US64110D1046,0.0005018375960361143
2017,2018,US6512291062,0.0005340210441619684
2017,2018,US6516391066,0.0007070114062582144
2017,2018,US65339F1012,0.002614498896744699
2017,2018,US6541061031,0.002864045440388121
2017,2018,US65473P1057,0.00025528739941885003
2017,2018,US6556641008,0.00026289083665105106
2017,2018,US6558441084,0.001458705438543593
2017,2018,US6658591044,0.0007983537411582676
2017,2018,US6668071029,0.001891952419144118
2017,2018,US6687711084,0.0006219551435499985
2017,2018,US6703461052,0.0006967329597080305
2017,2018,US67066G1040,0.00417093265804211
2017,2018,US6708371033,0.00013389263558856145
2017,2018,US67098H1041,4.7146144253025085e-05
2017,2018,US6745991058,0.0019855102613268298
2017,2018,US6819191064,0.0006002280967555947
2017,2018,US6821891057,0.0003373328686267246
2017,2018,US6826801036,0.0007620787935896568
2017,2018,US68389X1054,0.006920624367635835
2017,2018,US6866881021,0.00012651309315963474
2017,2018,US6882392011,0.0002784754565814623
2017,2018,US69331C1080,0.0008386933715426491
2017,2018,US6934751057,0.0024359872804569646
2017,2018,US6935061076,0.0010563146599023468
2017,2018,US69351T1060,0.0007033276171361976
2017,2018,US6936561009,0.00035634191319292745
2017,2018,US6937181088,0.0008948812874778424
2017,2018,US6951561090,0.00042756107351796794
2017,2018,US7010941042,0.0009458501952322453
2017,2018,US70211M1099,6.582725000701821e-05
2017,2018,US7134481081,0.00604106783535874
2017,2018,US7140461093,0.00029468014177257487
2017,2018,US7170811035,0.007646562301207024
2017,2018,US7234841010,0.00029713269497289756
2017,2018,US7244791007,6.694103591364307e-05
2017,2018,US7310681025,0.0002786240869729868
2017,2018,US74144T1088,0.0009071871294458596
2017,2018,US74251V1026,0.000722726233597141
2017,2018,US7427181091,0.008251141396395746
2017,2018,US7433151039,0.0011791545180308022
2017,2018,US74340W1036,0.0012342762606829185
2017,2018,US7443201022,0.0017148975832410977
2017,2018,US7445731067,0.0009643723389766703
2017,2018,US7475251036,0.0033556457194255356
2017,2018,US74834L1008,0.0004871389776078546
2017,2018,US75281A1097,0.0001525331750471151
2017,2018,US75513E1010,0.003609742064977886
2017,2018,US7588491032,0.0004316116557678973
2017,2018,US75886F1075,0.0014195472458548555
2017,2018,US7607591002,0.0007876632694972791
2017,2018,US7739031091,0.0009029856476313895
2017,2018,US7835491082,0.0001760887459184838
2017,2018,US78409V1044,0.0015448317468645582
2017,2018,US78410G1040,0.0007083926732993234
2017,2018,US78440X8873,0.0003687149593301788
2017,2018,US78473E1038,7.165758016740196e-05
2017,2018,US79466L3024,0.002610737788543108
2017,2018,US8101861065,0.00019876399076900023
2017,2018,US81211K1007,0.0003065649483592702
2017,2018,US8168511090,0.0009727216275607433
2017,2018,US8243481061,0.0013565707658972329
2017,2018,US8288061091,0.0019556456354769053
2017,2018,US8326964058,0.0005027088091657711
2017,2018,US8354951027,0.00018772059525089653
2017,2018,US8425871071,0.0016116103057200277
2017,2018,US84265V1052,0.0013071201380271552
2017,2018,US8447411088,0.0013370838164383876
2017,2018,US8454671095,9.497753248900789e-05
2017,2018,US8545021011,0.0009232629805291802
2017,2018,US8552441094,0.0028703712858827615
2017,2018,US8574771031,0.0012883166857317933
2017,2018,US8676524064,5.913392944608748e-05
2017,2018,US8718291078,0.0011160249706679186
2017,2018,US8725401090,0.0016970165134179416
2017,2018,US8760301072,0.00043425161834664377
2017,2018,US87612E1064,0.0012545217303372045
2017,2018,US8807701029,0.00029755716157837264
2017,2018,US8807791038,0.0001547191104986178
2017,2018,US8816242098,0.0006651865869527268
2017,2018,US8825081040,0.0036438974270470736
2017,2018,US8832031012,0.0005387399601577875
2017,2018,US88337F1057,5.867779011047738e-05
2017,2018,US8835561023,0.0026906647174526604
2017,2018,US88579Y1010,0.0049600207703910885
2017,2018,US89417E1091,0.001308439191538111
2017,2018,US89832Q1094,0.0013855021805558813
2017,2018,US9024941034,0.0008266087931032168
2017,2018,US9026811052,0.0003182488459283242
2017,2018,US9029733048,0.003148164468050262
2017,2018,US9078181081,0.003721482669415406
2017,2018,US9111631035,7.891497052273062e-05
2017,2018,US9113121068,0.002891740710275426
2017,2018,US9113631090,0.000556209623943608
2017,2018,US9129091081,0.0001092756333469787
2017,2018,US91324P1021,0.007550108077561226
2017,2018,US91529Y1064,0.00041974396864206823
2017,2018,US91913Y1001,0.0013539511950446592
2017,2018,US92276F1003,0.0007708571868047398
2017,2018,US92343V1044,0.00765995904131682
2017,2018,US92532F1003,0.0013598302084285425
2017,2018,US9255501051,7.363610318328708e-05
2017,2018,US92556V1061,0.0008172117594565043
2017,2018,US9290421091,0.0005504911537719465
2017,2018,US9291601097,0.0006014466957069009
2017,2018,US92939U1060,0.0006905880989086907
2017,2018,US9297401088,0.0002787337915703146
2017,2018,US9311421039,0.010357261436650713
2017,2018,US9314271084,0.0025642595232188213
2017,2018,US94106L1098,0.0013198533115020676
2017,2018,US9418481035,0.0005651343998229481
2017,2018,US9427491025,9.073148768443356e-05
2017,2018,US9497461015,0.01056292548259511
2017,2018,US95040Q1040,0.0008571171619958454
2017,2018,US95082P1057,0.00012653813189406312
2017,2018,US9581021055,0.0008755840505853524
2017,2018,US9604131022,0.00043861839894102485
2017,2018,US9621661043,0.0009620923052442082
2017,2018,US9633201069,0.0004370578111473965
2017,2018,US9694571004,0.0008768638405813318
2017,2018,US98389B1008,0.0007596880818407418
2017,2018,US9839191015,0.0005849386228291589
2017,2018,US98421M1062,0.00027140689260534383
2017,2018,US9884981013,0.0009957679928787133
2017,2018,US98956P1021,0.0008668104303076073
2018,2019,AN8068571086,0.001959197846547754
2018,2019,AT000000STR1,0.00014083927177601318
2018,2019,AT00000VIE62,0.00016889346468176587
2018,2019,AT0000606306,0.00035757151646926866
2018,2019,AT0000652011,0.000555481047095856
2018,2019,AT0000720008,0.000278059278505204
2018,2019,AT0000730007,0.00022914060784184808
2018,2019,AT0000743059,0.0004552164164474952
2018,2019,AT0000746409,0.0003794483633781609
2018,2019,AT0000937503,6.842505151410722e-19
2018,2019,AT0000938204,9.753259900592382e-05
2018,2019,AT0000A21KS2,0.00016982997411512263
2018,2019,BE0003470755,0.0002752273795051834
2018,2019,BE0003565737,0.0009984254733851616
2018,2019,BE0003593044,0.0001180979660353958
2018,2019,BE0003735496,8.532697704707968e-05
2018,2019,BE0003739530,0.0006099482391117376
2018,2019,BE0003755692,1.0871184143470319e-07
2018,2019,BE0003810273,0.00041308203202373696
2018,2019,BE0974258874,0.00010533735586647175
2018,2019,BE0974264930,0.00034763449901639183
2018,2019,BE0974293251,0.00426891096274032
2018,2019,BE0974320526,0.00039322060598397405
2018,2019,CA00208D4084,0.00012267722278942538
2018,2019,CA0084741085,0.00040837646051106126
2018,2019,CA00900Q1037,7.596513578839967e-05
2018,2019,CA01626P1484,0.00027664050122189557
2018,2019,CA05534B7604,0.001383399113750709
2018,2019,CA0636711016,0.0016341748182529955
2018,2019,CA0641491075,0.002395252141978302
2018,2019,CA0977518616,0.00015597799674611727
2018,2019,CA1247651088,0.0001898863322194572
2018,2019,CA12532H1047,0.0005779408524266049
2018,2019,CA13321L1085,0.00018736148820341702
2018,2019,CA1360691010,0.0012921226265709851
2018,2019,CA1363751027,0.0020581958157043626
2018,2019,CA1363851017,0.0010553870635048206
2018,2019,CA13646K1084,0.000967307623999526
2018,2019,CA1366812024,0.00024132937616487
2018,2019,CA1367178326,4.2482813775239407e-19
2018,2019,CA2849025093,6.297147318320462e-19
2018,2019,CA29250N1050,0.002419574431660001
2018,2019,CA2927661025,0.00010108522862566703
2018,2019,CA3180714048,0.00015217417877641466
2018,2019,CA3359341052,0.0002791325286180625
2018,2019,CA3495531079,0.0004901457706236979
2018,2019,CA3518581051,0.0005580664161145852
2018,2019,CA3759161035,0.000278515782108573
2018,2019,CA39138C1068,0.0008076954861664663
2018,2019,CA4495861060,0.00024959475292433416
2018,2019,CA4530384086,0.0006971007390983407
2018,2019,CA45823T1066,0.00041380598428606156
2018,2019,CA4969024047,0.00020147437367059673
2018,2019,CA5394811015,0.0006642497437831866
2018,2019,CA5592224011,0.0006746067280566592
2018,2019,CA56501R1064,0.001094619752541294
2018,2019,CA59151K1084,0.0
2018,2019,CA6744822033,6.721278705952872e-20
2018,2019,CA7392391016,0.0003025890431550443
2018,2019,CA7751092007,0.0008264679918503458
2018,2019,CA7800871021,0.0037878647138010983
2018,2019,CA8029121057,0.0004978214560568481
2018,2019,CA8239011031,1.1451964889922348e-19
2018,2019,CA85472N1096,0.00012412291202938393
2018,2019,CA8667961053,0.0007637640743627824
2018,2019,CA8672241079,0.0017019646491374944
2018,2019,CA87807B1076,0.00124252197542833
2018,2019,CA8787422044,0.0005175821252298363
2018,2019,CA87971M1032,0.0007727836859869998
2018,2019,CA8849038085,0.0009101965363127306
2018,2019,CA8911605092,0.0035178024628719465
2018,2019,CA89346D1078,1.090578988642325e-19
2018,2019,CA8959451037,2.9571036949895063e-05
2018,2019,CA98462Y1007,7.547049163842701e-05
2018,2019,CH0008038389,0.0002664889899067358
2018,2019,CH0008742519,0.0010381010030743056
2018,2019,CH0010570759,0.0004126012608139625
2018,2019,CH0010645932,0.0008665221908774705
2018,2019,CH0011075394,0.0017371792638760152
2018,2019,CH0012005267,0.008340613631827533
2018,2019,CH0012032048,0.006669763151664402
2018,2019,CH0012138530,0.0010615649936089554
2018,2019,CH0012138605,0.0003465411828424001
2018,2019,CH0012142631,0.00027809018958521953
2018,2019,CH0012214059,0.0002525027527166415
2018,2019,CH0012221716,0.0015670553930446347
2018,2019,CH0012549785,0.0004623665866399124
2018,2019,CH0013841017,0.0007714921636504118
2018,2019,CH0014786500,2.968523867419674e-05
2018,2019,CH0014852781,0.0005303153741108076
2018,2019,CH0018294154,0.00020928042259833372
2018,2019,CH0024608827,0.0005972196788881177
2018,2019,CH0024638212,0.0005038518245202376
2018,2019,CH0025238863,0.0006087778168664376
2018,2019,CH0025751329,0.00016926363591025206
2018,2019,CH0030170408,0.0005696445540969279
2018,2019,CH0038388911,7.68830511831871e-05
2018,2019,CH0038863350,0.009512624781016762
2018,2019,CH0044328745,0.0022871708559797053
2018,2019,CH0048265513,0.00012146446244556554
2018,2019,CH0126881561,0.0012381472468359302
2018,2019,CH0210483332,0.001295032651810645
2018,2019,CH0244767585,0.001830682393736547
2018,2019,CH0319416936,0.00022560142406481446
2018,2019,CH0418792922,0.0007174728794713192
2018,2019,CH1169151003,0.00011649243409033298
2018,2019,CH1175448666,0.0003741232998588468
2018,2019,CH1256740924,0.0006533967432208163
2018,2019,DE0005089031,0.0003457984452644407
2018,2019,DE0005140008,0.000577717672471053
2018,2019,DE0005190003,0.0018598505844754083
2018,2019,DE0005200000,0.0010091437772054882
2018,2019,DE0005408884,0.00011885920763873846
2018,2019,DE0005439004,0.0010331872510418293
2018,2019,DE0005470405,0.00013401178480331762
2018,2019,DE0005552004,0.0013342454985416487
2018,2019,DE0005557508,0.0030953732238538615
2018,2019,DE0005773303,0.0002930634628065704
2018,2019,DE0005785604,0.0008505908282125242
2018,2019,DE0005785802,0.0007401705494580853
2018,2019,DE0005810055,0.0008415183595835643
2018,2019,DE0005909006,9.684384085783569e-05
2018,2019,DE0006047004,2.557655645173994e-19
2018,2019,DE0006048432,0.0007603745768496675
2018,2019,DE0006070006,0.00029231255608490157
2018,2019,DE0006202005,2.721518295894199e-19
2018,2019,DE0006231004,0.0009070074500135928
2018,2019,DE0006569908,0.0
2018,2019,DE0006599905,0.0005085652453600604
2018,2019,DE0006602006,0.00018230569317811846
2018,2019,DE0006969603,0.0002952948729390271
2018,2019,DE0007030009,0.00017867310729030488
2018,2019,DE0007037129,1.7876511829285409e-19
2018,2019,DE0007042301,6.36696586785693e-05
2018,2019,DE0007100000,0.002172812868185092
2018,2019,DE0007164600,0.004672541101606576
2018,2019,DE0007236101,0.003634222426190744
2018,2019,DE0007257503,3.418432048558005e-05
2018,2019,DE0007314007,4.370202593931517e-05
2018,2019,DE0007500001,0.00019246556448058826
2018,2019,DE0007664039,0.0013008045145112873
2018,2019,DE0008232125,3.618604978213774e-05
2018,2019,DE0008402215,0.0006494498453664991
2018,2019,DE0008404005,0.0032602973696198604
2018,2019,DE0008430026,0.001260509328811824
2018,2019,DE000A0D6554,2.8715514345211718e-05
2018,2019,DE000A0D9PT0,0.00040303640581480316
2018,2019,DE000A0S8488,9.415115234699816e-05
2018,2019,DE000A0WMPJ6,5.437262091895824e-16
2018,2019,DE000A1EWWW0,0.0016475807625666895
2018,2019,DE000A2GS401,0.0001466548122902527
2018,2019,DE000BASF111,0.0024198500164985567
2018,2019,DE000BAY0017,0.002521835661515248
2018,2019,DE000CBK1001,0.0002896634770177019
2018,2019,DE000CLS1001,0.00028316615995335477
2018,2019,DE000ENAG999,0.0009695718288734794
2018,2019,DE000KSAG888,1.313469085505574e-05
2018,2019,DE000PSM7770,0.00011665790983866994
2018,2019,DE000TUAG505,0.00021059125716713274
2018,2019,DK0010181759,0.00043535840178889106
2018,2019,DK0010234467,0.00018719782785085135
2018,2019,DK0010244508,2.473801255594859e-05
2018,2019,DK0010274414,0.000692275273902822
2018,2019,DK0010287663,7.3512364252414e-06
2018,2019,DK0010311471,9.818296718326213e-05
2018,2019,DK0060079531,0.0005315236101725542
2018,2019,DK0060336014,0.00042777627784591554
2018,2019,DK0060448595,0.0006993178443829735
2018,2019,DK0060477503,0.0001912890833476586
2018,2019,DK0060636678,0.0003014630917716019
2018,2019,DK0060738599,0.00026638316982857186
2018,2019,DK0061539921,0.0005698503663436531
2018,2019,ES0109427734,7.967926445109845e-05
2018,2019,ES0112501012,0.00012784156268401165
2018,2019,ES0113211835,0.0013799145355787332
2018,2019,ES0113679I37,0.000259339111486623
2018,2019,ES0113860A34,0.00025175123542446105
2018,2019,ES0113900J37,0.002850100401319023
2018,2019,ES0116870314,0.0009918688605683587
2018,2019,ES0118594417,0.00012845417265120763
2018,2019,ES0122060314,0.00012408317247906799
2018,2019,ES0124244E34,0.0003437598560356024
2018,2019,ES0125220311,0.000255133317260908
2018,2019,ES0130670112,0.0008094608694056742
2018,2019,ES0130960018,0.00032717308925415267
2018,2019,ES0132105018,0.00015695080008838272
2018,2019,ES0142090317,9.188011025164784e-05
2018,2019,ES0144580Y14,0.0020027862487126094
2018,2019,ES0148396007,0.003036927224983029
2018,2019,ES0152503035,0.00013397323826961458
2018,2019,ES0161560018,0.00015013469775283024
2018,2019,ES0167050915,0.0004718159703872313
2018,2019,ES0171996087,0.00048107898795638794
2018,2019,ES0173093024,0.0005397265882936066
2018,2019,ES0173516115,0.0008575094005572317
2018,2019,ES0178430E18,0.001719680559988276
2018,2019,ES0182870214,3.79819538116848e-05
2018,2019,FI0009000202,0.00016709254723298728
2018,2019,FI0009000277,8.388112177600147e-05
2018,2019,FI0009000459,0.00013961998418161476
2018,2019,FI0009000681,0.0012743334812959177
2018,2019,FI0009002158,8.02273272327302e-05
2018,2019,FI0009002422,5.022742905552983e-05
2018,2019,FI0009003727,0.0003602191136043206
2018,2019,FI0009005318,8.266838253815866e-05
2018,2019,FI0009005870,6.996779770719639e-05
2018,2019,FI0009005961,0.00021664340547826604
2018,2019,FI0009005987,0.0004695191685403464
2018,2019,FI0009007132,0.0006604366266770907
2018,2019,FI0009007694,6.3536171495498395e-06
2018,2019,FI0009007884,0.0003258277138011793
2018,2019,FI0009013296,0.0008018852222061289
2018,2019,FI0009013403,0.0008659301353613451
2018,2019,FI0009800643,1.47833558988417e-05
2018,2019,FI4000440664,0.00020478532867204002
2018,2019,FR0000035081,0.0002323757916122082
2018,2019,FR0000039109,1.0333838395543383e-18
2018,2019,FR0000044448,6.351890759193432e-05
2018,2019,FR0000045072,0.0011810817868742524
2018,2019,FR0000051070,8.944296951562501e-05
2018,2019,FR0000052292,0.002226034478291933
2018,2019,FR0000054900,0.00011425730676836684
2018,2019,FR0000064578,0.0003113882188466897
2018,2019,FR0000073272,0.0019057727800603334
2018,2019,FR0000077919,0.000253465453709509
2018,2019,FR0000120073,0.0019752946800327496
2018,2019,FR0000120172,0.0005271449473766
2018,2019,FR0000120222,0.0005909461570344847
2018,2019,FR0000120271,0.00533744521020799
2018,2019,FR0000120321,0.004956032961102975
2018,2019,FR0000120404,0.0004924673165778451
2018,2019,FR0000120503,0.0005447185266330757
2018,2019,FR0000120560,0.00011738130045183354
2018,2019,FR0000120578,0.004162452128181352
2018,2019,FR0000120628,0.001989227426534039
2018,2019,FR0000120644,0.0018671766412697393
2018,2019,FR0000120693,0.0017212147649489481
2018,2019,FR0000120859,9.751272152490517e-05
2018,2019,FR0000120966,0.00022539331991087655
2018,2019,FR0000121014,0.005701012123650101
2018,2019,FR0000121121,0.0002404821738807511
2018,2019,FR0000121204,0.0002547727246307354
2018,2019,FR0000121220,0.0005782230389384669
2018,2019,FR0000121329,0.0009749536852056599
2018,2019,FR0000121485,0.002310613245268891
2018,2019,FR0000121667,0.002053799283328088
2018,2019,FR0000121964,0.0003886104492514372
2018,2019,FR0000121972,0.0015071034980255029
2018,2019,FR0000124141,9.363884562996135e-05
2018,2019,FR0000125007,0.0006518868896020568
2018,2019,FR0000125338,0.0006062753978424171
2018,2019,FR0000125486,0.0018853140707346546
2018,2019,FR0000127771,0.0012682567094708655
2018,2019,FR0000130213,0.00015362911357035176
2018,2019,FR0000130395,0.0002323352604471041
2018,2019,FR0000130403,0.0026442100075107777
2018,2019,FR0000130452,0.0003454601633553642
2018,2019,FR0000130577,0.0005363290948282746
2018,2019,FR0000130809,0.0009498138597868863
2018,2019,FR0000131104,0.002136453335056221
2018,2019,FR0000131757,9.058748652875334e-19
2018,2019,FR0000131906,0.0007127643369068969
2018,2019,FR0000133308,0.001727356394261852
2018,2019,FR0010040865,0.0003935650854357987
2018,2019,FR0010220475,0.0003909619529184771
2018,2019,FR0010242511,0.0018311837815096483
2018,2019,FR0010307819,0.0005987010763070004
2018,2019,FR0010313833,0.000182806844878295
2018,2019,FR0010340141,0.0007810233212890457
2018,2019,FR0010533075,0.0002789712362023035
2018,2019,FR0013176526,0.00024643591522051367
2018,2019,FR0013280286,0.0003049457890246532
2018,2019,FR0013326246,0.0008487421763513264
2018,2019,FR0013505062,9.43646908303079e-06
2018,2019,FR0013506730,2.756396720273584e-05
2018,2019,FR0014003TT8,0.0011648832461662684
2018,2019,FR001400AJ45,0.0007101569791118017
2018,2019,GB0000163088,8.943412217850639e-05
2018,2019,GB0000456144,0.00038807388952114225
2018,2019,GB0000536739,0.00038078006372894947
2018,2019,GB0000811801,0.00023742780654135404
2018,2019,GB0000904986,0.000192676969471763
2018,2019,GB0000961622,5.5142153883279744e-05
2018,2019,GB0001048619,1.0948178564447171e-06
2018,2019,GB0001367019,0.0002434802371808221
2018,2019,GB0001500809,0.00012205602414790125
2018,2019,GB0001638955,4.186684029399472e-05
2018,2019,GB0001765816,7.280094823838726e-05
2018,2019,GB0001826634,0.00013060868010438006
2018,2019,GB0001859296,6.306824382679593e-05
2018,2019,GB0002018363,2.918121417351514e-05
2018,2019,GB0002074580,8.798304409115663e-05
2018,2019,GB0002148343,6.466981090337423e-05
2018,2019,GB0002318888,6.587578512770504e-05
2018,2019,GB0002374006,0.003331071393786413
2018,2019,GB0002418548,3.937877815532398e-05
2018,2019,GB0002634946,0.0007317925302319603
2018,2019,GB0002652740,0.00016931158113109282
2018,2019,GB0002670437,0.0
2018,2019,GB0002869419,6.880714282628064e-05
2018,2019,GB0002875804,0.002783658884347603
2018,2019,GB0003096442,0.00011217434321743864
2018,2019,GB0003308607,0.00014524651057735993
2018,2019,GB0003395000,0.00012349095800664206
2018,2019,GB0003452173,8.77904517149094e-19
2018,2019,GB0003718474,5.513624322101013e-05
2018,2019,GB0003753778,2.7711846590029385e-05
2018,2019,GB0004052071,0.0002641570229475321
2018,2019,GB0004082847,0.0010202971175187188
2018,2019,GB0004161021,0.00015878454527284077
2018,2019,GB0004170089,2.5930392266583847e-05
2018,2019,GB0004270301,4.188251246666403e-05
2018,2019,GB0004478896,8.641196046071923e-05
2018,2019,GB0004544929,0.0010973035796879214
2018,2019,GB0004657408,5.976384495945042e-05
2018,2019,GB0004726096,5.919158974852332e-05
2018,2019,GB0004866223,3.998822508779524e-18
2018,2019,GB0004915632,2.659804813969234e-05
2018,2019,GB0005405286,0.006338609279659286
2018,2019,GB0005576813,8.773215521232489e-05
2018,2019,GB0005603997,0.0006357650013066492
2018,2019,GB0005746358,0.0
2018,2019,GB0005758098,0.00016800375295486047
2018,2019,GB0005790059,0.0
2018,2019,GB0006027295,2.2629190470927046e-18
2018,2019,GB0006215205,0.00010820347551992187
2018,2019,GB0006640972,0.0
2018,2019,GB0006650450,0.0
2018,2019,GB0006731235,0.0007791587166119823
2018,2019,GB0006776081,0.00037531593145908644
2018,2019,GB0006825383,0.00031760914055139854
2018,2019,GB0006886666,6.391691219934285e-05
2018,2019,GB0006928617,0.00012180252513550838
2018,2019,GB0007099541,0.0017955006748126747
2018,2019,GB0007188757,0.0023324659274575497
2018,2019,GB0007323586,0.00010608171377027771
2018,2019,GB0007594764,7.520260338506445e-05
2018,2019,GB0007668071,6.678346437780626e-05
2018,2019,GB0007669376,0.00022843247937176677
2018,2019,GB0007908733,0.000507814061290357
2018,2019,GB0007958233,4.2109110000672246e-05
2018,2019,GB0007973794,1.0977869556809797e-18
2018,2019,GB0007980591,0.004879835329862333
2018,2019,GB0008025412,4.95911056486431e-05
2018,2019,GB0008085614,8.346606094788265e-05
2018,2019,GB0008220112,0.0001637776331794672
2018,2019,GB0008481250,0.0
2018,2019,GB0008706128,0.0017425663974639989
2018,2019,GB0008782301,0.00021550750688383136
2018,2019,GB0008794710,3.525856519994341e-05
2018,2019,GB0009067447,0.0
2018,2019,GB0009123323,2.1865379306725474e-06
2018,2019,GB0009223206,0.0006689294849501365
2018,2019,GB0009292243,0.0001308592312330917
2018,2019,GB0009465807,0.00018646414984643532
2018,2019,GB0009633180,0.00015321410980028756
2018,2019,GB0009697037,8.302700716687059e-05
2018,2019,GB0009895292,0.0036623016928955727
2018,2019,GB0022569080,0.0003345794357399999
2018,2019,GB0030232317,5.772592001389324e-05
2018,2019,GB0030329360,0.0
2018,2019,GB0030913577,0.0011625929721846703
2018,2019,GB0031274896,0.00017417179476127563
2018,2019,GB0031348658,0.001202716594449971
2018,2019,GB0031638363,0.00038385500490432174
2018,2019,GB0031743007,0.000359241022735758
2018,2019,GB0032089863,0.00022764299111983514
2018,2019,GB0033195214,0.00020569123071604393
2018,2019,GB0033986497,0.00019385039433331136
2018,2019,GB00B012BV22,4.101261811000671e-05
2018,2019,GB00B012TP20,1.2256552610269536e-05
2018,2019,GB00B019KW72,0.0002573627625024258
2018,2019,GB00B01QGK86,1.6401231540514334e-16
2018,2019,GB00B02J6398,0.000287422606122789
2018,2019,GB00B033F229,0.00043675175918955495
2018,2019,GB00B03HDJ73,1.1203283466823594e-17
2018,2019,GB00B04V1276,4.437865408196353e-05
2018,2019,GB00B06QFB75,0.0001266975664749236
2018,2019,GB00B0744359,1.8877799292318583e-05
2018,2019,GB00B0744B38,0.00039438113294864354
2018,2019,GB00B082RF11,0.00034340782108128765
2018,2019,GB00B0FYMT95,6.603233249061541e-05
2018,2019,GB00B0KM9T71,4.0662839767492033e-05
2018,2019,GB00B0LCW083,0.0002591748669491539
2018,2019,GB00B0N8QD54,9.787427735511525e-05
2018,2019,GB00B0SWJX34,0.0006844743370311325
2018,2019,GB00B0WMWD03,0.00010461989230415133
2018,2019,GB00B0YG1K06,1.1444791582615028e-05
2018,2019,GB00B128J450,0.00011806379326247543
2018,2019,GB00B132NW22,0.0001442882182352889
2018,2019,GB00B135BJ46,0.00010447762492866663
2018,2019,GB00B17MMZ46,1.7347074949000642e-17
2018,2019,GB00B18P5K83,3.749935048514457e-17
2018,2019,GB00B19Z1432,2.3397577281396554e-05
2018,2019,GB00B1FH8J72,0.00023049162528377418
2018,2019,GB00B1FP6H53,7.794228387363964e-05
2018,2019,GB00B1FW5029,8.67569402879663e-05
2018,2019,GB00B1G5HX72,7.70375604614936e-17
2018,2019,GB00B1JQDM80,2.1346004800528353e-06
2018,2019,GB00B1KJJ408,0.00038873031313915556
2018,2019,GB00B1L5QH97,0.0
2018,2019,GB00B1P6ZR11,4.061486946058532e-05
2018,2019,GB00B1VNSX38,6.383768797830502e-19
2018,2019,GB00B1WY2338,0.0002617658022564234
2018,2019,GB00B1XH2C03,8.650381510885958e-05
2018,2019,GB00B1YW4409,0.0003802387147704615
2018,2019,GB00B27YGJ97,2.607282124141844e-05
2018,2019,GB00B2B0DG97,0.0015754928219540278
2018,2019,GB00B2NGPM57,7.42839250614446e-05
2018,2019,GB00B2PDGW16,8.608155701023948e-05
2018,2019,GB00B39J2M42,0.00028126713945038855
2018,2019,GB00B3DGH821,0.0
2018,2019,GB00B3FLWH99,6.957951181037222e-05
2018,2019,GB00B41H7391,4.695005105185625e-05
2018,2019,GB00B45C9X44,5.198549214659175e-05
2018,2019,GB00B572ZV91,0.0
2018,2019,GB00B5N0P849,0.00014102936399511569
2018,2019,GB00B5ZN1N88,0.00031042931489614614
2018,2019,GB00B61TVQ02,9.7280039000231e-05
2018,2019,GB00B63H8491,0.0007433634658224389
2018,2019,GB00B63QSB39,5.4746063970099895e-05
2018,2019,GB00B64NSP76,2.4029107306136788e-05
2018,2019,GB00B67G5X01,8.579216687811427e-05
2018,2019,GB00B6XZKY75,3.501715588596814e-05
2018,2019,GB00B6YTLS95,3.1209135020357843e-18
2018,2019,GB00B7KR2P84,1.3334529123154906e-05
2018,2019,GB00B82YXW83,1.862740230064393e-05
2018,2019,GB00B8B4R053,0.0
2018,2019,GB00B8C3BL03,0.0003060321032773474
2018,2019,GB00BD6K4575,0.0012796244099904667
2018,2019,GB00BDCPN049,0.0008525228122283723
2018,2019,GB00BDFBVT43,3.1092442117446077e-16
2018,2019,GB00BDR05C01,0.0013048036029157807
2018,2019,GB00BF044593,6.968260443997538e-05
2018,2019,GB00BF5H9P87,8.732842928065695e-05
2018,2019,GB00BF8Q6K64,0.0003112498890568474
2018,2019,GB00BG11K365,8.580785607455453e-05
2018,2019,GB00BGDT3G23,5.285407943212915e-05
2018,2019,GB00BGLP8L22,8.881980719781924e-05
2018,2019,GB00BH4HKS39,0.0020355930765694045
2018,2019,GB00BHJYC057,0.00042018219291080843
2018,2019,GB00BJ1F4N75,0.0003038918315464321
2018,2019,GB00BJFFLV09,0.00031613950424682735
2018,2019,GB00BJQZC279,7.874434903694728e-05
2018,2019,GB00BK9RKT01,0.00010626817939030455
2018,2019,GB00BKP36R26,1.266779334516828e-16
2018,2019,GB00BKY40Q38,7.771240047280095e-05
2018,2019,GB00BL6XZ716,7.058385068866076e-05
2018,2019,GB00BLGZ9862,0.0009405867666891571
2018,2019,GB00BM8PJY71,0.0012046510060747299
2018,2019,GB00BM8Q5M07,0.00011736010246281705
2018,2019,GB00BMJ6DW54,0.00036546361927301693
2018,2019,GB00BN7SWP63,0.003656837883943285
2018,2019,GB00BNGDN821,0.0003656792298272669
2018,2019,GB00BNNTLN49,0.00010414844474578616
2018,2019,GB00BNR4T868,0.0
2018,2019,GB00BP6MXD84,0.004980917350904009
2018,2019,GB00BP92CJ43,8.830362000155473e-05
2018,2019,GB00BP9LHF23,0.00027319438491425914
2018,2019,GB00BPQY8M80,0.0007389946369897973
2018,2019,GB00BRB37M78,0.000110448685935897
2018,2019,GB00BV9FP302,8.233372748131867e-05
2018,2019,GB00BVFNZH21,0.00012416576998322424
2018,2019,GB00BWFGQN14,0.0002482613372982689
2018,2019,GB00BYQ0JC66,0.00012021851542222089
2018,2019,GB00BYT1DJ19,0.00016286258434270912
2018,2019,GB00BYW0PQ60,0.0003076974950827024
2018,2019,GB00BYYTFB60,0.00013996463643645653
2018,2019,GB00BYZN9041,4.97212403614497e-05
2018,2019,GB00BZ4BQC70,0.0002392159157177322
2018,2019,IE0001827041,0.000578228932274064
2018,2019,IE0002424939,0.0002888665693020852
2018,2019,IE0003864109,5.960067052189909e-05
2018,2019,IE0004906560,0.0006944544902517966
2018,2019,IE0004927939,0.00027700738330104754
2018,2019,IE00B00MZ448,5.469815855741366e-05
2018,2019,IE00B4BNMY34,0.0034545108302745727
2018,2019,IE00B8KQN827,0.0011425490945556715
2018,2019,IE00BD1RP616,0.000220973670130502
2018,2019,IE00BF0L3536,0.0005321617362257362
2018,2019,IE00BGH1M568,0.00016453810572760757
2018,2019,IE00BK9ZQ967,0.0008564297011364383
2018,2019,IE00BLP1HW54,0.001367948845874281
2018,2019,IE00BLS09M33,0.0002591611393231858
2018,2019,IE00BTN1Y115,0.004698348636858636
2018,2019,IE00BWT6H894,0.00021566618929278397
2018,2019,IE00BY7QL619,0.0010378563841559477
2018,2019,IL0002300114,0.00013282228725177174
2018,2019,IL0002810146,0.0003163358815325808
2018,2019,IL0006046119,0.0003831326693140232
2018,2019,IL0006625771,0.000361415106399597
2018,2019,IL0006954379,0.0002329024443555698
2018,2019,IL0010811243,0.00020284904666185063
2018,2019,IT0000062072,0.0010452218691880332
2018,2019,IT0000062957,0.0003328323985647602
2018,2019,IT0000066123,8.19214413786328e-05
2018,2019,IT0000072618,0.0014647041093287998
2018,2019,IT0000784154,6.910508294793252e-05
2018,2019,IT0000784196,0.00011197559641157265
2018,2019,IT0001137345,0.00010865563440300609
2018,2019,IT0001233417,1.0405744353798286e-05
2018,2019,IT0001347308,1.9186254424841662e-19
2018,2019,IT0001469383,4.097979872431581e-05
2018,2019,IT0003128367,0.002040477250792856
2018,2019,IT0003132476,0.0020993718883388513
2018,2019,IT0003153415,0.0006001730424229858
2018,2019,IT0003242622,0.00047351550948052573
2018,2019,IT0003497168,0.0003813850175068046
2018,2019,IT0003506190,0.0007220574430666061
2018,2019,IT0003856405,0.0002695867674419319
2018,2019,IT0004810054,0.0001412708864642942
2018,2019,IT0004827447,0.00028595791791059393
2018,2019,IT0005218380,0.00016211708619872031
2018,2019,IT0005239360,0.000995180879186027
2018,2019,IT0005495657,0.0001239129075334999
2018,2019,JE00B8KF9B49,0.000523449830303732
2018,2019,JE00BJ1DLW90,0.00017009488329754709
2018,2019,LR0008862868,0.000789296479387338
2018,2019,LU0075646355,0.00010153597410981127
2018,2019,NL0000008977,0.0009548835917870577
2018,2019,NL0000009082,0.0004988186304985155
2018,2019,NL0000009165,0.0019760669970901087
2018,2019,NL0000009538,0.0012839798912130749
2018,2019,NL0000226223,0.0005545258182038325
2018,2019,NL0000235190,0.002817488640458329
2018,2019,NL0000289213,5.0803118675454244e-05
2018,2019,NL0000337319,1.3597187186067414e-05
2018,2019,NL0000360618,1.6156822934226207e-18
2018,2019,NL0000379121,0.00035094343535674896
2018,2019,NL0000395903,0.0006463536787243106
2018,2019,NL0006237562,7.337299603984526e-05
2018,2019,NL0009432491,0.00022370456001537711
2018,2019,NL0010273215,0.0026285154468223496
2018,2019,NL0010583399,2.3936135514265387e-05
2018,2019,NL0011794037,0.0011754474552109727
2018,2019,NL0011821202,0.0015812152456197565
2018,2019,NL0013267909,0.0008236454452421203
2018,2019,NL00150001Q9,0.0008714425236915865
2018,2019,NL00150003E1,7.879628478194118e-05
2018,2019,NL0015001FS8,0.0006327364537792355
2018,2019,NL0015435975,0.00042087809920019257
2018,2019,NO0003028904,0.0001445218904713218
2018,2019,NO0003053605,0.00012502628750734116
2018,2019,NO0003078800,0.00021397184824573388
2018,2019,NO0003733800,0.000332112001285352
2018,2019,NO0005052605,0.00032055771390966886
2018,2019,NO0010063308,0.0011359058543660863
2018,2019,NO0010096985,0.0027305686798017393
2018,2019,NO0010199151,4.528516816117951e-05
2018,2019,NO0010208051,0.00018420552179055442
2018,2019,NO0010215684,0.00012066002919521793
2018,2019,NO0010861990,5.409502350868824e-18
2018,2019,NO0012470089,0.00012727887264142707
2018,2019,PA1436583006,0.0009553193887865021
2018,2019,PTBCP0AM0015,0.00020496792641216938
2018,2019,PTEDP0AM0009,0.00035583936003137667
2018,2019,PTJMT0AE0001,0.0003046320470965738
2018,2019,PTSON0AM0001,0.00010672097434432
2018,2019,PTZON0AM0006,0.00012219714886814082
2018,2019,SE0000106270,0.0008539190882679027
2018,2019,SE0000108227,0.0002472403467095657
2018,2019,SE0000108656,0.0010740785348372127
2018,2019,SE0000112724,0.00019197728790164157
2018,2019,SE0000113250,0.00023976270986189138
2018,2019,SE0000114837,0.00011936709540645244
2018,2019,SE0000148884,0.0008250209192753002
2018,2019,SE0000163594,0.00020546282360715397
2018,2019,SE0000163628,0.0001500909139905658
2018,2019,SE0000171100,1.857762995693069e-19
2018,2019,SE0000190126,0.0002324967021772068
2018,2019,SE0000202624,4.50341513292215e-05
2018,2019,SE0000242455,0.0009742756726101873
2018,2019,SE0000379190,0.00021061817918364525
2018,2019,SE0000667891,0.0007074571540190695
2018,2019,SE0000667925,0.000800499581074913
2018,2019,SE0000695876,0.00036582091860436986
2018,2019,SE0000806994,6.88805285004662e-05
2018,2019,SE0000862997,0.0001072644151760125
2018,2019,SE0000949331,3.221720416011835e-05
2018,2019,SE0001662230,0.0001439700183716763
2018,2019,SE0003366871,3.7959948090550083e-19
2018,2019,SE0005190238,0.0003450295109325994
2018,2019,SE0006993770,0.00016179843785303947
2018,2019,SE0007100581,0.0007200303801613337
2018,2019,SE0007100599,0.0007975743732145585
2018,2019,SE0011090018,9.044204886627984e-05
2018,2019,SE0011166974,0.0001488610860598406
2018,2019,SE0015811955,0.0005380273851391642
2018,2019,SE0015812219,0.0002668111109303989
2018,2019,SE0015988019,0.0001496432497482732
2018,2019,SE0016589188,0.00026067317071593634
2018,2019,SE0017486889,0.0007777379365662766
2018,2019,SE0018012494,5.110410718736713e-05
2018,2019,SE0018012635,5.43892672308383e-05
2018,2019,SE0020050417,0.00018073199087982042
2018,2019,US0010551028,0.0013329911224657597
2018,2019,US0010841023,0.00016767060625897239
2018,2019,US00130H1059,2.1904834318646764e-19
2018,2019,US00206R1023,0.007979156874522298
2018,2019,US0028241000,0.004888642771047344
2018,2019,US0028962076,6.116004647942443e-05
2018,2019,US00724F1012,0.0042663607852879235
2018,2019,US0079031078,0.0006911146222944288
2018,2019,US0082521081,0.00019544919895331963
2018,2019,US00846U1016,0.0008510586375181879
2018,2019,US0091581068,0.0012877737983591037
2018,2019,US00971T1016,0.00038395964173559984
2018,2019,US0126531013,0.00030729696530439586
2018,2019,US0152711091,0.0005437832941974231
2018,2019,US01741R1023,0.00017519071746790001
2018,2019,US0185811082,0.00029339252616000767
2018,2019,US0188021085,0.00018682965369150805
2018,2019,US0200021014,0.0011407074893922894
2018,2019,US02079K3059,0.011892082270420936
2018,2019,US02209S1033,0.003545615272446345
2018,2019,US0231351067,0.0280198275028065
2018,2019,US0236081024,0.0004072393178992718
2018,2019,US0255371017,0.0011787805150884044
2018,2019,US0258161092,0.0031626132694190408
2018,2019,US0268747849,0.0013271895986925876
2018,2019,US03027X1000,0.0027034874120101283
2018,2019,US03073E1055,0.0005880264322587158
2018,2019,US0311621009,0.0047784060959472005
2018,2019,US0320951017,0.0009491777689260265
2018,2019,US0326541051,0.0012671252895283258
2018,2019,US0367521038,0.002620317607588191
2018,2019,US03743Q1085,0.0002498048025128485
2018,2019,US0378331005,0.02858438219918174
2018,2019,US0382221051,0.0012147355239902466
2018,2019,US0383361039,0.00025667907037913465
2018,2019,US0394831020,0.0007814713090108127
2018,2019,US0441861046,0.00016461524944673313
2018,2019,US04621X1081,0.00022585723592546267
2018,2019,US0495601058,0.00048046942031024464
2018,2019,US0527691069,0.0011073528591273453
2018,2019,US0528001094,0.0002537348371840304
2018,2019,US0530151036,0.0021909961724368683
2018,2019,US0534841012,0.0009749638263934153
2018,2019,US0536111091,0.0003393183891845349
2018,2019,US0537741052,4.712078940532444e-19
2018,2019,US0538071038,0.0001901577862491923
2018,2019,US0584981064,0.0006043518192985587
2018,2019,US0605051046,0.009148229460012057
2018,2019,US0640581007,0.0017985387788384932
2018,2019,US0708301041,0.00020311763651240832
2018,2019,US0718131099,0.0013871142102006675
2018,2019,US0758871091,0.0023470593908461158
2018,2019,US0844231029,0.0003775185026486268
2018,2019,US0865161014,0.0004950856506213642
2018,2019,US09062X1037,0.0023361568484286084
2018,2019,US0970231058,0.007030468045596541
2018,2019,US09857L1089,0.003020951749383456
2018,2019,US0997241064,0.0003184128335676021
2018,2019,US1011211018,0.0007083144136009563
2018,2019,US1011371077,0.0018755295622225557
2018,2019,US1053682035,0.00013222168677760808
2018,2019,US1101221083,0.0032254990720622066
2018,2019,US1124631045,4.807185962972854e-06
2018,2019,US1156372096,0.0006247118503404888
2018,2019,US12504L1098,0.0005216225781840484
2018,2019,US1252691001,0.0001188153808386981
2018,2019,US12541W2098,0.000487978019536128
2018,2019,US1255231003,0.0027270248205702235
2018,2019,US1258961002,0.00042556398825422374
2018,2019,US1264081035,0.0020073035936501397
2018,2019,US12653C1080,0.00018362841854068518
2018,2019,US1266501006,0.003223225116961218
2018,2019,US1270551013,9.394105788212507e-19
2018,2019,US1273871087,0.0004932213489756896
2018,2019,US1307881029,0.00014349187859033597
2018,2019,US1344291091,0.00037045092822048716
2018,2019,US14040H1059,0.0014023930732398671
2018,2019,US14149Y1082,0.0004902246328425035
2018,2019,US1491231015,0.002829898432651915
2018,2019,US1508701034,0.00044572028128238707
2018,2019,US15189T1079,0.0005493320347255174
2018,2019,US1567821046,0.0006018900778912147
2018,2019,US1598641074,0.00021170032139942823
2018,2019,US1667641005,0.007921796528360019
2018,2019,US1713401024,0.0006467941090999838
2018,2019,US1717793095,0.00017917794732214383
2018,2019,US1720621010,0.0004787795906394026
2018,2019,US17275R1023,0.007394872588683983
2018,2019,US1729674242,0.004861931096085458
2018,2019,US1858991011,4.840148729651411e-05
2018,2019,US1890541097,0.0007461595017462766
2018,2019,US1912161007,0.007750674735512916
2018,2019,US1924461023,0.0013980540408682046
2018,2019,US1941621039,0.002026411796456956
2018,2019,US2003401070,0.00043242950519309186
2018,2019,US2017231034,1.2926541805508375e-05
2018,2019,US2058871029,0.0004122069996496951
2018,2019,US20825C1045,0.0027439453991892782
2018,2019,US2091151041,0.0009791665427133275
2018,2019,US21036P1084,0.0011184141698679056
2018,2019,US22160K1051,0.0034095892981244333
2018,2019,US2283681060,0.00018330446778295218
2018,2019,US2310211063,0.0008385027797053839
2018,2019,US2333311072,0.0006085628803510652
2018,2019,US23355L1061,0.0005429231325142474
2018,2019,US2358511028,0.0027945421587758828
2018,2019,US2371941053,0.0004206602596346092
2018,2019,US23918K1088,0.00032195258221897954
2018,2019,US2441991054,0.001829276249893384
2018,2019,US2473617023,0.0012420764732106633
2018,2019,US25179M1036,0.0003985634792933061
2018,2019,US2533931026,6.252728040587148e-05
2018,2019,US2546871060,0.006229682655158279
2018,2019,US25525P1075,0.0001517233983590603
2018,2019,US25746U1097,0.0017535124445479595
2018,2019,US2576511099,0.00026096425950564677
2018,2019,US25960P1093,0.0002705183014538764
2018,2019,US2600031080,0.00043781510178997384
2018,2019,US26441C2044,0.002177468605352909
2018,2019,US26875P1012,0.0019595864285810636
2018,2019,US26884L1098,0.00020331048308979376
2018,2019,US2774321002,0.00034078640031758804
2018,2019,US2786421030,0.0009951906037069108
2018,2019,US2788651006,0.001667077083201738
2018,2019,US2810201077,0.0008146424927140443
2018,2019,US28176E1082,0.0011731759459249955
2018,2019,US2910111044,0.0014657605242198216
2018,2019,US29364G1031,0.0003118929396206797
2018,2019,US29444U7000,0.001118170639987657
2018,2019,US29476L1070,0.0009802986801481456
2018,2019,US29670G1022,0.00030092912337776527
2018,2019,US2971781057,0.0006730558009090349
2018,2019,US30034W1062,0.0003311528081768585
2018,2019,US30040W1080,0.0008870364379921224
2018,2019,US30161N1019,0.001803847172393845
2018,2019,US3021301094,0.00045949986992520076
2018,2019,US30231G1022,0.010961636045254207
2018,2019,US3024913036,0.0003975966658435822
2018,2019,US3029411093,0.00016318499045605856
2018,2019,US31428X1063,0.0016096964336775456
2018,2019,US3156161024,0.00040752261346623414
2018,2019,US3167731005,0.0006320351011174176
2018,2019,US3379321074,0.0005913790331768409
2018,2019,US3434121022,0.00023011636709733882
2018,2019,US34354P1057,0.00014677478793614926
2018,2019,US3453708600,0.0011781345117549639
2018,2019,US3546131018,0.0006032374128848856
2018,2019,US35671D8570,0.0004940892192408909
2018,2019,US3647601083,0.0003736373284192591
2018,2019,US3703341046,0.0008945956937335039
2018,2019,US3719011096,0.00016071317001274947
2018,2019,US37247D1063,0.00011229896054676204
2018,2019,US3755581036,0.0030738355834210094
2018,2019,US38141G1040,0.0023771017151168676
2018,2019,US3825501014,0.00011804640321904814
2018,2019,US3848021040,0.0006669822271106801
2018,2019,US3976241071,0.0
2018,2019,US40434L1052,0.001226280188037414
2018,2019,US4062161017,0.0009050131437827593
2018,2019,US4103451021,0.0001305851203738042
2018,2019,US4108671052,0.0002568572493680363
2018,2019,US4128221086,0.00022425635498383602
2018,2019,US4158641070,0.00013015704778097313
2018,2019,US4165151048,0.0006374348889284113
2018,2019,US4180561072,0.00037882483971309294
2018,2019,US4198701009,6.384254614184239e-05
2018,2019,US42250P1030,0.0005521340953777678
2018,2019,US4234521015,0.00019051976820949227
2018,2019,US4278661081,0.0006344376528570729
2018,2019,US42809H1077,0.00043351182327494315
2018,2019,US4370761029,0.007378086298402269
2018,2019,US4385161066,0.0037795815849729505
2018,2019,US4404521001,0.000885083453080506
2018,2019,US44107P1049,0.0005310211465980839
2018,2019,US4448591028,0.001504740005483049
2018,2019,US4456581077,0.00035611890538091655
2018,2019,US4461501045,0.0005024926520044903
2018,2019,US4470111075,0.0002577035681200625
2018,2019,US45073V1089,0.0001608410071914352
2018,2019,US45167R1041,0.00036226783602357133
2018,2019,US4523081093,0.0016139334934318359
2018,2019,US4523271090,0.0016949816307983783
2018,2019,US4581401001,0.008207213057702506
2018,2019,US4592001014,0.0038775378297402417
2018,2019,US4595061015,0.0005636544012174829
2018,2019,US4601461035,0.0005661741213463402
2018,2019,US4606901001,0.00027909656220097035
2018,2019,US4612021034,0.0019528995960966323
2018,2019,US46284V1017,0.0004031342218335633
2018,2019,US4657411066,8.876749417189455e-05
2018,2019,US46625H1005,0.012412033022323058
2018,2019,US4663131039,0.00011191422946254778
2018,2019,US46982L1089,0.00029946657193197066
2018,2019,US4781601046,0.01330662379254056
2018,2019,US48020Q1076,0.00022304740868575566
2018,2019,US48203R1041,0.0003569256003339421
2018,2019,US48242W1062,0.00011899919697755788
2018,2019,US4824801009,0.0005418939880294177
2018,2019,US4878361082,0.0007860306964513734
2018,2019,US4891701009,0.00010525844898166851
2018,2019,US4932671088,0.0006000964122978809
2018,2019,US4943681035,0.001524417371450218
2018,2019,US49446R1095,0.0002688337795394491
2018,2019,US4972661064,0.00013015229501925273
2018,2019,US5002551043,0.0003927171378517041
2018,2019,US5010441013,0.0008076668375310407
2018,2019,US5178341070,0.0015235549063305866
2018,2019,US5184391044,0.001101158734702942
2018,2019,US5261071071,0.0003340593216065408
2018,2019,US5324571083,0.0047251014069527135
2018,2019,US5339001068,0.00021568090181957504
2018,2019,US5341871094,0.00043513288606817615
2018,2019,US5398301094,0.0028706306545441354
2018,2019,US5486611073,0.002793795044030792
2018,2019,US5502411037,0.0006286679494109181
2018,2019,US55261F1049,0.0007834472891050647
2018,2019,US5526761086,7.961080063281278e-05
2018,2019,US5529531015,0.0005085580444464062
2018,2019,US5543821012,0.00027335644398043156
2018,2019,US55616P1049,0.00034536244553389937
2018,2019,US5635714059,1.7699134969251678e-05
2018,2019,US56418H1005,0.000162523744495674
2018,2019,US5658491064,0.0003860920573606979
2018,2019,US5717481023,0.0015417423746963202
2018,2019,US5719032022,0.0014534798743869176
2018,2019,US5732841060,0.0004249963449900677
2018,2019,US5738741041,0.0004735838215956987
2018,2019,US5745991068,0.0003023768734357951
2018,2019,US57636Q1040,0.007392828388496601
2018,2019,US5770811025,0.0001671444983509114
2018,2019,US5797802064,0.000650755628892806
2018,2019,US5801351017,0.005268499031393302
2018,2019,US58155Q1031,0.0007928652292245695
2018,2019,US58933Y1055,0.00767287452779489
2018,2019,US59156R1086,0.0015804304954654706
2018,2019,US5926881054,0.0005516649127296782
2018,2019,US5949181045,0.029831750704268262
2018,2019,US5950171042,0.0006773292574179628
2018,2019,US5951121038,0.001392435753042597
2018,2019,US6005441000,5.273102787014038e-05
2018,2019,US6081901042,0.00028619938595108495
2018,2019,US60871R2094,0.00042418262292997756
2018,2019,US6092071058,0.0022253856048821538
2018,2019,US6153691059,0.0010107073936181509
2018,2019,US6174464486,0.002593135669583465
2018,2019,US61945C1036,0.00040450130713244045
2018,2019,US6200763075,0.000692643121361632
2018,2019,US6267171022,0.00014023008319965816
2018,2019,US6293775085,5.290577950911624e-06
2018,2019,US62955J1034,0.0004104336702625394
2018,2019,US6311031081,0.0005156213009859595
2018,2019,US6365181022,0.00020358777813077965
2018,2019,US64110D1046,0.0005301866134798509
2018,2019,US6512291062,0.0003196436598637849
2018,2019,US6516391066,0.0007091337735511852
2018,2019,US65339F1012,0.0032033490450517213
2018,2019,US6541061031,0.0035782948304229362
2018,2019,US65473P1057,0.00020346149728548405
2018,2019,US6556641008,0.00027047227512329086
2018,2019,US6558441084,0.0015281892570774786
2018,2019,US6658591044,0.0007145215970413859
2018,2019,US6668071029,0.0016469573158184158
2018,2019,US6687711084,0.0004844936017242372
2018,2019,US6703461052,0.0004308746240383449
2018,2019,US67066G1040,0.003144010896011897
2018,2019,US6708371033,0.00011275442536307718
2018,2019,US67098H1041,7.984475757763126e-19
2018,2019,US6745991058,0.0017873023555690791
2018,2019,US6819191064,0.000626295691671212
2018,2019,US6821891057,0.00031157362000055246
2018,2019,US6826801036,0.0009056548984419465
2018,2019,US68389X1054,0.006210844236080541
2018,2019,US6866881021,9.662560916990364e-05
2018,2019,US6882392011,0.0002642010269182181
2018,2019,US69331C1080,0.0004928982565135092
2018,2019,US6934751057,0.0021053899167036523
2018,2019,US6935061076,0.0009402805074487643
2018,2019,US69351T1060,0.0005861974424923489
2018,2019,US6936561009,0.0002862493469656422
2018,2019,US6937181088,0.0007790160193798672
2018,2019,US6951561090,0.00033520940956663267
2018,2019,US7010941042,0.0007573602779647791
2018,2019,US70211M1099,5.9600638969587235e-05
2018,2019,US7043261079,0.0008706288742079178
2018,2019,US7134481081,0.005983790553604687
2018,2019,US7140461093,0.00034889146864090597
2018,2019,US7170811035,0.0097096679430053
2018,2019,US7234841010,0.00024340726166199997
2018,2019,US7244791007,2.4160980278283544e-05
2018,2019,US7310681025,0.00017473203593644488
2018,2019,US74144T1088,0.000877886650564686
2018,2019,US74251V1026,0.000503724307008753
2018,2019,US7427181091,0.008823355987105182
2018,2019,US7433151039,0.0013985650182193842
2018,2019,US74340W1036,0.0014633612615525056
2018,2019,US7443201022,0.001301698439683067
2018,2019,US7445731067,0.0010502890414357479
2018,2019,US7475251036,0.002670827807257727
2018,2019,US74834L1008,0.0004504722100458348
2018,2019,US75281A1097,7.550349663213742e-05
2018,2019,US75513E1010,0.0035437001974546523
2018,2019,US7588491032,0.00043636585176629023
2018,2019,US75886F1075,0.0015715431309867272
2018,2019,US7591EP1005,0.00056875588713518
2018,2019,US7607591002,0.0008529414453923442
2018,2019,US7739031091,0.000716689867546206
2018,2019,US7835491082,0.00010606560164733424
2018,2019,US78409V1044,0.0016387222302948704
2018,2019,US78410G1040,0.0007363065529348141
2018,2019,US78440X8873,0.0002855115449103266
2018,2019,US78473E1038,8.5379625621502e-05
2018,2019,US79466L3024,0.003996659473672873
2018,2019,US8101861065,0.0001289247168730305
2018,2019,US81211K1007,0.00023469657212536852
2018,2019,US8168511090,0.0011642324068365986
2018,2019,US8243481061,0.0014005619959578752
2018,2019,US8288061091,0.0020145329789889974
2018,2019,US8326964058,0.0004295166510190267
2018,2019,US8354951027,0.00020933288448151622
2018,2019,US8425871071,0.0014368996569714542
2018,2019,US84265V1052,0.0009440246977636019
2018,2019,US8447411088,0.0009311011851401224
2018,2019,US8454671095,0.00014650637430903813
2018,2019,US8485741099,0.00029197564656203973
2018,2019,US8545021011,0.0007059248142086179
2018,2019,US8552441094,0.003046884700826664
2018,2019,US8574771031,0.0009179193279335188
2018,2019,US8581191009,0.0002982750973638537
2018,2019,US8676524064,6.952873424079015e-05
2018,2019,US8716071076,0.00046604287583620186
2018,2019,US8718291078,0.0012578690683034944
2018,2019,US8725401090,0.002068984307638301
2018,2019,US8760301072,0.0003570806913321912
2018,2019,US87612E1064,0.001309063532969275
2018,2019,US8803491054,7.288419015348258e-05
2018,2019,US8807701029,0.0002277222056463038
2018,2019,US8807791038,7.348686464798213e-05
2018,2019,US8816242098,0.000539875844250504
2018,2019,US8825081040,0.0034162608674636165
2018,2019,US8832031012,0.0004515304887302925
2018,2019,US88337F1057,3.139945611046647e-05
2018,2019,US8835561023,0.003442243693833403
2018,2019,US88579Y1010,0.004201425080427879
2018,2019,US8873891043,0.00010097280338412306
2018,2019,US89417E1091,0.0012152616737427038
2018,2019,US8962391004,0.000317710549634946
2018,2019,US89832Q1094,0.0013052207401383264
2018,2019,US9024941034,0.0005341395725808455
2018,2019,US9026531049,0.0004644917944821956
2018,2019,US9026811052,0.00042228701583709935
2018,2019,US9029733048,0.002837423356182
2018,2019,US9078181081,0.0038885463369117404
2018,2019,US9111631035,1.1697771332098674e-18
2018,2019,US9113121068,0.002590598682302346
2018,2019,US9113631090,0.00035243487357547795
2018,2019,US9129091081,9.651628553596495e-20
2018,2019,US91324P1021,0.009159418088365342
2018,2019,US91529Y1064,0.00023995179422492033
2018,2019,US91913Y1001,0.0010767450253391577
2018,2019,US92276F1003,0.0008405595587226715
2018,2019,US92343V1044,0.008920302105115189
2018,2019,US92532F1003,0.0016280393418647823
2018,2019,US9255501051,0.00010920732246101519
2018,2019,US92556V1061,0.0005801806415933812
2018,2019,US9282981086,0.00011518554944935272
2018,2019,US9290421091,0.0005054540960475357
2018,2019,US9291601097,0.0005365569056587008
2018,2019,US92922P1066,5.979922793128435e-05
2018,2019,US92939U1060,0.0007220300955805379
2018,2019,US9297401088,0.0002777172222007277
2018,2019,US9311421039,0.010371555390733726
2018,2019,US9314271084,0.0025275267377584255
2018,2019,US94106L1098,0.0014269920539733676
2018,2019,US9418481035,0.0005485456038981921
2018,2019,US9427491025,9.384338445269581e-05
2018,2019,US9497461015,0.008296945514655034
2018,2019,US95040Q1040,0.0010314898212285695
2018,2019,US95082P1057,0.00011889234902382635
2018,2019,US9581021055,0.0004794391867622191
2018,2019,US9604131022,0.00022459731046341948
2018,2019,US9621661043,0.0006641150414765174
2018,2019,US9633201069,0.0002680793908912028
2018,2019,US9694571004,0.0009540928884991262
2018,2019,US9699041011,0.00012503227944196603
2018,2019,US98389B1008,0.0007137901585232497
2018,2019,US9839191015,0.0008179734418650665
2018,2019,US98421M1062,0.00020622054449217055
2018,2019,US9884981013,0.0011592369549983735
2018,2019,US98956P1021,0.0008050464385069399
2019,2020,AN8068571086,0.0016612924028597152
2019,2020,AT000000STR1,0.0001290264518260827
2019,2020,AT00000VIE62,0.00011533125528118005
2019,2020,AT0000606306,0.0002687301826969699
2019,2020,AT0000652011,0.00048541165310127965
2019,2020,AT0000720008,0.00018836084415604662
2019,2020,AT0000730007,0.00015381529032716432
2019,2020,AT0000743059,0.000526384893629341
2019,2020,AT0000746409,0.0002936913712587751
2019,2020,AT0000908504,0.00011591928300782296
2019,2020,AT0000937503,4.573572814479255e-05
2019,2020,AT0000938204,8.021641230109212e-05
2019,2020,AT0000A21KS2,0.00010754779326841667
2019,2020,BE0003470755,0.00033211119479087885
2019,2020,BE0003565737,0.0009227920249231401
2019,2020,BE0003593044,0.00011806049170064823
2019,2020,BE0003735496,6.225696905851272e-05
2019,2020,BE0003739530,0.00045345437084217674
2019,2020,BE0003755692,1.5502211192335306e-05
2019,2020,BE0003797140,0.0005104233378254878
2019,2020,BE0003810273,0.00030025158163341935
2019,2020,BE0003822393,0.00019919139521616406
2019,2020,BE0974258874,6.041263706916038e-05
2019,2020,BE0974264930,0.0003543368595764185
2019,2020,BE0974293251,0.0040798571861664756
2019,2020,BE0974320526,0.0003652940196065891
2019,2020,BMG850801025,9.164308791968844e-20
2019,2020,CA00208D4084,8.770660598312645e-05
2019,2020,CA0084741085,0.000444309171020659
2019,2020,CA00900Q1037,2.8522238522040056e-05
2019,2020,CA01626P1484,0.00024630863226341647
2019,2020,CA05534B7604,0.00124065525581246
2019,2020,CA0636711016,0.0014742774564754505
2019,2020,CA0641491075,0.002051830658071215
2019,2020,CA0977518616,0.0001144751722319807
2019,2020,CA1247651088,0.00020245848320213518
2019,2020,CA12532H1047,0.0005863334133736056
2019,2020,CA13321L1085,0.00011961068189584528
2019,2020,CA1360691010,0.0011011844788318067
2019,2020,CA1363751027,0.0019312466722993557
2019,2020,CA1363851017,0.0011211822608696374
2019,2020,CA13646K1084,0.0010293891080388926
2019,2020,CA1366812024,0.00018527046902075972
2019,2020,CA1367178326,0.00012081562629144826
2019,2020,CA2849025093,9.805502230575594e-06
2019,2020,CA2918434077,0.0001080017341334644
2019,2020,CA29250N1050,0.002380543358485059
2019,2020,CA2927661025,5.071795969306293e-05
2019,2020,CA3180714048,0.00010369144949516873
2019,2020,CA3359341052,0.0002445134453693258
2019,2020,CA3495531079,0.0005430720730197532
2019,2020,CA3518581051,0.0005897287444981236
2019,2020,CA3759161035,0.00018252233115782941
2019,2020,CA39138C1068,0.0007081357173265042
2019,2020,CA4495861060,0.00021185038558438473
2019,2020,CA4530384086,0.0005684150081125894
2019,2020,CA45823T1066,0.000452148572204033
2019,2020,CA4969024047,0.00019753729666542003
2019,2020,CA5394811015,0.0005574355140443881
2019,2020,CA5592224011,0.0005174386970634449
2019,2020,CA56501R1064,0.0011786723392716518
2019,2020,CA59151K1084,1.5338225112316982e-05
2019,2020,CA6744822033,0.0
2019,2020,CA6837151068,0.0003343210864948186
2019,2020,CA7392391016,0.00028765782834323176
2019,2020,CA74022D4075,2.9529598922176967e-05
2019,2020,CA7669101031,0.00019963618677926406
2019,2020,CA7751092007,0.0005905392742676581
2019,2020,CA7800871021,0.003364902743031912
2019,2020,CA8029121057,0.0003868170406424209
2019,2020,CA82028K2002,0.0003044379461820554
2019,2020,CA8239011031,2.3843294668918013e-21
2019,2020,CA85472N1096,0.00010439348318969415
2019,2020,CA8667961053,0.0007916363969889671
2019,2020,CA8672241079,0.0014858655561494926
2019,2020,CA87807B1076,0.0014643659605264783
2019,2020,CA8787422044,0.00030159918936060754
2019,2020,CA87971M1032,0.0006927601721229928
2019,2020,CA8849038085,0.0010505108611264173
2019,2020,CA8911605092,0.003012116761907771
2019,2020,CA89346D1078,5.0992395763502964e-20
2019,2020,CA8959451037,3.729445467115195e-06
2019,2020,CA9611485090,0.0003670762105483069
2019,2020,CA98462Y1007,0.00012112359622386592
2019,2020,CH0000816824,0.00012750359456559216
2019,2020,CH0008038389,0.00026770905774324235
2019,2020,CH0008742519,0.0008369492434589843
2019,2020,CH0010570759,0.000358517540884429
2019,2020,CH0010645932,0.0008644438325082189
2019,2020,CH0011075394,0.0018168762435277826
2019,2020,CH0012005267,0.007086778584632273
2019,2020,CH0012032048,0.006734126220424735
2019,2020,CH0012138530,0.0010248762902243152
2019,2020,CH0012138605,0.00031456467590759604
2019,2020,CH0012142631,0.00023450557581946622
2019,2020,CH0012214059,0.0008464946398507513
2019,2020,CH0012221716,0.0015464207598986938
2019,2020,CH0012255151,0.00023859099832554352
2019,2020,CH0012549785,0.0004509640426172904
2019,2020,CH0013841017,0.0008112021266701426
2019,2020,CH0014786500,3.2699387417205324e-05
2019,2020,CH0014852781,0.0005052665693999212
2019,2020,CH0018294154,0.00019432853769933827
2019,2020,CH0024608827,0.0007153006433447546
2019,2020,CH0024638212,0.00048603288978575697
2019,2020,CH0025238863,0.0006059018443974906
2019,2020,CH0025751329,0.00023237974228315427
2019,2020,CH0030170408,0.000620816211493429
2019,2020,CH0038388911,0.00010846663233093997
2019,2020,CH0038863350,0.009516546549937298
2019,2020,CH0044328745,0.002083108905391277
2019,2020,CH0048265513,0.00012200026027531852
2019,2020,CH0102484968,0.00034284228971258877
2019,2020,CH0126881561,0.0010931568078974144
2019,2020,CH0210483332,0.00121426755633761
2019,2020,CH0244767585,0.001442773763881711
2019,2020,CH0319416936,0.00017550459335813012
2019,2020,CH0418792922,0.0007939924168681393
2019,2020,CH1169151003,0.00012605424480643262
2019,2020,CH1175448666,0.0004522279211082216
2019,2020,CH1256740924,0.0006137160590456204
2019,2020,DE0005089031,0.0002048658103963028
2019,2020,DE0005140008,0.0004711901182355629
2019,2020,DE0005190003,0.0014685731949894544
2019,2020,DE0005200000,0.0008883335244854649
2019,2020,DE0005408884,4.20430038560323e-05
2019,2020,DE0005439004,0.0007686236750793979
2019,2020,DE0005470405,0.00016365199090230304
2019,2020,DE0005552004,0.0014072186247675038
2019,2020,DE0005557508,0.0023100220597237525
2019,2020,DE0005773303,0.00023878133664490572
2019,2020,DE0005785604,0.000746637211970916
2019,2020,DE0005785802,0.0006510888895474312
2019,2020,DE0005810055,0.0008845092522562995
2019,2020,DE0005909006,6.309256872302592e-05
2019,2020,DE0006047004,0.0001881586267296519
2019,2020,DE0006048432,0.0005447245223319119
2019,2020,DE0006070006,0.00026431813026690977
2019,2020,DE0006202005,1.4420719505396464e-19
2019,2020,DE0006231004,0.0008475628692679406
2019,2020,DE0006569908,2.1483083328898507e-05
2019,2020,DE0006599905,0.0004548517294764305
2019,2020,DE0006602006,0.00017469606755094258
2019,2020,DE0006969603,0.00034853087406120677
2019,2020,DE0007030009,0.00015269153442462347
2019,2020,DE0007037129,0.0003693947824755721
2019,2020,DE0007042301,3.634270361709038e-05
2019,2020,DE0007100000,0.0017579875285748657
2019,2020,DE0007164600,0.0048940570745932745
2019,2020,DE0007236101,0.0032947503760613877
2019,2020,DE0007257503,6.658590205395874e-05
2019,2020,DE0007297004,8.068384405701421e-05
2019,2020,DE0007314007,3.7816236586888804e-05
2019,2020,DE0007500001,0.0001547975148250409
2019,2020,DE0007507501,2.8477791540271982e-05
2019,2020,DE0007664039,0.0012154233844546881
2019,2020,DE0008232125,0.000110420428698616
2019,2020,DE0008402215,0.0006969317009909566
2019,2020,DE0008404005,0.0030316678385898296
2019,2020,DE0008430026,0.0012692429247052038
2019,2020,DE000A0D6554,4.636315436795218e-05
2019,2020,DE000A0D9PT0,0.00045687732023390467
2019,2020,DE000A0S8488,7.849237661438129e-05
2019,2020,DE000A0WMPJ6,7.730217088312998e-06
2019,2020,DE000A1EWWW0,0.0019348920711540864
2019,2020,DE000A2GS401,9.60323328760799e-05
2019,2020,DE000BASF111,0.0020556426919489715
2019,2020,DE000BAY0017,0.0023893643209109824
2019,2020,DE000CBK1001,0.00023255276064181954
2019,2020,DE000CLS1001,0.00018904300565130797
2019,2020,DE000ENAG999,0.0008841237635433451
2019,2020,DE000KSAG888,1.7312806661709326e-05
2019,2020,DE000PSM7770,8.609100942306418e-05
2019,2020,DE000TUAG505,0.00018438165934731677
2019,2020,DK0010181759,0.000512245928264767
2019,2020,DK0010234467,8.576161739708335e-05
2019,2020,DK0010244508,0.00031557744099188146
2019,2020,DK0010272632,0.00019898689531231236
2019,2020,DK0010274414,0.00041182394413626837
2019,2020,DK0010287663,3.390442596857575e-05
2019,2020,DK0010307958,9.481356665724813e-05
2019,2020,DK0010311471,4.3997038852962066e-05
2019,2020,DK0060079531,0.0008121290219233795
2019,2020,DK0060336014,0.00034305547853853214
2019,2020,DK0060448595,0.0007219110190035203
2019,2020,DK0060477503,0.00014454500939646258
2019,2020,DK0060636678,0.00026751928458039806
2019,2020,DK0060738599,0.0002244982210761252
2019,2020,DK0061539921,0.0006015176047359452
2019,2020,ES0109427734,3.029087189727972e-05
2019,2020,ES0112501012,0.00010034786983478513
2019,2020,ES0113211835,0.0011120849852250224
2019,2020,ES0113679I37,0.00019144792550342588
2019,2020,ES0113860A34,0.00019854665214124402
2019,2020,ES0113900J37,0.0020676126246281547
2019,2020,ES0116870314,0.0007339093786890135
2019,2020,ES0117160111,9.621982278316249e-05
2019,2020,ES0118594417,7.969363179399415e-05
2019,2020,ES0122060314,8.286156041978804e-05
2019,2020,ES0124244E34,0.00025231629370690357
2019,2020,ES0125220311,0.00018616678554418475
2019,2020,ES0130670112,0.0008242076902412781
2019,2020,ES0130960018,0.00021874086709516117
2019,2020,ES0132105018,0.00011017049622020843
2019,2020,ES0134950F36,5.072320392861009e-05
2019,2020,ES0142090317,2.1490250918570985e-05
2019,2020,ES0144580Y14,0.0019475025906385613
2019,2020,ES0148396007,0.0032444759511311943
2019,2020,ES0152503035,6.781784074299522e-05
2019,2020,ES0161560018,8.478357659136212e-05
2019,2020,ES0167050915,0.000380052472577975
2019,2020,ES0171996087,0.00044950458638601595
2019,2020,ES0173093024,0.0003435803776810808
2019,2020,ES0173516115,0.0006860210494981386
2019,2020,ES0178430E18,0.0010891688902728571
2019,2020,ES0182870214,5.6745851483858465e-05
2019,2020,ES0184933812,0.00010240639901872147
2019,2020,FI0009000202,0.0001447776630245363
2019,2020,FI0009000277,0.00010905311153932793
2019,2020,FI0009000459,0.00015136124733893298
2019,2020,FI0009000681,0.0006369244906892243
2019,2020,FI0009002158,4.0276555321168e-05
2019,2020,FI0009002422,3.2100345053443054e-05
2019,2020,FI0009003727,0.00018835827475731983
2019,2020,FI0009005318,9.54910514886512e-05
2019,2020,FI0009005870,7.330994656939734e-05
2019,2020,FI0009005961,0.00025717178914928454
2019,2020,FI0009005987,0.0005374932047277589
2019,2020,FI0009007132,0.0006312676295907219
2019,2020,FI0009007694,3.922939035089346e-05
2019,2020,FI0009007884,0.0002804762483391151
2019,2020,FI0009013296,0.0007946588270844825
2019,2020,FI0009013403,0.0008810908346674345
2019,2020,FI0009800643,4.47141674293059e-05
2019,2020,FI4000440664,0.00019036353768083508
2019,2020,FR0000035081,0.00024280170473212154
2019,2020,FR0000039109,1.1249889576326731e-18
2019,2020,FR0000044448,5.991015110661276e-05
2019,2020,FR0000045072,0.0012368523868269122
2019,2020,FR0000051070,4.196499958402345e-05
2019,2020,FR0000052292,0.002333814994412767
2019,2020,FR0000054900,6.496828833518128e-05
2019,2020,FR0000064578,0.0003004968366105894
2019,2020,FR0000073272,0.0018279183601271397
2019,2020,FR0000077919,0.00019662386682068274
2019,2020,FR0000120073,0.0019611404076787394
2019,2020,FR0000120172,0.00040586997047590347
2019,2020,FR0000120222,0.00041263374196186145
2019,2020,FR0000120271,0.004243170173954809
2019,2020,FR0000120321,0.004891010892691522
2019,2020,FR0000120404,0.000378677703608345
2019,2020,FR0000120503,0.0004769411375988975
2019,2020,FR0000120560,5.20792999532076e-05
2019,2020,FR0000120578,0.00373037084887388
2019,2020,FR0000120628,0.002012639450883054
2019,2020,FR0000120644,0.0016843711203344928
2019,2020,FR0000120693,0.00141613800605363
2019,2020,FR0000120859,8.504261937931988e-05
2019,2020,FR0000120966,0.00010273900257170836
2019,2020,FR0000121014,0.006940403871364238
2019,2020,FR0000121121,0.00017032893319825134
2019,2020,FR0000121204,0.0001864428660842096
2019,2020,FR0000121220,0.0005161650182485053
2019,2020,FR0000121329,0.0006635931869490495
2019,2020,FR0000121485,0.0024599320848754775
2019,2020,FR0000121667,0.001966245303243118
2019,2020,FR0000121964,0.0003476913432908035
2019,2020,FR0000121972,0.0017640361024324207
2019,2020,FR0000124141,0.0004070230520231874
2019,2020,FR0000125007,0.0006534512638159888
2019,2020,FR0000125338,0.0006054397966276368
2019,2020,FR0000125486,0.00198613266823288
2019,2020,FR0000127771,0.0010591807063348487
2019,2020,FR0000130213,9.883565697476361e-05
2019,2020,FR0000130395,0.00018416788243678003
2019,2020,FR0000130403,0.002736126441025245
2019,2020,FR0000130452,0.0003405402764438345
2019,2020,FR0000130577,0.0003363083061806258
2019,2020,FR0000130809,0.0008688382426636695
2019,2020,FR0000131104,0.0021866384496182193
2019,2020,FR0000131757,3.6696524904590517e-20
2019,2020,FR0000131906,0.0004206599858494711
2019,2020,FR0000133308,0.0011768992934240385
2019,2020,FR0010040865,0.0004041349401796083
2019,2020,FR0010220475,0.000322894288515983
2019,2020,FR0010242511,0.0010171792237802675
2019,2020,FR0010307819,0.0006454514775773775
2019,2020,FR0010313833,0.0002390021928679219
2019,2020,FR0010340141,0.0005961141850818988
2019,2020,FR0010411983,0.00023421867129157535
2019,2020,FR0010533075,0.0002862931577759292
2019,2020,FR0013176526,0.00025206563289294817
2019,2020,FR0013280286,0.00031273594286671306
2019,2020,FR0013326246,0.0006664738636413839
2019,2020,FR0013505062,2.14700598980735e-06
2019,2020,FR0013506730,2.9410382896307784e-05
2019,2020,FR0014003TT8,0.0012700561060427302
2019,2020,FR001400AJ45,0.0006546800779010345
2019,2020,GB0000163088,4.596488942035929e-05
2019,2020,GB0000456144,0.0003590030992973618
2019,2020,GB0000536739,0.0004319310112882815
2019,2020,GB0000811801,0.00030771246784035627
2019,2020,GB0000904986,0.00019863366528812616
2019,2020,GB0000961622,6.432887266026493e-05
2019,2020,GB0001048619,2.9568957973669926e-06
2019,2020,GB0001110096,1.3561836436403924e-05
2019,2020,GB0001367019,0.00023189948256449375
2019,2020,GB0001500809,1.2908572421662878e-05
2019,2020,GB0001638955,7.070108671029456e-05
2019,2020,GB0001667087,2.4470912922491444e-18
2019,2020,GB0001765816,5.634293114547973e-05
2019,2020,GB0001826634,0.00010633915841568533
2019,2020,GB0001859296,8.792489000637365e-05
2019,2020,GB0002018363,3.7568881534184974e-05
2019,2020,GB0002074580,8.719245392389934e-05
2019,2020,GB0002148343,5.244807404468359e-05
2019,2020,GB0002318888,7.999507067234175e-05
2019,2020,GB0002374006,0.002938329597033178
2019,2020,GB0002418548,4.47447818544497e-05
2019,2020,GB0002634946,0.0007114857930259771
2019,2020,GB0002652740,0.00017378310177625637
2019,2020,GB0002670437,0.0
2019,2020,GB0002869419,7.926181655720938e-05
2019,2020,GB0002875804,0.002899721384547684
2019,2020,GB0003096442,0.00012048097244722195
2019,2020,GB0003308607,0.00013043542454246917
2019,2020,GB0003395000,6.44675661763506e-05
2019,2020,GB0003452173,6.095872986907146e-05
2019,2020,GB0003718474,9.140265853018052e-05
2019,2020,GB0003753778,3.995043079554576e-05
2019,2020,GB0004052071,0.0003129916872277972
2019,2020,GB0004082847,0.0009123702549920284
2019,2020,GB0004161021,0.00011528716847315876
2019,2020,GB0004170089,1.95104980359055e-05
2019,2020,GB0004270301,4.139727785862368e-05
2019,2020,GB0004478896,4.1023831530684325e-05
2019,2020,GB0004544929,0.0006915264321986364
2019,2020,GB0004657408,2.787075797830307e-05
2019,2020,GB0004726096,6.861855720432752e-05
2019,2020,GB0004866223,5.703278593093631e-06
2019,2020,GB0004915632,0.0
2019,2020,GB0005405286,0.004713558208896998
2019,2020,GB0005576813,0.00014858320421562803
2019,2020,GB0005603997,0.0006973719410336319
2019,2020,GB0005630420,1.2272575144134368e-17
2019,2020,GB0005746358,8.867492585545367e-17
2019,2020,GB0005758098,0.00020175217242614793
2019,2020,GB0005790059,8.37630565478788e-06
2019,2020,GB0006027295,1.9817598323577668e-05
2019,2020,GB0006215205,8.301845714811881e-05
2019,2020,GB0006449366,2.837123123679041e-05
2019,2020,GB0006640972,3.820840916027484e-05
2019,2020,GB0006650450,2.1951839727713227e-05
2019,2020,GB0006731235,0.0008080841178558335
2019,2020,GB0006776081,0.00020033885300604342
2019,2020,GB0006825383,0.0003489710055599421
2019,2020,GB0006886666,5.4301171172876675e-05
2019,2020,GB0006928617,0.000186658874822675
2019,2020,GB0007099541,0.0014811124193812237
2019,2020,GB0007188757,0.002213883557949052
2019,2020,GB0007323586,0.0001024909811105345
2019,2020,GB0007594764,3.066616632377809e-05
2019,2020,GB0007668071,8.208502776982042e-05
2019,2020,GB0007669376,0.0002352961068340712
2019,2020,GB0007689002,1.0703356977038525e-05
2019,2020,GB0007908733,0.000580210929589344
2019,2020,GB0007958233,1.8596268131205484e-05
2019,2020,GB0007973794,5.193444804798889e-05
2019,2020,GB0007980591,0.0037550399227380964
2019,2020,GB0008025412,4.79381997193488e-05
2019,2020,GB0008085614,3.8307664752498474e-05
2019,2020,GB0008220112,0.00020263092483533752
2019,2020,GB0008475088,1.7186787611587062e-05
2019,2020,GB0008481250,9.495957434777586e-06
2019,2020,GB0008706128,0.0017025754948926716
2019,2020,GB0008782301,0.00025794348480783744
2019,2020,GB0008794710,4.002128651922494e-05
2019,2020,GB0009067447,6.01846964510287e-17
2019,2020,GB0009123323,3.921552828021056e-05
2019,2020,GB0009223206,0.0006309401620558865
2019,2020,GB0009286963,2.3214678633951828e-05
2019,2020,GB0009292243,9.425069421234741e-05
2019,2020,GB0009465807,0.00016234192635916276
2019,2020,GB0009633180,0.00013005005747978457
2019,2020,GB0009697037,0.0001182950983049295
2019,2020,GB0009895292,0.00391374090459909
2019,2020,GB0022569080,0.00028626192248817905
2019,2020,GB0030181522,6.322015583182076e-06
2019,2020,GB0030232317,5.875905499047699e-05
2019,2020,GB0030329360,0.0
2019,2020,GB0030913577,0.000747024438619278
2019,2020,GB0031274896,0.00015972966601811707
2019,2020,GB0031348658,0.0012079967069522858
2019,2020,GB0031638363,0.0003664337179669392
2019,2020,GB0031743007,0.0003599287474690038
2019,2020,GB0032089863,0.0003494305421168499
2019,2020,GB0033195214,0.00018226936125405522
2019,2020,GB0033986497,0.00022556384125799284
2019,2020,GB00B00FPT80,1.2237615259280187e-05
2019,2020,GB00B012BV22,6.923062556665914e-05
2019,2020,GB00B012TP20,9.231794619895008e-06
2019,2020,GB00B019KW72,0.00019837855491915702
2019,2020,GB00B01QGK86,8.630239818677002e-06
2019,2020,GB00B02J6398,0.00026401318329923387
2019,2020,GB00B033F229,0.00022072225826419873
2019,2020,GB00B03HDJ73,2.5833155542600255e-05
2019,2020,GB00B04V1276,7.845787413657756e-05
2019,2020,GB00B06QFB75,9.653476336629858e-05
2019,2020,GB00B0744359,3.169824327029002e-05
2019,2020,GB00B0744B38,0.0002750434650793908
2019,2020,GB00B082RF11,0.00033372190831982185
2019,2020,GB00B0FYMT95,2.8617465696589165e-05
2019,2020,GB00B0KM9T71,2.9675905927129137e-05
2019,2020,GB00B0LCW083,0.00020329293702637928
2019,2020,GB00B0N8QD54,9.159242592257073e-05
2019,2020,GB00B0SWJX34,0.0010690951459161224
2019,2020,GB00B0WMWD03,9.180212733039541e-05
2019,2020,GB00B0YG1K06,2.4417962757738075e-05
2019,2020,GB00B128J450,5.5243426640547475e-05
2019,2020,GB00B132NW22,0.00016032364156980366
2019,2020,GB00B135BJ46,8.139976862797993e-05
2019,2020,GB00B17MMZ46,9.710927083403976e-06
2019,2020,GB00B18P5K83,1.7509511120750594e-05
2019,2020,GB00B19Z1432,1.734105230183324e-05
2019,2020,GB00B1FH8J72,0.000238119062400646
2019,2020,GB00B1FP6H53,8.027680285414493e-05
2019,2020,GB00B1FW5029,5.333263511167142e-05
2019,2020,GB00B1G5HX72,1.1648858071258915e-05
2019,2020,GB00B1JQDM80,1.814259349905053e-05
2019,2020,GB00B1KJJ408,0.0002493813539715183
2019,2020,GB00B1L5QH97,3.494748778800314e-05
2019,2020,GB00B1P6ZR11,1.587824210055128e-05
2019,2020,GB00B1VNSX38,2.032809646863967e-05
2019,2020,GB00B1WY2338,0.0002603244010821342
2019,2020,GB00B1XH2C03,4.73807089247068e-05
2019,2020,GB00B1YW4409,0.00042593255100372465
2019,2020,GB00B27YGJ97,1.4684357990765882e-05
2019,2020,GB00B2B0DG97,0.0014534890471789477
2019,2020,GB00B2NGPM57,6.0547860721285825e-05
2019,2020,GB00B2PDGW16,0.00011973007237084549
2019,2020,GB00B39J2M42,0.0002563555272910928
2019,2020,GB00B3DGH821,1.9148305838467843e-06
2019,2020,GB00B3FLWH99,6.971131885818523e-05
2019,2020,GB00B41H7391,3.434712637904317e-05
2019,2020,GB00B45C9X44,2.003973682890192e-05
2019,2020,GB00B572ZV91,0.0
2019,2020,GB00B5N0P849,0.00010694028976896119
2019,2020,GB00B5ZN1N88,0.0003920574931258154
2019,2020,GB00B61TVQ02,0.00011175592196824027
2019,2020,GB00B63H8491,0.0005117448765924403
2019,2020,GB00B63QSB39,8.700440204009744e-05
2019,2020,GB00B64NSP76,1.8701998359513105e-05
2019,2020,GB00B67G5X01,8.484202554878311e-05
2019,2020,GB00B6XZKY75,1.8555964056607132e-05
2019,2020,GB00B6YTLS95,1.9524653546283692e-05
2019,2020,GB00B7KR2P84,0.00018227898228292906
2019,2020,GB00B82YXW83,3.812287621742938e-05
2019,2020,GB00B8B4R053,7.454958247901525e-07
2019,2020,GB00B8C3BL03,0.0003095650571814265
2019,2020,GB00BD6K4575,0.0011750235135386611
2019,2020,GB00BDCPN049,0.0006825058145200515
2019,2020,GB00BDFBVT43,1.3393380080732084e-05
2019,2020,GB00BDR05C01,0.0012927471844666
2019,2020,GB00BF044593,4.592087164105189e-05
2019,2020,GB00BF5H9P87,7.95492132812471e-05
2019,2020,GB00BF8Q6K64,0.00030333926450249935
2019,2020,GB00BG11K365,0.0001044711923631491
2019,2020,GB00BGDT3G23,0.00017814642397404086
2019,2020,GB00BGLP8L22,0.00011373158596214789
2019,2020,GB00BH4HKS39,0.0015461259920886803
2019,2020,GB00BHJYC057,0.0003793720920732338
2019,2020,GB00BJ1F4N75,0.000144382998551548
2019,2020,GB00BJFFLV09,0.0002625417305683394
2019,2020,GB00BJQZC279,5.729108454781718e-05
2019,2020,GB00BK9RKT01,0.00016647149936162398
2019,2020,GB00BKP36R26,1.6017540816400377e-05
2019,2020,GB00BKY40Q38,4.3015920724205334e-05
2019,2020,GB00BL6XZ716,0.00010206123150984646
2019,2020,GB00BLGZ9862,0.0009875293527762848
2019,2020,GB00BM8PJY71,0.001117974889787862
2019,2020,GB00BM8Q5M07,0.00030356139006816385
2019,2020,GB00BMJ6DW54,0.00041222460465984855
2019,2020,GB00BN7SWP63,0.0034839590808515408
2019,2020,GB00BNGDN821,0.00045929175878929276
2019,2020,GB00BNNTLN49,0.0001561173556123719
2019,2020,GB00BNR4T868,0.0
2019,2020,GB00BP6MXD84,0.003613066987427989
2019,2020,GB00BP92CJ43,0.00012558838301233424
2019,2020,GB00BP9LHF23,0.00029440636617134285
2019,2020,GB00BPQY8M80,0.0006442991106510162
2019,2020,GB00BRB37M78,4.398251615158932e-05
2019,2020,GB00BV9FP302,7.93462626029806e-05
2019,2020,GB00BVFNZH21,0.00012126685028532698
2019,2020,GB00BWFGQN14,0.0002594216885341963
2019,2020,GB00BYQ0JC66,0.00011009505467140703
2019,2020,GB00BYRJ5J14,6.803359692451624e-05
2019,2020,GB00BYT1DJ19,0.00018703036865117778
2019,2020,GB00BYW0PQ60,0.0002969461246208371
2019,2020,GB00BYYTFB60,0.00016585631156770694
2019,2020,GB00BYZN9041,6.610788785244483e-05
2019,2020,GB00BZ4BQC70,0.00022646830977858477
2019,2020,IE0001827041,0.0008955130651671244
2019,2020,IE0002424939,0.0002495586108293188
2019,2020,IE0003864109,5.4036845763322125e-05
2019,2020,IE0004906560,0.0006576233652945139
2019,2020,IE0004927939,0.00031903963186038863
2019,2020,IE00B00MZ448,7.275264196948649e-05
2019,2020,IE00B4BNMY34,0.004079144055065342
2019,2020,IE00B8KQN827,0.0011579991580691821
2019,2020,IE00BD1RP616,0.00017443219420305481
2019,2020,IE00BDB6Q211,0.000768245330674086
2019,2020,IE00BF0L3536,0.00030122921235321723
2019,2020,IE00BGH1M568,0.0001956189555280354
2019,2020,IE00BJ3V9050,2.365672665713745e-05
2019,2020,IE00BK9ZQ967,0.0009399634472151856
2019,2020,IE00BLP1HW54,0.001433325251960331
2019,2020,IE00BLS09M33,0.00023153085248848795
2019,2020,IE00BTN1Y115,0.004492861954022446
2019,2020,IE00BWT6H894,0.0002724334051869668
2019,2020,IE00BY7QL619,0.000929783934519506
2019,2020,IL0002300114,6.66718839467085e-05
2019,2020,IL0002810146,0.00019128574585648922
2019,2020,IL0006046119,0.0003264758526632553
2019,2020,IL0006625771,0.0003355096017042043
2019,2020,IL0006954379,0.00020425125143910784
2019,2020,IL0010811243,0.0001964857727626456
2019,2020,IT0000062072,0.0009708938793676152
2019,2020,IT0000062957,0.0003040524347017985
2019,2020,IT0000066123,7.161162612486905e-05
2019,2020,IT0000072618,0.0013576955963468162
2019,2020,IT0000784154,3.612025590221425e-05
2019,2020,IT0000784196,3.775143946740047e-05
2019,2020,IT0001137345,8.881281858843684e-05
2019,2020,IT0001233417,0.00010930689290667831
2019,2020,IT0001347308,0.0
2019,2020,IT0001469383,3.783795189693362e-05
2019,2020,IT0003128367,0.0023559766528949756
2019,2020,IT0003132476,0.001642674267205896
2019,2020,IT0003153415,0.0005318534465308974
2019,2020,IT0003242622,0.0004070324330501963
2019,2020,IT0003497168,0.0002967523554662509
2019,2020,IT0003506190,0.0005879224698275276
2019,2020,IT0003856405,0.0002270669341232898
2019,2020,IT0004810054,0.00012927357410271077
2019,2020,IT0004827447,0.000256017223648332
2019,2020,IT0005218380,9.945801334052681e-05
2019,2020,IT0005239360,0.0009687688728107146
2019,2020,IT0005495657,0.00014747654674392323
2019,2020,JE00B8KF9B49,0.0005312575489615286
2019,2020,JE00BJ1DLW90,0.00010795848324956965
2019,2020,LR0008862868,0.0008248771461408771
2019,2020,LU0075646355,0.00010075449154558096
2019,2020,NL0000008977,0.0008233973409780466
2019,2020,NL0000009082,0.00037270543733459316
2019,2020,NL0000009165,0.0018131099065508331
2019,2020,NL0000009538,0.0012964709307625851
2019,2020,NL0000226223,0.0007416349292304408
2019,2020,NL0000235190,0.003370590008157696
2019,2020,NL0000289213,3.141511175203178e-05
2019,2020,NL0000337319,3.005903691065089e-05
2019,2020,NL0000360618,5.1573594662065306e-05
2019,2020,NL0000379121,0.00033239207993410473
2019,2020,NL0000395903,0.0005947362815113554
2019,2020,NL0006237562,7.194856539669855e-05
2019,2020,NL0009432491,0.0002089761915285032
2019,2020,NL0010273215,0.003722387989158066
2019,2020,NL0010583399,4.890357636078358e-05
2019,2020,NL0011794037,0.0008188145475543592
2019,2020,NL0011821202,0.0013717385556185687
2019,2020,NL0013267909,0.00061456824181541
2019,2020,NL00150001Q9,0.0007000401210555064
2019,2020,NL00150003E1,4.4234429327110765e-05
2019,2020,NL0015001FS8,0.0006682924641913254
2019,2020,NL0015435975,0.0003259539712889276
2019,2020,NO0003028904,9.227559775733685e-05
2019,2020,NO0003053605,0.00011164507298237334
2019,2020,NO0003078800,0.0001382509522923203
2019,2020,NO0003733800,0.00031035560207238593
2019,2020,NO0005052605,0.00020886972585051173
2019,2020,NO0010063308,0.0007741927149327847
2019,2020,NO0010096985,0.0019792727725088857
2019,2020,NO0010199151,2.450960455000287e-05
2019,2020,NO0010208051,0.00026717645800185085
2019,2020,NO0010215684,3.700616596580363e-05
2019,2020,NO0012470089,0.00014683548897650897
2019,2020,PA1436583006,0.0007747100009739476
2019,2020,PTBCP0AM0015,0.00010701315669838617
2019,2020,PTEDP0AM0009,0.00044596543511576014
2019,2020,PTJMT0AE0001,0.0003164085155071435
2019,2020,PTSON0AM0001,7.658858021872084e-05
2019,2020,PTZON0AM0006,8.635735884390468e-05
2019,2020,SE0000106270,0.0009013460545768837
2019,2020,SE0000108227,0.00025323280185338414
2019,2020,SE0000108656,0.0008128949187074536
2019,2020,SE0000112724,0.0002048090023849616
2019,2020,SE0000113250,0.00026725357621287023
2019,2020,SE0000114837,0.00012419849737196664
2019,2020,SE0000148884,0.0006096458154181226
2019,2020,SE0000163594,0.00017339906257417845
2019,2020,SE0000163628,0.00013266675611766585
2019,2020,SE0000171100,2.3088570135945867e-20
2019,2020,SE0000190126,0.00020814456367408262
2019,2020,SE0000202624,0.00012875978923257252
2019,2020,SE0000242455,0.0004996302926512703
2019,2020,SE0000379190,0.00019101632349681144
2019,2020,SE0000667891,0.0007290303330938292
2019,2020,SE0000667925,0.0005395069117812339
2019,2020,SE0000695876,0.00032725263326198624
2019,2020,SE0000806994,5.8220496165616414e-05
2019,2020,SE0000862997,7.094634570068849e-05
2019,2020,SE0000949331,3.33158863389099e-05
2019,2020,SE0001662230,0.00011032550181180368
2019,2020,SE0003366871,2.0700291867625739e-19
2019,2020,SE0005190238,0.00028686521830093145
2019,2020,SE0006993770,0.00013817529142556964
2019,2020,SE0007100581,0.0007324664154583605
2019,2020,SE0007100599,0.0006150964451038612
2019,2020,SE0011090018,0.00011108230642408828
2019,2020,SE0011166974,0.00015879056383494606
2019,2020,SE0015811955,0.0005063931423299244
2019,2020,SE0015812219,0.00026049999013024806
2019,2020,SE0015988019,0.00022654963135969254
2019,2020,SE0016589188,0.00022290534274140757
2019,2020,SE0017486889,0.0009943998136510283
2019,2020,SE0018012494,1.896044886642207e-05
2019,2020,SE0018012635,7.781985423071783e-05
2019,2020,SE0020050417,0.00022035530571863255
2019,2020,US0010551028,0.0011479719995274407
2019,2020,US0010841023,0.0001693573177868687
2019,2020,US00130H1059,0.00023794669317760952
2019,2020,US00206R1023,0.00843959601347451
2019,2020,US0028241000,0.00454382416402411
2019,2020,US0028962076,3.939892238925302e-05
2019,2020,US00724F1012,0.004730231313493516
2019,2020,US00751Y1064,0.0003212127438238169
2019,2020,US0079031078,0.0015017547719805243
2019,2020,US0082521081,0.00012926781835176978
2019,2020,US00846U1016,0.0007892472616231155
2019,2020,US0091581068,0.0015227976821720732
2019,2020,US00971T1016,0.00041259097714631065
2019,2020,US0126531013,0.00023428093495669145
2019,2020,US0152711091,0.0005638126140727996
2019,2020,US01741R1023,9.640531868448823e-05
2019,2020,US0185811082,0.00014655304972404826
2019,2020,US0188021085,0.0003530132341502072
2019,2020,US0200021014,0.0010922373724059561
2019,2020,US02079K3059,0.011834424471419067
2019,2020,US02209S1033,0.0027572271114112597
2019,2020,US0231351067,0.0270428741068281
2019,2020,US0236081024,0.0005137332635607931
2019,2020,US0255371017,0.0013295582417188416
2019,2020,US02553E1064,7.306476051273194e-05
2019,2020,US0258161092,0.0030238356631144938
2019,2020,US0268747849,0.0013222322716230418
2019,2020,US03027X1000,0.003011831460364941
2019,2020,US03073E1055,0.0005135414753474596
2019,2020,US03076C1062,0.0006250006213064217
2019,2020,US0311001004,0.0006661186710761186
2019,2020,US0311621009,0.004238842346878343
2019,2020,US0320951017,0.000958014571658053
2019,2020,US0326541051,0.0013029158773422889
2019,2020,US0367521038,0.002260794653490681
2019,2020,US03743Q1085,0.00025065163509792765
2019,2020,US0378331005,0.038503870273677895
2019,2020,US0382221051,0.0016521597451044305
2019,2020,US0383361039,0.00022148993153313045
2019,2020,US0394831020,0.000742873534198082
2019,2020,US0441861046,0.0001328360275748861
2019,2020,US0454871056,0.00010256196081251613
2019,2020,US04621X1081,0.0002338716123222347
2019,2020,US0495601058,0.0004225539685962625
2019,2020,US0527691069,0.0012072651581358606
2019,2020,US0528001094,0.00022567119359825168
2019,2020,US0530151036,0.00217450894364565
2019,2020,US0533321024,0.0008151184146338886
2019,2020,US0534841012,0.000872840763539245
2019,2020,US0536111091,0.0003361624671714079
2019,2020,US0537741052,0.0
2019,2020,US0538071038,0.00013152254345796894
2019,2020,US0584981064,0.0006231001045573784
2019,2020,US0605051046,0.009369744487725713
2019,2020,US0640581007,0.0013773054829710914
2019,2020,US0708301041,0.000126825305952438
2019,2020,US0718131099,0.001273113956345069
2019,2020,US0758871091,0.0021819840660158357
2019,2020,US0844231029,0.0003804764856435287
2019,2020,US0865161014,0.0006579416508352429
2019,2020,US09062X1037,0.0015845312884977614
2019,2020,US0970231058,0.005425659582516109
2019,2020,US09857L1089,0.0024953011743195307
2019,2020,US0997241064,0.00027942342268832325
2019,2020,US1011211018,0.0006406082530743328
2019,2020,US1011371077,0.0018591045327280417
2019,2020,US1053682035,8.747611003719636e-05
2019,2020,US1096411004,3.6102762458254195e-05
2019,2020,US1101221083,0.0044314738290078285
2019,2020,US1124631045,3.224820485999371e-05
2019,2020,US1156372096,0.0006369711915021842
2019,2020,US12504L1098,0.0006010000197646081
2019,2020,US1252691001,0.00022048668892366306
2019,2020,US12541W2098,0.00032716222905411057
2019,2020,US1255231003,0.002244868017274262
2019,2020,US1258961002,0.0004959794234677169
2019,2020,US1264081035,0.0016693778443536138
2019,2020,US12653C1080,6.530011055900106e-05
2019,2020,US1266501006,0.0028490624270755523
2019,2020,US1270551013,1.553019368733706e-18
2019,2020,US1270971039,0.0002093959490339221
2019,2020,US1273871087,0.000576449424521188
2019,2020,US1307881029,9.046142077531216e-05
2019,2020,US1331311027,0.0003203944316508314
2019,2020,US1344291091,0.0004334239312918378
2019,2020,US14040H1059,0.001393284995825157
2019,2020,US14149Y1082,0.00043741624951971423
2019,2020,US1423391002,0.0002802879380633493
2019,2020,US1431301027,0.0004190235630685358
2019,2020,US1491231015,0.002415002360278973
2019,2020,US1508701034,0.0004478306581598022
2019,2020,US15189T1079,0.0004023314292490871
2019,2020,US1567821046,0.0006679106442361521
2019,2020,US1598641074,0.0002241212225714933
2019,2020,US1667641005,0.006689386231734438
2019,2020,US1713401024,0.0005131135131273463
2019,2020,US1717793095,0.00019493412856698016
2019,2020,US1720621010,0.0005062994093217159
2019,2020,US17275R1023,0.005997693210735615
2019,2020,US1729081059,0.0008212012242635743
2019,2020,US1729674242,0.005159468062399702
2019,2020,US1773761002,0.0004179679439863128
2019,2020,US1858991011,5.957249784492164e-05
2019,2020,US1890541097,0.0005651894268314343
2019,2020,US1912161007,0.007013159033704021
2019,2020,US1924461023,0.000997210095992357
2019,2020,US1941621039,0.001755880016625157
2019,2020,US20030N1019,0.006031482694827676
2019,2020,US2003401070,0.0003070456261067047
2019,2020,US2017231034,6.32352122084274e-05
2019,2020,US2058871029,0.0004927666678103104
2019,2020,US20825C1045,0.002086334454505298
2019,2020,US2091151041,0.0009034588338630557
2019,2020,US21036P1084,0.000977140717403248
2019,2020,US22160K1051,0.0038296879424523575
2019,2020,US22822V1017,0.0017539035371870358
2019,2020,US2283681060,0.000278701317424956
2019,2020,US2310211063,0.0008129079198670398
2019,2020,US23331A1097,0.0005844945907690718
2019,2020,US2333311072,0.0006975560545325827
2019,2020,US23355L1061,0.00028642481861275036
2019,2020,US2358511028,0.0031562500245124895
2019,2020,US2371941053,0.0003730788805984666
2019,2020,US23918K1088,0.0002793658620794028
2019,2020,US2441991054,0.001612064587614284
2019,2020,US2473617023,0.001080646144784971
2019,2020,US24906P1093,0.00036584528271143744
2019,2020,US25179M1036,0.0002918486443891093
2019,2020,US2533931026,8.993806685833383e-05
2019,2020,US2546871060,0.007688047587210462
2019,2020,US25525P1075,7.77773314904739e-05
2019,2020,US25659T1079,0.0001348029018029708
2019,2020,US25746U1097,0.002008538425114706
2019,2020,US2576511099,0.00022707326583235106
2019,2020,US25960P1093,0.00023902190408958067
2019,2020,US2600031080,0.0005050482431293069
2019,2020,US26441C2044,0.002000868985956704
2019,2020,US26875P1012,0.0014417518567947096
2019,2020,US26884L1098,8.023881555306505e-05
2019,2020,US2774321002,0.0003110304308964307
2019,2020,US2786421030,0.0008596753531982384
2019,2020,US2788651006,0.0016549330821069967
2019,2020,US2810201077,0.0008249878884580233
2019,2020,US28176E1082,0.0014250741135936472
2019,2020,US2910111044,0.0013835719115682114
2019,2020,US29364G1031,0.0006537123715426249
2019,2020,US2944291051,0.0005013927793458924
2019,2020,US29444U7000,0.0014749058645727841
2019,2020,US29476L1070,0.0008934493492995318
2019,2020,US29670G1022,0.00030961180035949136
2019,2020,US2971781057,0.000596006473652565
2019,2020,US30034W1062,0.00036335372058225805
2019,2020,US30040W1080,0.0008353917121354782
2019,2020,US30161N1019,0.0013499964470826899
2019,2020,US30212P3038,0.000452512886390856
2019,2020,US3021301094,0.00039394302260512416
2019,2020,US30231G1022,0.008696411591905427
2019,2020,US3024913036,0.0003839243822534363
2019,2020,US3029411093,0.00014721266716668399
2019,2020,US3030751057,0.00028959361909284843
2019,2020,US3119001044,0.0006535121443300794
2019,2020,US3137451015,0.00029627180459325343
2019,2020,US31428X1063,0.0011651716997267553
2019,2020,US3156161024,0.0002624801501274939
2019,2020,US31620M1062,0.0025067090948125243
2019,2020,US3167731005,0.0006527816462196638
2019,2020,US3205171057,0.00015370419370816922
2019,2020,US3377381088,0.002313811494499926
2019,2020,US3379321074,0.0007696524754023321
2019,2020,US3434121022,9.561554907350956e-05
2019,2020,US34354P1057,0.00018404226902451234
2019,2020,US3453708600,0.001083043047800514
2019,2020,US3546131018,0.00038904668514097465
2019,2020,US35671D8570,0.000560902482249862
2019,2020,US3614481030,0.00010603753920644256
2019,2020,US3635761097,0.0005282472039212433
2019,2020,US3647601083,0.00020042393261803643
2019,2020,US3703341046,0.0009567799696011281
2019,2020,US3719011096,0.00021499245910936072
2019,2020,US37247D1063,6.519162667899321e-05
2019,2020,US3755581036,0.0024199933951728403
2019,2020,US38141G1040,0.002405924464718456
2019,2020,US3825501014,9.14432406414156e-05
2019,2020,US3848021040,0.0005548170205796079
2019,2020,US3976241071,1.3657477398638873e-05
2019,2020,US40434L1052,0.000888733589010273
2019,2020,US4062161017,0.0006414567179182088
2019,2020,US4103451021,0.0001556367622587766
2019,2020,US4108671052,0.00016882011779121572
2019,2020,US4128221086,0.0001789949860007867
2019,2020,US4158641070,7.808758722803127e-05
2019,2020,US4165151048,0.0006547984045739222
2019,2020,US4180561072,0.00042205245548354126
2019,2020,US4198701009,0.00011784486400865747
2019,2020,US42250P1030,0.0005268561002846684
2019,2020,US42330P1075,7.732954332623062e-05
2019,2020,US4234521015,0.00014264807463023262
2019,2020,US4278661081,0.0006486350366159921
2019,2020,US42809H1077,0.0005921045696291034
2019,2020,US4370761029,0.007018133767615863
2019,2020,US4385161066,0.0037423704723831457
2019,2020,US4404521001,0.0007137410661724217
2019,2020,US44107P1049,0.0004028086223571598
2019,2020,US4435106079,0.00025129105953100963
2019,2020,US4448591028,0.0014295770367790035
2019,2020,US4456581077,0.00036338127578943537
2019,2020,US4461501045,0.00045421446414170157
2019,2020,US4470111075,0.000189275644629266
2019,2020,US45073V1089,0.0001913289840579447
2019,2020,US45167R1041,0.00038266630527998314
2019,2020,US45168D1046,0.0006621303077740979
2019,2020,US4523081093,0.0017077097474885526
2019,2020,US4523271090,0.0014497270959376426
2019,2020,US4581401001,0.0076926617668322895
2019,2020,US4592001014,0.0035069349241058138
2019,2020,US4595061015,0.00041574913766022597
2019,2020,US4601461035,0.0005288440990468594
2019,2020,US4606901001,0.00025581349605253973
2019,2020,US4612021034,0.00201354614525546
2019,2020,US46284V1017,0.0002850099552397938
2019,2020,US4657411066,0.00010275200305397039
2019,2020,US46625H1005,0.01291091773454809
2019,2020,US4663131039,0.00017818298559119062
2019,2020,US46982L1089,0.00034856612668447386
2019,2020,US4781601046,0.01135367625239167
2019,2020,US48020Q1076,0.00026677413187675393
2019,2020,US48203R1041,0.0002465644084474466
2019,2020,US48242W1062,0.00013614528965078784
2019,2020,US4824801009,0.000833394808374236
2019,2020,US4878361082,0.0007061099485058136
2019,2020,US4891701009,8.578524478127017e-05
2019,2020,US4932671088,0.0005914817785638453
2019,2020,US4943681035,0.001398806333452462
2019,2020,US49446R1095,0.0002724687056485397
2019,2020,US4972661064,0.00014817677810357544
2019,2020,US5002551043,0.00023682768864045719
2019,2020,US5010441013,0.0006803001165231642
2019,2020,US5018892084,0.00032199411114093026
2019,2020,US5178341070,0.0015593783276478276
2019,2020,US5184391044,0.0013574017617047605
2019,2020,US5218652049,0.00024570800534669235
2019,2020,US5246601075,0.00019756089363783468
2019,2020,US5261071071,0.00027910536770727634
2019,2020,US5324571083,0.00373423042473617
2019,2020,US5339001068,0.0001825687631449732
2019,2020,US5341871094,0.00034904742715123393
2019,2020,US5370081045,0.00014460282085960617
2019,2020,US5398301094,0.0032453279120840508
2019,2020,US5486611073,0.0026977669902542027
2019,2020,US5502411037,0.0004282415996961026
2019,2020,US55261F1049,0.0006688983770874674
2019,2020,US5526761086,8.387704608988936e-05
2019,2020,US5529531015,0.000494069037956837
2019,2020,US5543821012,0.00012812728643339264
2019,2020,US5544891048,5.752655853302584e-05
2019,2020,US55616P1049,0.00015600007827154153
2019,2020,US5635714059,2.774926973750687e-05
2019,2020,US56418H1005,0.00016463011908481365
2019,2020,US5658491064,0.0003003376839880343
2019,2020,US5717481023,0.0016607551626993079
2019,2020,US5719032022,0.0014719521475830047
2019,2020,US5732841060,0.000506631244589479
2019,2020,US5738741041,0.0005378978864215283
2019,2020,US5745991068,0.0003951224539098932
2019,2020,US57636Q1040,0.008798205987567068
2019,2020,US5770811025,0.00014416034475532564
2019,2020,US5797802064,0.0006135521420641483
2019,2020,US5801351017,0.00440229512453095
2019,2020,US58155Q1031,0.0007215189680479533
2019,2020,US58933Y1055,0.006852730416818521
2019,2020,US59156R1086,0.0013906479228551103
2019,2020,US5926881054,0.0005737127522412773
2019,2020,US5949181045,0.03552111931594178
2019,2020,US5950171042,0.0007465514464069438
2019,2020,US5951121038,0.001776945625226022
2019,2020,US6005441000,7.198908810580757e-05
2019,2020,US6081901042,0.0002728730024319087
2019,2020,US60871R2094,0.00031765108340590654
2019,2020,US6092071058,0.002340118375300463
2019,2020,US6153691059,0.001316054263383912
2019,2020,US6174464486,0.002448596503946095
2019,2020,US61945C1036,0.000232471241222972
2019,2020,US6200763075,0.000802032037847325
2019,2020,US6267171022,0.00014083087174682202
2019,2020,US62886E1082,0.0001312608989837576
2019,2020,US6293775085,0.00014205306181444102
2019,2020,US62955J1034,0.0002997193085112618
2019,2020,US6311031081,0.0005142016375368375
2019,2020,US6361801011,0.00011738847288775023
2019,2020,US6365181022,0.00015571240317389888
2019,2020,US64110D1046,0.00041333445560738077
2019,2020,US6501111073,0.0001611218600629811
2019,2020,US6512291062,0.00023891376177382785
2019,2020,US6516391066,0.0010493161865745304
2019,2020,US65339F1012,0.003500476181088396
2019,2020,US6541061031,0.003722529429989651
2019,2020,US65473P1057,0.00026681320325287457
2019,2020,US6556641008,0.00018527875384931515
2019,2020,US6558441084,0.001495879980480586
2019,2020,US6658591044,0.0006704737482144227
2019,2020,US6668071029,0.0017089479362196536
2019,2020,US6687711084,0.0004842669372050862
2019,2020,US6703461052,0.00045598687247903603
2019,2020,US67066G1040,0.004252377383845531
2019,2020,US6708371033,0.00022196224607170498
2019,2020,US67098H1041,4.361730837876828e-19
2019,2020,US6745991058,0.0010658637809677115
2019,2020,US6819191064,0.0005205046947540628
2019,2020,US6821891057,0.0003032898804383794
2019,2020,US6826801036,0.0009385327350632997
2019,2020,US68389X1054,0.005021390640599126
2019,2020,US6866881021,0.0001098414949593495
2019,2020,US6882392011,0.0002115774283486142
2019,2020,US69331C1080,0.00014847818013785142
2019,2020,US6934751057,0.0020789251829434097
2019,2020,US6935061076,0.0009340617419708557
2019,2020,US69351T1060,0.0007236129159528064
2019,2020,US6936561009,0.00023494682364660313
2019,2020,US6937181088,0.0008163706128911173
2019,2020,US6951561090,0.00032649667200423645
2019,2020,US7010941042,0.0007866765782456356
2019,2020,US70211M1099,3.662401531362644e-05
2019,2020,US7043261079,0.0008930230848555645
2019,2020,US7134481081,0.0056321371379372855
2019,2020,US7140461093,0.00032431013967799244
2019,2020,US7170811035,0.006411370386799932
2019,2020,US7234841010,0.0002511681912536054
2019,2020,US7237871071,0.0007221035479801833
2019,2020,US7244791007,3.1641073193186176e-05
2019,2020,US7310681025,0.00018087011601790513
2019,2020,US74144T1088,0.000850016369209002
2019,2020,US74251V1026,0.0004604915559795281
2019,2020,US7427181091,0.009112133949539972
2019,2020,US7433151039,0.0012663272997180404
2019,2020,US74340W1036,0.0016759748241224352
2019,2020,US7443201022,0.0011176755715908333
2019,2020,US7445731067,0.0008892032882920247
2019,2020,US74460D1090,0.0010995908461293143
2019,2020,US7475251036,0.002982963918252262
2019,2020,US74762E1029,0.00017623272174222565
2019,2020,US74834L1008,0.0004330658954985099
2019,2020,US7509171069,5.8854886129967475e-05
2019,2020,US75281A1097,3.292073733512689e-05
2019,2020,US75513E1010,0.0038278779831307
2019,2020,US7588491032,0.0003265892852100672
2019,2020,US75886F1075,0.0012002186146160122
2019,2020,US7591EP1005,0.0004977757346968945
2019,2020,US7593516047,0.00030570511932719437
2019,2020,US7595091023,0.0002479728007296279
2019,2020,US7607591002,0.0008261441574289426
2019,2020,US7703231032,0.00021819462580417988
2019,2020,US7739031091,0.0007058894405570217
2019,2020,US7782961038,0.001244416193412838
2019,2020,US7835491082,9.363668336504083e-05
2019,2020,US78409V1044,0.001971501531306571
2019,2020,US78410G1040,0.0008109103110237664
2019,2020,US7841171033,0.0002873618116025081
2019,2020,US78440X8873,0.0002160384983481369
2019,2020,US78454L1008,4.0223198611136344e-05
2019,2020,US78473E1038,7.952524959751239e-05
2019,2020,US79466L3024,0.004255920609585472
2019,2020,US8064071025,0.0002821900343308766
2019,2020,US8101861065,0.00016873076402170944
2019,2020,US81211K1007,0.00018982136334491992
2019,2020,US8168511090,0.001269933248862686
2019,2020,US8243481061,0.0015895014569893015
2019,2020,US8288061091,0.0014192580477332534
2019,2020,US8326964058,0.00035115664035497666
2019,2020,US8354951027,0.0001828695187378968
2019,2020,US8425871071,0.0019233343966943049
2019,2020,US84265V1052,0.0009821546914263136
2019,2020,US8447411088,0.000818091551025611
2019,2020,US8454671095,5.762128125919584e-05
2019,2020,US8485741099,0.0002304574831387295
2019,2020,US8545021011,0.0007481636296820088
2019,2020,US8552441094,0.003061321048947611
2019,2020,US8574771031,0.0008377703454037045
2019,2020,US8581191009,0.000230610350549019
2019,2020,US8636671013,0.002323193068117295
2019,2020,US8676524064,5.226555409340465e-05
2019,2020,US8716071076,0.0006153497947874002
2019,2020,US87161C5013,0.00016230872992657522
2019,2020,US8718291078,0.0012905378240928953
2019,2020,US8725401090,0.0021591029775159943
2019,2020,US8760301072,0.00022514157694240777
2019,2020,US87612E1064,0.001917019181693261
2019,2020,US8803491054,1.948337503404855e-05
2019,2020,US8807701029,0.0003326180048991996
2019,2020,US8807791038,6.973825507263039e-05
2019,2020,US8816242098,0.00031402477737600947
2019,2020,US8825081040,0.003542355226972324
2019,2020,US8832031012,0.00031321439622721117
2019,2020,US88337F1057,3.187574723065795e-05
2019,2020,US8835561023,0.003847074533757922
2019,2020,US8851601018,0.00013497060623573825
2019,2020,US88579Y1010,0.002996540382712976
2019,2020,US8873891043,0.00012568317579263652
2019,2020,US8910921084,0.0002447633760446747
2019,2020,US89417E1091,0.001041398631083842
2019,2020,US8962391004,0.0003016965193399389
2019,2020,US8965221091,0.00010620242710014553
2019,2020,US89832Q1094,0.002237062261752133
2019,2020,US9024941034,0.0007754158866081701
2019,2020,US9026531049,0.0004115412654164372
2019,2020,US9026811052,0.0002941856775505853
2019,2020,US9029733048,0.0027433791774460863
2019,2020,US9078181081,0.003705043865940038
2019,2020,US9111631035,0.0
2019,2020,US9113121068,0.0024241901885587586
2019,2020,US9113631090,0.0003840403304677144
2019,2020,US9129091081,0.0
2019,2020,US91324P1021,0.008220461071354875
2019,2020,US91529Y1064,0.00018170135409696715
2019,2020,US91913Y1001,0.0011074122078077431
2019,2020,US92276F1003,0.000648234133801384
2019,2020,US92343V1044,0.00750610805253029
2019,2020,US92532F1003,0.00165647210611966
2019,2020,US9255501051,9.383959109940335e-05
2019,2020,US92556V1061,0.00032230123576696795
2019,2020,US9282981086,8.322732908664344e-05
2019,2020,US9290421091,0.0003864900754783287
2019,2020,US9291601097,0.000564904635313715
2019,2020,US92922P1066,3.294635833443169e-05
2019,2020,US92939U1060,0.0008392414568922714
2019,2020,US9297401088,0.00044579757631495865
2019,2020,US9311421039,0.00996087658816915
2019,2020,US9314271084,0.001560376072748835
2019,2020,US94106L1098,0.001419635796456327
2019,2020,US9418481035,0.0004505962764377379
2019,2020,US9427491025,8.599770341172895e-05
2019,2020,US9497461015,0.006723158985139817
2019,2020,US95040Q1040,0.0009893333809294583
2019,2020,US95058W1009,0.00015801293775735546
2019,2020,US95082P1057,8.241246091248058e-05
2019,2020,US9581021055,0.0005787662672001582
2019,2020,US9604131022,0.0002480661697785337
2019,2020,US9621661043,0.0006793661054406298
2019,2020,US9633201069,0.00028114699156842017
2019,2020,US9694571004,0.0008233188034175355
2019,2020,US9699041011,0.0001540417011472023
2019,2020,US9831341071,0.00046123630535134665
2019,2020,US98389B1008,0.0009482803868979697
2019,2020,US9839191015,0.0007235383336165698
2019,2020,US98421M1062,0.00024404225327450316
2019,2020,US9884981013,0.0009164063324738395
2019,2020,US98956P1021,0.0009106989485961885
2020,2021,AN8068571086,0.000803403512565028
2020,2021,AT000000STR1,0.00010382590479088333
2020,2021,AT00000VIE62,8.438258278534199e-05
2020,2021,AT0000606306,0.00018070157111912
2020,2021,AT0000652011,0.00034764874041602676
2020,2021,AT0000720008,0.00013960623435633674
2020,2021,AT0000730007,0.00012726808093609535
2020,2021,AT0000743059,0.00034549676594930055
2020,2021,AT0000746409,0.0003899325186262968
2020,2021,AT0000831706,9.309372305163282e-05
2020,2021,AT0000908504,8.731445236361515e-05
2020,2021,AT0000937503,0.00016141303940391346
2020,2021,AT0000938204,0.00010712641879373483
2020,2021,AT0000A21KS2,6.77872071519041e-05
2020,2021,AU000000JHX1,0.00034601850912906526
2020,2021,BE0003470755,0.0003276918160340116
2020,2021,BE0003565737,0.0007698171851812017
2020,2021,BE0003593044,0.00010723377597110566
2020,2021,BE0003735496,4.520478711817078e-05
2020,2021,BE0003739530,0.0005293791273215666
2020,2021,BE0003755692,2.2181855057812583e-05
2020,2021,BE0003797140,0.0004301978594187772
2020,2021,BE0003810273,0.00017928281677180236
2020,2021,BE0003822393,0.0002183910605627002
2020,2021,BE0974258874,5.447410749066814e-05
2020,2021,BE0974264930,0.0002745522000515015
2020,2021,BE0974293251,0.003116520863322947
2020,2021,BE0974320526,0.0003133780728081421
2020,2021,BMG850801025,1.2569323247312412e-05
2020,2021,CA00208D4084,4.766605654597289e-05
2020,2021,CA0084741085,0.0004544050698975191
2020,2021,CA00900Q1037,1.0513353699611943e-05
2020,2021,CA01626P1484,0.00022713754136093384
2020,2021,CA05534B7604,0.0010202306102339096
2020,2021,CA0636711016,0.0012907172166310226
2020,2021,CA0641491075,0.001729631784216023
2020,2021,CA0977518616,2.569933663167834e-05
2020,2021,CA1247651088,0.00020666443746418875
2020,2021,CA12532H1047,0.0004766289764448298
2020,2021,CA13321L1085,1.5219925392493287e-05
2020,2021,CA1360691010,0.0010048199775182245
2020,2021,CA1363751027,0.00206234075737407
2020,2021,CA1363851017,0.0007458012477034124
2020,2021,CA13646K1084,0.0012298349108230428
2020,2021,CA1366812024,0.0001994222717733169
2020,2021,CA1367178326,0.00012964594752905788
2020,2021,CA2849025093,5.8452888658767025e-05
2020,2021,CA2918434077,0.00012051606462079044
2020,2021,CA29250N1050,0.0017078422670920557
2020,2021,CA2927661025,2.0254148151643442e-05
2020,2021,CA3180714048,9.194070321441475e-05
2020,2021,CA3359341052,0.00033405561194804143
2020,2021,CA3495531079,0.0004984975250697916
2020,2021,CA3518581051,0.0006321127482786371
2020,2021,CA3759161035,0.00014726593704175446
2020,2021,CA39138C1068,0.000584531550125008
2020,2021,CA4495861060,0.00017276012564856698
2020,2021,CA4530384086,0.0003639724627460966
2020,2021,CA45823T1066,0.00044808733177925284
2020,2021,CA4969024047,0.0002468659829246065
2020,2021,CA5394811015,0.000460273391009057
2020,2021,CA5592224011,0.0005621420196958828
2020,2021,CA56501R1064,0.0009112114831638868
2020,2021,CA59151K1084,8.667759015217508e-05
2020,2021,CA59162N1096,0.00029244621525540717
2020,2021,CA6744822033,6.257857113493805e-19
2020,2021,CA6837151068,0.00032570315854085844
2020,2021,CA7392391016,0.00037765095051178695
2020,2021,CA74022D4075,7.939424287668533e-06
2020,2021,CA7669101031,0.00011154294576681249
2020,2021,CA7751092007,0.0004851108948951858
2020,2021,CA7800871021,0.0030838557265126295
2020,2021,CA8029121057,0.0003048010391090901
2020,2021,CA82028K2002,0.00022532741268258702
2020,2021,CA8239011031,4.144998852380399e-19
2020,2021,CA85472N1096,9.864134298048498e-05
2020,2021,CA8667961053,0.0006865164766337148
2020,2021,CA8672241079,0.000671995804958343
2020,2021,CA87807B1076,0.0010063215556460597
2020,2021,CA8787422044,0.00025650264898617283
2020,2021,CA87971M1032,0.0006687478097964596
2020,2021,CA8849038085,0.0010744319035138217
2020,2021,CA8911605092,0.002689217434630668
2020,2021,CA89346D1078,2.730497153685574e-05
2020,2021,CA8959451037,1.1683224123546087e-05
2020,2021,CA9611485090,0.00030373942523279415
2020,2021,CA98462Y1007,0.00014512270029021581
2020,2021,CH0000816824,9.306572204944647e-05
2020,2021,CH0008038389,0.00019857260179244858
2020,2021,CH0008742519,0.0007414407047823208
2020,2021,CH0010570759,0.0003582167492228027
2020,2021,CH0010645932,0.0010288690267636616
2020,2021,CH0011075394,0.0016787088584721188
2020,2021,CH0012005267,0.006161375937854409
2020,2021,CH0012032048,0.006480134968580869
2020,2021,CH0012138530,0.0008331063020291037
2020,2021,CH0012138605,0.0002890316662497608
2020,2021,CH0012142631,0.00018886277328123585
2020,2021,CH0012214059,0.0008731177191302293
2020,2021,CH0012221716,0.0016002052550925477
2020,2021,CH0012255151,0.00020829637691056633
2020,2021,CH0012549785,0.00044351678509967285
2020,2021,CH0013841017,0.0012660923435349007
2020,2021,CH0014786500,4.062091856979232e-05
2020,2021,CH0014852781,0.0003939755129375395
2020,2021,CH0018294154,0.00016399031616602533
2020,2021,CH0024608827,0.0008287551914802348
2020,2021,CH0024638212,0.00047849912443455935
2020,2021,CH0025238863,0.0007203453499560016
2020,2021,CH0025751329,0.0004251568659480632
2020,2021,CH0030170408,0.0006121778055745913
2020,2021,CH0038388911,9.642097981355129e-05
2020,2021,CH0038863350,0.008967849578930185
2020,2021,CH0044328745,0.0018329317918453153
2020,2021,CH0048265513,3.7847072242477346e-05
2020,2021,CH0102484968,0.0003409301986042828
2020,2021,CH0126881561,0.000790411836638107
2020,2021,CH0210483332,0.001249038943390778
2020,2021,CH0244767585,0.0014379935501977446
2020,2021,CH0319416936,0.0001459530432875923
2020,2021,CH0418792922,0.0010239847395964255
2020,2021,CH1169151003,0.0001410996547740428
2020,2021,CH1175448666,0.0004885850118212907
2020,2021,CH1256740924,0.0006029187240680189
2020,2021,DE0005089031,0.00021829311037814905
2020,2021,DE0005140008,0.0006005762048343304
2020,2021,DE0005190003,0.0014144262312319514
2020,2021,DE0005200000,0.0007715843554028596
2020,2021,DE0005408884,1.1664282276915383e-05
2020,2021,DE0005439004,0.0007953186564095811
2020,2021,DE0005470405,0.00017885481662693146
2020,2021,DE0005552004,0.0016274713335488584
2020,2021,DE0005557508,0.002312114082769736
2020,2021,DE0005773303,0.0001470344242056476
2020,2021,DE0005785604,0.0005601815424550608
2020,2021,DE0005785802,0.0006491314430322454
2020,2021,DE0005810055,0.0008569166021817359
2020,2021,DE0005909006,3.7064032754966955e-05
2020,2021,DE0006047004,0.00036257214482156313
2020,2021,DE0006048432,0.0005309085922577543
2020,2021,DE0006070006,0.00018266316637054859
2020,2021,DE0006202005,2.6163359232419785e-05
2020,2021,DE0006231004,0.0013297198495859895
2020,2021,DE0006569908,1.9791630065649117e-05
2020,2021,DE0006599905,0.0005796070263054762
2020,2021,DE0006602006,0.00017275592967116643
2020,2021,DE0006969603,0.00044978175826762394
2020,2021,DE0007030009,0.0001238433453885226
2020,2021,DE0007037129,0.0007441568342863161
2020,2021,DE0007042301,3.5996291666857006e-05
2020,2021,DE0007100000,0.002016800367297692
2020,2021,DE0007164600,0.004266206556396424
2020,2021,DE0007236101,0.0032343448400393997
2020,2021,DE0007257503,6.840968253936308e-05
2020,2021,DE0007297004,7.36545262537039e-05
2020,2021,DE0007314007,1.0091435146492941e-05
2020,2021,DE0007500001,0.0001498222685963356
2020,2021,DE0007507501,2.2502761655190258e-05
2020,2021,DE0007664039,0.0010092132793880209
2020,2021,DE0008232125,0.0001950463531357918
2020,2021,DE0008402215,0.0005144306359171564
2020,2021,DE0008404005,0.0026935276370276453
2020,2021,DE0008430026,0.0011076241075640987
2020,2021,DE000A0D6554,8.523775226586928e-05
2020,2021,DE000A0D9PT0,0.0003749621622022357
2020,2021,DE000A0S8488,4.582594853401948e-05
2020,2021,DE000A0WMPJ6,4.7662436614879775e-05
2020,2021,DE000A1EWWW0,0.0019384377765604434
2020,2021,DE000A2GS401,8.185411051904305e-05
2020,2021,DE000BASF111,0.0019181880226315114
2020,2021,DE000BAY0017,0.001538818534390291
2020,2021,DE000CBK1001,0.00021471902122397255
2020,2021,DE000CLS1001,0.00017207907584606508
2020,2021,DE000ENAG999,0.0007778600680450633
2020,2021,DE000KSAG888,4.3355740076703894e-05
2020,2021,DE000PSM7770,0.00010161074570083504
2020,2021,DE000TUAG505,9.067461369080028e-05
2020,2021,DK0010181759,0.00048317698782731114
2020,2021,DK0010234467,5.4516382624112466e-05
2020,2021,DK0010244508,0.0005478115800286792
2020,2021,DK0010272632,0.000298769547692353
2020,2021,DK0010274414,0.00037473846437720596
2020,2021,DK0010287663,5.118183977558397e-05
2020,2021,DK0010307958,7.402083309317756e-05
2020,2021,DK0010311471,3.441439015597147e-05
2020,2021,DK0060079531,0.0010183111328123844
2020,2021,DK0060336014,0.00034992197778019465
2020,2021,DK0060448595,0.0007973070145280295
2020,2021,DK0060477503,0.00010397154597568262
2020,2021,DK0060636678,0.0002511884687631096
2020,2021,DK0060738599,0.00025215298153186025
2020,2021,DK0061539921,0.0012581364837995288
2020,2021,ES0109427734,2.2265918146806096e-05
2020,2021,ES0112501012,9.440198935753697e-05
2020,2021,ES0113211835,0.000869080338788859
2020,2021,ES0113679I37,0.0001278151205062904
2020,2021,ES0113860A34,6.64580305852183e-05
2020,2021,ES0113900J37,0.0014225757811449891
2020,2021,ES0116870314,0.0005932287665239118
2020,2021,ES0117160111,7.407169478568991e-05
2020,2021,ES0118594417,4.1326790512221834e-05
2020,2021,ES0122060314,0.0001098787407052761
2020,2021,ES0124244E34,0.00016037234250894112
2020,2021,ES0125220311,0.00020754550842473667
2020,2021,ES0130670112,0.0007634514534058223
2020,2021,ES0130960018,0.00015367654662859623
2020,2021,ES0132105018,8.124556117621388e-05
2020,2021,ES0134950F36,3.43919746972809e-05
2020,2021,ES0142090317,7.699064333464449e-06
2020,2021,ES0144580Y14,0.0023999847913842628
2020,2021,ES0148396007,0.002619014757812821
2020,2021,ES0152503035,4.525166073297432e-05
2020,2021,ES0161560018,4.427779120592884e-05
2020,2021,ES0167050915,0.000273644435489653
2020,2021,ES0171996087,0.00032713543946041694
2020,2021,ES0173093024,0.00029499627098562034
2020,2021,ES0173516115,0.0004113641026178659
2020,2021,ES0178430E18,0.0005809436913681287
2020,2021,ES0182870214,4.1845641497669556e-05
2020,2021,ES0184933812,8.726530227904691e-05
2020,2021,FI0009000202,0.0001858437512104089
2020,2021,FI0009000277,0.00010223225192751377
2020,2021,FI0009000459,0.00014539178552222962
2020,2021,FI0009000681,0.0005771894303696469
2020,2021,FI0009002158,4.291309257773844e-05
2020,2021,FI0009002422,4.447137394365904e-05
2020,2021,FI0009003727,0.00015649915972909206
2020,2021,FI0009005318,0.00012807904752697117
2020,2021,FI0009005870,7.417955274038716e-05
2020,2021,FI0009005961,0.0003105995899426461
2020,2021,FI0009005987,0.0005251882827012297
2020,2021,FI0009007132,0.0005536991395455877
2020,2021,FI0009007694,7.144330597036994e-05
2020,2021,FI0009007884,0.00024318260512242788
2020,2021,FI0009013296,0.0014685611235803536
2020,2021,FI0009013403,0.0009721535359603473
2020,2021,FI0009800643,3.4271400064188636e-05
2020,2021,FI4000440664,5.4693652344046274e-05
2020,2021,FR0000035081,0.00015191775136919885
2020,2021,FR0000039109,3.127534364838761e-06
2020,2021,FR0000044448,8.281011755922955e-05
2020,2021,FR0000045072,0.0009716359177151191
2020,2021,FR0000051070,1.0384085256629645e-05
2020,2021,FR0000052292,0.0029987929557803274
2020,2021,FR0000054900,4.583935603901961e-05
2020,2021,FR0000064578,0.0002311938885581117
2020,2021,FR0000073272,0.001502012560278456
2020,2021,FR0000077919,0.00012861493762804764
2020,2021,FR0000120073,0.0020515396372465518
2020,2021,FR0000120172,0.00037157535740074747
2020,2021,FR0000120222,0.00029226142771563763
2020,2021,FR0000120271,0.0030236627633835923
2020,2021,FR0000120321,0.005618395958747273
2020,2021,FR0000120404,0.0002498200095194707
2020,2021,FR0000120503,0.0004146999498952955
2020,2021,FR0000120560,1.986131302520234e-05
2020,2021,FR0000120578,0.0031994725013925257
2020,2021,FR0000120628,0.0015238768299025557
2020,2021,FR0000120644,0.001191588984404341
2020,2021,FR0000120693,0.0013260839459668038
2020,2021,FR0000120859,0.00010591213396353055
2020,2021,FR0000120966,6.857085919464173e-05
2020,2021,FR0000121014,0.008326348000530469
2020,2021,FR0000121121,0.00014188037553761665
2020,2021,FR0000121204,0.0001422676464104634
2020,2021,FR0000121220,0.00032960964001344054
2020,2021,FR0000121329,0.0005166436486272578
2020,2021,FR0000121485,0.0024238160202603135
2020,2021,FR0000121667,0.001807839257603816
2020,2021,FR0000121964,0.00017899308112182458
2020,2021,FR0000121972,0.0022230083754305654
2020,2021,FR0000124141,0.0003609901122551303
2020,2021,FR0000125007,0.0006444057953099612
2020,2021,FR0000125338,0.0006903714370771486
2020,2021,FR0000125486,0.0016117606515658532
2020,2021,FR0000127771,0.0010109989985857134
2020,2021,FR0000130213,8.795684428019198e-05
2020,2021,FR0000130395,0.00024716872746514176
2020,2021,FR0000130403,0.0026500309961529776
2020,2021,FR0000130452,0.00024974694801693786
2020,2021,FR0000130577,0.00032844591383615845
2020,2021,FR0000130809,0.0004682498679221168
2020,2021,FR0000131104,0.0017399111083504515
2020,2021,FR0000131757,3.241192867243413e-05
2020,2021,FR0000131906,0.0003425844982806782
2020,2021,FR0000133308,0.000837670560245303
2020,2021,FR0010040865,0.0003119204967013509
2020,2021,FR0010220475,0.00044498512593285763
2020,2021,FR0010242511,0.0012915786790126025
2020,2021,FR0010307819,0.0006292675812494057
2020,2021,FR0010313833,0.00023140095228383543
2020,2021,FR0010340141,0.0003412261170080601
2020,2021,FR0010411983,0.0001592178520192232
2020,2021,FR0010533075,0.0002520613677136644
2020,2021,FR0013176526,0.0002517858710035009
2020,2021,FR0013280286,0.0004398592265531241
2020,2021,FR0013326246,0.00029157444731990487
2020,2021,FR0013506730,3.175206178767334e-06
2020,2021,FR0014003TT8,0.0014166466029362837
2020,2021,FR001400AJ45,0.0006050683027844136
2020,2021,GB0000163088,1.53953859187716e-05
2020,2021,GB0000365774,1.9551247400207466e-18
2020,2021,GB0000456144,0.0005147660079084669
2020,2021,GB0000536739,0.0005587604028276183
2020,2021,GB0000811801,0.0002455874692704955
2020,2021,GB0000904986,0.00013244312072687486
2020,2021,GB0000961622,6.648188037502604e-05
2020,2021,GB0001048619,8.024531480242593e-06
2020,2021,GB0001110096,1.0521367750044805e-05
2020,2021,GB0001367019,0.00016442955484345596
2020,2021,GB0001500809,2.4109315271074645e-06
2020,2021,GB0001570810,3.851323194140462e-06
2020,2021,GB0001638955,4.873414374013838e-05
2020,2021,GB0001667087,4.561173220085664e-06
2020,2021,GB0001765816,3.457913673253886e-05
2020,2021,GB0001795680,5.82192121506943e-06
2020,2021,GB0001826634,0.00010000386333303097
2020,2021,GB0001859296,7.553183977881187e-05
2020,2021,GB0002015021,3.1367174083565115e-06
2020,2021,GB0002018363,2.8258293938501966e-05
2020,2021,GB0002074580,9.870601233613194e-05
2020,2021,GB0002148343,3.1800982935708305e-05
2020,2021,GB0002318888,6.962874389823384e-05
2020,2021,GB0002374006,0.0024285709254227177
2020,2021,GB0002418548,2.4044517212516687e-05
2020,2021,GB0002634946,0.000568618097071164
2020,2021,GB0002652740,0.00012576438632625736
2020,2021,GB0002670437,6.667215499631349e-06
2020,2021,GB0002869419,6.887121679904405e-05
2020,2021,GB0002875804,0.002241914805547294
2020,2021,GB0003062816,1.4583495226375428e-06
2020,2021,GB0003096442,0.0001494500113787588
2020,2021,GB0003308607,0.00011745658347250903
2020,2021,GB0003395000,2.0052572153934355e-05
2020,2021,GB0003452173,3.21510651337303e-05
2020,2021,GB0003718474,0.00013349033302874268
2020,2021,GB0003753778,1.379096658802113e-05
2020,2021,GB0004052071,0.0003346526794693862
2020,2021,GB0004082847,0.0005324353316219388
2020,2021,GB0004161021,8.706766150154448e-05
2020,2021,GB0004170089,1.100122508221051e-05
2020,2021,GB0004270301,4.009147361736753e-05
2020,2021,GB0004478896,1.5230759449917826e-05
2020,2021,GB0004544929,0.0005255196809548999
2020,2021,GB0004657408,2.0709258037922705e-05
2020,2021,GB0004726096,5.888061178005747e-05
2020,2021,GB0004866223,1.78088172911987e-05
2020,2021,GB0004915632,4.793905669054368e-06
2020,2021,GB0005405286,0.002784345502770397
2020,2021,GB0005576813,0.0001466013383159471
2020,2021,GB0005603997,0.0005733852832853674
2020,2021,GB0005630420,2.970837213766261e-06
2020,2021,GB0005746358,3.591322544861223e-06
2020,2021,GB0005758098,0.00013235940773002726
2020,2021,GB0005790059,8.404562419938756e-06
2020,2021,GB0006027295,3.122271307700735e-05
2020,2021,GB0006215205,5.20097060328061e-05
2020,2021,GB0006449366,1.1376864489829884e-05
2020,2021,GB0006640972,2.5659503625260943e-05
2020,2021,GB0006650450,4.069629328044902e-05
2020,2021,GB0006731235,0.00064826578889761
2020,2021,GB0006776081,0.00018561305549939834
2020,2021,GB0006825383,0.00031974961288327487
2020,2021,GB0006886666,4.309609076936778e-05
2020,2021,GB0006928617,0.0001506451813927909
2020,2021,GB0006963689,9.899957028104523e-06
2020,2021,GB0007099541,0.0012688857854009064
2020,2021,GB0007188757,0.002464322435692165
2020,2021,GB0007323586,0.00015147079698373772
2020,2021,GB0007370074,6.370166137479022e-06
2020,2021,GB0007388407,2.9542616419269384e-05
2020,2021,GB0007594764,8.561903146278963e-06
2020,2021,GB0007668071,7.363519509928072e-05
2020,2021,GB0007669376,0.00021908435629565244
2020,2021,GB0007689002,9.973881682771911e-06
2020,2021,GB0007908733,0.0005640734185359327
2020,2021,GB0007958233,1.4947363128448913e-05
2020,2021,GB0007973794,5.236990595504655e-05
2020,2021,GB0007980591,0.0018679438853072658
2020,2021,GB0008025412,1.3503861029942306e-05
2020,2021,GB0008085614,2.5531976184635618e-05
2020,2021,GB0008220112,0.00018429731184311637
2020,2021,GB0008475088,1.3175228882902457e-05
2020,2021,GB0008481250,6.31824756637659e-06
2020,2021,GB0008706128,0.0009309377755848535
2020,2021,GB0008711763,1.2208058024276175e-05
2020,2021,GB0008782301,0.0002186997720071062
2020,2021,GB0008794710,3.9493591279730035e-05
2020,2021,GB0009067447,4.69007928393426e-16
2020,2021,GB0009123323,5.243093802531888e-05
2020,2021,GB0009223206,0.0004772975393223781
2020,2021,GB0009286963,1.2300511024269551e-05
2020,2021,GB0009292243,7.503134434338098e-05
2020,2021,GB0009296665,1.51094435653769e-05
2020,2021,GB0009465807,0.00018967942453013465
2020,2021,GB0009633180,0.00013454384181038427
2020,2021,GB0009692319,7.242965138356086e-06
2020,2021,GB0009697037,5.0004040655439164e-05
2020,2021,GB0009895292,0.0034678495947065443
2020,2021,GB0022569080,0.0002457226578165711
2020,2021,GB0030181522,7.792963894944465e-06
2020,2021,GB0030232317,5.241053067006339e-05
2020,2021,GB0030329360,7.661910955267227e-06
2020,2021,GB0030913577,0.0004727405411972221
2020,2021,GB0031274896,9.62665813107737e-05
2020,2021,GB0031348658,0.0009190480286480508
2020,2021,GB0031638363,0.00032924741690361196
2020,2021,GB0031743007,0.0002630670203425181
2020,2021,GB0032089863,0.00033821397082209423
2020,2021,GB0033195214,0.0002059477413236112
2020,2021,GB0033986497,0.0001542394656532737
2020,2021,GB00B00FPT80,1.6795501602970542e-05
2020,2021,GB00B012BV22,5.37954870630208e-05
2020,2021,GB00B012TP20,2.0346105260964632e-05
2020,2021,GB00B019KW72,0.00018124834630524648
2020,2021,GB00B01QGK86,2.340210186060744e-05
2020,2021,GB00B02J6398,0.00031216011613239425
2020,2021,GB00B033F229,9.978479878574624e-05
2020,2021,GB00B03HDJ73,7.111597404475225e-06
2020,2021,GB00B04V1276,6.913266613088917e-05
2020,2021,GB00B06QFB75,0.00011397376328074732
2020,2021,GB00B0744359,3.17439918829608e-05
2020,2021,GB00B0744B38,0.000297061380668571
2020,2021,GB00B082RF11,0.00034162194925859275
2020,2021,GB00B0FYMT95,1.7623296678959225e-05
2020,2021,GB00B0KM9T71,1.60698543389934e-05
2020,2021,GB00B0LCW083,0.00021096508062658486
2020,2021,GB00B0N8QD54,7.75989161539286e-05
2020,2021,GB00B0SWJX34,0.0011429021508641039
2020,2021,GB00B0WMWD03,6.644137668733598e-05
2020,2021,GB00B0YG1K06,1.1496937948700478e-05
2020,2021,GB00B128J450,3.980422578327309e-05
2020,2021,GB00B132NW22,0.00011413147765246014
2020,2021,GB00B135BJ46,5.168511618018599e-05
2020,2021,GB00B17MMZ46,3.4404050451003176e-06
2020,2021,GB00B18P5K83,5.148000535576934e-06
2020,2021,GB00B19Z1432,3.523376103900159e-05
2020,2021,GB00B1FH8J72,0.0001964058828381293
2020,2021,GB00B1FP6H53,3.7652696977351956e-05
2020,2021,GB00B1FW5029,4.2618550824364105e-05
2020,2021,GB00B1G5HX72,1.2195168675673815e-05
2020,2021,GB00B1JQDM80,1.7157658996000142e-05
2020,2021,GB00B1KJJ408,0.0002250958991476141
2020,2021,GB00B1L5QH97,2.2402567845359726e-05
2020,2021,GB00B1P6ZR11,1.0704395175938521e-05
2020,2021,GB00B1VNSX38,5.131342568655267e-05
2020,2021,GB00B1WY2338,0.00021642181189035094
2020,2021,GB00B1XH2C03,6.937453574151215e-05
2020,2021,GB00B1YW4409,0.00040742898047424014
2020,2021,GB00B27YGJ97,8.418445474549736e-06
2020,2021,GB00B2B0DG97,0.0012488963930714716
2020,2021,GB00B2NGPM57,4.657079176465755e-05
2020,2021,GB00B2PDGW16,7.104247229263468e-05
2020,2021,GB00B39J2M42,0.0002198618104253145
2020,2021,GB00B3CX3644,4.687523541448804e-06
2020,2021,GB00B3DGH821,1.304163777972216e-05
2020,2021,GB00B3FLWH99,5.19186571775596e-05
2020,2021,GB00B41H7391,2.5634615711149267e-05
2020,2021,GB00B45C9X44,3.0035594583371667e-05
2020,2021,GB00B572ZV91,1.7944840566542727e-18
2020,2021,GB00B5N0P849,7.683946487274657e-05
2020,2021,GB00B5ZN1N88,0.0004078097849277018
2020,2021,GB00B61TVQ02,9.014324187322118e-05
2020,2021,GB00B63H8491,0.0003378004649712839
2020,2021,GB00B63QSB39,6.535822242032828e-05
2020,2021,GB00B64NSP76,6.193822184656803e-06
2020,2021,GB00B67G5X01,5.134120162942017e-05
2020,2021,GB00B6XZKY75,2.1779728046500964e-05
2020,2021,GB00B6YTLS95,1.0855624193110524e-05
2020,2021,GB00B7KR2P84,0.00013050309277427437
2020,2021,GB00B82YXW83,5.218319790416019e-05
2020,2021,GB00B8B4R053,6.475503992780304e-06
2020,2021,GB00B8C3BL03,0.00022990086082528332
2020,2021,GB00BD6K4575,0.0008770000306045565
2020,2021,GB00BDCPN049,0.000597080276106973
2020,2021,GB00BDFBVT43,2.7599520432179097e-05
2020,2021,GB00BDR05C01,0.0010986254423350215
2020,2021,GB00BF044593,3.215563033998246e-05
2020,2021,GB00BF5H9P87,6.13493602657915e-05
2020,2021,GB00BF8Q6K64,0.00022286925846896148
2020,2021,GB00BG11K365,7.270984469565734e-05
2020,2021,GB00BGDT3G23,0.0002028272724290943
2020,2021,GB00BGLP8L22,0.00011390707056757716
2020,2021,GB00BH4HKS39,0.001171718026865921
2020,2021,GB00BHJYC057,0.0003061161395694846
2020,2021,GB00BJ1F4N75,5.208802071786793e-05
2020,2021,GB00BJFFLV09,0.00033276730639037735
2020,2021,GB00BJQZC279,5.7702282213602264e-05
2020,2021,GB00BJT0FF39,8.547148294946048e-06
2020,2021,GB00BK9RKT01,0.00013587949426932408
2020,2021,GB00BKP36R26,1.0863383525336288e-05
2020,2021,GB00BKY40Q38,5.077695156171348e-06
2020,2021,GB00BL6XZ716,2.7102029382164887e-06
2020,2021,GB00BLGZ9862,0.0008180892543446425
2020,2021,GB00BM8PJY71,0.0007332555985495756
2020,2021,GB00BM8Q5M07,0.0003010175234509566
2020,2021,GB00BMJ6DW54,0.00029829729993055044
2020,2021,GB00BN7SWP63,0.00243548422847377
2020,2021,GB00BNGDN821,0.00031313952126944675
2020,2021,GB00BNNTLN49,0.0001414983390477319
2020,2021,GB00BNR4T868,4.831679965948242e-06
2020,2021,GB00BP6MXD84,0.0019173049065384837
2020,2021,GB00BP92CJ43,0.00011249512742026782
2020,2021,GB00BP9LHF23,0.00027140259396446606
2020,2021,GB00BPQY8M80,0.0004621728154500645
2020,2021,GB00BRB37M78,1.6381741207648682e-05
2020,2021,GB00BRKD9Z53,1.6774385862827668e-05
2020,2021,GB00BV9FP302,0.00010120380286381169
2020,2021,GB00BVFNZH21,0.00010333588007548333
2020,2021,GB00BWFGQN14,0.0003001239530044799
2020,2021,GB00BYQ0JC66,7.899287444201589e-05
2020,2021,GB00BYRJ5J14,7.212493432189019e-05
2020,2021,GB00BYT1DJ19,0.00018430202300860735
2020,2021,GB00BYW0PQ60,0.0001818996238869529
2020,2021,GB00BYYTFB60,0.00012540594803132416
2020,2021,GB00BYZN9041,6.392106156133439e-05
2020,2021,GB00BZ4BQC70,0.00017037802773391244
2020,2021,IE0001827041,0.0008844833521310925
2020,2021,IE0002424939,0.00018393854612095044
2020,2021,IE0003864109,1.9019849440693978e-05
2020,2021,IE0004906560,0.000676620543371384
2020,2021,IE0004927939,0.00033454369694047676
2020,2021,IE00B00MZ448,7.878066463063808e-05
2020,2021,IE00B4BNMY34,0.004555127244421545
2020,2021,IE00B8KQN827,0.001264058683476838
2020,2021,IE00BD1RP616,0.00011473731406953344
2020,2021,IE00BDB6Q211,0.0007159552033084197
2020,2021,IE00BF0L3536,0.0001494085994554951
2020,2021,IE00BGH1M568,0.0001614407197833679
2020,2021,IE00BJ3V9050,4.347567549121723e-05
2020,2021,IE00BK9ZQ967,0.000919837196210127
2020,2021,IE00BLP1HW54,0.0012701472003703842
2020,2021,IE00BLS09M33,0.00023222944692484945
2020,2021,IE00BTN1Y115,0.004159061145769177
2020,2021,IE00BWT6H894,0.0009534508678927172
2020,2021,IE00BY7QL619,0.0008896647025776993
2020,2021,IL0002300114,7.085631606492909e-05
2020,2021,IL0002730112,0.0004644052801426217
2020,2021,IL0002810146,0.00017297555823462963
2020,2021,IL0005930388,7.070416340488364e-05
2020,2021,IL0006046119,0.00022541098016960813
2020,2021,IL0006625771,0.00024152280084580464
2020,2021,IL0006954379,0.00015749622102761925
2020,2021,IL0010811243,0.00015334980788117745
2020,2021,IT0000062072,0.000728587178300662
2020,2021,IT0000062957,0.00021823775550354848
2020,2021,IT0000066123,6.720146793582355e-05
2020,2021,IT0000072618,0.0012003665347831722
2020,2021,IT0000784154,2.377775318755098e-05
2020,2021,IT0000784196,3.3527035088936835e-05
2020,2021,IT0001137345,4.5005924627878325e-05
2020,2021,IT0001233417,0.0001253358612031249
2020,2021,IT0001347308,7.835070185412215e-05
2020,2021,IT0001469383,1.525561837148315e-05
2020,2021,IT0003128367,0.0027164769918840716
2020,2021,IT0003132476,0.0009913222615908748
2020,2021,IT0003153415,0.0005000161261661637
2020,2021,IT0003242622,0.00040690621275821015
2020,2021,IT0003497168,0.00018850925828741826
2020,2021,IT0003506190,0.0003953845550298962
2020,2021,IT0003856405,0.00011480800136778772
2020,2021,IT0004810054,9.216443107174688e-05
2020,2021,IT0004827447,0.00019852990137991949
2020,2021,IT0005218380,8.903165492262597e-05
2020,2021,IT0005239360,0.0005533099393353386
2020,2021,IT0005495657,7.515215837851439e-05
2020,2021,JE00B8KF9B49,0.0003556034285368364
2020,2021,JE00BJ1DLW90,7.247688813016594e-05
2020,2021,LR0008862868,0.0004669075739938326
2020,2021,LU0075646355,8.258112074706481e-05
2020,2021,NL0000008977,0.0007158091624516822
2020,2021,NL0000009082,0.00033883627800021336
2020,2021,NL0000009165,0.0016965840158367454
2020,2021,NL0000009538,0.0012876956708596544
2020,2021,NL0000226223,0.0008922157704130048
2020,2021,NL0000235190,0.0022736101059711994
2020,2021,NL0000289213,1.4722143781437096e-05
2020,2021,NL0000337319,1.5175590572630537e-05
2020,2021,NL0000360618,8.824157509292011e-05
2020,2021,NL0000379121,0.0003141178171752729
2020,2021,NL0000395903,0.0005961845212065696
2020,2021,NL0006237562,7.998704475004782e-05
2020,2021,NL0009432491,0.00017345904003468953
2020,2021,NL0010273215,0.005384289242735703
2020,2021,NL0010583399,8.950999160981405e-05
2020,2021,NL0011794037,0.0008212966450807856
2020,2021,NL0011821202,0.0009619570063676471
2020,2021,NL0013267909,0.0005468429848930653
2020,2021,NL0013332471,3.5718742420119034e-05
2020,2021,NL00150001Q9,0.0007364592935174761
2020,2021,NL00150003E1,2.7436655486082103e-05
2020,2021,NL0015001FS8,0.000534656368448261
2020,2021,NL0015435975,0.0003511493629318341
2020,2021,NO0003028904,0.00012180973927272211
2020,2021,NO0003053605,9.204245485527467e-05
2020,2021,NO0003078800,5.054998168554463e-05
2020,2021,NO0003733800,0.0002696025656873971
2020,2021,NO0005052605,0.0002539898517330026
2020,2021,NO0010063308,0.000630104797336332
2020,2021,NO0010096985,0.0014569529897483834
2020,2021,NO0010199151,6.09131419827638e-06
2020,2021,NO0010208051,0.0002859493390727005
2020,2021,NO0010215684,9.77506405028651e-06
2020,2021,NO0012470089,0.0001939406622961562
2020,2021,PA1436583006,0.0005237807069511644
2020,2021,PTBCP0AM0015,6.134073648724938e-05
2020,2021,PTEDP0AM0009,0.0006609775670394531
2020,2021,PTJMT0AE0001,0.0002823698363020255
2020,2021,PTSON0AM0001,4.4238895165906216e-05
2020,2021,PTZON0AM0006,4.706468429568188e-05
2020,2021,SE0000106270,0.0008112020342020908
2020,2021,SE0000108227,0.0002908721750398096
2020,2021,SE0000108656,0.0009668582482989845
2020,2021,SE0000112724,0.0002957016975726864
2020,2021,SE0000113250,0.0002701655605466033
2020,2021,SE0000114837,0.00014222394519718864
2020,2021,SE0000148884,0.0005885843768205193
2020,2021,SE0000163594,0.00014773008823314637
2020,2021,SE0000163628,0.00012987562544959996
2020,2021,SE0000171100,6.669262446722308e-19
2020,2021,SE0000190126,0.0002366222087496868
2020,2021,SE0000202624,0.00015456553934261683
2020,2021,SE0000242455,0.0005239574751300866
2020,2021,SE0000379190,0.00018707504102390328
2020,2021,SE0000667891,0.0008132031522688798
2020,2021,SE0000667925,0.0004470075273264801
2020,2021,SE0000695876,0.00030679970350875447
2020,2021,SE0000806994,6.333842618663094e-05
2020,2021,SE0000862997,9.874357039097371e-05
2020,2021,SE0000949331,3.59671280479958e-05
2020,2021,SE0001662230,0.00015929778767259165
2020,2021,SE0005190238,0.0002332070252470527
2020,2021,SE0006993770,0.00013005679301315693
2020,2021,SE0007100581,0.0006866827593457579
2020,2021,SE0007100599,0.000515737779227611
2020,2021,SE0011090018,0.0001487164789167497
2020,2021,SE0011166974,0.0001383887246560108
2020,2021,SE0015811955,0.0005985929963998186
2020,2021,SE0015812219,0.00033331598088913634
2020,2021,SE0015961909,0.0008479517560297506
2020,2021,SE0015988019,0.0003871186552616608
2020,2021,SE0016589188,0.00018543889537161543
2020,2021,SE0017486889,0.0011357796083006017
2020,2021,SE0018012494,3.3569464522228005e-05
2020,2021,SE0018012635,9.17538395094576e-05
2020,2021,SE0020050417,0.0002583700116985242
2020,2021,US0010551028,0.0008241107883766435
2020,2021,US0010841023,0.00020270137461510717
2020,2021,US00130H1059,0.00039901275243243767
2020,2021,US00206R1023,0.005409512016656628
2020,2021,US0028241000,0.005121440274527065
2020,2021,US0028962076,3.413855634114091e-05
2020,2021,US00724F1012,0.006331135630676766
2020,2021,US00751Y1064,0.0002835434352301941
2020,2021,US0079031078,0.002911761547641177
2020,2021,US0082521081,0.00012369980366415268
2020,2021,US00846U1016,0.0009596766780616649
2020,2021,US0091581068,0.0015941017525121965
2020,2021,US00971T1016,0.00045127041221102473
2020,2021,US0126531013,0.000415364448753643
2020,2021,US0152711091,0.000636676469153346
2020,2021,US01741R1023,6.20411931080895e-05
2020,2021,US0185811082,9.666078103790843e-05
2020,2021,US0188021085,0.00033599801844044964
2020,2021,US0200021014,0.0008827654185901588
2020,2021,US02079K3059,0.013902485926461408
2020,2021,US02209S1033,0.002012043287806543
2020,2021,US0231351067,0.04311891818855248
2020,2021,US0236081024,0.0005029214095538276
2020,2021,US0255371017,0.0010858340852608526
2020,2021,US02553E1064,8.776580059334736e-05
2020,2021,US0258161092,0.002570538366317739
2020,2021,US0268747849,0.0008614827332782143
2020,2021,US03027X1000,0.00263193307284448
2020,2021,US03073E1055,0.0005290504156050686
2020,2021,US03076C1062,0.0006062947400611162
2020,2021,US0311001004,0.0007328098690126522
2020,2021,US0311621009,0.0035332724218319522
2020,2021,US0320951017,0.0010326691806377434
2020,2021,US0326541051,0.0014414714748496318
2020,2021,US0367521038,0.0021084713715254773
2020,2021,US03743Q1085,0.00013638375583170838
2020,2021,US0378331005,0.0589007810093172
2020,2021,US0382221051,0.0020808434494262507
2020,2021,US0383361039,0.00023437091873943495
2020,2021,US0394831020,0.0007385208995651622
2020,2021,US0441861046,0.00012664609596981294
2020,2021,US0454871056,6.911041669050547e-05
2020,2021,US04621X1081,0.00021292945712804426
2020,2021,US0495601058,0.0003184528032187321
2020,2021,US0527691069,0.0017722467157064426
2020,2021,US0528001094,0.000213946215645247
2020,2021,US0530151036,0.0019947755935562548
2020,2021,US0533321024,0.0007105825445930273
2020,2021,US0534841012,0.0005915540615730132
2020,2021,US0536111091,0.00034371337694117667
2020,2021,US0537741052,5.807573544612866e-05
2020,2021,US0538071038,9.2527833674277e-05
2020,2021,US0565251081,7.077178569028768e-05
2020,2021,US0584981064,0.0008037059818840197
2020,2021,US0605051046,0.006920674145822554
2020,2021,US0640581007,0.0009927890856719624
2020,2021,US0708301041,0.0002711859426962048
2020,2021,US0718131099,0.0010826946030429436
2020,2021,US0758871091,0.0019180727178846097
2020,2021,US0758961009,5.488591397557705e-05
2020,2021,US0844231029,0.0003130886588277844
2020,2021,US0865161014,0.000679243098032453
2020,2021,US0893021032,4.1532629844799574e-05
2020,2021,US09061G1013,0.00041846786508655383
2020,2021,US09062X1037,0.000992679867298658
2020,2021,US0970231058,0.003292865026484532
2020,2021,US09857L1089,0.0024062935012766724
2020,2021,US0997241064,0.0002508854217317209
2020,2021,US1011211018,0.00038930669050306604
2020,2021,US1011371077,0.0013564580879244156
2020,2021,US1053682035,5.413530577344031e-05
2020,2021,US1096411004,6.667869053416414e-05
2020,2021,US1101221083,0.003698183376093324
2020,2021,US1124631045,2.1172493851503867e-05
2020,2021,US1156372096,0.0006497919593709042
2020,2021,US12504L1098,0.000554851631007495
2020,2021,US1252691001,0.00020586231338892783
2020,2021,US12541W2098,0.00033761901853918846
2020,2021,US1255231003,0.0019837220692667723
2020,2021,US12572Q1058,0.0017234435325680648
2020,2021,US1258961002,0.0004574667843450399
2020,2021,US1264081035,0.0018314333861360144
2020,2021,US12653C1080,6.762393274195624e-05
2020,2021,US1266501006,0.0023578402213196834
2020,2021,US1270551013,5.850838525080692e-05
2020,2021,US1270971039,0.00017079292536381646
2020,2021,US1273871087,0.001004313557560344
2020,2021,US1307881029,7.289419486036867e-05
2020,2021,US1331311027,0.0002584461440468822
2020,2021,US1344291091,0.00038632554367784393
2020,2021,US14040H1059,0.0011980684475770252
2020,2021,US14149Y1082,0.00041548780347210604
2020,2021,US1423391002,0.00022036474118823743
2020,2021,US1431301027,0.0004070552707496666
2020,2021,US1491231015,0.0026219429311741095
2020,2021,US1508701034,0.00040135986357904384
2020,2021,US15189T1079,0.0003108485679448007
2020,2021,US1567821046,0.0006320739862258764
2020,2021,US1598641074,0.00032726113762674054
2020,2021,US1667641005,0.004288461453799962
2020,2021,US1713401024,0.0005714917807237602
2020,2021,US1717793095,0.00021683469458919636
2020,2021,US1720621010,0.00037076614157385634
2020,2021,US17275R1023,0.004988278346783399
2020,2021,US1729081059,0.000979665076905799
2020,2021,US1729674242,0.0033885013151538136
2020,2021,US1773761002,0.00042124568830221855
2020,2021,US1858991011,0.00014082883403851332
2020,2021,US1890541097,0.0006701926240178493
2020,2021,US1912161007,0.0062197494123439
2020,2021,US1924461023,0.0011564292854671628
2020,2021,US1941621039,0.0019347547085190333
2020,2021,US20030N1019,0.006320089068131681
2020,2021,US2003401070,0.00020712357065548345
2020,2021,US2017231034,6.552352109527934e-05
2020,2021,US2058871029,0.0004673715001738958
2020,2021,US20825C1045,0.0011271250354064526
2020,2021,US2091151041,0.0006538444984095176
2020,2021,US21036P1084,0.0009861145408927548
2020,2021,US2193501051,0.0007254784917297063
2020,2021,US22160K1051,0.004403887992335997
2020,2021,US22410J1060,8.254422297537123e-05
2020,2021,US22822V1017,0.001811997057242265
2020,2021,US2283681060,0.0003552873151277643
2020,2021,US2310211063,0.0008856393451819024
2020,2021,US23331A1097,0.0006603496121403567
2020,2021,US2333311072,0.0006165650352649726
2020,2021,US23355L1061,0.00017286028742849815
2020,2021,US2358511028,0.004164270084374051
2020,2021,US2371941053,0.00040676148606894513
2020,2021,US23918K1088,0.0003480316883958006
2020,2021,US2441991054,0.002231805021104634
2020,2021,US2473617023,0.0006747179833320338
2020,2021,US24906P1093,0.00030184701191458385
2020,2021,US25179M1036,0.00015869330684086964
2020,2021,US2533931026,9.603652336492354e-05
2020,2021,US2546871060,0.00865513723818776
2020,2021,US25525P1075,2.7654989519133417e-05
2020,2021,US25659T1079,0.00016586169503600908
2020,2021,US2566771059,0.0013588779961037684
2020,2021,US25746U1097,0.0016177875655985314
2020,2021,US2576511099,0.0001870378570791028
2020,2021,US25960P1093,0.00013662024464698366
2020,2021,US2600031080,0.0004814891032527333
2020,2021,US26441C2044,0.001773577128844076
2020,2021,US26875P1012,0.0007677033048069179
2020,2021,US26884L1098,9.223695635600015e-05
2020,2021,US2774321002,0.0003592422348049764
2020,2021,US2786421030,0.000913481562072644
2020,2021,US2788651006,0.0016303237648931667
2020,2021,US2810201077,0.0006302921283015347
2020,2021,US28176E1082,0.0014989132798635752
2020,2021,US2910111044,0.0012703600466298414
2020,2021,US29364G1031,0.000519523664305011
2020,2021,US2944291051,0.0006198917262931666
2020,2021,US29444U7000,0.0016787928900910982
2020,2021,US29476L1070,0.0005834206795825658
2020,2021,US29670G1022,0.00030675913760716257
2020,2021,US2971781057,0.0004097965772277466
2020,2021,US30034W1062,0.00032228279011226605
2020,2021,US30040W1080,0.0007847049470095385
2020,2021,US30161N1019,0.0010912118357570841
2020,2021,US30212P3038,0.00047650013379433567
2020,2021,US3021301094,0.000424894811063399
2020,2021,US30231G1022,0.004595545311372752
2020,2021,US3024913036,0.0003922828263267119
2020,2021,US3029411093,0.0001084619469556038
2020,2021,US3030751057,0.0003316459142792586
2020,2021,US3119001044,0.0007418552138783037
2020,2021,US3137451015,0.00017080098781089987
2020,2021,US31428X1063,0.0018174721061052408
2020,2021,US3156161024,0.0002883535553299529
2020,2021,US31620M1062,0.0023143973910413
2020,2021,US3167731005,0.0005200969493635542
2020,2021,US3205171057,0.0001872988326043648
2020,2021,US3377381088,0.002013527056216291
2020,2021,US3379321074,0.00043587983197238613
2020,2021,US3434121022,6.0302170965630257e-05
2020,2021,US34354P1057,0.00012596131259973698
2020,2021,US3448491049,0.00011051433721997046
2020,2021,US3453708600,0.0009079525816862997
2020,2021,US3546131018,0.0003338133491314714
2020,2021,US35671D8570,0.0010020076627193127
2020,2021,US3614481030,7.987770212489797e-05
2020,2021,US3635761097,0.0006289031012296857
2020,2021,US3647601083,0.00019828779974680468
2020,2021,US3703341046,0.0009494175126014581
2020,2021,US37045V1008,0.001572940067773739
2020,2021,US3719011096,0.00021963640441425729
2020,2021,US37247D1063,5.062425982673874e-05
2020,2021,US3755581036,0.0019266013041352808
2020,2021,US37940X1028,0.0017023579984601514
2020,2021,US38141G1040,0.0023954591519121686
2020,2021,US3825501014,6.498729760275913e-05
2020,2021,US3841091040,0.00031808453475713424
2020,2021,US3848021040,0.000579713836409428
2020,2021,US3976241071,2.424722948791823e-05
2020,2021,US40434L1052,0.0008385257553485028
2020,2021,US4062161017,0.0004425868754416422
2020,2021,US4103451021,0.00013303027766131014
2020,2021,US4108671052,0.00011634813231415728
2020,2021,US4128221086,0.00014944852115740992
2020,2021,US4158641070,4.211471482869323e-05
2020,2021,US4165151048,0.00046427450305266504
2020,2021,US4180561072,0.0003386427346346421
2020,2021,US4198701009,9.677938142857068e-05
2020,2021,US42250P1030,0.0004317528897555469
2020,2021,US42330P1075,2.2054502103278916e-05
2020,2021,US4234521015,6.52451108308585e-05
2020,2021,US4278661081,0.0005932907245641471
2020,2021,US42809H1077,0.00042786895481885395
2020,2021,US4370761029,0.007544642353633207
2020,2021,US4385161066,0.003939287276695638
2020,2021,US4404521001,0.0006635299856405561
2020,2021,US44107P1049,0.00027441194208270667
2020,2021,US4435106079,0.00022596914715366977
2020,2021,US4448591028,0.0014332499873760051
2020,2021,US4456581077,0.00038165372920967845
2020,2021,US4461501045,0.0003392199782834585
2020,2021,US4470111075,0.00014992264865851425
2020,2021,US45073V1089,0.0001756914744042218
2020,2021,US45167R1041,0.00039734630838220337
2020,2021,US45168D1046,0.0011251493398124473
2020,2021,US4523081093,0.001702445404863939
2020,2021,US4523271090,0.0014271813204761088
2020,2021,US4581401001,0.005388005141592842
2020,2021,US45866F1049,0.0017056719727631714
2020,2021,US4592001014,0.0029601083301327882
2020,2021,US4595061015,0.00030690891368519277
2020,2021,US4601461035,0.0005154565022173933
2020,2021,US4606901001,0.00024098927696405693
2020,2021,US4612021034,0.0026342400192544534
2020,2021,US46284V1017,0.00022617934283691325
2020,2021,US4657411066,0.00010184144953494179
2020,2021,US46625H1005,0.010220735671331879
2020,2021,US4663131039,0.00016726008414246876
2020,2021,US46982L1089,0.00037397673856800665
2020,2021,US4781601046,0.01093366059345632
2020,2021,US48020Q1076,0.0002015705590224308
2020,2021,US48203R1041,0.00019762787704431304
2020,2021,US48242W1062,0.00011946313617410365
2020,2021,US4824801009,0.0010544243625344144
2020,2021,US4878361082,0.0005649591239057864
2020,2021,US4891701009,7.911589757865507e-05
2020,2021,US4932671088,0.00042342796292726373
2020,2021,US4943681035,0.0012102302769135015
2020,2021,US49446R1095,0.00017266591192477404
2020,2021,US4972661064,8.070556055996397e-05
2020,2021,US5002551043,0.00016912714444428188
2020,2021,US5010441013,0.000635983280521827
2020,2021,US5018892084,0.000282237715437268
2020,2021,US5178341070,0.0011995439868808678
2020,2021,US5184391044,0.0015907999195693453
2020,2021,US5218652049,0.00025243139967425984
2020,2021,US5246601075,0.00015430671404223582
2020,2021,US5261071071,0.00027670676156833405
2020,2021,US5324571083,0.004261904795467121
2020,2021,US5339001068,0.00018386572428559172
2020,2021,US5341871094,0.0002576554047581361
2020,2021,US5370081045,0.0001641283238569338
2020,2021,US5398301094,0.00262107434047039
2020,2021,US5486611073,0.003101769330392033
2020,2021,US5502411037,0.0002835305082951562
2020,2021,US55261F1049,0.0004316131999924084
2020,2021,US5526761086,8.260399277384845e-05
2020,2021,US5529531015,0.00041083837705761117
2020,2021,US5543821012,4.354911362837844e-05
2020,2021,US5544891048,2.8802879319901113e-05
2020,2021,US55616P1049,9.481171055572653e-05
2020,2021,US5635714059,1.315859753161103e-05
2020,2021,US56418H1005,0.00013515916436417
2020,2021,US5658491064,0.0001380100009438977
2020,2021,US5717481023,0.0015655010310684197
2020,2021,US5719032022,0.0011305587885407286
2020,2021,US5732841060,0.00046618095637564406
2020,2021,US5738741041,0.0008452023296965082
2020,2021,US5745991068,0.0003775853630704916
2020,2021,US57636Q1040,0.009310113457719765
2020,2021,US5770811025,0.00016205872886112626
2020,2021,US5797802064,0.0006266972855572982
2020,2021,US5801351017,0.004219766248357326
2020,2021,US58155Q1031,0.0007319338115664944
2020,2021,US58933Y1055,0.005462785921733991
2020,2021,US59156R1086,0.001115518702437501
2020,2021,US5926881054,0.0007144603635952059
2020,2021,US5949181045,0.044371704066992194
2020,2021,US5950171042,0.0009495760400775699
2020,2021,US5951121038,0.002216962452354609
2020,2021,US6005441000,5.2284103492347236e-05
2020,2021,US6081901042,0.0002646438354913752
2020,2021,US60871R2094,0.00023842353547439787
2020,2021,US6092071058,0.0022065783888339688
2020,2021,US61174X1090,0.001287969826835584
2020,2021,US6153691059,0.0014364850446609665
2020,2021,US6174464486,0.0032714963730877695
2020,2021,US61945C1036,0.00023036045103576948
2020,2021,US6200763075,0.0007600426845742422
2020,2021,US6267171022,5.1458848749978165e-05
2020,2021,US62886E1082,0.00012917968533468575
2020,2021,US6293775085,0.00023055601771881812
2020,2021,US62955J1034,0.0001408356695326467
2020,2021,US6311031081,0.0005742422670748883
2020,2021,US6361801011,9.92853432958435e-05
2020,2021,US6365181022,0.0001509249360743182
2020,2021,US64110D1046,0.00039208772489026555
2020,2021,US6501111073,0.00022583211267920134
2020,2021,US6512291062,0.0002372352611038407
2020,2021,US6516391066,0.0012716414183587866
2020,2021,US65339F1012,0.0039885366608017935
2020,2021,US6541061031,0.00474559134452286
2020,2021,US65473P1057,0.00022712025956896157
2020,2021,US6556641008,0.0001308409252686829
2020,2021,US6558441084,0.001593891648280296
2020,2021,US6658591044,0.000512283738969482
2020,2021,US6668071029,0.0013415105735699092
2020,2021,US6687711084,0.0003242715782831458
2020,2021,US6703461052,0.0004195044729957909
2020,2021,US67066G1040,0.008531380277206633
2020,2021,US6708371033,0.0001593160466403684
2020,2021,US67098H1041,3.4521198153265264e-05
2020,2021,US6745991058,0.0004192044342328136
2020,2021,US6780261052,1.2011376654537313e-05
2020,2021,US6819191064,0.0003533842228335001
2020,2021,US6821891057,0.00035620695797788276
2020,2021,US6826801036,0.0004516894170065018
2020,2021,US68389X1054,0.005025956822643234
2020,2021,US6866881021,0.00013168553924254223
2020,2021,US6882392011,0.0001560831596398014
2020,2021,US69331C1080,0.0006538749468876718
2020,2021,US6934751057,0.0016667878930408098
2020,2021,US6935061076,0.0008982475705507798
2020,2021,US69351T1060,0.0005664724941064592
2020,2021,US6936561009,0.0001781295241789827
2020,2021,US6937181088,0.0007896704137754524
2020,2021,US6951561090,0.0003465191183419763
2020,2021,US7010941042,0.000927987223367313
2020,2021,US70211M1099,2.8114304844235367e-05
2020,2021,US7043261079,0.0008861101953299709
2020,2021,US7134481081,0.005408597416094428
2020,2021,US7140461093,0.00042400110888660597
2020,2021,US7170811035,0.0053990636110835405
2020,2021,US7234841010,0.00023126407064782801
2020,2021,US7237871071,0.0004932437700315812
2020,2021,US7244791007,2.9209581026426896e-05
2020,2021,US7310681025,0.00015467525277455745
2020,2021,US74144T1088,0.0009057024625021861
2020,2021,US74251V1026,0.0003607757903422472
2020,2021,US7427181091,0.009040171360789152
2020,2021,US7433151039,0.0015298317931989169
2020,2021,US74340W1036,0.0019448556414375516
2020,2021,US7443201022,0.000817246959812744
2020,2021,US7445731067,0.0007793067708386801
2020,2021,US74460D1090,0.001066608593538265
2020,2021,US7458671010,0.0003047254922414572
2020,2021,US7475251036,0.0045471306104701206
2020,2021,US74762E1029,0.00026532567862948606
2020,2021,US74834L1008,0.00042502390073582134
2020,2021,US7509171069,5.339999348733365e-05
2020,2021,US7512121010,0.00013212592444541757
2020,2021,US75281A1097,4.697930629481935e-05
2020,2021,US75513E1010,0.00286647699407224
2020,2021,US7588491032,0.0002049796916092709
2020,2021,US75886F1075,0.0013358541265615928
2020,2021,US7591EP1005,0.000410344665058703
2020,2021,US7593516047,0.00020863755800574102
2020,2021,US7595091023,0.0002037033277195782
2020,2021,US7607591002,0.0008076825667723056
2020,2021,US7703231032,0.00018846172455121897
2020,2021,US7739031091,0.0007699569836546065
2020,2021,US7782961038,0.0011552419242044725
2020,2021,US7802871084,0.000186567354241584
2020,2021,US7835491082,8.914520370666645e-05
2020,2021,US78409V1044,0.002086509599640814
2020,2021,US78410G1040,0.0008282782882259414
2020,2021,US7841171033,0.0002198253202397289
2020,2021,US78440X8873,0.00011508601246934784
2020,2021,US78454L1008,2.2978016350513506e-05
2020,2021,US78473E1038,6.614921390971873e-05
2020,2021,US79466L3024,0.005387825322852265
2020,2021,US8064071025,0.00025261470082640653
2020,2021,US8101861065,0.00029325607298091947
2020,2021,US81211K1007,0.00018884855354816594
2020,2021,US8168511090,0.000970133099477799
2020,2021,US8243481061,0.0017601604265663317
2020,2021,US8288061091,0.0007407727298157285
2020,2021,US8326964058,0.0003488035016048016
2020,2021,US8354951027,0.0001572875984513912
2020,2021,US8425871071,0.0017074491656504614
2020,2021,US84265V1052,0.0013317572116746958
2020,2021,US8447411088,0.0007263585713565689
2020,2021,US8454671095,5.478409075444225e-05
2020,2021,US8485741099,0.00011173793926194187
2020,2021,US8545021011,0.0007544538376632106
2020,2021,US8552441094,0.003312590302415408
2020,2021,US8574771031,0.0006783879517001988
2020,2021,US8581191009,0.00020894285566593572
2020,2021,US8589121081,0.00016744520179547587
2020,2021,US8636671013,0.002430419225308101
2020,2021,US8676524064,0.00011800948166928774
2020,2021,US8716071076,0.001046431341272824
2020,2021,US87161C5013,0.00012603320900201305
2020,2021,US8718291078,0.000999382026158893
2020,2021,US8725401090,0.002162751033803107
2020,2021,US8760301072,0.00022856014175127258
2020,2021,US87612E1064,0.0023326988464125167
2020,2021,US8803491054,1.81177558840048e-05
2020,2021,US8807701029,0.0005244750256991307
2020,2021,US8807791038,6.490426242884743e-05
2020,2021,US8816242098,0.00027891961038487993
2020,2021,US8825081040,0.003975551253352752
2020,2021,US8832031012,0.0002936945687963297
2020,2021,US88337F1057,3.9331798418808756e-05
2020,2021,US8835561023,0.004870615555049454
2020,2021,US8851601018,0.00013706663017167903
2020,2021,US88579Y1010,0.002659628631754218
2020,2021,US88642R1095,8.556781253958737e-06
2020,2021,US8873891043,0.00015507942605492034
2020,2021,US8910921084,0.00026900680379127867
2020,2021,US89417E1091,0.0009385894744647149
2020,2021,US8962391004,0.00044027812919702407
2020,2021,US8965221091,8.361959896916118e-05
2020,2021,US89832Q1094,0.0017058424856330348
2020,2021,US9024941034,0.0004998966869042264
2020,2021,US9026531049,0.00029917764248098717
2020,2021,US9026811052,0.00019405652611222273
2020,2021,US9029733048,0.0018534291316036097
2020,2021,US9078181081,0.0037028224181338593
2020,2021,US9111631035,2.207586339176529e-05
2020,2021,US9113121068,0.0031784046405722247
2020,2021,US9113631090,0.00044408955698814083
2020,2021,US9129091081,7.993070532583871e-05
2020,2021,US91324P1021,0.008779783723161882
2020,2021,US91529Y1064,0.0001249943199047118
2020,2021,US91822M5022,7.120428986145701e-05
2020,2021,US91913Y1001,0.0006031039164362742
2020,2021,US92276F1003,0.0004867816317463798
2020,2021,US92343V1044,0.006416758590737281
2020,2021,US92532F1003,0.0016196756466523798
2020,2021,US9255501051,9.12179896601361e-05
2020,2021,US92556V1061,0.000611269290232657
2020,2021,US9282981086,7.109030581526962e-05
2020,2021,US9290421091,0.00018987984056167663
2020,2021,US9291601097,0.0005189440920304043
2020,2021,US92922P1066,6.5307481973562115e-06
2020,2021,US92939U1060,0.0007634130484264519
2020,2021,US9297401088,0.000367839451685261
2020,2021,US9311421039,0.010760682405657055
2020,2021,US9314271084,0.0009096579719349316
2020,2021,US94106L1098,0.0013146338870534632
2020,2021,US9418481035,0.00040651032580695494
2020,2021,US9427491025,8.81678230890305e-05
2020,2021,US9497461015,0.003292499145277834
2020,2021,US95040Q1040,0.0007129470362710773
2020,2021,US95058W1009,0.00012994732113209956
2020,2021,US95082P1057,0.00010631769894480059
2020,2021,US9581021055,0.00044692153515659636
2020,2021,US9604131022,0.0002721098653108878
2020,2021,US9621661043,0.0006620787017411846
2020,2021,US9633201069,0.0002980269595111314
2020,2021,US9682232064,5.8647022509432966e-05
2020,2021,US9694571004,0.0006380465571820906
2020,2021,US9699041011,0.000204461775599397
2020,2021,US9831341071,0.0003215215244645703
2020,2021,US98389B1008,0.0009189829797667009
2020,2021,US9839191015,0.0009160963886972373
2020,2021,US98421M1062,0.00012204661313958128
2020,2021,US9884981013,0.0008664124654030766
2020,2021,US9892071054,0.0005414884680054505
2020,2021,US98956P1021,0.0008427843268790244
2021,2022,AN8068571086,0.0008882149943810025
2021,2022,AT000000STR1,9.038827531129423e-05
2021,2022,AT00000VIE62,5.369986988661486e-05
2021,2022,AT0000606306,0.00020459301480747023
2021,2022,AT0000652011,0.00042710471489840597
2021,2022,AT0000720008,0.00012169987091145721
2021,2022,AT0000730007,0.00011342141620125071
2021,2022,AT0000743059,0.00039286344994854107
2021,2022,AT0000746409,0.0004046305925435947
2021,2022,AT0000831706,8.956094966463826e-05
2021,2022,AT0000908504,7.65911889870338e-05
2021,2022,AT0000937503,0.00013732878933514237
2021,2022,AT0000938204,8.48937056541496e-05
2021,2022,AT0000A21KS2,6.681011771453303e-05
2021,2022,AU000000JHX1,0.0003784332820819503
2021,2022,BE0003470755,0.00026004018710937813
2021,2022,BE0003565737,0.0007556992084596231
2021,2022,BE0003593044,0.00010701540675401613
2021,2022,BE0003717312,0.0003555689136241111
2021,2022,BE0003735496,2.8730919731384972e-05
2021,2022,BE0003739530,0.00046904372405741514
2021,2022,BE0003755692,1.4907480447179465e-05
2021,2022,BE0003797140,0.0003688732108706652
2021,2022,BE0003810273,0.0001392462402208866
2021,2022,BE0003822393,0.0001908678196851595
2021,2022,BE0974258874,5.68532603166939e-05
2021,2022,BE0974264930,0.00020915718071573897
2021,2022,BE0974293251,0.002219753511646198
2021,2022,BE0974320526,0.00021170954700778738
2021,2022,BMG850801025,1.9093110916803206e-05
2021,2022,CA00208D4084,0.00013597932178361654
2021,2022,CA0084741085,0.00027496740712299004
2021,2022,CA00900Q1037,7.6349083198517e-06
2021,2022,CA01626P1484,0.0009417016209410268
2021,2022,CA05534B7604,0.0010005478332630257
2021,2022,CA0636711016,0.0014770427870981185
2021,2022,CA0641491075,0.0018213917212969025
2021,2022,CA0977518616,6.000725085080203e-05
2021,2022,CA1247651088,0.0001691835031410071
2021,2022,CA12532H1047,0.00040923178617201055
2021,2022,CA13321L1085,0.00018362039373080944
2021,2022,CA1360691010,0.0010981573071373186
2021,2022,CA1363751027,0.0018386603655183784
2021,2022,CA1363851017,0.0010448102022340034
2021,2022,CA13646K1084,0.001015222610922718
2021,2022,CA1366812024,0.0001741776596761653
2021,2022,CA1367178326,0.00012071890247661618
2021,2022,CA2849025093,3.6207809622576e-05
2021,2022,CA2918434077,0.00010924047692401935
2021,2022,CA29250N1050,0.001674720967068643
2021,2022,CA2927661025,5.4458842533448214e-05
2021,2022,CA3180714048,8.560205678947075e-05
2021,2022,CA3359341052,0.00035006042279212875
2021,2022,CA3495531079,0.0004828609240606622
2021,2022,CA3518581051,0.0005595663108854351
2021,2022,CA3759161035,0.0001781685338371882
2021,2022,CA39138C1068,0.0005909323037865404
2021,2022,CA4495861060,0.00018292270076138517
2021,2022,CA4530384086,0.0005308519169522545
2021,2022,CA45823T1066,0.00048438309728599844
2021,2022,CA4969024047,0.00015282911281707743
2021,2022,CA5394811015,0.0005944054487636283
2021,2022,CA5592224011,0.0005150573807398857
2021,2022,CA56501R1064,0.0007837557867750874
2021,2022,CA59151K1084,6.351229301364266e-05
2021,2022,CA59162N1096,0.0002729556504309805
2021,2022,CA6744822033,6.55331188176967e-06
2021,2022,CA68272K1030,0.00014499250440673346
2021,2022,CA6837151068,0.0002724848062695235
2021,2022,CA7392391016,0.00043503742878085527
2021,2022,CA74022D4075,9.916434451976815e-06
2021,2022,CA7669101031,0.00012177339342154326
2021,2022,CA7751092007,0.00039681318705460736
2021,2022,CA7800871021,0.003199528359975627
2021,2022,CA8029121057,0.00019767830288143414
2021,2022,CA82028K2002,0.00030623016350496694
2021,2022,CA8239011031,1.9813657611480423e-06
2021,2022,CA85472N1096,0.0001322181629798793
2021,2022,CA8667961053,0.0006901201862854606
2021,2022,CA8672241079,0.0007714971271536959
2021,2022,CA87807B1076,0.0009628055820841576
2021,2022,CA8787422044,0.00032116040370077287
2021,2022,CA87971M1032,0.0006370527811182949
2021,2022,CA8849038085,0.001230826511319689
2021,2022,CA8911605092,0.002956998109861487
2021,2022,CA89346D1078,6.33212137884455e-05
2021,2022,CA8959451037,1.1570233673650702e-05
2021,2022,CA9611485090,0.0003635129234127901
2021,2022,CA98462Y1007,8.538345127406408e-05
2021,2022,CH0000816824,7.381247763170935e-05
2021,2022,CH0008038389,0.00015797778301811737
2021,2022,CH0008742519,0.0006183028503869584
2021,2022,CH0010570759,0.00038416265248174643
2021,2022,CH0010645932,0.0010263271849686672
2021,2022,CH0011075394,0.0013973168237563333
2021,2022,CH0012005267,0.004532875333402083
2021,2022,CH0012032048,0.006177459177520054
2021,2022,CH0012138530,0.0005454966279154635
2021,2022,CH0012138605,0.0001818567109256443
2021,2022,CH0012142631,0.000146337073622635
2021,2022,CH0012214059,0.000662808928438946
2021,2022,CH0012221716,0.001661969039877125
2021,2022,CH0012255151,0.0001872577617882445
2021,2022,CH0012549785,0.0005242795181807357
2021,2022,CH0013841017,0.0013154637994647858
2021,2022,CH0014786500,3.3451170101793215e-05
2021,2022,CH0014852781,0.000408788461492136
2021,2022,CH0018294154,0.00012097368409741056
2021,2022,CH0024608827,0.0009366458232729467
2021,2022,CH0024638212,0.0003802901233911212
2021,2022,CH0025238863,0.0008245230356033209
2021,2022,CH0025751329,0.00029507450389737536
2021,2022,CH0030170408,0.0006200862684777033
2021,2022,CH0038388911,7.140905168585885e-05
2021,2022,CH0038863350,0.008320647255743139
2021,2022,CH0044328745,0.0017596604092625409
2021,2022,CH0048265513,3.82222487724016e-05
2021,2022,CH0102484968,0.0003138893729952671
2021,2022,CH0126881561,0.0006647065499983666
2021,2022,CH0210483332,0.001658093754343412
2021,2022,CH0244767585,0.0014100546235702187
2021,2022,CH0319416936,0.0001168700013903901
2021,2022,CH0418792922,0.0012502687197717237
2021,2022,CH1169151003,0.00013177240749733676
2021,2022,CH1175448666,0.0007145927651003703
2021,2022,CH1256740924,0.0005347024844640718
2021,2022,DE0005089031,0.00016275667201774648
2021,2022,DE0005140008,0.0005483197449018607
2021,2022,DE0005190003,0.0012787953631805584
2021,2022,DE0005200000,0.0005496776585230235
2021,2022,DE0005408884,7.77262744225902e-06
2021,2022,DE0005439004,0.0004475802079470317
2021,2022,DE0005470405,0.00011222832571900081
2021,2022,DE0005552004,0.0016753012945310568
2021,2022,DE0005557508,0.0019422790824802786
2021,2022,DE0005773303,0.00013196036655246818
2021,2022,DE0005785604,0.0004745991520992867
2021,2022,DE0005785802,0.00040345068503863305
2021,2022,DE0005810055,0.0006693607841844845
2021,2022,DE0005909006,2.9512760007573278e-05
2021,2022,DE0006047004,0.000282622297857656
2021,2022,DE0006048432,0.00030489974573406176
2021,2022,DE0006070006,0.00012009358171070756
2021,2022,DE0006202005,4.6237575764776904e-05
2021,2022,DE0006231004,0.001275945316054337
2021,2022,DE0006569908,2.2083351925916352e-05
2021,2022,DE0006599905,0.0007087720577970745
2021,2022,DE0006602006,0.0002092977612614601
2021,2022,DE0006969603,0.0003899392078235162
2021,2022,DE0007030009,8.685905426191667e-05
2021,2022,DE0007037129,0.000580533485042207
2021,2022,DE0007042301,2.3279824682196445e-05
2021,2022,DE0007100000,0.0017411736686776165
2021,2022,DE0007164600,0.0036709962063001355
2021,2022,DE0007236101,0.0031098716386873063
2021,2022,DE0007257503,3.2837947931705045e-05
2021,2022,DE0007297004,6.493546313054876e-05
2021,2022,DE0007314007,1.9353678257881573e-05
2021,2022,DE0007500001,0.00014383907023146562
2021,2022,DE0007507501,1.8144352418324318e-05
2021,2022,DE0007664039,0.0008776859486797637
2021,2022,DE0008232125,0.0001766808113094541
2021,2022,DE0008402215,0.0004859053891931146
2021,2022,DE0008404005,0.0020417765091616546
2021,2022,DE0008430026,0.0008762586768411887
2021,2022,DE000A0D6554,5.372597624943671e-05
2021,2022,DE000A0D9PT0,0.00023030914943540884
2021,2022,DE000A0S8488,3.596952501818659e-05
2021,2022,DE000A0WMPJ6,4.852365278069616e-05
2021,2022,DE000A1EWWW0,0.0011700853159588294
2021,2022,DE000A2GS401,6.174730189734496e-05
2021,2022,DE000BASF111,0.0013619429628096487
2021,2022,DE000BAY0017,0.0011127336540681632
2021,2022,DE000CBK1001,0.00020172677091651425
2021,2022,DE000CLS1001,0.00011720716350640453
2021,2022,DE000ENAG999,0.0007774875978319725
2021,2022,DE000KSAG888,6.995013919377191e-05
2021,2022,DE000PSM7770,7.879733647337279e-05
2021,2022,DE000TUAG505,0.00010519907754837291
2021,2022,DK0010181759,0.0004071854865317405
2021,2022,DK0010234467,4.5482224164081824e-05
2021,2022,DK0010244508,0.0006749158245383575
2021,2022,DK0010272632,0.0001836351048605401
2021,2022,DK0010274414,0.0003147143671419903
2021,2022,DK0010287663,4.393019728392897e-05
2021,2022,DK0010307958,7.901529435901819e-05
2021,2022,DK0010311471,3.9887764371284996e-05
2021,2022,DK0060079531,0.001184574840322552
2021,2022,DK0060336014,0.0003962059862535879
2021,2022,DK0060448595,0.0007363852972355666
2021,2022,DK0060477503,0.00010675580207157889
2021,2022,DK0060636678,0.00034164660673360734
2021,2022,DK0060738599,0.0002600097614212763
2021,2022,DK0061539921,0.0006527077599468417
2021,2022,ES0109427734,1.805305371629625e-05
2021,2022,ES0112501012,6.24173099885831e-05
2021,2022,ES0113211835,0.0008412833591518663
2021,2022,ES0113679I37,9.737603633617726e-05
2021,2022,ES0113860A34,8.001795340683723e-05
2021,2022,ES0113900J37,0.0012254249290113977
2021,2022,ES0116870314,0.0006671678984056744
2021,2022,ES0117160111,7.209012811467422e-05
2021,2022,ES0118594417,4.037457403124569e-05
2021,2022,ES0122060314,0.0001131371462259843
2021,2022,ES0124244E34,0.00013366381554582714
2021,2022,ES0125220311,0.0002216268929826207
2021,2022,ES0130670112,0.0005139988688774592
2021,2022,ES0130960018,0.00012844445891514635
2021,2022,ES0132105018,7.40733357130667e-05
2021,2022,ES0134950F36,2.5993969182674e-05
2021,2022,ES0142090317,1.4570147691105616e-05
2021,2022,ES0144580Y14,0.0015926901725432003
2021,2022,ES0148396007,0.002136891386822921
2021,2022,ES0152503035,3.091989335876202e-05
2021,2022,ES0161560018,3.186675172730826e-05
2021,2022,ES0167050915,0.00017258710372015018
2021,2022,ES0171996087,0.00017277797660765243
2021,2022,ES0173093024,0.00024740549084253623
2021,2022,ES0173516115,0.00038306373660555303
2021,2022,ES0178430E18,0.0005349656032197671
2021,2022,ES0182870214,3.458048680507933e-05
2021,2022,ES0184933812,8.033549450152786e-05
2021,2022,FI0009000202,0.00019263722834720305
2021,2022,FI0009000277,7.823914622533728e-05
2021,2022,FI0009000459,0.00010070185737565194
2021,2022,FI0009000681,0.0007602602716157601
2021,2022,FI0009002158,3.68894807643181e-05
2021,2022,FI0009002422,6.05343999440792e-05
2021,2022,FI0009003727,0.00017577429107589016
2021,2022,FI0009005318,0.00011119269874656343
2021,2022,FI0009005870,6.698490725759108e-05
2021,2022,FI0009005961,0.00023753669747767094
2021,2022,FI0009005987,0.0004291749532782276
2021,2022,FI0009007132,0.0005762043082178897
2021,2022,FI0009007694,5.357544851764644e-05
2021,2022,FI0009007884,0.00021764479456948138
2021,2022,FI0009013296,0.0008015264562968842
2021,2022,FI0009013403,0.0006865987052588129
2021,2022,FI0009800643,2.1930149676096724e-05
2021,2022,FI4000440664,4.951515947443466e-05
2021,2022,FR0000035081,0.00011560879166908045
2021,2022,FR0000039109,1.3580670452957165e-05
2021,2022,FR0000044448,9.03087007370901e-05
2021,2022,FR0000045072,0.0009390881641058394
2021,2022,FR0000051070,1.1105054600576811e-05
2021,2022,FR0000052292,0.0038969240463513177
2021,2022,FR0000053225,5.2163348512647996e-05
2021,2022,FR0000054470,0.0001295077076095501
2021,2022,FR0000054900,4.4166946504625406e-05
2021,2022,FR0000064578,0.00016408488843087482
2021,2022,FR0000073272,0.0011053709493407569
2021,2022,FR0000077919,0.00011254633086407479
2021,2022,FR0000120073,0.0017460885092132428
2021,2022,FR0000120172,0.0003003304863342657
2021,2022,FR0000120222,0.00035890791501471206
2021,2022,FR0000120271,0.0028319719275883923
2021,2022,FR0000120321,0.005588019650084093
2021,2022,FR0000120404,0.00017901451287970587
2021,2022,FR0000120503,0.0002895115362145704
2021,2022,FR0000120560,1.591216605191939e-05
2021,2022,FR0000120578,0.0026897798857006667
2021,2022,FR0000120628,0.0015237950462520147
2021,2022,FR0000120644,0.0009021950456280525
2021,2022,FR0000120693,0.0013310846063456698
2021,2022,FR0000120859,7.462327839347426e-05
2021,2022,FR0000120966,5.0825520114069505e-05
2021,2022,FR0000121014,0.00881885130029092
2021,2022,FR0000121121,0.000146238889996949
2021,2022,FR0000121204,0.00011341106810527263
2021,2022,FR0000121220,0.0002731166772209166
2021,2022,FR0000121329,0.00038357004158428914
2021,2022,FR0000121485,0.0021183190916708484
2021,2022,FR0000121667,0.001990649514371516
2021,2022,FR0000121964,0.00014376325587160321
2021,2022,FR0000121972,0.002358434126483947
2021,2022,FR0000124141,0.0005425091489279336
2021,2022,FR0000125007,0.000779169945777568
2021,2022,FR0000125338,0.0008928125343919115
2021,2022,FR0000125486,0.0013226493671668913
2021,2022,FR0000127771,0.000316766985908954
2021,2022,FR0000130213,8.273171079474132e-05
2021,2022,FR0000130395,0.0002666982301380024
2021,2022,FR0000130403,0.003166756780601003
2021,2022,FR0000130452,0.00021307291199330693
2021,2022,FR0000130577,0.0003604222860161176
2021,2022,FR0000130809,0.0006194311574444258
2021,2022,FR0000131104,0.0018026662269804785
2021,2022,FR0000131757,4.6389395421167997e-05
2021,2022,FR0000131906,0.00021717973746233487
2021,2022,FR0000133308,0.0006017803511253194
2021,2022,FR0010040865,0.00022622078495619852
2021,2022,FR0010220475,0.00028015718999068026
2021,2022,FR0010221234,5.9493007325919224e-05
2021,2022,FR0010242511,0.0008040264229642247
2021,2022,FR0010307819,0.0006613925354605169
2021,2022,FR0010313833,0.0002284142037779173
2021,2022,FR0010340141,0.0002694331177540611
2021,2022,FR0010411983,0.0001229987023016992
2021,2022,FR0010533075,0.00019246381096159424
2021,2022,FR0013176526,0.00015495373126093317
2021,2022,FR0013280286,0.0003552672373194023
2021,2022,FR0013326246,0.000205252311576473
2021,2022,FR0013506730,4.848104848892453e-05
2021,2022,FR0014003TT8,0.0016715101867495602
2021,2022,FR001400AJ45,0.0006185026460388298
2021,2022,GB0000163088,9.619182421331681e-06
2021,2022,GB0000365774,8.189998117067498e-06
2021,2022,GB0000456144,0.0003777450809035847
2021,2022,GB0000536739,0.0007582998649426393
2021,2022,GB0000600931,2.454815032724625e-06
2021,2022,GB0000811801,0.00021898027665596517
2021,2022,GB0000904986,0.00011786419170026273
2021,2022,GB0000961622,4.799452517702122e-05
2021,2022,GB0001048619,5.478515948676072e-06
2021,2022,GB0001110096,1.0786334476866663e-05
2021,2022,GB0001367019,0.0001408663901301992
2021,2022,GB0001500809,1.9157277515428944e-05
2021,2022,GB0001570810,4.066143116650966e-06
2021,2022,GB0001638955,3.5415965046286934e-05
2021,2022,GB0001667087,5.376893127555639e-06
2021,2022,GB0001765816,3.2178103575779744e-05
2021,2022,GB0001795680,4.474225849440191e-06
2021,2022,GB0001826634,0.00012036684156010392
2021,2022,GB0001859296,7.533896689248797e-05
2021,2022,GB0002015021,2.0420046104826187e-06
2021,2022,GB0002018363,3.381950134646368e-05
2021,2022,GB0002074580,9.300188429336734e-05
2021,2022,GB0002148343,3.522435228196439e-05
2021,2022,GB0002318888,5.617247603273521e-05
2021,2022,GB0002374006,0.0026879931691787037
2021,2022,GB0002418548,2.192864717076846e-05
2021,2022,GB0002634946,0.0004980895315820312
2021,2022,GB0002652740,0.00010968459222128318
2021,2022,GB0002670437,9.862534858113714e-06
2021,2022,GB0002869419,8.985256664685056e-05
2021,2022,GB0002875804,0.0017954462303229309
2021,2022,GB0003062816,2.1429488173803087e-06
2021,2022,GB0003096442,0.00016260594301728692
2021,2022,GB0003308607,0.0001159981188447156
2021,2022,GB0003395000,5.386510862129486e-06
2021,2022,GB0003452173,2.1880574253286362e-05
2021,2022,GB0003718474,9.369095093626871e-05
2021,2022,GB0003753778,8.294959739260386e-06
2021,2022,GB0004052071,0.00034771246672999154
2021,2022,GB0004082847,0.00039525934508816737
2021,2022,GB0004161021,7.000290437230684e-05
2021,2022,GB0004170089,1.0458782406075e-05
2021,2022,GB0004270301,4.1039474988197074e-05
2021,2022,GB0004478896,7.9992458284545e-06
2021,2022,GB0004544929,0.0004379000251590959
2021,2022,GB0004657408,2.636354894813196e-05
2021,2022,GB0004726096,4.833972284173728e-05
2021,2022,GB0004866223,2.0368822490592343e-05
2021,2022,GB0004915632,1.4088851915670955e-05
2021,2022,GB0005405286,0.002607200798540786
2021,2022,GB0005576813,0.0001527243779551075
2021,2022,GB0005603997,0.0005083966871152102
2021,2022,GB0005630420,5.961993479377897e-06
2021,2022,GB0005746358,2.9282157712095686e-06
2021,2022,GB0005758098,0.00016516363525114343
2021,2022,GB0005790059,8.144072571393126e-06
2021,2022,GB0006027295,2.926419097739446e-05
2021,2022,GB0006215205,4.5230255872232215e-05
2021,2022,GB0006449366,8.306104780291216e-06
2021,2022,GB0006640972,2.267834932329171e-05
2021,2022,GB0006650450,4.342141772446228e-05
2021,2022,GB0006731235,0.00045503582624456984
2021,2022,GB0006776081,0.00013277147149798096
2021,2022,GB0006825383,0.0002609882700687668
2021,2022,GB0006886666,2.8963731365855356e-05
2021,2022,GB0006928617,0.0001268921749269613
2021,2022,GB0006963689,9.475280715769523e-06
2021,2022,GB0007099541,0.0010019303634013022
2021,2022,GB0007188757,0.001747754384341734
2021,2022,GB0007323586,9.962157743900183e-05
2021,2022,GB0007370074,7.932575140892661e-06
2021,2022,GB0007388407,3.860811620937457e-05
2021,2022,GB0007594764,9.89885740254333e-06
2021,2022,GB0007668071,6.044797536836591e-05
2021,2022,GB0007669376,0.0002604477319838386
2021,2022,GB0007689002,1.4509366588570729e-05
2021,2022,GB0007908733,0.0005030855270927214
2021,2022,GB0007958233,1.763675706835706e-05
2021,2022,GB0007973794,4.695008727012473e-05
2021,2022,GB0007980591,0.0018674659511128812
2021,2022,GB0008025412,1.6152533114557864e-05
2021,2022,GB0008085614,3.338276414542308e-05
2021,2022,GB0008220112,0.00015091397553348632
2021,2022,GB0008475088,1.690170226378173e-05
2021,2022,GB0008481250,6.842876783045584e-06
2021,2022,GB0008706128,0.0009717044842819521
2021,2022,GB0008711763,1.291662069423188e-05
2021,2022,GB0008782301,0.00018333154075097043
2021,2022,GB0008794710,3.575495256385927e-05
2021,2022,GB0009067447,2.9564894571884976e-06
2021,2022,GB0009123323,6.49705446507967e-05
2021,2022,GB0009223206,0.0003257356344501686
2021,2022,GB0009286963,1.0602259333985897e-05
2021,2022,GB0009292243,6.0828721226708877e-05
2021,2022,GB0009296665,1.8804772835562434e-05
2021,2022,GB0009465807,0.0001272296659117497
2021,2022,GB0009633180,0.00016516301348247674
2021,2022,GB0009692319,5.448133244283739e-06
2021,2022,GB0009697037,4.605916059263786e-05
2021,2022,GB0009895292,0.003848639487311957
2021,2022,GB0022569080,0.0001971000819674373
2021,2022,GB0030181522,6.045530555918253e-06
2021,2022,GB0030232317,5.956318440511261e-05
2021,2022,GB0030329360,1.3042664642895723e-05
2021,2022,GB0030913577,0.00048138939735866576
2021,2022,GB0031274896,0.00012970834834252073
2021,2022,GB0031348658,0.000896738887485644
2021,2022,GB0031638363,0.00026008744517474005
2021,2022,GB0031743007,0.00020934314758411124
2021,2022,GB0032089863,0.0003101402159661915
2021,2022,GB0033147751,8.611167060958416e-06
2021,2022,GB0033195214,0.0002011049809024176
2021,2022,GB0033986497,0.0001273630670914941
2021,2022,GB00B00FPT80,1.222434413314567e-05
2021,2022,GB00B012BV22,3.967774739095833e-05
2021,2022,GB00B012TP20,2.165494403474363e-05
2021,2022,GB00B019KW72,0.00018416292836263764
2021,2022,GB00B01QGK86,2.0670361463677915e-05
2021,2022,GB00B02J6398,0.0002707175455408852
2021,2022,GB00B033F229,0.00012037932030020102
2021,2022,GB00B03HDJ73,4.09612233663314e-06
2021,2022,GB00B04V1276,6.683587614507977e-05
2021,2022,GB00B06QFB75,0.00010045774703923702
2021,2022,GB00B0744359,2.9786365609951293e-05
2021,2022,GB00B0744B38,0.000278622924397522
2021,2022,GB00B082RF11,0.00031082425464012975
2021,2022,GB00B0FYMT95,1.591067517821369e-05
2021,2022,GB00B0KM9T71,1.7775599085629095e-05
2021,2022,GB00B0LCW083,0.00014703931788029998
2021,2022,GB00B0N8QD54,7.038911868731245e-05
2021,2022,GB00B0SWJX34,0.0010041713931657084
2021,2022,GB00B0WMWD03,4.4060794518703746e-05
2021,2022,GB00B0YG1K06,2.064854521027604e-05
2021,2022,GB00B128J450,3.691562735310273e-05
2021,2022,GB00B132NW22,5.944971861644997e-05
2021,2022,GB00B135BJ46,5.8122677919214265e-05
2021,2022,GB00B17MMZ46,7.566458764301409e-06
2021,2022,GB00B18P5K83,3.686523447048839e-06
2021,2022,GB00B19Z1432,2.5243253412568848e-05
2021,2022,GB00B1FH8J72,0.0002111177837204503
2021,2022,GB00B1FP6H53,4.377120070772226e-05
2021,2022,GB00B1FW5029,1.9155685847959448e-05
2021,2022,GB00B1G5HX72,1.2343839911635491e-05
2021,2022,GB00B1JQDM80,1.3996917479823073e-05
2021,2022,GB00B1KJJ408,0.00017317528139528267
2021,2022,GB00B1L5QH97,2.0901402592507937e-05
2021,2022,GB00B1P6ZR11,5.677870841218046e-06
2021,2022,GB00B1VNSX38,6.909826145697976e-05
2021,2022,GB00B1WY2338,0.00017759623346889152
2021,2022,GB00B1XH2C03,5.063157896234832e-05
2021,2022,GB00B1YW4409,0.0004036950523781851
2021,2022,GB00B27YGJ97,5.977014995019752e-06
2021,2022,GB00B2B0DG97,0.0013301837645314947
2021,2022,GB00B2NGPM57,4.054440825579508e-05
2021,2022,GB00B2PDGW16,5.543703555213003e-05
2021,2022,GB00B39J2M42,0.00021254288140912177
2021,2022,GB00B3CX3644,4.704054784461542e-06
2021,2022,GB00B3DGH821,8.713372468478077e-06
2021,2022,GB00B3FLWH99,4.744312382042155e-05
2021,2022,GB00B41H7391,3.071692122141557e-05
2021,2022,GB00B45C9X44,2.3953208580580687e-05
2021,2022,GB00B572ZV91,3.223790562204511e-06
2021,2022,GB00B5N0P849,3.780737608555178e-05
2021,2022,GB00B5ZN1N88,0.0004944245533339754
2021,2022,GB00B61TVQ02,9.993196660887621e-05
2021,2022,GB00B63H8491,0.00029424488796697896
2021,2022,GB00B63QSB39,9.730181707786427e-05
2021,2022,GB00B64NSP76,4.202586859685694e-06
2021,2022,GB00B67G5X01,4.1889877884635786e-05
2021,2022,GB00B6XZKY75,1.6616697836805612e-05
2021,2022,GB00B6YTLS95,1.412717201723747e-05
2021,2022,GB00B71N6K86,0.00025103466458532473
2021,2022,GB00B7KR2P84,0.00012058804039799115
2021,2022,GB00B82YXW83,3.4935591562814145e-05
2021,2022,GB00B8B4R053,4.036207528369236e-06
2021,2022,GB00B8C3BL03,0.00024935610920636276
2021,2022,GB00BD6K4575,0.0008431438141600599
2021,2022,GB00BD736828,1.5802113138061157e-06
2021,2022,GB00BDCPN049,0.0005392640835811759
2021,2022,GB00BDFBVT43,3.0272558322040982e-05
2021,2022,GB00BDR05C01,0.0010972337250992217
2021,2022,GB00BF044593,2.5503791694314903e-05
2021,2022,GB00BF5H9P87,5.288457284250452e-05
2021,2022,GB00BF8Q6K64,0.00015040954490726032
2021,2022,GB00BG11K365,7.062921718600254e-05
2021,2022,GB00BGDT3G23,0.00019276929192778408
2021,2022,GB00BGLP8L22,0.00012949936254892314
2021,2022,GB00BH4HKS39,0.0008733255670819937
2021,2022,GB00BHJYC057,0.0002502898495563286
2021,2022,GB00BJ1F4N75,4.013175411969499e-05
2021,2022,GB00BJFFLV09,0.0004041642137570779
2021,2022,GB00BJQZC279,1.6352610973996387e-05
2021,2022,GB00BJT0FF39,4.811342703045648e-06
2021,2022,GB00BK9RKT01,9.855473644833216e-05
2021,2022,GB00BKP36R26,7.863168970053057e-06
2021,2022,GB00BKY40Q38,5.737248758062268e-06
2021,2022,GB00BL6XZ716,2.737418784110107e-06
2021,2022,GB00BLGZ9862,0.0006361981583062697
2021,2022,GB00BM8PJY71,0.000728958022368034
2021,2022,GB00BM8Q5M07,0.00032152013767074736
2021,2022,GB00BMJ6DW54,0.00022225040619721842
2021,2022,GB00BN7SWP63,0.0023139198995602464
2021,2022,GB00BNGDN821,0.00020011479702742785
2021,2022,GB00BNNTLN49,9.037849391583427e-05
2021,2022,GB00BNR4T868,1.733026544709627e-05
2021,2022,GB00BP6MXD84,0.001903818604181538
2021,2022,GB00BP92CJ43,8.8656861483024e-05
2021,2022,GB00BP9LHF23,0.0002303500860347994
2021,2022,GB00BPQY8M80,0.00044260716818909625
2021,2022,GB00BRB37M78,8.527091307091687e-06
2021,2022,GB00BRKD9Z53,1.2653005650380722e-05
2021,2022,GB00BV9FP302,9.510706432843396e-05
2021,2022,GB00BVFNZH21,8.793569557743097e-05
2021,2022,GB00BWFGQN14,0.00033887524525632196
2021,2022,GB00BYQ0JC66,8.130690780774132e-05
2021,2022,GB00BYRJ5J14,5.7747247455201445e-05
2021,2022,GB00BYT1DJ19,0.00018253546609391515
2021,2022,GB00BYW0PQ60,0.00016479032374376774
2021,2022,GB00BYYTFB60,8.421508386587382e-05
2021,2022,GB00BYZN9041,0.00013238902345683308
2021,2022,GB00BZ4BQC70,0.00011320581467817807
2021,2022,IE0001827041,0.0008608088963376996
2021,2022,IE0002424939,0.0001708360345231112
2021,2022,IE0003864109,1.9556067072014223e-05
2021,2022,IE0004906560,0.00048134502485461494
2021,2022,IE0004927939,0.0004577285030013809
2021,2022,IE00B00MZ448,8.455752368057362e-05
2021,2022,IE00B4BNMY34,0.0057674255845430854
2021,2022,IE00B8KQN827,0.0014557966851207614
2021,2022,IE00BD1RP616,0.00012922956148352023
2021,2022,IE00BDB6Q211,0.0006253505517204576
2021,2022,IE00BF0L3536,0.00013953389033949674
2021,2022,IE00BGH1M568,0.00010991653000102734
2021,2022,IE00BJ3V9050,1.851423038045477e-05
2021,2022,IE00BK9ZQ967,0.0010141915543522655
2021,2022,IE00BLP1HW54,0.0013994916665661422
2021,2022,IE00BLS09M33,0.00025482423458015306
2021,2022,IE00BTN1Y115,0.002940127251206407
2021,2022,IE00BWT6H894,0.0005911306514835607
2021,2022,IE00BY7QL619,0.001207647919976075
2021,2022,IL0002300114,9.648079910428406e-05
2021,2022,IL0002730112,0.0004079002012001639
2021,2022,IL0002810146,0.000261709850646377
2021,2022,IL0005930388,8.822082956323112e-05
2021,2022,IL0006046119,0.0003299484235040204
2021,2022,IL0006625771,0.00029129905706981916
2021,2022,IL0006954379,0.00020896429591122457
2021,2022,IL0010811243,0.0001619567367297269
2021,2022,IT0000062072,0.0007078613729996134
2021,2022,IT0000062957,0.00021013411855549564
2021,2022,IT0000066123,6.187390430006603e-05
2021,2022,IT0000072618,0.0010618756933511735
2021,2022,IT0000784154,3.1670407421675946e-05
2021,2022,IT0000784196,4.03005547241272e-05
2021,2022,IT0001137345,5.779859511410224e-05
2021,2022,IT0001233417,0.00012947653472213696
2021,2022,IT0001347308,8.713868048565372e-05
2021,2022,IT0001469383,1.2758831225437016e-05
2021,2022,IT0003128367,0.0017215619676362293
2021,2022,IT0003132476,0.0010588496965086309
2021,2022,IT0003153415,0.00042809375298399573
2021,2022,IT0003242622,0.00034366551546699856
2021,2022,IT0003497168,0.00015997350629281122
2021,2022,IT0003506190,0.00034642235156005454
2021,2022,IT0003856405,8.7566809954697e-05
2021,2022,IT0004810054,8.241310523905393e-05
2021,2022,IT0004827447,0.00016867487023156203
2021,2022,IT0005218380,9.619913456318422e-05
2021,2022,IT0005239360,0.0007245563210305816
2021,2022,IT0005495657,4.490746432143903e-05
2021,2022,JE00B8KF9B49,0.0003697951812937277
2021,2022,JE00BJ1DLW90,9.075908182595415e-05
2021,2022,JE00BYVQYS01,8.39171444696644e-05
2021,2022,LR0008862868,0.00045940512330795664
2021,2022,LU0075646355,4.547114072816147e-05
2021,2022,NL0000008977,0.0005617523823377693
2021,2022,NL0000009082,0.0002756914033297032
2021,2022,NL0000009165,0.0013685150577939
2021,2022,NL0000009538,0.0006959967959013733
2021,2022,NL0000226223,0.0009497691310630054
2021,2022,NL0000235190,0.002122622337605146
2021,2022,NL0000289213,1.2418794092759516e-05
2021,2022,NL0000337319,1.808137655146007e-05
2021,2022,NL0000360618,5.690528714794977e-05
2021,2022,NL0000379121,0.00026545612051635575
2021,2022,NL0000395903,0.0006535807625340577
2021,2022,NL0006237562,9.203026185969201e-05
2021,2022,NL0009432491,9.301779674161005e-05
2021,2022,NL0010273215,0.006903370088270189
2021,2022,NL0010583399,5.9003827816327386e-05
2021,2022,NL0011794037,0.0007971779524644121
2021,2022,NL0011821202,0.0011485568313284846
2021,2022,NL0013267909,0.00042120140741032223
2021,2022,NL0013332471,2.8953519963961873e-05
2021,2022,NL00150001Q9,0.0012562432914005478
2021,2022,NL00150003E1,1.710214356056741e-05
2021,2022,NL0015001FS8,0.00048588592578412484
2021,2022,NL0015435975,0.00035887139616619254
2021,2022,NO0003028904,8.52189813724662e-05
2021,2022,NO0003053605,0.00010006983091700163
2021,2022,NO0003078800,2.3859503204296594e-05
2021,2022,NO0003733800,0.0002120630555049555
2021,2022,NO0005052605,0.0003447405173285373
2021,2022,NO0010063308,0.00046487992986598046
2021,2022,NO0010096985,0.0018416305752121922
2021,2022,NO0010199151,3.605414240673455e-06
2021,2022,NO0010208051,0.00027168032736363577
2021,2022,NO0010215684,3.5402492636778225e-06
2021,2022,NO0012470089,0.00022383357012820257
2021,2022,PA1436583006,0.00041709239842633005
2021,2022,PTBCP0AM0015,5.115267934385641e-05
2021,2022,PTEDP0AM0009,0.000460558979645739
2021,2022,PTJMT0AE0001,0.0003040271019811117
2021,2022,PTSON0AM0001,4.823742902331122e-05
2021,2022,PTZON0AM0006,4.2197802109639555e-05
2021,2022,SE0000106270,0.0006071623189610645
2021,2022,SE0000108227,0.00021270607048833008
2021,2022,SE0000108656,0.0007156756785480133
2021,2022,SE0000112724,0.00023930083226795723
2021,2022,SE0000113250,0.00021880548871038664
2021,2022,SE0000114837,0.000134670017994171
2021,2022,SE0000148884,0.0006374688923702762
2021,2022,SE0000163594,0.00010126018609381476
2021,2022,SE0000163628,9.852205165487085e-05
2021,2022,SE0000171100,3.655594493081702e-05
2021,2022,SE0000190126,0.00017560314465605938
2021,2022,SE0000202624,0.00023432160371889555
2021,2022,SE0000242455,0.0004811602222499803
2021,2022,SE0000379190,0.0001578189577944958
2021,2022,SE0000667891,0.0007395844532725442
2021,2022,SE0000667925,0.0003379694505581443
2021,2022,SE0000695876,0.00035677297333262185
2021,2022,SE0000806994,6.653164838789934e-05
2021,2022,SE0000862997,8.299716182218527e-05
2021,2022,SE0000949331,2.1632596074239523e-05
2021,2022,SE0001662230,0.00015732180896126368
2021,2022,SE0005190238,0.00020124876286836953
2021,2022,SE0006993770,0.00012755531104684654
2021,2022,SE0007100581,0.0006801949588829992
2021,2022,SE0007100599,0.0004442435590506527
2021,2022,SE0011090018,0.00011898075322894543
2021,2022,SE0011166974,0.00011705352245300219
2021,2022,SE0015811955,0.0006943708807887752
2021,2022,SE0015812219,0.0002655966213995338
2021,2022,SE0015961909,0.000870170872103001
2021,2022,SE0015988019,0.0005690723932701479
2021,2022,SE0016589188,0.00015410743572334367
2021,2022,SE0017486889,0.0012261106973259724
2021,2022,SE0018012494,2.3814131856955045e-05
2021,2022,SE0018012635,7.372054588449786e-05
2021,2022,SE0020050417,0.0002234733512283132
2021,2022,US0010551028,0.0008162705013213617
2021,2022,US0010841023,0.00018348898411615414
2021,2022,US00130H1059,0.00034236641904685216
2021,2022,US00206R1023,0.003712401862255494
2021,2022,US0028241000,0.005259325719102567
2021,2022,US0028962076,4.162231515877113e-05
2021,2022,US00507V1098,0.0010951709233391095
2021,2022,US00724F1012,0.005701812479100763
2021,2022,US00751Y1064,0.00031605680659277244
2021,2022,US0079031078,0.003672377063533605
2021,2022,US0082521081,0.00013966332868149835
2021,2022,US00846U1016,0.0010188994053477282
2021,2022,US0091581068,0.001425643329353026
2021,2022,US00971T1016,0.00040187188013721077
2021,2022,US0126531013,0.0005778834312668136
2021,2022,US0152711091,0.000730191334634885
2021,2022,US01741R1023,4.2919125857819846e-05
2021,2022,US0185811082,7.001484289829688e-05
2021,2022,US0188021085,0.00032524343447880343
2021,2022,US0200021014,0.0007127653633042521
2021,2022,US02079K3059,0.018416376807220247
2021,2022,US02209S1033,0.0018397169091118935
2021,2022,US0231351067,0.03573574632542869
2021,2022,US0236081024,0.00048456967999423287
2021,2022,US0255371017,0.0009480244915129636
2021,2022,US02553E1064,9.024061377543338e-05
2021,2022,US0258161092,0.002677916537287842
2021,2022,US0268747849,0.0009977515043607269
2021,2022,US03027X1000,0.002817313082426354
2021,2022,US03073E1055,0.0005845733415560649
2021,2022,US03076C1062,0.000713297143494711
2021,2022,US0311001004,0.0007188142405787877
2021,2022,US0311621009,0.0026779097835868005
2021,2022,US0320951017,0.0011053358393631357
2021,2022,US0326541051,0.001951367252155817
2021,2022,US0367521038,0.002377622358764817
2021,2022,US03743Q1085,0.00020635798834387853
2021,2022,US0378331005,0.061320145455333055
2021,2022,US0382221051,0.0029547526013905
2021,2022,US0383361039,0.00017037960095485225
2021,2022,US0394831020,0.0007990767379897675
2021,2022,US0427351004,0.00019756648402112845
2021,2022,US0441861046,0.00012948476556739571
2021,2022,US0454871056,7.163277721332054e-05
2021,2022,US04621X1081,0.0001876774878593598
2021,2022,US0495601058,0.0002938329343475259
2021,2022,US0527691069,0.001307201599065665
2021,2022,US0528001094,0.00019119247149127308
2021,2022,US0530151036,0.00219578120190955
2021,2022,US0533321024,0.000914127242286576
2021,2022,US0534841012,0.0007459357230190986
2021,2022,US0536111091,0.0003789444999311684
2021,2022,US0537741052,0.00024739821093945635
2021,2022,US0538071038,8.645939177435977e-05
2021,2022,US0565251081,6.58078218879249e-05
2021,2022,US0584981064,0.0006589696096243168
2021,2022,US0605051046,0.007694735882908955
2021,2022,US0640581007,0.0010136260406625474
2021,2022,US0708301041,0.00038012108644325265
2021,2022,US0718131099,0.0009082875229451913
2021,2022,US0758871091,0.0015134270086578797
2021,2022,US0758961009,2.967974444378504e-05
2021,2022,US0844231029,0.00030756754177073224
2021,2022,US0865161014,0.000516478352634532
2021,2022,US0893021032,2.911007448026919e-05
2021,2022,US09061G1013,0.0003427297527516263
2021,2022,US09062X1037,0.0007447905217815503
2021,2022,US09073M1045,0.00042954594953910943
2021,2022,US0970231058,0.0025003528898416127
2021,2022,US09857L1089,0.0020820022085668247
2021,2022,US0997241064,0.00022839968823240982
2021,2022,US1011211018,0.0003802236753859893
2021,2022,US1011371077,0.001279225227466873
2021,2022,US1033041013,0.00015570481574848723
2021,2022,US1053682035,4.856071313618184e-05
2021,2022,US1096411004,3.513461440244521e-05
2021,2022,US1096961040,6.81112046080596e-05
2021,2022,US1101221083,0.0029246410094008355
2021,2022,US1124631045,2.0322871916728545e-05
2021,2022,US1156372096,0.00047690270073175715
2021,2022,US12504L1098,0.0007674448383205811
2021,2022,US1252691001,0.000320752809545447
2021,2022,US12541W2098,0.000295675559126346
2021,2022,US1255231003,0.0016083240938327167
2021,2022,US12572Q1058,0.001735162165083608
2021,2022,US1258961002,0.0003982465143911301
2021,2022,US1264081035,0.001762401107020585
2021,2022,US12653C1080,6.149315546187315e-05
2021,2022,US1266501006,0.002877768390000445
2021,2022,US1270551013,6.744522685643841e-05
2021,2022,US1270971039,0.00032667291995643467
2021,2022,US1273871087,0.0010914190972500161
2021,2022,US1307881029,8.15444898447553e-05
2021,2022,US1331311027,0.0003859113995823535
2021,2022,US1344291091,0.0002771358277211752
2021,2022,US14040H1059,0.0013050288290666018
2021,2022,US14149Y1082,0.0003066277776334354
2021,2022,US1423391002,0.00027417798348357676
2021,2022,US1431301027,0.000444996521442482
2021,2022,US1491231015,0.0023413285092694623
2021,2022,US1508701034,0.0003866900875024292
2021,2022,US15189T1079,0.0003709052370484099
2021,2022,US1567821046,0.0005734659044808998
2021,2022,US1598641074,0.00040193892363839684
2021,2022,US1667641005,0.004780558470554414
2021,2022,US1713401024,0.0005288674232040058
2021,2022,US1717793095,0.0002519012724981116
2021,2022,US1720621010,0.00038798857489593226
2021,2022,US17275R1023,0.0056481910274523645
2021,2022,US1729081059,0.00097149710278297
2021,2022,US1729674242,0.002532374837075495
2021,2022,US1773761002,0.00024928576090157127
2021,2022,US1858991011,0.00023009224756444122
2021,2022,US1890541097,0.00045269125011784166
2021,2022,US1912161007,0.005404803458086559
2021,2022,US1924461023,0.000984822263366053
2021,2022,US1941621039,0.0015200815771688734
2021,2022,US20030N1019,0.004811603056041793
2021,2022,US2003401070,0.00024110961302423534
2021,2022,US2017231034,9.315257228209894e-05
2021,2022,US2058871029,0.00034618035322692825
2021,2022,US20825C1045,0.0020118645580852307
2021,2022,US2091151041,0.0006378222228996174
2021,2022,US21036P1084,0.0008716752375755253
2021,2022,US2172041061,0.0007599635380474323
2021,2022,US2193501051,0.0006714689675941618
2021,2022,US22160K1051,0.005319902354775039
2021,2022,US22410J1060,6.391426691418468e-05
2021,2022,US22822V1017,0.0019065598438951152
2021,2022,US2283681060,0.0002989423710234962
2021,2022,US2310211063,0.0006594256727429438
2021,2022,US23331A1097,0.0008172027159634315
2021,2022,US2333311072,0.0004894010325483685
2021,2022,US23355L1061,0.00017157571791584037
2021,2022,US2358511028,0.0049684060475953555
2021,2022,US2371941053,0.0004065957802838224
2021,2022,US23918K1088,0.00023384661026464417
2021,2022,US2441991054,0.0022332666880425863
2021,2022,US2473617023,0.0005285808449724229
2021,2022,US24906P1093,0.00025775419544545313
2021,2022,US25179M1036,0.0006301984117383836
2021,2022,US2533931026,0.00015286060309416534
2021,2022,US2546871060,0.005949679964931743
2021,2022,US25525P1075,1.56805517868208e-05
2021,2022,US25659T1079,0.00013094355784690692
2021,2022,US2566771059,0.001154747415201184
2021,2022,US2567461080,0.0006680398465873384
2021,2022,US25746U1097,0.0013447643496948658
2021,2022,US2576511099,0.0001546798075370418
2021,2022,US25960P1093,0.0001242931500935784
2021,2022,US2600031080,0.000552585610644001
2021,2022,US26441C2044,0.0017055015893011809
2021,2022,US26875P1012,0.0010983223011519657
2021,2022,US26884L1098,0.0001742101569953893
2021,2022,US2774321002,0.0003295396241803425
2021,2022,US2786421030,0.0008797988063311954
2021,2022,US2788651006,0.0014206682029163568
2021,2022,US2810201077,0.0005479242626178129
2021,2022,US28176E1082,0.0017092532228224439
2021,2022,US2910111044,0.001167050361906442
2021,2022,US29364G1031,0.0004784408326042452
2021,2022,US2944291051,0.0007554987003956806
2021,2022,US29444U7000,0.001619049114107885
2021,2022,US29476L1070,0.0007182071046044614
2021,2022,US29670G1022,0.000286763424443898
2021,2022,US2971781057,0.00048450906594856306
2021,2022,US30034W1062,0.0003324714485959619
2021,2022,US30040W1080,0.0006610358549850629
2021,2022,US30161N1019,0.0011941751017039875
2021,2022,US30212P3038,0.0005575847615660667
2021,2022,US3021301094,0.0004807328454114601
2021,2022,US30231G1022,0.005474478438657197
2021,2022,US3024913036,0.0002919062279861551
2021,2022,US3029411093,0.00011137108365997835
2021,2022,US3030751057,0.0003881666785629652
2021,2022,US3119001044,0.0007786721374493154
2021,2022,US3137451015,0.0002264330716427608
2021,2022,US31428X1063,0.0014483164938002926
2021,2022,US3156161024,0.00031664337489551933
2021,2022,US31620M1062,0.001404593300563164
2021,2022,US3167731005,0.0006292865302844226
2021,2022,US3205171057,0.00018663191465723028
2021,2022,US3377381088,0.0014481116092435146
2021,2022,US3379321074,0.0004784631679041529
2021,2022,US3434121022,7.402690724317699e-05
2021,2022,US34354P1057,8.421047703385283e-05
2021,2022,US3448491049,9.256619173523723e-05
2021,2022,US3453708600,0.0017229792683170543
2021,2022,US3546131018,0.0003556541427637826
2021,2022,US35671D8570,0.001295028803750016
2021,2022,US3614481030,7.815273128185956e-05
2021,2022,US3635761097,0.0007432205742651617
2021,2022,US3647601083,0.00013934297956202365
2021,2022,US3695501086,0.001230133421626465
2021,2022,US3703341046,0.0008589470801041632
2021,2022,US37045V1008,0.001798863668501261
2021,2022,US3719011096,0.00017416412344811933
2021,2022,US3724601055,0.00042125781361621837
2021,2022,US37247D1063,4.344940732762582e-05
2021,2022,US3755581036,0.0019247570822739592
2021,2022,US37940X1028,0.0008134683220510999
2021,2022,US37959E1029,0.00020000258470870294
2021,2022,US38141G1040,0.0027066213067356106
2021,2022,US3825501014,0.00012669405436394857
2021,2022,US3841091040,0.0002895417782008808
2021,2022,US3848021040,0.0005642566902267715
2021,2022,US3976241071,3.39538948652615e-05
2021,2022,US40434L1052,0.0008619531377690008
2021,2022,US4062161017,0.0004325872686835921
2021,2022,US4103451021,0.00012345938682173287
2021,2022,US4108671052,9.853598188752818e-05
2021,2022,US4128221086,0.0001226021510650699
2021,2022,US4158641070,2.8038523230326092e-05
2021,2022,US4165151048,0.0004966050252476496
2021,2022,US4180561072,0.00029669228531080356
2021,2022,US4198701009,9.620459701769035e-05
2021,2022,US42250P1030,0.00041119167606776567
2021,2022,US42330P1075,1.0067500004848897e-05
2021,2022,US4234521015,5.294131324615788e-05
2021,2022,US4278661081,0.0005944197723240651
2021,2022,US42809H1077,0.0004845049211127883
2021,2022,US4364401012,0.00040677616310737637
2021,2022,US4370761029,0.00915835788626061
2021,2022,US4385161066,0.0030334925882088337
2021,2022,US4404521001,0.0005596841773905464
2021,2022,US44107P1049,0.00026242028911474606
2021,2022,US4435106079,0.0002395129644810607
2021,2022,US4448591028,0.0012599619550900997
2021,2022,US4456581077,0.0004536533505010227
2021,2022,US4461501045,0.00048115652059618904
2021,2022,US4470111075,0.0001607735657685482
2021,2022,US45073V1089,0.0001848575699158154
2021,2022,US45167R1041,0.00037971132281726876
2021,2022,US45168D1046,0.0011799315114215325
2021,2022,US4523081093,0.0016319872608297026
2021,2022,US4523271090,0.0012566351034900265
2021,2022,US4581401001,0.00442627996973285
2021,2022,US45866F1049,0.0016284356164743238
2021,2022,US4592001014,0.002533141064934713
2021,2022,US4595061015,0.0008104356558242776
2021,2022,US4601461035,0.0003736689291685661
2021,2022,US4606901001,0.0003116035535111444
2021,2022,US4612021034,0.0038490927005839465
2021,2022,US46120E6023,0.002712465802669591
2021,2022,US46284V1017,0.000320220359222196
2021,2022,US4657411066,6.561085411165844e-05
2021,2022,US46625H1005,0.009889500894395584
2021,2022,US4663131039,0.00021326107449990203
2021,2022,US46982L1089,0.0003800381222350807
2021,2022,US4781601046,0.00951736906170935
2021,2022,US48020Q1076,0.00028726833101764486
2021,2022,US48203R1041,0.00024536912162723964
2021,2022,US48242W1062,0.00014071592245656426
2021,2022,US4824801009,0.0013781327219709388
2021,2022,US48666K1097,8.347706431154924e-05
2021,2022,US4878361082,0.0004644028295885058
2021,2022,US4891701009,6.345461588098662e-05
2021,2022,US4932671088,0.0004550938104211256
2021,2022,US4943681035,0.0010169907724547605
2021,2022,US49446R1095,0.00032123123042696397
2021,2022,US49456B1017,0.0007599629132843689
2021,2022,US4972661064,7.542499788521438e-05
2021,2022,US5002551043,0.00014524184800739876
2021,2022,US5010441013,0.0007032739807725571
2021,2022,US5018892084,0.00036407188079948233
2021,2022,US5150981018,0.00014419740880866125
2021,2022,US5178341070,0.0006077280106064244
2021,2022,US5184391044,0.0018127601308337443
2021,2022,US5218652049,0.00023051113984768863
2021,2022,US5246601075,0.00011604194313473681
2021,2022,US5261071071,0.00025115237117070787
2021,2022,US5324571083,0.005583922807717471
2021,2022,US5339001068,0.00017401062035959008
2021,2022,US5341871094,0.0002606845531052152
2021,2022,US5370081045,0.0001638031301258884
2021,2022,US5398301094,0.0020713742684419422
2021,2022,US5486611073,0.003680276316351144
2021,2022,US5502411037,0.00027148647075098554
2021,2022,US55261F1049,0.00041762818390979795
2021,2022,US5526761086,8.346632388922602e-05
2021,2022,US5529531015,0.00044474432365807783
2021,2022,US5543821012,7.778300839243972e-05
2021,2022,US5544891048,3.529721796018083e-05
2021,2022,US55616P1049,0.00016549777976805605
2021,2022,US5635714059,1.3819080536877639e-05
2021,2022,US56418H1005,0.00011156476929356595
2021,2022,US5658491064,0.00027012144681170977
2021,2022,US5717481023,0.0018546301293663912
2021,2022,US5719032022,0.001137300111957005
2021,2022,US5732841060,0.0005807795282237725
2021,2022,US5738741041,0.001560126635772214
2021,2022,US5745991068,0.0003622388147817062
2021,2022,US57636Q1040,0.007380856979842089
2021,2022,US5770811025,0.00015966738433640735
2021,2022,US5797802064,0.0005098962921150491
2021,2022,US5801351017,0.004233209106417606
2021,2022,US58155Q1031,0.0007869238528584442
2021,2022,US58933Y1055,0.004091105653276094
2021,2022,US59156R1086,0.0011108318493590942
2021,2022,US5926881054,0.0008244310276745543
2021,2022,US5949181045,0.053362327134862934
2021,2022,US5950171042,0.0010208404186064482
2021,2022,US5951121038,0.0022050854414152167
2021,2022,US6005441000,6.28082660712042e-05
2021,2022,US6081901042,0.0002608093692580987
2021,2022,US60871R2094,0.00019648072767343498
2021,2022,US6092071058,0.001954817577027394
2021,2022,US61174X1090,0.0010742842207944272
2021,2022,US6153691059,0.001534432842620438
2021,2022,US6174464486,0.0037223276299353917
2021,2022,US61945C1036,0.0003146385312173994
2021,2022,US6200763075,0.000969773235402776
2021,2022,US6267171022,8.521378701058838e-05
2021,2022,US62886E1082,0.0001122028460823444
2021,2022,US6293775085,0.0002217741610217224
2021,2022,US62955J1034,0.00011184467319801069
2021,2022,US6311031081,0.0007421342465759987
2021,2022,US6361801011,0.00012322529696569238
2021,2022,US6365181022,0.00012168434427126557
2021,2022,US64110D1046,0.00043206437526152884
2021,2022,US6501111073,0.00017057761196003114
2021,2022,US6512291062,0.00019637969509571636
2021,2022,US6516391066,0.0010451469160714867
2021,2022,US65339F1012,0.0038704819659137325
2021,2022,US6541061031,0.0044953351858308
2021,2022,US65473P1057,0.00022911501033342203
2021,2022,US6556641008,7.621458057336843e-05
2021,2022,US6558441084,0.00153101679934843
2021,2022,US6658591044,0.0005249129536758348
2021,2022,US6668071029,0.0012967936273550144
2021,2022,US6687711084,0.00031946665757422296
2021,2022,US6703461052,0.0006894534072381675
2021,2022,US67066G1040,0.015538515776773029
2021,2022,US6708371033,0.0001623334185805895
2021,2022,US67098H1041,3.982320521360111e-05
2021,2022,US67103H1077,0.0010055967965865397
2021,2022,US6745991058,0.0005721171662707779
2021,2022,US6780261052,6.436008635362455e-06
2021,2022,US6819191064,0.0003291151479145603
2021,2022,US6821891057,0.0006183972706718025
2021,2022,US6826801036,0.0005536842228219634
2021,2022,US68389X1054,0.005038172294519989
2021,2022,US6866881021,9.383611124990819e-05
2021,2022,US6882392011,0.00016078570341793706
2021,2022,US69331C1080,0.0005092944587287986
2021,2022,US6934751057,0.0017909700639044122
2021,2022,US6935061076,0.0008651193695080318
2021,2022,US69351T1060,0.00047686746559017965
2021,2022,US6936561009,0.00015771193266023119
2021,2022,US6937181088,0.000647597508791937
2021,2022,US6951561090,0.0002733454309140288
2021,2022,US7010941042,0.0008637337539159665
2021,2022,US70211M1099,3.1226512069573534e-05
2021,2022,US7043261079,0.0010406209278286274
2021,2022,US7075691094,0.00018578565880038197
2021,2022,US7134481081,0.005075723263674283
2021,2022,US7140461093,0.0005361876741207839
2021,2022,US7170811035,0.007004250230386955
2021,2022,US7234841010,0.0001682971722181326
2021,2022,US7237871071,0.0009383309828569847
2021,2022,US7244791007,2.465051802792538e-05
2021,2022,US7310681025,0.00014093289032460446
2021,2022,US74144T1088,0.0009339631603393188
2021,2022,US74251V1026,0.0004051848254772563
2021,2022,US7427181091,0.00828645058209183
2021,2022,US7433151039,0.0012691958705081418
2021,2022,US74340W1036,0.002630497407673949
2021,2022,US7443201022,0.0008646220482549601
2021,2022,US7445731067,0.0007131193287528046
2021,2022,US74460D1090,0.0013880403335701974
2021,2022,US7458671010,0.00030591369102036294
2021,2022,US7475251036,0.004328302846889055
2021,2022,US74762E1029,0.0003452675396250813
2021,2022,US74834L1008,0.0004485287756512967
2021,2022,US7496851038,0.00027679186743393374
2021,2022,US7509171069,6.796594576131212e-05
2021,2022,US7512121010,0.00012240031490793403
2021,2022,US75281A1097,9.78639822317497e-05
2021,2022,US7547301090,0.0005074366300649003
2021,2022,US75513E1010,0.0027221751261511194
2021,2022,US7588491032,0.0002726386526656106
2021,2022,US75886F1075,0.0014109617803997267
2021,2022,US7591EP1005,0.0004392127980765714
2021,2022,US7593516047,0.00015643416669742572
2021,2022,US7595091023,0.00021190758746696668
2021,2022,US7607591002,0.0009382067165232121
2021,2022,US7611521078,0.0008021530233780926
2021,2022,US7677548726,1.7400061006573785e-05
2021,2022,US7703231032,0.0002623834691931055
2021,2022,US7739031091,0.0008566038260666332
2021,2022,US7782961038,0.0008533362583138845
2021,2022,US7802871084,0.00014596480328069972
2021,2022,US7835491082,9.357712223464351e-05
2021,2022,US78409V1044,0.0024035587680815568
2021,2022,US78410G1040,0.0008957576527730653
2021,2022,US7841171033,0.0001796092003217178
2021,2022,US78440X8873,9.87361784736099e-05
2021,2022,US78454L1008,7.592505737830448e-05
2021,2022,US78473E1038,5.731538105013146e-05
2021,2022,US79466L3024,0.005289917545814749
2021,2022,US8064071025,0.00022719095394288874
2021,2022,US8101861065,0.00018719491307749928
2021,2022,US81211K1007,0.00021127071908779737
2021,2022,US8168511090,0.0008926815926509956
2021,2022,US8175651046,0.0002474171519886793
2021,2022,US8243481061,0.0019512856849305006
2021,2022,US8288061091,0.0011092530774064844
2021,2022,US8326964058,0.0003110580836381346
2021,2022,US8354951027,0.00012029120608387805
2021,2022,US8425871071,0.001535953519093447
2021,2022,US84265V1052,0.001008247139865777
2021,2022,US8447411088,0.0005358934960692139
2021,2022,US8454671095,9.99806886439284e-05
2021,2022,US8485741099,9.613924963537266e-05
2021,2022,US8545021011,0.0006498934857599248
2021,2022,US8552441094,0.0029000417954059506
2021,2022,US8574771031,0.0007192978745842864
2021,2022,US8581191009,0.0002603528208701494
2021,2022,US8589121081,0.00011579668954869627
2021,2022,US8636671013,0.002131916549382599
2021,2022,US8676524064,7.638835522379972e-05
2021,2022,US8716071076,0.0011934564381226105
2021,2022,US87161C5013,0.0001471965148662283
2021,2022,US8718291078,0.0008509924924441879
2021,2022,US8725401090,0.001913820328342431
2021,2022,US8760301072,0.00023605991482700768
2021,2022,US87612E1064,0.002343460907535139
2021,2022,US8803491054,1.9613690273381724e-05
2021,2022,US8807701029,0.0005633107487899758
2021,2022,US8807791038,6.489353720197139e-05
2021,2022,US8816242098,0.00018666984210697634
2021,2022,US8825081040,0.0036783374025961563
2021,2022,US8832031012,0.00035964717745567634
2021,2022,US88337F1057,4.282805305670075e-05
2021,2022,US8835561023,0.005556332609123293
2021,2022,US8851601018,0.00012196423298133805
2021,2022,US88579Y1010,0.0021465983897851026
2021,2022,US88642R1095,9.37270177540296e-06
2021,2022,US8873891043,0.00011110758879929878
2021,2022,US8910921084,0.00022060928702522225
2021,2022,US89417E1091,0.000813267301685638
2021,2022,US8962391004,0.000462528561752984
2021,2022,US8965221091,6.219525179784439e-05
2021,2022,US89832Q1094,0.0016516983205841819
2021,2022,US9024941034,0.0005398321990546524
2021,2022,US9026531049,0.0004033381569927271
2021,2022,US9026811052,0.0002029803566439488
2021,2022,US9029733048,0.0017601305774447614
2021,2022,US9078181081,0.003422666644599957
2021,2022,US9111631035,6.023506861739856e-05
2021,2022,US9113121068,0.0033028439315824585
2021,2022,US9113631090,0.0005084552192982678
2021,2022,US9129091081,0.00013602161154465238
2021,2022,US91324P1021,0.009994579866834871
2021,2022,US91529Y1064,0.00010619264295976617
2021,2022,US91822M5022,6.318465378574516e-05
2021,2022,US91913Y1001,0.0006489605213524814
2021,2022,US92276F1003,0.00043127060081160455
2021,2022,US92343V1044,0.004546170850597329
2021,2022,US92532F1003,0.0011798650762765137
2021,2022,US9255501051,8.851834110933381e-05
2021,2022,US92556V1061,0.0003458089384522473
2021,2022,US9282981086,6.134813261109528e-05
2021,2022,US9290421091,0.00016959174075545784
2021,2022,US9291601097,0.000582160640827318
2021,2022,US92922P1066,9.720973720072473e-06
2021,2022,US92939U1060,0.0006470833227273488
2021,2022,US9297401088,0.00036364164416292856
2021,2022,US9311421039,0.008481753982234608
2021,2022,US9314271084,0.0009516101997787209
2021,2022,US94106L1098,0.0014754169144649526
2021,2022,US9418481035,0.000480636164426548
2021,2022,US9427491025,0.00011315065925382761
2021,2022,US9497461015,0.004042890773005695
2021,2022,US95040Q1040,0.000788983065050375
2021,2022,US95058W1009,0.00011121741671656409
2021,2022,US95082P1057,0.00014023125350047822
2021,2022,US9581021055,0.00042943747682198783
2021,2022,US9598021098,0.00015505656648516768
2021,2022,US9604131022,0.00026241558315039137
2021,2022,US9621661043,0.0006518879824145838
2021,2022,US9633201069,0.0003012786342601702
2021,2022,US9682232064,5.6457695142733935e-05
2021,2022,US9694571004,0.0006686496814086575
2021,2022,US9699041011,0.00026076842895793415
2021,2022,US9831341071,0.0002077975147931774
2021,2022,US98389B1008,0.0007706807533521874
2021,2022,US9839191015,0.001110663828348869
2021,2022,US98421M1062,8.540323504392594e-05
2021,2022,US9884981013,0.0008602498015177971
2021,2022,US9892071054,0.000671906959923035
2021,2022,US98956P1021,0.0005609022680332476
2022,2023,AN8068571086,0.0019456595391108605
2022,2023,AT000000STR1,0.00011227529783380038
2022,2023,AT00000VIE62,5.436132939029461e-05
2022,2023,AT0000606306,0.000160310763083275
2022,2023,AT0000652011,0.00034997409287508785
2022,2023,AT0000720008,0.00013097416402203525
2022,2023,AT0000730007,0.00017260134319743302
2022,2023,AT0000743059,0.0003809658979519084
2022,2023,AT0000746409,0.00039942114063504735
2022,2023,AT0000831706,9.914948067926748e-20
2022,2023,AT0000908504,8.451939975477055e-05
2022,2023,AT0000937503,0.0
2022,2023,AT0000938204,6.114622386864208e-05
2022,2023,AT0000A21KS2,6.653382605123738e-05
2022,2023,AU000000JHX1,0.0001957467478396309
2022,2023,BE0003470755,0.00020322732841661345
2022,2023,BE0003565737,0.0006624299583228166
2022,2023,BE0003593044,8.664483721798349e-05
2022,2023,BE0003717312,0.00018962109020151982
2022,2023,BE0003735496,4.436278539690309e-05
2022,2023,BE0003739530,0.0003633167867857559
2022,2023,BE0003755692,8.596502793156844e-06
2022,2023,BE0003797140,0.000311542295766427
2022,2023,BE0003810273,0.00011995729289909287
2022,2023,BE0003822393,0.0002951907101629341
2022,2023,BE0974256852,8.925520948129273e-05
2022,2023,BE0974258874,8.110081740169205e-05
2022,2023,BE0974264930,0.0002277825850255004
2022,2023,BE0974293251,0.002647165382200808
2022,2023,BE0974320526,0.0002321763449390364
2022,2023,BMG850801025,0.0
2022,2023,CA00208D4084,0.00021832780840674783
2022,2023,CA0084741085,0.0006261787760006248
2022,2023,CA00900Q1037,2.2258873127761063e-05
2022,2023,CA01626P1484,0.0011234655841583776
2022,2023,CA05534B7604,0.0010278055952393965
2022,2023,CA0636711016,0.001574287702033095
2022,2023,CA0641491075,0.001506528345185511
2022,2023,CA0977518616,0.00013685217184810985
2022,2023,CA1247651088,0.00016246835782503203
2022,2023,CA12532H1047,0.000458895163818983
2022,2023,CA13321L1085,0.0002582912879911774
2022,2023,CA1360691010,0.0009440252730330353
2022,2023,CA1363751027,0.0020366908600293583
2022,2023,CA1363851017,0.001555007440582865
2022,2023,CA13646K1084,0.0017540705554337803
2022,2023,CA1366812024,0.00013830233266210685
2022,2023,CA1367178326,0.00015341948547562106
2022,2023,CA2849025093,0.0
2022,2023,CA2918434077,9.894008989773052e-05
2022,2023,CA29250N1050,0.0020093504250863173
2022,2023,CA2927661025,0.0001082374181571739
2022,2023,CA3180714048,0.00011743344196707528
2022,2023,CA3359341052,0.00040771421985778394
2022,2023,CA3495531079,0.0004700933198969793
2022,2023,CA3518581051,0.0006899547509539533
2022,2023,CA3759161035,0.00011086174572670262
2022,2023,CA39138C1068,0.000549006910621364
2022,2023,CA4495861060,0.00017002588069130322
2022,2023,CA4530384086,0.0006923234804248018
2022,2023,CA45823T1066,0.0006494671553942897
2022,2023,CA4969024047,0.0001461943466873951
2022,2023,CA5394811015,0.0007311579979100631
2022,2023,CA5592224011,0.0004427255056778607
2022,2023,CA56501R1064,0.0008590712005694214
2022,2023,CA59151K1084,0.0
2022,2023,CA59162N1096,0.000312667785246312
2022,2023,CA6744822033,0.0
2022,2023,CA68272K1030,0.00011348733212887455
2022,2023,CA6837151068,0.00019594226113502035
2022,2023,CA7392391016,0.00036160282590878904
2022,2023,CA74022D4075,2.148939804750737e-05
2022,2023,CA7669101031,0.00012994812443471563
2022,2023,CA7751092007,0.0004739682639471599
2022,2023,CA7800871021,0.0033212588479562873
2022,2023,CA8029121057,0.0002574396682929552
2022,2023,CA82028K2002,0.0003560037549311687
2022,2023,CA8239011031,0.0
2022,2023,CA85472N1096,0.0001453366062549476
2022,2023,CA8667961053,0.0006943298811618296
2022,2023,CA8672241079,0.0010417387410261059
2022,2023,CA87807B1076,0.0009945697339909328
2022,2023,CA8787422044,0.0005249959602201483
2022,2023,CA87971M1032,0.0007077956667340149
2022,2023,CA8849038085,0.0013780983893186733
2022,2023,CA8911605092,0.0030166299940387856
2022,2023,CA89346D1078,0.0
2022,2023,CA8959451037,4.215118146691012e-05
2022,2023,CA9611485090,0.0004480914532520946
2022,2023,CA98462Y1007,0.0001534697236911566
2022,2023,CH0000816824,5.5354208874689265e-05
2022,2023,CH0008038389,0.000190336199252758
2022,2023,CH0008742519,0.0007516124581697717
2022,2023,CH0010570759,0.00035356436590380926
2022,2023,CH0010645932,0.0007137304296966421
2022,2023,CH0011075394,0.0018470247608737922
2022,2023,CH0012005267,0.00552911073647046
2022,2023,CH0012032048,0.005597297222004246
2022,2023,CH0012138530,0.00029198062440317983
2022,2023,CH0012138605,0.0001483949785833157
2022,2023,CH0012142631,0.00013539519472993044
2022,2023,CH0012214059,0.0006062557077444488
2022,2023,CH0012221716,0.0015130369896898242
2022,2023,CH0012255151,0.0001843790474028688
2022,2023,CH0012410517,0.0001794829432354036
2022,2023,CH0012549785,0.0003761638910531459
2022,2023,CH0013841017,0.0009249038234132994
2022,2023,CH0014786500,3.8810613857085486e-05
2022,2023,CH0014852781,0.000412674861498902
2022,2023,CH0018294154,0.00016113475835289825
2022,2023,CH0022268228,7.715122657756165e-05
2022,2023,CH0024608827,0.0005933862524496301
2022,2023,CH0024638212,0.00032101610953994773
2022,2023,CH0025238863,0.0007310540022324892
2022,2023,CH0025751329,0.00026635738097244695
2022,2023,CH0030170408,0.0004210025748579034
2022,2023,CH0038388911,5.202855509702868e-05
2022,2023,CH0038863350,0.008100975644346085
2022,2023,CH0044328745,0.002335930021995563
2022,2023,CH0048265513,5.694141864712186e-05
2022,2023,CH0102484968,0.0003084723765957588
2022,2023,CH0126881561,0.000770096347669684
2022,2023,CH0210483332,0.001707631458558625
2022,2023,CH0244767585,0.0016767159461648464
2022,2023,CH0319416936,0.00013844138707665488
2022,2023,CH0418792922,0.0009401436742758006
2022,2023,CH1169151003,0.00014213068474895003
2022,2023,CH1175448666,0.0004358384155490131
2022,2023,CH1256740924,0.0004410346367191627
2022,2023,DE0005089031,0.0001225405377141403
2022,2023,DE0005140008,0.0006074284703234191
2022,2023,DE0005190003,0.001375593734713228
2022,2023,DE0005200000,0.0007335464059893562
2022,2023,DE0005408884,4.2962079571572536e-05
2022,2023,DE0005439004,0.0003034369467833173
2022,2023,DE0005470405,9.066024779793407e-05
2022,2023,DE0005552004,0.0011927183406526497
2022,2023,DE0005557508,0.00253733529947606
2022,2023,DE0005773303,0.00011090939315260514
2022,2023,DE0005785604,0.0004054111417300453
2022,2023,DE0005785802,0.00024272806643610683
2022,2023,DE0005810055,0.0008344103362257363
2022,2023,DE0005909006,4.3078707642105175e-05
2022,2023,DE0006047004,0.0
2022,2023,DE0006048432,0.00031239706341108455
2022,2023,DE0006070006,0.00012969148784684506
2022,2023,DE0006202005,1.3148588478368483e-21
2022,2023,DE0006231004,0.001029243123707925
2022,2023,DE0006569908,2.762342433921774e-05
2022,2023,DE0006599905,0.0006279785434674746
2022,2023,DE0006602006,0.0001988083136417898
2022,2023,DE0006969603,0.0002335358482934478
2022,2023,DE0007030009,0.00023401563621120206
2022,2023,DE0007037129,0.0005773775150092078
2022,2023,DE0007042301,1.9065675546585612e-05
2022,2023,DE0007100000,0.0018060175762519626
2022,2023,DE0007164600,0.0032083092240420045
2022,2023,DE0007236101,0.002999882767516609
2022,2023,DE0007257503,4.327950114928225e-05
2022,2023,DE0007297004,3.3719430009729274e-05
2022,2023,DE0007314007,2.176204410752934e-05
2022,2023,DE0007500001,0.0
2022,2023,DE0007507501,3.999139990015204e-05
2022,2023,DE0007664039,0.0006743590847677068
2022,2023,DE0008232125,9.389980212007224e-05
2022,2023,DE0008402215,0.0006184407912071594
2022,2023,DE0008404005,0.0022114429547083294
2022,2023,DE0008430026,0.0011640594071291855
2022,2023,DE000A0D6554,9.389328043996666e-05
2022,2023,DE000A0D9PT0,0.00030395608325581546
2022,2023,DE000A0S8488,4.011616110066299e-05
2022,2023,DE000A0WMPJ6,6.396325941799658e-05
2022,2023,DE000A1EWWW0,0.0006123467716164195
2022,2023,DE000A2GS401,4.643887027585877e-05
2022,2023,DE000BASF111,0.001116777263774547
2022,2023,DE000BAY0017,0.0013221573990017392
2022,2023,DE000CBK1001,0.0002959838279866789
2022,2023,DE000CLS1001,0.00011467994988547066
2022,2023,DE000ENAG999,0.0007204538475788025
2022,2023,DE000KSAG888,3.544743907219244e-05
2022,2023,DE000PSM7770,4.4045587673527255e-05
2022,2023,DE000TUAG505,0.0
2022,2023,DK0010181759,0.0003451036994487807
2022,2023,DK0010234467,7.589990994920279e-05
2022,2023,DK0010244508,0.00032741321004273253
2022,2023,DK0010272632,7.128286378389542e-05
2022,2023,DK0010274414,0.0004243642596026389
2022,2023,DK0010287663,5.7269673409986936e-05
2022,2023,DK0010307958,0.00012047543048394454
2022,2023,DK0010311471,6.83018047443118e-05
2022,2023,DK0060079531,0.0008920453218737236
2022,2023,DK0060336014,0.00028711709951732926
2022,2023,DK0060448595,0.0005645587527207941
2022,2023,DK0060477503,0.00013184684444043796
2022,2023,DK0060636678,0.0003958356678776602
2022,2023,DK0060738599,0.00017827064424714948
2022,2023,DK0061539921,0.0007332075175511346
2022,2023,ES0109427734,1.999175592314675e-05
2022,2023,ES0112501012,5.206868838540925e-05
2022,2023,ES0113211835,0.000915561640788725
2022,2023,ES0113679I37,0.000142454071653713
2022,2023,ES0113860A34,0.00015101589800965742
2022,2023,ES0113900J37,0.0012825170148900854
2022,2023,ES0116870314,0.0006144546636912804
2022,2023,ES0117160111,7.779240246131428e-05
2022,2023,ES0118594417,6.814326984124419e-05
2022,2023,ES0122060314,8.480088062045157e-06
2022,2023,ES0124244E34,0.0001679322121494371
2022,2023,ES0125220311,0.00027615377708628595
2022,2023,ES0130670112,0.0004699930692912959
2022,2023,ES0130960018,0.0001164967844275868
2022,2023,ES0132105018,9.040994848735934e-05
2022,2023,ES0134950F36,4.250602107930653e-05
2022,2023,ES0142090317,1.0575047729876074e-06
2022,2023,ES0144580Y14,0.0019048327084495564
2022,2023,ES0148396007,0.0020846485905379793
2022,2023,ES0152503035,2.3366022506974586e-05
2022,2023,ES0161560018,6.150109710414258e-05
2022,2023,ES0167050915,0.00023330238887820298
2022,2023,ES0171996087,0.00012492104538843683
2022,2023,ES0173093024,0.0002629284437069476
2022,2023,ES0173516115,0.0005066710491089931
2022,2023,ES0178430E18,0.0005518440788231572
2022,2023,ES0182870214,7.596346240872145e-05
2022,2023,FI0009000202,0.0001499534753209941
2022,2023,FI0009000277,7.934102519541238e-05
2022,2023,FI0009000459,8.238053501904627e-05
2022,2023,FI0009000681,0.0006705853609672648
2022,2023,FI0009002158,3.173965609318792e-05
2022,2023,FI0009002422,8.771166275242335e-05
2022,2023,FI0009003727,0.0001234371675308986
2022,2023,FI0009005318,1.5570368032012382e-05
2022,2023,FI0009005870,7.277929464527544e-05
2022,2023,FI0009005961,0.00022776119734824003
2022,2023,FI0009005987,0.0005193836406333485
2022,2023,FI0009007132,0.0002971171102416919
2022,2023,FI0009007694,2.995376361685992e-05
2022,2023,FI0009007884,0.00023435855087592514
2022,2023,FI0009013296,0.0008939586175054994
2022,2023,FI0009013403,0.0005936858103586795
2022,2023,FI0009800643,1.891513805621349e-05
2022,2023,FR0000035081,9.004501384965155e-05
2022,2023,FR0000039109,7.3998952995094e-21
2022,2023,FR0000044448,8.79617730244575e-05
2022,2023,FR0000045072,0.0008175236457136038
2022,2023,FR0000051070,3.955021096939673e-05
2022,2023,FR0000052292,0.004142609645444617
2022,2023,FR0000053225,5.430691876707617e-05
2022,2023,FR0000054470,9.802434711467475e-05
2022,2023,FR0000054900,3.9766255201002886e-05
2022,2023,FR0000064578,0.0001614989794234287
2022,2023,FR0000073272,0.0013675577362521766
2022,2023,FR0000077919,9.02168670585227e-05
2022,2023,FR0000120073,0.0018627415178085831
2022,2023,FR0000120172,0.00032505428355197326
2022,2023,FR0000120271,0.004165866855756044
2022,2023,FR0000120321,0.004830750189062698
2022,2023,FR0000120404,0.0001767813961375862
2022,2023,FR0000120503,0.00029111630031713537
2022,2023,FR0000120560,4.0752196926069004e-05
2022,2023,FR0000120578,0.003089664184835912
2022,2023,FR0000120628,0.001659702944667182
2022,2023,FR0000120644,0.000904456683041396
2022,2023,FR0000120693,0.0012790275605029616
2022,2023,FR0000120859,6.265972968440686e-05
2022,2023,FR0000120966,9.318293563763855e-05
2022,2023,FR0000121014,0.009270380518885343
2022,2023,FR0000121121,0.00014319899850160798
2022,2023,FR0000121204,0.00011902015863283711
2022,2023,FR0000121220,0.00034810704148760947
2022,2023,FR0000121329,0.0006970919002279396
2022,2023,FR0000121485,0.0015899554578721478
2022,2023,FR0000121667,0.0020459231463594344
2022,2023,FR0000121964,0.00016915072030188567
2022,2023,FR0000121972,0.002017638174746814
2022,2023,FR0000124141,0.00038432115890410913
2022,2023,FR0000125007,0.0006359246482047613
2022,2023,FR0000125338,0.0007287744313421444
2022,2023,FR0000125486,0.0014917435123110393
2022,2023,FR0000127771,0.00028909342772759014
2022,2023,FR0000130213,0.00010620472384487704
2022,2023,FR0000130395,0.00021133739206343367
2022,2023,FR0000130403,0.003327736321170322
2022,2023,FR0000130452,0.0002512976984247335
2022,2023,FR0000130577,0.0004245046391796416
2022,2023,FR0000130809,0.0005428055569456327
2022,2023,FR0000131104,0.0017895195678885366
2022,2023,FR0000131757,3.3176306100181805e-05
2022,2023,FR0000131906,0.0002580986877541086
2022,2023,FR0000133308,0.0006900825965552176
2022,2023,FR0010040865,0.00021211127290022004
2022,2023,FR0010220475,0.0002460262056181364
2022,2023,FR0010221234,7.30503925314075e-05
2022,2023,FR0010242511,0.0012685334423234937
2022,2023,FR0010307819,0.0005451572757778785
2022,2023,FR0010313833,0.00016958707224624343
2022,2023,FR0010340141,0.00036722852670036604
2022,2023,FR0010411983,0.00011018756741660016
2022,2023,FR0010533075,0.00024225877335877797
2022,2023,FR0013176526,0.00011255823277652936
2022,2023,FR0013280286,0.00030734859892759425
2022,2023,FR0013326246,0.00021984852569307536
2022,2023,FR0013506730,4.7117225257002656e-05
2022,2023,FR0014003TT8,0.001201953740838557
2022,2023,FR001400AJ45,0.0005178412867969779
2022,2023,GB0000163088,0.0
2022,2023,GB0000365774,0.0
2022,2023,GB0000456144,0.0004855800685680566
2022,2023,GB0000536739,0.0006274883176584257
2022,2023,GB0000600931,6.937733389200838e-06
2022,2023,GB0000811801,0.00011079665257474052
2022,2023,GB0000904986,7.297531959436453e-05
2022,2023,GB0000961622,6.0686578378420835e-05
2022,2023,GB0001110096,2.375446881236525e-06
2022,2023,GB0001367019,0.00011652020222195213
2022,2023,GB0001500809,0.0
2022,2023,GB0001570810,5.113319906318065e-17
2022,2023,GB0001638955,2.4031726993751254e-05
2022,2023,GB0001667087,6.173633036827411e-20
2022,2023,GB0001795680,0.0
2022,2023,GB0001826634,0.0001320664863639334
2022,2023,GB0001859296,6.445970225823393e-05
2022,2023,GB0002015021,1.4018284595172771e-05
2022,2023,GB0002018363,1.5948679108807905e-05
2022,2023,GB0002074580,5.7569387609712966e-05
2022,2023,GB0002148343,5.750361651098758e-05
2022,2023,GB0002318888,4.4972753535524094e-05
2022,2023,GB0002349065,0.0
2022,2023,GB0002374006,0.0025240508700551676
2022,2023,GB0002418548,2.5207830599584616e-07
2022,2023,GB0002634946,0.0007950048390399342
2022,2023,GB0002652740,8.850740659217655e-05
2022,2023,GB0002670437,9.812208143944412e-06
2022,2023,GB0002869419,5.8411963881581186e-05
2022,2023,GB0002875804,0.0022502639657848303
2022,2023,GB0003062816,1.2760469815553775e-07
2022,2023,GB0003096442,0.00012843011896175583
2022,2023,GB0003308607,0.00010181711912220807
2022,2023,GB0003395000,3.153282908290387e-05
2022,2023,GB0003452173,1.3500464317756343e-05
2022,2023,GB0003718474,8.547131012434832e-05
2022,2023,GB0004052071,0.00022602203624417393
2022,2023,GB0004082847,0.0005780844543611691
2022,2023,GB0004161021,6.819138538155073e-05
2022,2023,GB0004170089,0.0
2022,2023,GB0004270301,4.3097095207089876e-05
2022,2023,GB0004478896,4.374585378827026e-05
2022,2023,GB0004544929,0.0005953455375003779
2022,2023,GB0004657408,2.3281744224894567e-05
2022,2023,GB0004726096,4.356933304542574e-05
2022,2023,GB0004866223,9.985337421104555e-19
2022,2023,GB0004915632,1.6235872668177828e-06
2022,2023,GB0005405286,0.0031534050349265566
2022,2023,GB0005576813,8.684966008598757e-05
2022,2023,GB0005603997,0.00045814764452768876
2022,2023,GB0005630420,1.707668855392732e-19
2022,2023,GB0005746358,4.792870720127327e-18
2022,2023,GB0006027295,2.6981968067333443e-05
2022,2023,GB0006215205,7.475621443412498e-20
2022,2023,GB0006449366,3.9077680813926846e-05
2022,2023,GB0006640972,4.260282910095616e-05
2022,2023,GB0006650450,3.500411326139637e-05
2022,2023,GB0006731235,0.000385360194206804
2022,2023,GB0006776081,0.0002112209321219082
2022,2023,GB0006825383,0.00012728451358052842
2022,2023,GB0006928617,0.00012368274522263427
2022,2023,GB0006963689,3.449395636759536e-06
2022,2023,GB0007099541,0.00094738410644968
2022,2023,GB0007188757,0.0022337419261540853
2022,2023,GB0007323586,0.00010904083924015248
2022,2023,GB0007370074,0.0
2022,2023,GB0007388407,2.7582032914227602e-05
2022,2023,GB0007594764,2.546004457457639e-05
2022,2023,GB0007668071,3.706590142994422e-05
2022,2023,GB0007669376,0.0001801020854249253
2022,2023,GB0007689002,3.522948811158692e-05
2022,2023,GB0007908733,0.0005718984157293366
2022,2023,GB0007958233,3.425854665970604e-05
2022,2023,GB0007973794,4.251479205964598e-05
2022,2023,GB0007980591,0.0026218420779049625
2022,2023,GB0008025412,8.9686062245388e-06
2022,2023,GB0008085614,2.7270401443176774e-05
2022,2023,GB0008220112,0.00010943322261451677
2022,2023,GB0008475088,8.326086790098677e-06
2022,2023,GB0008481250,7.148409656357434e-07
2022,2023,GB0008706128,0.0009168838765209799
2022,2023,GB0008711763,1.0465447478106765e-05
2022,2023,GB0008782301,0.0001185011886533235
2022,2023,GB0008794710,3.2205732253464137e-05
2022,2023,GB0009067447,0.0
2022,2023,GB0009223206,0.000294903352725687
2022,2023,GB0009286963,1.7756580320088204e-19
2022,2023,GB0009292243,4.692417153725359e-05
2022,2023,GB0009296665,2.1118884348081737e-05
2022,2023,GB0009465807,0.00013585970321090701
2022,2023,GB0009633180,9.763291669880172e-05
2022,2023,GB0009692319,1.6414951234228897e-05
2022,2023,GB0009697037,2.246799596957438e-05
2022,2023,GB0009895292,0.00531289805059995
2022,2023,GB0022569080,0.00028075782991697864
2022,2023,GB0030181522,7.43981137068523e-17
2022,2023,GB0030232317,3.349987849909306e-05
2022,2023,GB0030329360,4.801606276700265e-19
2022,2023,GB0030913577,0.0003343865391496736
2022,2023,GB0031274896,5.939609806355788e-05
2022,2023,GB0031348658,0.0007801521779333332
2022,2023,GB0031638363,0.00020824856801093846
2022,2023,GB0031743007,0.00024957641690397624
2022,2023,GB0032089863,0.000207716754994081
2022,2023,GB0033147751,3.1397453760172975e-05
2022,2023,GB0033195214,0.00013485877743200524
2022,2023,GB0033986497,7.003961734410213e-05
2022,2023,GB00B00FPT80,1.5202592198397079e-05
2022,2023,GB00B012BV22,1.4603606456196614e-05
2022,2023,GB00B012TP20,3.193592703071738e-05
2022,2023,GB00B019KW72,0.00014805517139556022
2022,2023,GB00B01QGK86,1.6213275358077913e-06
2022,2023,GB00B02J6398,0.00020004021735878664
2022,2023,GB00B033F229,0.00016964268150844875
2022,2023,GB00B03HDJ73,2.5845729427026957e-18
2022,2023,GB00B04V1276,5.51422816284914e-05
2022,2023,GB00B06QFB75,9.809634975581543e-05
2022,2023,GB00B0744359,2.5110611807998193e-05
2022,2023,GB00B0744B38,0.00028723637496327447
2022,2023,GB00B082RF11,0.0003927350301746982
2022,2023,GB00B0FYMT95,2.3016749787048574e-05
2022,2023,GB00B0KM9T71,1.735054238412068e-05
2022,2023,GB00B0LCW083,0.00011478080206101363
2022,2023,GB00B0N8QD54,5.374126700918333e-05
2022,2023,GB00B0SWJX34,0.001090210308195629
2022,2023,GB00B0WMWD03,6.212572819688748e-05
2022,2023,GB00B0YG1K06,0.0
2022,2023,GB00B128J450,3.147458811521696e-05
2022,2023,GB00B132NW22,8.152749494128927e-05
2022,2023,GB00B135BJ46,4.2693717479530255e-05
2022,2023,GB00B17MMZ46,1.1101597303210847e-05
2022,2023,GB00B18P5K83,1.9333100826304157e-05
2022,2023,GB00B19Z1432,1.7665399830618532e-05
2022,2023,GB00B1FH8J72,0.00019782797299497355
2022,2023,GB00B1FP6H53,3.9156974811419224e-05
2022,2023,GB00B1FW5029,3.71813566072205e-05
2022,2023,GB00B1G5HX72,1.3588821916276254e-17
2022,2023,GB00B1JQDM80,3.480906694747461e-18
2022,2023,GB00B1KJJ408,0.00015726651552072383
2022,2023,GB00B1L5QH97,1.0855619291178314e-05
2022,2023,GB00B1P6ZR11,1.163985633133911e-05
2022,2023,GB00B1VNSX38,0.0001004671390328257
2022,2023,GB00B1WY2338,0.00017528121299863477
2022,2023,GB00B1XH2C03,8.105182707314366e-05
2022,2023,GB00B1YW4409,0.00040946286923809435
2022,2023,GB00B27YGJ97,0.0
2022,2023,GB00B2B0DG97,0.0013455022800417603
2022,2023,GB00B2NGPM57,4.057928003839021e-05
2022,2023,GB00B2PDGW16,6.724167405656848e-05
2022,2023,GB00B39J2M42,0.0002115469316937623
2022,2023,GB00B3CX3644,6.258250075283348e-06
2022,2023,GB00B3DGH821,1.4988187586777973e-06
2022,2023,GB00B3FLWH99,4.5434529719327456e-05
2022,2023,GB00B41H7391,3.983634934072883e-05
2022,2023,GB00B45C9X44,3.309564516835443e-05
2022,2023,GB00B572ZV91,0.0
2022,2023,GB00B5N0P849,4.756128883372869e-05
2022,2023,GB00B5ZN1N88,0.00028233013817315924
2022,2023,GB00B61TVQ02,8.498514940621857e-05
2022,2023,GB00B63H8491,0.00023850589300490084
2022,2023,GB00B63QSB39,9.540552783608887e-05
2022,2023,GB00B64NSP76,0.0
2022,2023,GB00B67G5X01,4.133363584973747e-05
2022,2023,GB00B6XZKY75,1.3356021610063173e-05
2022,2023,GB00B71N6K86,0.0
2022,2023,GB00B7KR2P84,2.468061234531372e-20
2022,2023,GB00B82YXW83,2.2231489554324834e-05
2022,2023,GB00B8C3BL03,0.0002246163262657901
2022,2023,GB00BD6K4575,0.0010241307072284757
2022,2023,GB00BDCPN049,0.0006423588897031927
2022,2023,GB00BDFBVT43,0.0
2022,2023,GB00BDR05C01,0.0011237199369677263
2022,2023,GB00BF044593,2.82690758402675e-05
2022,2023,GB00BF5H9P87,4.225564787987514e-05
2022,2023,GB00BF8Q6K64,0.00011204512851473376
2022,2023,GB00BG11K365,4.089319370160674e-05
2022,2023,GB00BGDT3G23,0.00010548606119462786
2022,2023,GB00BGLP8L22,9.171246589018238e-05
2022,2023,GB00BH4HKS39,0.000720342982730414
2022,2023,GB00BHJYC057,0.0002904100174590864
2022,2023,GB00BJ1F4N75,7.65916979849512e-05
2022,2023,GB00BJFFLV09,0.00028918387661615357
2022,2023,GB00BJT0FF39,2.938420430306457e-05
2022,2023,GB00BK9RKT01,3.912907590692208e-05
2022,2023,GB00BKP36R26,0.0
2022,2023,GB00BKY40Q38,0.0
2022,2023,GB00BL6XZ716,1.2873401222391943e-05
2022,2023,GB00BLGZ9862,0.0005018674938378887
2022,2023,GB00BM8PJY71,0.0007805878789508576
2022,2023,GB00BM8Q5M07,0.00016778470178725903
2022,2023,GB00BMJ6DW54,0.0002706156454059591
2022,2023,GB00BN7SWP63,0.0018105246844483552
2022,2023,GB00BNGDN821,0.00016762830743020788
2022,2023,GB00BNNTLN49,7.312837513509704e-05
2022,2023,GB00BNR4T868,0.0
2022,2023,GB00BP6MXD84,0.004965903465513969
2022,2023,GB00BP92CJ43,8.860232204763131e-05
2022,2023,GB00BP9LHF23,0.0002092492740845646
2022,2023,GB00BPQY8M80,0.00039972183148807443
2022,2023,GB00BRB37M78,5.784349618858139e-05
2022,2023,GB00BRKD9Z53,0.0
2022,2023,GB00BV9FP302,7.148843504661514e-05
2022,2023,GB00BVFNZH21,9.514254574456725e-05
2022,2023,GB00BWFGQN14,0.00023188218495826153
2022,2023,GB00BYQ0JC66,0.0001367126106217098
2022,2023,GB00BYRJ5J14,4.5312478044520015e-05
2022,2023,GB00BYT1DJ19,9.915868523940628e-05
2022,2023,GB00BYW0PQ60,0.00014761635490811564
2022,2023,GB00BYYTFB60,0.00013442254795422787
2022,2023,GB00BYZN9041,5.5268606892012976e-05
2022,2023,GB00BZ4BQC70,0.00012483970193502997
2022,2023,IE0001827041,0.0006320311278656203
2022,2023,IE0002424939,0.00012012336779022823
2022,2023,IE0003864109,2.5966869524753952e-18
2022,2023,IE0004906560,0.0004065947303483832
2022,2023,IE0004927939,0.00024895686552161406
2022,2023,IE00B00MZ448,5.6525101734328954e-05
2022,2023,IE00B4BNMY34,0.004457879369945517
2022,2023,IE00B8KQN827,0.0015893222213531654
2022,2023,IE00BD1RP616,0.00026861715031299493
2022,2023,IE00BDB6Q211,0.0006772826553215005
2022,2023,IE00BF0L3536,0.0002992601486017546
2022,2023,IE00BGH1M568,0.00010754919681104779
2022,2023,IE00BJ3V9050,0.0
2022,2023,IE00BK9ZQ967,0.0009760130118455707
2022,2023,IE00BLP1HW54,0.0015791457465289135
2022,2023,IE00BLS09M33,0.00017845769257559938
2022,2023,IE00BTN1Y115,0.0026241442847248016
2022,2023,IE00BWT6H894,0.00060779063835988
2022,2023,IE00BY7QL619,0.0011198996261866686
2022,2023,IE00BYTBXV33,0.0003282427742131799
2022,2023,IL0002300114,0.00011989067248371293
2022,2023,IL0002730112,0.0003151864309889146
2022,2023,IL0002810146,0.00023631029226300857
2022,2023,IL0005930388,0.00010848176669848216
2022,2023,IL0006046119,0.00034031857860183646
2022,2023,IL0006625771,0.00031721676880221025
2022,2023,IL0006954379,0.00022670733295934698
2022,2023,IL0010811243,0.00016950071163181562
2022,2023,IL0010824113,0.0004211820647575918
2022,2023,IT0000062072,0.0007345062143315617
2022,2023,IT0000062957,0.0002310096102829308
2022,2023,IT0000066123,6.731470415185718e-05
2022,2023,IT0000072618,0.0010727355030697501
2022,2023,IT0000784196,4.72202051947303e-05
2022,2023,IT0001137345,9.293693208252102e-05
2022,2023,IT0001233417,0.0
2022,2023,IT0001347308,0.0
2022,2023,IT0001469383,4.235360952421791e-05
2022,2023,IT0003128367,0.0013297438178915613
2022,2023,IT0003132476,0.0012353458846700405
2022,2023,IT0003153415,0.0004190150391290377
2022,2023,IT0003242622,0.00039863448843723947
2022,2023,IT0003497168,9.839288709577261e-05
2022,2023,IT0003856405,0.00015741916643982718
2022,2023,IT0004810054,0.00010439246706488568
2022,2023,IT0004827447,0.00019017143432753698
2022,2023,IT0005218380,0.0001595095069659613
2022,2023,IT0005239360,0.000705116234613796
2022,2023,IT0005495657,4.9848445506232255e-05
2022,2023,JE00B8KF9B49,0.00027832362824007636
2022,2023,JE00BJ1DLW90,8.946952564201343e-05
2022,2023,JE00BYVQYS01,4.0600171761579505e-05
2022,2023,LR0008862868,0.00032023304218900664
2022,2023,LU0075646355,8.511431523657998e-05
2022,2023,NL0000008977,0.0005575281772407712
2022,2023,NL0000009082,0.00035541163782385274
2022,2023,NL0000009165,0.0013741570264038368
2022,2023,NL0000009538,0.0003329565863306244
2022,2023,NL0000226223,0.0008201469016419847
2022,2023,NL0000235190,0.0023705841310968584
2022,2023,NL0000289213,2.6704103145741813e-05
2022,2023,NL0000337319,8.653344058396372e-06
2022,2023,NL0000360618,7.369809929140619e-05
2022,2023,NL0000379121,0.00028110505939925876
2022,2023,NL0000395903,0.0006774138401538588
2022,2023,NL0006237562,0.00010596899295397199
2022,2023,NL0009432491,9.455220982990422e-05
2022,2023,NL0010273215,0.005553615183273506
2022,2023,NL0010583399,4.2700695028882504e-05
2022,2023,NL0011794037,0.0007157902285430968
2022,2023,NL0011821202,0.0011510521418435424
2022,2023,NL0013267909,0.0003225264858256529
2022,2023,NL0013332471,1.1962799193810158e-05
2022,2023,NL00150001Q9,0.00116503017508056
2022,2023,NL00150003E1,7.488775970481748e-05
2022,2023,NL0015001FS8,0.0004884339149602555
2022,2023,NL0015435975,0.00030313983623693675
2022,2023,NO0003028904,5.98947733828108e-05
2022,2023,NO0003053605,0.00011157691395410687
2022,2023,NO0003054108,0.00025684795903731223
2022,2023,NO0003078800,7.158613605769789e-05
2022,2023,NO0003733800,0.0001727788104122624
2022,2023,NO0005052605,0.00039116073078662126
2022,2023,NO0010063308,0.00034245647118995906
2022,2023,NO0010096985,0.002888225457224949
2022,2023,NO0010208051,0.0001615221756698232
2022,2023,NO0010215684,4.102569487259104e-05
2022,2023,NO0012470089,0.00013200467534655794
2022,2023,PA1436583006,0.00016740021562006507
2022,2023,PTBCP0AM0015,4.5405357588141284e-05
2022,2023,PTEDP0AM0009,0.0004955281933353361
2022,2023,PTJMT0AE0001,0.00035064925880618386
2022,2023,PTSON0AM0001,5.519283887241336e-05
2022,2023,PTZON0AM0006,6.993295605255815e-05
2022,2023,SE0000106270,0.0004215333043395561
2022,2023,SE0000108227,0.00017376852279366863
2022,2023,SE0000108656,0.00046816709907038505
2022,2023,SE0000112724,0.00024100016273071527
2022,2023,SE0000113250,0.0001571117530204959
2022,2023,SE0000114837,0.00014887298992972959
2022,2023,SE0000148884,0.0006258773021017853
2022,2023,SE0000163594,0.00011348054284802496
2022,2023,SE0000163628,4.7428977805210716e-05
2022,2023,SE0000171100,0.0
2022,2023,SE0000190126,0.0001670266439010749
2022,2023,SE0000202624,0.00012472254526108465
2022,2023,SE0000242455,0.0004973644363098498
2022,2023,SE0000379190,0.00011936776012970724
2022,2023,SE0000667891,0.0005933698697923502
2022,2023,SE0000667925,0.00028255814788148774
2022,2023,SE0000695876,0.0003043731664200411
2022,2023,SE0000806994,3.1173591840222075e-05
2022,2023,SE0000862997,6.595232774254553e-05
2022,2023,SE0000949331,1.8451491382839935e-05
2022,2023,SE0001662230,8.434759991230136e-05
2022,2023,SE0005190238,0.00015017810790639448
2022,2023,SE0006993770,0.0001597921264175243
2022,2023,SE0007100581,0.0005769648365603879
2022,2023,SE0007100599,0.0005063171289267392
2022,2023,SE0011090018,0.0001452065329874814
2022,2023,SE0011166974,8.505996477696813e-05
2022,2023,SE0015811955,0.0005893352338713745
2022,2023,SE0015961909,0.0006914181175745742
2022,2023,SE0015988019,0.0004206073723286807
2022,2023,SE0016589188,0.00010550071828983046
2022,2023,SE0017486889,0.0010113644733865306
2022,2023,SE0018012494,4.3660497630729774e-05
2022,2023,SE0018012635,5.918449773532503e-05
2022,2023,SE0020050417,0.0002709148714775333
2022,2023,US0010551028,0.0011484535816580251
2022,2023,US0010841023,0.0002722079306934173
2022,2023,US00130H1059,0.0003222828119005297
2022,2023,US00206R1023,0.003345522408534739
2022,2023,US0028241000,0.004877860706209136
2022,2023,US0028962076,4.5260641235277764e-05
2022,2023,US00507V1098,0.0015201682578882588
2022,2023,US00724F1012,0.003992199383271884
2022,2023,US00751Y1064,0.00022106113580461076
2022,2023,US0079031078,0.002649614780852268
2022,2023,US0082521081,0.00017058234838202807
2022,2023,US00846U1016,0.0011297416378165677
2022,2023,US0091581068,0.0017208175274198395
2022,2023,US00971T1016,0.00032746922226297
2022,2023,US0126531013,0.0006560371328108123
2022,2023,US0152711091,0.0006299037008857436
2022,2023,US01741R1023,0.00014534815092529448
2022,2023,US0185811082,5.95907638483541e-05
2022,2023,US0188021085,0.0003055480650665009
2022,2023,US0200021014,0.000927769752186362
2022,2023,US02079K3059,0.013381193164991603
2022,2023,US02209S1033,0.002110707206035114
2022,2023,US0231351067,0.021759324195416988
2022,2023,US0236081024,0.0005168534921283139
2022,2023,US0255371017,0.0011822545550481528
2022,2023,US02553E1064,6.152637991227257e-05
2022,2023,US0258161092,0.0028238439447050854
2022,2023,US0268747849,0.0012008958611078773
2022,2023,US03027X1000,0.002520017272007253
2022,2023,US03073E1055,0.0008630709113009428
2022,2023,US03076C1062,0.0008551036774985952
2022,2023,US0311001004,0.000816573457528986
2022,2023,US0311621009,0.003573451131650187
2022,2023,US0320951017,0.0011509768332201823
2022,2023,US0326541051,0.0021294621092986243
2022,2023,US0367521038,0.0031193404754739323
2022,2023,US03743Q1085,0.0003332286598979091
2022,2023,US0378331005,0.052510701674348924
2022,2023,US0382221051,0.002090626314770616
2022,2023,US0383361039,0.0001920529533986702
2022,2023,US0394831020,0.0012993966222431396
2022,2023,US0427351004,0.00017837116204451803
2022,2023,US0441861046,0.00014696514158587712
2022,2023,US0454871056,8.190599690026371e-05
2022,2023,US04621X1081,0.0001778634160980802
2022,2023,US0495601058,0.0004269941781583579
2022,2023,US0527691069,0.001050190859802704
2022,2023,US0528001094,0.0001820602505334496
2022,2023,US0530151036,0.0025184633093574904
2022,2023,US0533321024,0.0011555142366208697
2022,2023,US0534841012,0.0005776402099228572
2022,2023,US0536111091,0.00038201922077339
2022,2023,US0537741052,0.00011353542562623782
2022,2023,US0538071038,0.00011983100056197568
2022,2023,US0565251081,6.0865769264728876e-05
2022,2023,US0584981064,0.00040605593993546605
2022,2023,US0605051046,0.0067646658156367
2022,2023,US0640581007,0.0009377790723070509
2022,2023,US0708301041,0.00022368791551677974
2022,2023,US0718131099,0.0006648781799141318
2022,2023,US0758871091,0.0018251487831799696
2022,2023,US0758961009,5.573211869804035e-06
2022,2023,US0844231029,0.000512425902906529
2022,2023,US0865161014,0.0004281713319206999
2022,2023,US0893021032,4.570243879502633e-07
2022,2023,US09061G1013,0.00046412395369339285
2022,2023,US09062X1037,0.000993437483186106
2022,2023,US09073M1045,0.00033923821957384365
2022,2023,US0936711052,0.00013253033478600277
2022,2023,US0970231058,0.002898797419241544
2022,2023,US09857L1089,0.0019968413391878016
2022,2023,US0997241064,0.00026631383964763556
2022,2023,US1011211018,0.00028172452607687674
2022,2023,US1011371077,0.0016713959887402637
2022,2023,US1033041013,0.00015688576848871816
2022,2023,US1053682035,3.28767976727892e-05
2022,2023,US1096411004,3.973229729611634e-05
2022,2023,US1096961040,5.504184516603227e-05
2022,2023,US1101221083,0.003878042866429605
2022,2023,US1124631045,0.0
2022,2023,US1156372096,0.0005162674494971928
2022,2023,US12504L1098,0.00061957986765879
2022,2023,US1252691001,0.000324986029328127
2022,2023,US12541W2098,0.00028467190914896375
2022,2023,US1255231003,0.0025721908163527352
2022,2023,US12572Q1058,0.0015179124293627883
2022,2023,US1258961002,0.00041265768507057614
2022,2023,US1264081035,0.0016901104017327962
2022,2023,US12653C1080,0.00010707366909536808
2022,2023,US1266501006,0.0031004254778657938
2022,2023,US1270551013,5.7150705603416285e-21
2022,2023,US1270971039,0.0004983150629382342
2022,2023,US1273871087,0.0011145597449957446
2022,2023,US1307881029,9.866038189919519e-05
2022,2023,US1331311027,0.00031351508562603355
2022,2023,US1344291091,0.00041873108695345435
2022,2023,US14040H1059,0.0009044655440717511
2022,2023,US14149Y1082,0.0005256306604775128
2022,2023,US1423391002,0.00032694379785926233
2022,2023,US1431301027,0.00025526619843391663
2022,2023,US1491231015,0.00320260694229206
2022,2023,US1508701034,0.00029628545242782846
2022,2023,US15189T1079,0.0004934550711810352
2022,2023,US1598641074,0.00028951665554810335
2022,2023,US1667641005,0.008815170691539647
2022,2023,US1699051066,0.0001683531746936758
2022,2023,US1713401024,0.0005006373131086108
2022,2023,US1717793095,0.00018740148540716815
2022,2023,US1720621010,0.0004207974996825716
2022,2023,US17275R1023,0.004956650149896144
2022,2023,US1729081059,0.001166107071172232
2022,2023,US1729674242,0.0022324590598288164
2022,2023,US1858991011,8.702161948766298e-05
2022,2023,US1890541097,0.0004411431772269864
2022,2023,US1912161007,0.007000631503476182
2022,2023,US1924461023,0.0007545650996699955
2022,2023,US1941621039,0.001684441883238804
2022,2023,US20030N1019,0.0038256021210985505
2022,2023,US2003401070,0.0002262180347419123
2022,2023,US2017231034,0.00016423829261196998
2022,2023,US2058871029,0.0004610159331860462
2022,2023,US20825C1045,0.003743941295396088
2022,2023,US2091151041,0.0008882796134614997
2022,2023,US21036P1084,0.0011117770470344466
2022,2023,US2172041061,0.0007344569111388409
2022,2023,US21871N1019,5.3896166421157115e-05
2022,2023,US2193501051,0.0006999037296051119
2022,2023,US22160K1051,0.0051303586953232155
2022,2023,US22410J1060,5.5705378487650004e-05
2022,2023,US22822V1017,0.0015160554748706086
2022,2023,US2283681060,0.00023994098395838058
2022,2023,US2310211063,0.0008766258622379685
2022,2023,US23331A1097,0.0007921257801889534
2022,2023,US2333311072,0.0005018586778514668
2022,2023,US23355L1061,0.0001647814887229779
2022,2023,US2358511028,0.0049068115062281
2022,2023,US2371941053,0.00041288570874108225
2022,2023,US23918K1088,0.0001652847164047574
2022,2023,US2441991054,0.0032457838003607086
2022,2023,US2473617023,0.00044840117173178896
2022,2023,US24906P1093,0.00017440017063267993
2022,2023,US25179M1036,0.0010218639914588996
2022,2023,US2533931026,0.0001648378649715582
2022,2023,US2546871060,0.004017708159059316
2022,2023,US25525P1075,3.776028253206955e-05
2022,2023,US25659T1079,0.00010610559238346497
2022,2023,US2566771059,0.0013786261069960708
2022,2023,US2567461080,0.0007807840395287655
2022,2023,US25746U1097,0.0012739684742663817
2022,2023,US2576511099,0.00019634802285194898
2022,2023,US25960P1093,8.501299933222317e-05
2022,2023,US2600031080,0.0005076927815474751
2022,2023,US26441C2044,0.001959216550999922
2022,2023,US26875P1012,0.0019401783759279323
2022,2023,US26884L1098,0.0003217023323274575
2022,2023,US2774321002,0.00021232621722705024
2022,2023,US2786421030,0.0005643937107870151
2022,2023,US2788651006,0.001055700708112171
2022,2023,US2810201077,0.0006538643769585553
2022,2023,US28176E1082,0.0011447594060681322
2022,2023,US2855121099,0.0008447245742156584
2022,2023,US2910111044,0.0014608483235003058
2022,2023,US29364G1031,0.000450862761732877
2022,2023,US2944291051,0.0006063183937123969
2022,2023,US29444U7000,0.0015363046924933318
2022,2023,US29476L1070,0.0005823818617064928
2022,2023,US29670G1022,0.0003291444221701261
2022,2023,US2971781057,0.0003655989118585282
2022,2023,US30034W1062,0.00021764993425858766
2022,2023,US30040W1080,0.0007844848423919913
2022,2023,US30161N1019,0.001147071623947318
2022,2023,US30212P3038,0.0003519449392422792
2022,2023,US3021301094,0.0004242602839640125
2022,2023,US30231G1022,0.011518204072668294
2022,2023,US3024913036,0.00040712948316576147
2022,2023,US3029411093,0.00016941152132802655
2022,2023,US3030751057,0.0003721448851657022
2022,2023,US3119001044,0.0007121449032429846
2022,2023,US3137451015,0.00022109854193324234
2022,2023,US31428X1063,0.001102189123534452
2022,2023,US3156161024,0.0002314622530528455
2022,2023,US31620M1062,0.0010114409385237934
2022,2023,US3167731005,0.0005861847530852455
2022,2023,US3205171057,0.00033059071437113496
2022,2023,US3377381088,0.0016276373642520158
2022,2023,US3379321074,0.0005923789796673997
2022,2023,US3434121022,0.00015142122832480633
2022,2023,US34354P1057,9.637749200150479e-05
2022,2023,US3448491049,9.489442323120468e-05
2022,2023,US3453708600,0.0011764081453745287
2022,2023,US3546131018,0.00033854790693357216
2022,2023,US35671D8570,0.0013849229768023164
2022,2023,US3614481030,0.00012517617706655715
2022,2023,US3635761097,0.0010149085179199549
2022,2023,US3647601083,0.0001197968609830171
2022,2023,US3695501086,0.0017402580464106498
2022,2023,US3703341046,0.0012485620107796772
2022,2023,US37045V1008,0.0012183547847574529
2022,2023,US3719011096,0.0001701279833459734
2022,2023,US3724601055,0.0006107245665342424
2022,2023,US37247D1063,7.07672397187281e-05
2022,2023,US3755581036,0.0027312331003279244
2022,2023,US37940X1028,0.0006937943463862895
2022,2023,US37959E1029,0.00029871740274685333
2022,2023,US38141G1040,0.002958939286695569
2022,2023,US3825501014,2.783668999368376e-05
2022,2023,US3841091040,0.00027344530184710713
2022,2023,US3848021040,0.0007298886232933455
2022,2023,US3976241071,3.655369164687053e-06
2022,2023,US40434L1052,0.0006970399326838557
2022,2023,US4062161017,0.0009255167268096344
2022,2023,US4103451021,3.7093564321500186e-05
2022,2023,US4108671052,0.00014283789022471975
2022,2023,US4128221086,0.00017007372980485248
2022,2023,US4158641070,0.0
2022,2023,US4165151048,0.0006358332875536901
2022,2023,US4180561072,0.00022703106171535447
2022,2023,US4198701009,6.010424935888453e-05
2022,2023,US42250P1030,0.0003845095558850508
2022,2023,US42330P1075,8.062077668596566e-05
2022,2023,US4234521015,0.00011956714914898933
2022,2023,US4278661081,0.0008741996371006824
2022,2023,US42809H1077,0.001095085089046127
2022,2023,US4364401012,0.00044433420873314406
2022,2023,US4370761029,0.008167245020905543
2022,2023,US4385161066,0.00367670576167025
2022,2023,US4404521001,0.0006296191942813524
2022,2023,US44107P1049,0.00032016973986757495
2022,2023,US4435106079,0.0003388691268212016
2022,2023,US4448591028,0.001653504340443249
2022,2023,US4456581077,0.00045865251078089294
2022,2023,US4461501045,0.0005209511029982175
2022,2023,US4470111075,0.00017487052284327552
2022,2023,US45073V1089,0.00016427226886920303
2022,2023,US45167R1041,0.0004347667674898902
2022,2023,US45168D1046,0.0008615661150442735
2022,2023,US4523081093,0.0017208845316728004
2022,2023,US4523271090,0.0008243088262013694
2022,2023,US4581401001,0.002780790010578048
2022,2023,US45866F1049,0.0014366270145898283
2022,2023,US4592001014,0.0032425114632093958
2022,2023,US4595061015,0.0006790013308028594
2022,2023,US4601461035,0.0002776927790809903
2022,2023,US4606901001,0.000327750965591611
2022,2023,US4612021034,0.0027721196054038026
2022,2023,US46120E6023,0.0023843250016490963
2022,2023,US46284V1017,0.0003979508796181592
2022,2023,US4657411066,4.705011668374868e-05
2022,2023,US46625H1005,0.009996008514947422
2022,2023,US4663131039,0.0002447392920307065
2022,2023,US46982L1089,0.0003895382914711236
2022,2023,US4781601046,0.01174574022625572
2022,2023,US48020Q1076,0.00020817362049968725
2022,2023,US48203R1041,0.00026751154276002915
2022,2023,US48242W1062,0.0002087325822381832
2022,2023,US4824801009,0.001369253936332311
2022,2023,US48666K1097,6.45487361652045e-05
2022,2023,US4878361082,0.0006239573118469454
2022,2023,US4891701009,3.928902944215498e-05
2022,2023,US4932671088,0.0004126111586225434
2022,2023,US4943681035,0.0011736560060031705
2022,2023,US49446R1095,0.0003562453069469826
2022,2023,US49456B1017,0.0009926436440383973
2022,2023,US4972661064,8.124041410459175e-05
2022,2023,US5002551043,6.386286960319065e-05
2022,2023,US5010441013,0.0008042707970219855
2022,2023,US5018892084,0.0003691630387199898
2022,2023,US5150981018,0.00016536223618600763
2022,2023,US5178341070,0.0009352393839568333
2022,2023,US5184391044,0.0014552564652136521
2022,2023,US5218652049,0.00018892409650925408
2022,2023,US5246601075,9.380777307972798e-05
2022,2023,US5260571048,0.0006126160849225816
2022,2023,US5261071071,0.0002094851300556733
2022,2023,US5324571083,0.008835983041843735
2022,2023,US5339001068,0.00022974060734239313
2022,2023,US5341871094,0.00013325527483964788
2022,2023,US5370081045,0.00015373729951832432
2022,2023,US5398301094,0.0032532600391665767
2022,2023,US5486611073,0.0030524561136603895
2022,2023,US5502411037,0.0001377256128196678
2022,2023,US55261F1049,0.0006407991740774412
2022,2023,US5526761086,7.596091860265919e-05
2022,2023,US5526901096,0.0001620103843657915
2022,2023,US5529531015,0.000336132487554158
2022,2023,US5535301064,0.00012755893820943527
2022,2023,US5543821012,5.6137781894407545e-05
2022,2023,US5544891048,3.821741954814748e-05
2022,2023,US55616P1049,0.00015330489347167357
2022,2023,US5635714059,1.783545823150613e-05
2022,2023,US56418H1005,0.00010200463842753231
2022,2023,US5658491064,0.00043936230859938547
2022,2023,US5717481023,0.0020820032766678685
2022,2023,US5719032022,0.001211253966136597
2022,2023,US5732841060,0.0005077988660444576
2022,2023,US5738741041,0.0008358789860673441
2022,2023,US5745991068,0.00026698240052090775
2022,2023,US57636Q1040,0.008436704386513495
2022,2023,US5770811025,0.0001705612388204478
2022,2023,US5797802064,0.0005246235018095269
2022,2023,US5801351017,0.004913051730799765
2022,2023,US58155Q1031,0.0013744980145760741
2022,2023,US58933Y1055,0.007165260530018126
2022,2023,US59156R1086,0.0014480138582440294
2022,2023,US5926881054,0.0008164377853054997
2022,2023,US5949181045,0.04540176771302167
2022,2023,US5950171042,0.0009954505638235455
2022,2023,US5951121038,0.0013971838269059924
2022,2023,US6005441000,2.5969296900739286e-05
2022,2023,US6081901042,0.0001583886131426517
2022,2023,US60871R2094,0.00025273795441400914
2022,2023,US6092071058,0.002311385215562497
2022,2023,US61174X1090,0.001343106366644088
2022,2023,US6153691059,0.0012795367136692274
2022,2023,US6174464486,0.003652042298802998
2022,2023,US61945C1036,0.000385400400569831
2022,2023,US6200763075,0.0010927306795918946
2022,2023,US6267171022,0.00017829856064798474
2022,2023,US62886E1082,8.3139410097305e-05
2022,2023,US6293775085,0.0
2022,2023,US62955J1034,0.00022613717931138159
2022,2023,US6311031081,0.0007548720520751218
2022,2023,US6361801011,0.00016388393029218687
2022,2023,US6365181022,0.00011326346643263156
2022,2023,US64110D1046,0.00032251526821156976
2022,2023,US6501111073,0.0001268981400183082
2022,2023,US6512291062,0.0001637349262377494
2022,2023,US6516391066,0.0009534205872673576
2022,2023,US65339F1012,0.004220376486487165
2022,2023,US6541061031,0.0036925932815254146
2022,2023,US65473P1057,0.00024033853347963098
2022,2023,US6556641008,7.452841605559186e-05
2022,2023,US6558441084,0.0014597795468848382
2022,2023,US6658591044,0.00047655090892891457
2022,2023,US6668071029,0.002140027767678893
2022,2023,US6687711084,0.00035083739066755164
2022,2023,US6703461052,0.0008835786941167297
2022,2023,US67066G1040,0.009133315081095997
2022,2023,US6708371033,0.00023332936181204373
2022,2023,US67098H1041,4.742174559693601e-22
2022,2023,US67103H1077,0.0013279089065841316
2022,2023,US6745991058,0.0014288076583774956
2022,2023,US6752321025,5.322963375391695e-05
2022,2023,US6780261052,3.5632708650913456e-05
2022,2023,US6819191064,0.0004142896707320454
2022,2023,US6821891057,0.0006991005007517406
2022,2023,US6826801036,0.0007663091906874943
2022,2023,US68389X1054,0.005606154933326753
2022,2023,US6866881021,0.00011934420884427579
2022,2023,US6882392011,0.0001700607948308993
2022,2023,US69331C1080,0.0008295209853084603
2022,2023,US6934751057,0.0016215235296481332
2022,2023,US6935061076,0.0007553839697793731
2022,2023,US69351T1060,0.0004612762625722803
2022,2023,US6936561009,0.0001408390972696792
2022,2023,US6937181088,0.0008723942188602008
2022,2023,US6951561090,0.00032467344020728706
2022,2023,US7010941042,0.0009559020045897547
2022,2023,US70211M1099,6.578393277890433e-05
2022,2023,US7043261079,0.001053775894796462
2022,2023,US7075691094,0.00014820470220186852
2022,2023,US70959W1036,0.00021616232905293325
2022,2023,US7134481081,0.006325723358984684
2022,2023,US7140461093,0.0004465153303591756
2022,2023,US7170811035,0.007307500644126161
2022,2023,US7234841010,0.00010678891013788545
2022,2023,US7237871071,0.001376544052551609
2022,2023,US7244791007,3.019118172424213e-05
2022,2023,US7310681025,0.00014125888285607374
2022,2023,US74144T1088,0.000620459055934273
2022,2023,US74251V1026,0.0005299490605736592
2022,2023,US7427181091,0.009126132080950202
2022,2023,US7433151039,0.0019569367055592255
2022,2023,US74340W1036,0.0026693810527235293
2022,2023,US7443201022,0.0009317835082580926
2022,2023,US7445731067,0.0008090383565071783
2022,2023,US74460D1090,0.001271795145273941
2022,2023,US7458671010,0.000278851573983829
2022,2023,US7475251036,0.0031315206142263356
2022,2023,US74762E1029,0.0005263571016475571
2022,2023,US74834L1008,0.00046391307319198913
2022,2023,US7496851038,0.0003378204513830046
2022,2023,US7509171069,0.00010640303370502497
2022,2023,US7512121010,0.00011939541935296458
2022,2023,US75281A1097,0.0001350607013627393
2022,2023,US7547301090,0.0005974774894404983
2022,2023,US75513E1010,0.0037701832950705473
2022,2023,US7588491032,0.00029138267816231463
2022,2023,US75886F1075,0.001960145043721711
2022,2023,US7591EP1005,0.0005279764453314958
2022,2023,US7593516047,0.00025621626615360244
2022,2023,US7595091023,0.0003281219411322275
2022,2023,US7607591002,0.001006671956882136
2022,2023,US7611521078,0.0007438257234409746
2022,2023,US7677548726,7.57905023384936e-19
2022,2023,US7703231032,0.0002020194319712692
2022,2023,US7739031091,0.0007619171365150449
2022,2023,US7766961061,0.0011662667004891112
2022,2023,US7782961038,0.0010231863924779145
2022,2023,US7802871084,0.00021607554193524845
2022,2023,US7835491082,0.0001101172390120932
2022,2023,US78409V1044,0.00276932093504948
2022,2023,US78410G1040,0.0007862090046901994
2022,2023,US7841171033,0.00020314286115314214
2022,2023,US78440X8873,5.896619560506784e-05
2022,2023,US78442P1066,0.00012375108669394755
2022,2023,US78454L1008,0.00012244277730889022
2022,2023,US78473E1038,7.601056691894689e-05
2022,2023,US79466L3024,0.0033546394151682027
2022,2023,US8064071025,0.0002912838403167638
2022,2023,US8085131055,0.0038401992419307895
2022,2023,US8101861065,7.721108177179926e-05
2022,2023,US81211K1007,0.00018596722072990873
2022,2023,US8168511090,0.0012504874234773172
2022,2023,US8175651046,0.00027810364408989376
2022,2023,US8243481061,0.0015644820099561497
2022,2023,US8288061091,0.0010365794343202251
2022,2023,US8326964058,0.0004260262361037857
2022,2023,US8330341012,0.00031463261031734144
2022,2023,US8354951027,0.00014421589103461773
2022,2023,US8425871071,0.0019073011074340002
2022,2023,US84265V1052,0.001210648807550127
2022,2023,US8447411088,0.00046693096158098596
2022,2023,US8454671095,0.00020018111822351316
2022,2023,US8485741099,8.383452666210798e-05
2022,2023,US8545021011,0.0002838027159847327
2022,2023,US8552441094,0.0028861757546478992
2022,2023,US8574771031,0.0007227319130683112
2022,2023,US8581191009,0.0004686886662842646
2022,2023,US8589121081,0.00010931086145703694
2022,2023,US8636671013,0.00235708908110271
2022,2023,US8676524064,9.818433536787921e-05
2022,2023,US8716071076,0.0012364868823900815
2022,2023,US87161C5013,0.00014433501367887665
2022,2023,US8718291078,0.000987330571941549
2022,2023,US8725401090,0.002341554395940295
2022,2023,US8760301072,0.00024200407601781526
2022,2023,US87612E1064,0.0017423815320642482
2022,2023,US8794338298,5.2590382669655664e-05
2022,2023,US8807701029,0.0003470416751954211
2022,2023,US8807791038,7.949991120730067e-05
2022,2023,US8816242098,0.0002483741058973235
2022,2023,US8825081040,0.003812290198726495
2022,2023,US8832031012,0.00039234522261853016
2022,2023,US88337F1057,3.307899399908047e-05
2022,2023,US8835561023,0.005480807293883036
2022,2023,US8851601018,9.51498002606781e-05
2022,2023,US88579Y1010,0.0016844142996970386
2022,2023,US88642R1095,6.663173167207001e-05
2022,2023,US8873891043,0.00014235011208165967
2022,2023,US8910921084,0.00028961748113934504
2022,2023,US89417E1091,0.0011426523832489073
2022,2023,US8962391004,0.00032636205822754406
2022,2023,US8965221091,7.666901252126268e-05
2022,2023,US89832Q1094,0.001449773274933445
2022,2023,US9024941034,0.0004291934076696456
2022,2023,US9026531049,0.00032628199375724125
2022,2023,US9026811052,0.0002159491618908095
2022,2023,US9029733048,0.0017087266786322646
2022,2023,US9078181081,0.0032275237389220897
2022,2023,US9111631035,5.9361417530678193e-05
2022,2023,US9113121068,0.0032123357456751785
2022,2023,US9113631090,0.0006426720453636518
2022,2023,US9129091081,5.946886644409425e-20
2022,2023,US91324P1021,0.012581998223028702
2022,2023,US91529Y1064,0.0002235921932599136
2022,2023,US91822M5022,2.0932462638343788e-05
2022,2023,US91913Y1001,0.001205799941425597
2022,2023,US92276F1003,0.0004874391851361657
2022,2023,US92343V1044,0.004207261893339479
2022,2023,US92532F1003,0.00187174174011476
2022,2023,US9255501051,6.257828961620494e-05
2022,2023,US92556V1061,0.00036345242973100946
2022,2023,US9282981086,7.86536477783635e-05
2022,2023,US9290421091,0.00011510885039784011
2022,2023,US9291601097,0.0005877414176573655
2022,2023,US92922P1066,1.6433397772646157e-05
2022,2023,US92939U1060,0.0007300334659368295
2022,2023,US9297401088,0.0004656510988590101
2022,2023,US9311421039,0.009713138035155297
2022,2023,US9314271084,0.0008441804393506184
2022,2023,US94106L1098,0.0016236905441444206
2022,2023,US9418481035,0.0005323984613484688
2022,2023,US9427491025,0.00010469877475276194
2022,2023,US9497461015,0.003990132613687893
2022,2023,US95040Q1040,0.0008145602732302733
2022,2023,US95058W1009,0.00012073504398543968
2022,2023,US95082P1057,0.00018490803292903337
2022,2023,US9581021055,0.0002714214624583002
2022,2023,US9598021098,0.00012876948079251828
2022,2023,US9604131022,0.0003035388584424304
2022,2023,US9621661043,0.0006013808902317072
2022,2023,US9633201069,0.00019022723739531581
2022,2023,US9682232064,7.399597409876266e-05
2022,2023,US9694571004,0.0009786071197705741
2022,2023,US9699041011,0.00020366059116684606
2022,2023,US9831341071,0.00025135413807812664
2022,2023,US98389B1008,0.0009157621392681258
2022,2023,US98421M1062,7.428481054450668e-05
2022,2023,US9884981013,0.0009377068469997829
2022,2023,US9892071054,0.0003397768274022781
2022,2023,US98956P1021,0.000680085256556467
2023,2024,AN8068571086,0.0015886550744437095
2023,2024,AT000000STR1,0.00010028600059480614
2023,2024,AT00000VIE62,9.233180185641674e-05
2023,2024,AT0000606306,0.00015164357682158976
2023,2024,AT0000652011,0.00037254589944276994
2023,2024,AT0000720008,0.00012572990259931545
2023,2024,AT0000730007,0.00014476536814796268
2023,2024,AT0000743059,0.0002928868427290425
2023,2024,AT0000746409,0.00034906063192161036
2023,2024,AT0000831706,7.028716974799227e-05
2023,2024,AT0000908504,7.916968343981651e-05
2023,2024,AT0000937503,7.017256423462112e-05
2023,2024,AT0000938204,5.3756441915527316e-05
2023,2024,AT0000A21KS2,7.495862356056874e-05
2023,2024,AU000000JHX1,0.00035275604729122787
2023,2024,BE0003470755,1.1442059593737629e-05
2023,2024,BE0003565737,0.0005729596426593752
2023,2024,BE0003593044,6.374265136217432e-05
2023,2024,BE0003717312,0.00018138882464030628
2023,2024,BE0003735496,2.890571479483687e-05
2023,2024,BE0003739530,0.00034835645073107824
2023,2024,BE0003755692,7.039109425167785e-06
2023,2024,BE0003797140,0.00024725082217804734
2023,2024,BE0003810273,8.14235751714817e-05
2023,2024,BE0003822393,0.00020215360001142092
2023,2024,BE0974256852,0.0001256494724785098
2023,2024,BE0974258874,6.283450171318986e-05
2023,2024,BE0974264930,0.00017941168075640674
2023,2024,BE0974271034,2.411827412550936e-05
2023,2024,BE0974293251,0.002386806417570563
2023,2024,BE0974320526,0.00014891823913508362
2023,2024,BMG850801025,1.8977831979487604e-05
2023,2024,CA00208D4084,0.00019591242850299504
2023,2024,CA0084741085,0.000586925067424003
2023,2024,CA00900Q1037,1.0594773566095975e-05
2023,2024,CA01626P1484,0.0012133271006757476
2023,2024,CA05534B7604,0.000773168302837351
2023,2024,CA0636711016,0.0015391523899354305
2023,2024,CA0641491075,0.0012751634445975944
2023,2024,CA0977518616,9.934575478425556e-05
2023,2024,CA1247651088,0.00015001520072605333
2023,2024,CA12532H1047,0.0004717347328595668
2023,2024,CA13321L1085,0.0004041354926781002
2023,2024,CA1360691010,0.0009616971444746967
2023,2024,CA1363751027,0.0017395573667884079
2023,2024,CA1363851017,0.0015178203745363351
2023,2024,CA13646K1084,0.0015782234879591133
2023,2024,CA1366812024,0.00012044569302188316
2023,2024,CA1367178326,0.00010836880411061465
2023,2024,CA2849025093,4.258032949728301e-05
2023,2024,CA2918434077,7.753783843472935e-05
2023,2024,CA29250N1050,0.001639952256199725
2023,2024,CA2927661025,7.107981928059442e-05
2023,2024,CA3180714048,9.405455502869296e-05
2023,2024,CA3359341052,0.00012914769838491847
2023,2024,CA3495531079,0.00042795521891685913
2023,2024,CA3518581051,0.0004635226683723341
2023,2024,CA3759161035,0.00012653226873497663
2023,2024,CA39138C1068,0.0006643460742778769
2023,2024,CA4495861060,0.0001367059177310036
2023,2024,CA4530384086,0.0006378644999278932
2023,2024,CA45823T1066,0.0005916968859989867
2023,2024,CA4969024047,0.00017099145461382247
2023,2024,CA5394811015,0.0006504797590247344
2023,2024,CA5592224011,0.00037590324877636
2023,2024,CA56501R1064,0.0008567631960665575
2023,2024,CA59151K1084,3.0712620563765244e-05
2023,2024,CA59162N1096,0.00024793623964703863
2023,2024,CA6744822033,8.952598260174798e-06
2023,2024,CA68272K1030,0.00011799032173426302
2023,2024,CA6837151068,0.00024387947692828814
2023,2024,CA7392391016,0.00036670890133614807
2023,2024,CA74022D4075,1.348706769663265e-05
2023,2024,CA7669101031,9.394632282782393e-05
2023,2024,CA7751092007,0.00042084085471487403
2023,2024,CA7800871021,0.0030417036343308563
2023,2024,CA8029121057,0.00018074011082277208
2023,2024,CA8239011031,4.007730403116921e-21
2023,2024,CA85472N1096,0.00020184221554293724
2023,2024,CA8667961053,0.0006513414173483992
2023,2024,CA8672241079,0.0008752482757576869
2023,2024,CA87807B1076,0.0008572085200859031
2023,2024,CA8787422044,0.0004780283295114437
2023,2024,CA87971M1032,0.0005614336569880734
2023,2024,CA8849038085,0.0014165943365231765
2023,2024,CA8911605092,0.002500920362544776
2023,2024,CA89346D1078,1.561199439535656e-22
2023,2024,CA8959451037,1.7962363223743094e-05
2023,2024,CA9611485090,0.00036370748301234123
2023,2024,CH0000816824,3.7022376812342754e-05
2023,2024,CH0008038389,0.00017993857754000606
2023,2024,CH0008742519,0.0006733899874758487
2023,2024,CH0010570759,0.0003496601044116762
2023,2024,CH0010645932,0.0008123497434560136
2023,2024,CH0011075394,0.0016337680308699518
2023,2024,CH0012005267,0.005168085048700789
2023,2024,CH0012032048,0.004344875875212957
2023,2024,CH0012138605,0.00017654965634140263
2023,2024,CH0012142631,0.00010773623617374244
2023,2024,CH0012214059,0.0009286495263122786
2023,2024,CH0012221716,0.0017780348799780938
2023,2024,CH0012255151,0.00016077508562115908
2023,2024,CH0012410517,0.0001514656905918965
2023,2024,CH0012549785,0.0004137016052971816
2023,2024,CH0013841017,0.0006708026426025186
2023,2024,CH0014786500,3.552278654694031e-05
2023,2024,CH0014852781,0.00043877288084674584
2023,2024,CH0018294154,0.00014435576063158241
2023,2024,CH0022268228,8.788968216390459e-05
2023,2024,CH0024608827,0.0008160328427604193
2023,2024,CH0024638212,0.0003448777813828028
2023,2024,CH0025238863,0.0008909253168292963
2023,2024,CH0025751329,0.00033285473403172613
2023,2024,CH0030170408,0.00047612888833127386
2023,2024,CH0038388911,6.884600848686424e-05
2023,2024,CH0038863350,0.00659886071584108
2023,2024,CH0044328745,0.0019685250310873233
2023,2024,CH0048265513,0.00011346289243377447
2023,2024,CH0102484968,0.00024454400695569396
2023,2024,CH0126881561,0.0007641752322766524
2023,2024,CH0198251305,0.00022787518274135926
2023,2024,CH0210483332,0.0015717500497733244
2023,2024,CH0244767585,0.0022909382266117677
2023,2024,CH0319416936,0.00014244490780952718
2023,2024,CH0418792922,0.0011117603478497566
2023,2024,CH1169151003,0.00013408023878122766
2023,2024,CH1175448666,0.000537730960649596
2023,2024,CH1256740924,0.00034459287123327293
2023,2024,DE0005089031,0.00010817400049438204
2023,2024,DE0005140008,0.0005988795056917608
2023,2024,DE0005190003,0.001382318864931826
2023,2024,DE0005200000,0.0008005302300117925
2023,2024,DE0005439004,0.0003619502103115792
2023,2024,DE0005470405,5.4261149249784265e-05
2023,2024,DE0005552004,0.001314161592304017
2023,2024,DE0005557508,0.002548407376442627
2023,2024,DE0005773303,0.0001236801234462097
2023,2024,DE0005785604,0.00037380797388787413
2023,2024,DE0005785802,0.00026242526689772137
2023,2024,DE0005810055,0.0008311789163669932
2023,2024,DE0005909006,4.006213164244351e-05
2023,2024,DE0006047004,0.00024950591555790967
2023,2024,DE0006048432,0.00030299046212732333
2023,2024,DE0006070006,0.00018916901405314866
2023,2024,DE0006202005,3.06986412355069e-20
2023,2024,DE0006231004,0.001169157113932329
2023,2024,DE0006569908,2.1066777660134477e-05
2023,2024,DE0006599905,0.0004361423934279509
2023,2024,DE0006602006,0.0001592083783738307
2023,2024,DE0006969603,0.00018067411424864898
2023,2024,DE0007030009,0.00029769131308737384
2023,2024,DE0007037129,0.0006797139730158198
2023,2024,DE0007042301,1.187912938834232e-05
2023,2024,DE0007100000,0.001586201934172586
2023,2024,DE0007164600,0.004036893991585907
2023,2024,DE0007236101,0.0031989484184795467
2023,2024,DE0007257503,3.626020746514958e-05
2023,2024,DE0007297004,4.833109992155411e-05
2023,2024,DE0007314007,2.294984020507219e-05
2023,2024,DE0007500001,1.648068683618711e-20
2023,2024,DE0007507501,2.5171015185506214e-05
2023,2024,DE0007664039,0.0005521133291957626
2023,2024,DE0008232125,0.00017426682662907938
2023,2024,DE0008402215,0.0006108521749858289
2023,2024,DE0008404005,0.0022353215018491596
2023,2024,DE0008430026,0.0012108548460346255
2023,2024,DE000A0D6554,6.505087925852639e-05
2023,2024,DE000A0D9PT0,0.00025127697857653056
2023,2024,DE000A0S8488,3.560616621632309e-05
2023,2024,DE000A0WMPJ6,9.780972092177304e-05
2023,2024,DE000A1EWWW0,0.000779586877489415
2023,2024,DE000A2GS401,5.368998232218016e-05
2023,2024,DE000BASF111,0.001022438323868083
2023,2024,DE000BAY0017,0.0007879959231311907
2023,2024,DE000CBK1001,0.00031723744672506487
2023,2024,DE000ENAG999,0.0007723041120297629
2023,2024,DE000KSAG888,3.983245722622206e-05
2023,2024,DE000PSM7770,3.316164989469913e-05
2023,2024,DE000TUAG505,5.601897111257662e-05
2023,2024,DK0010181759,0.00027691692813793656
2023,2024,DK0010234467,6.178011307724117e-05
2023,2024,DK0010244508,0.0002205207376486263
2023,2024,DK0010272632,8.24778563299711e-05
2023,2024,DK0010274414,0.0004921924045859278
2023,2024,DK0010287663,8.091045371670983e-05
2023,2024,DK0010307958,0.00010459116476507465
2023,2024,DK0010311471,5.640623462015695e-05
2023,2024,DK0060079531,0.0008251406803704481
2023,2024,DK0060336014,0.0002686621913637367
2023,2024,DK0060448595,0.0005105152797894448
2023,2024,DK0060477503,9.47437459871718e-05
2023,2024,DK0060636678,0.00029403479202527266
2023,2024,DK0060738599,0.00021380121076909067
2023,2024,DK0061539921,0.000688056524066967
2023,2024,ES0109427734,1.8952049287647945e-05
2023,2024,ES0112501012,5.281223935289238e-05
2023,2024,ES0113211835,0.0011290761143993005
2023,2024,ES0113679I37,0.00012061080306323954
2023,2024,ES0113860A34,0.00015031030309998298
2023,2024,ES0113900J37,0.0014418329447917681
2023,2024,ES0116870314,0.0006137026576127369
2023,2024,ES0117160111,6.968044895699677e-05
2023,2024,ES0118594417,6.53788912890684e-05
2023,2024,ES0122060314,0.00013408259537005382
2023,2024,ES0124244E34,0.00014330828472922122
2023,2024,ES0125220311,0.0001824856164381408
2023,2024,ES0130670112,0.00045137293464909414
2023,2024,ES0130960018,9.694581952741006e-05
2023,2024,ES0132105018,6.986451992874693e-05
2023,2024,ES0134950F36,2.5764582154640906e-05
2023,2024,ES0142090317,3.875675985672467e-06
2023,2024,ES0144580Y14,0.0017802472791487217
2023,2024,ES0148396007,0.0028856128567119436
2023,2024,ES0161560018,4.7008033848617934e-05
2023,2024,ES0167050915,0.00027088610820637476
2023,2024,ES0171996087,0.0001489473544180646
2023,2024,ES0173093024,0.00019705914567849252
2023,2024,ES0173516115,0.00038652622418691913
2023,2024,ES0178430E18,0.0004825134256260204
2023,2024,ES0182870214,6.402438550727863e-05
2023,2024,FI0009000202,0.00011494736777860131
2023,2024,FI0009000277,5.8582362900314084e-05
2023,2024,FI0009000459,8.96174904348357e-05
2023,2024,FI0009000681,0.0004013673850616882
2023,2024,FI0009002158,4.461633513591322e-05
2023,2024,FI0009002422,6.330773224098351e-05
2023,2024,FI0009003727,0.0001831848182676576
2023,2024,FI0009005318,2.5961480476927543e-05
2023,2024,FI0009005870,8.332840277110869e-05
2023,2024,FI0009005961,0.00018204026740069
2023,2024,FI0009005987,0.0004291534727912206
2023,2024,FI0009007132,0.00027503231831891103
2023,2024,FI0009007694,2.475360861370122e-05
2023,2024,FI0009007884,0.00016752665612874084
2023,2024,FI0009013296,0.0005811380302755241
2023,2024,FI0009013403,0.00048230158915047925
2023,2024,FI0009800643,1.690313552764687e-05
2023,2024,FR0000035081,6.619287708999412e-05
2023,2024,FR0000039109,6.399828930070386e-06
2023,2024,FR0000044448,8.74683139029599e-05
2023,2024,FR0000045072,0.0009268048590641675
2023,2024,FR0000051070,3.927469912454306e-05
2023,2024,FR0000052292,0.004772767444676793
2023,2024,FR0000053225,3.9003209319373675e-05
2023,2024,FR0000054470,7.72561939923161e-05
2023,2024,FR0000054900,3.4852459757749264e-05
2023,2024,FR0000064578,0.00012171381142221972
2023,2024,FR0000073272,0.0016120221885967255
2023,2024,FR0000077919,8.427842066023783e-05
2023,2024,FR0000120073,0.0021698016548105745
2023,2024,FR0000120172,0.0002832985030737083
2023,2024,FR0000120271,0.003497858836960655
2023,2024,FR0000120321,0.005673002857842524
2023,2024,FR0000120404,0.00022239038475507642
2023,2024,FR0000120503,0.00030641208024746286
2023,2024,FR0000120560,2.8097119159272888e-05
2023,2024,FR0000120578,0.0026757170611164407
2023,2024,FR0000120628,0.0015764506241755588
2023,2024,FR0000120644,0.0009398189528858641
2023,2024,FR0000120693,0.0009603446193225404
2023,2024,FR0000120859,4.876043981887671e-05
2023,2024,FR0000120966,6.880136861966747e-05
2023,2024,FR0000121014,0.008672329494070269
2023,2024,FR0000121121,0.00013827494104116152
2023,2024,FR0000121204,8.949741686540499e-05
2023,2024,FR0000121220,0.00034282753451096736
2023,2024,FR0000121329,0.00067001874994647
2023,2024,FR0000121485,0.0011572799448949156
2023,2024,FR0000121667,0.0019378539552030959
2023,2024,FR0000121964,0.00016628605218611855
2023,2024,FR0000121972,0.0024500605380881183
2023,2024,FR0000124141,0.0004721777456649729
2023,2024,FR0000125007,0.0007962012708665892
2023,2024,FR0000125338,0.0007661260836117807
2023,2024,FR0000125486,0.0016005683587934645
2023,2024,FR0000127771,0.0002384334062945444
2023,2024,FR0000130213,7.229837977174508e-05
2023,2024,FR0000130395,0.0001401707161120185
2023,2024,FR0000130403,0.0030083571813656353
2023,2024,FR0000130452,0.00022340206517555854
2023,2024,FR0000130577,0.0005121008888664185
2023,2024,FR0000130809,0.0004552989738039055
2023,2024,FR0000131104,0.0016930585817385804
2023,2024,FR0000131757,4.281472394607564e-05
2023,2024,FR0000131906,0.00026543874769585423
2023,2024,FR0000133308,0.0006491004872045692
2023,2024,FR0010040865,0.00020213163390453193
2023,2024,FR0010220475,0.0001136697103912076
2023,2024,FR0010221234,5.21804026758725e-05
2023,2024,FR0010307819,0.0005861050603649144
2023,2024,FR0010313833,0.0001839210901946401
2023,2024,FR0010340141,0.0002809628867606788
2023,2024,FR0010411983,0.00011015410693588464
2023,2024,FR0010533075,0.00021769336466037522
2023,2024,FR0013176526,8.231301401070396e-05
2023,2024,FR0013280286,0.00027912013006596917
2023,2024,FR0013326246,0.00022941103183707803
2023,2024,FR0013506730,6.683322406605574e-05
2023,2024,FR0014003TT8,0.0013901883078382585
2023,2024,FR001400AJ45,0.0005510517673608
2023,2024,GB0000163088,1.7284087381070211e-06
2023,2024,GB0000365774,2.3616987664100694e-20
2023,2024,GB0000456144,0.00046115605475787434
2023,2024,GB0000536739,0.0006470402099429194
2023,2024,GB0000600931,4.179165282061768e-06
2023,2024,GB0000811801,0.00014690540460474765
2023,2024,GB0000904986,8.337472636500687e-05
2023,2024,GB0000961622,4.8609354446808094e-05
2023,2024,GB0001110096,7.366867773255088e-06
2023,2024,GB0001367019,0.00010275340953312902
2023,2024,GB0001500809,0.0
2023,2024,GB0001570810,2.1341394393681687e-17
2023,2024,GB0001638955,2.89691400440335e-05
2023,2024,GB0001667087,8.29909917002736e-20
2023,2024,GB0001795680,0.0
2023,2024,GB0001826634,0.00013657265668920408
2023,2024,GB0001859296,8.285340420727712e-05
2023,2024,GB0002015021,7.358643207874786e-06
2023,2024,GB0002018363,1.9211442398527008e-05
2023,2024,GB0002074580,3.998306907199491e-05
2023,2024,GB0002148343,4.930236280429088e-05
2023,2024,GB0002318888,5.6284798250399814e-05
2023,2024,GB0002349065,1.5233666850573872e-20
2023,2024,GB0002374006,0.0017339343808454486
2023,2024,GB0002418548,1.6968423364994735e-05
2023,2024,GB0002634946,0.0009129195896521213
2023,2024,GB0002652740,7.742303532991046e-05
2023,2024,GB0002869419,6.416764903272188e-05
2023,2024,GB0002875804,0.001398408298543721
2023,2024,GB0003062816,3.112643824545137e-06
2023,2024,GB0003096442,0.00010901723868693816
2023,2024,GB0003308607,0.00010710019407997987
2023,2024,GB0003395000,8.71624071644296e-06
2023,2024,GB0003452173,2.7126063434100184e-05
2023,2024,GB0003718474,9.045500792668757e-05
2023,2024,GB0004052071,0.0002342164241080985
2023,2024,GB0004082847,0.0004885024941175513
2023,2024,GB0004161021,4.850919500622593e-05
2023,2024,GB0004170089,1.3796769051333356e-06
2023,2024,GB0004270301,4.2727004948973075e-05
2023,2024,GB0004478896,2.0263205152863755e-05
2023,2024,GB0004544929,0.00043506439947916083
2023,2024,GB0004657408,3.285917762288455e-05
2023,2024,GB0004726096,1.715954239529871e-05
2023,2024,GB0004866223,1.3121400616563845e-05
2023,2024,GB0004915632,1.5566326079490886e-05
2023,2024,GB0005405286,0.003330892392670181
2023,2024,GB0005576813,0.00011681659209329619
2023,2024,GB0005603997,0.0004089189899357562
2023,2024,GB0005630420,0.0
2023,2024,GB0005746358,4.613291232542736e-06
2023,2024,GB0006027295,1.8764839733464644e-05
2023,2024,GB0006215205,1.5691380840556626e-20
2023,2024,GB0006449366,1.5180089363732221e-05
2023,2024,GB0006640972,3.4788546618616615e-05
2023,2024,GB0006650450,3.75730269461091e-05
2023,2024,GB0006731235,0.0004938480471739609
2023,2024,GB0006776081,0.00018530488012489556
2023,2024,GB0006825383,0.0001251424616539137
2023,2024,GB0006928617,0.00012942912428550376
2023,2024,GB0006963689,7.932895759555809e-06
2023,2024,GB0007099541,0.0006670213320247142
2023,2024,GB0007188757,0.001993127906309727
2023,2024,GB0007323586,8.141968432943989e-05
2023,2024,GB0007370074,2.5994921517706296e-06
2023,2024,GB0007388407,1.4288328977526206e-05
2023,2024,GB0007668071,2.7718529756294887e-05
2023,2024,GB0007669376,0.00010663672902460461
2023,2024,GB0007689002,8.457047351688175e-06
2023,2024,GB0007908733,0.000555110106523479
2023,2024,GB0007958233,2.4295537268781795e-05
2023,2024,GB0007973794,4.8180364879300856e-05
2023,2024,GB0007980591,0.0021728857316849048
2023,2024,GB0008025412,7.191100736636942e-06
2023,2024,GB0008085614,2.770415907469964e-05
2023,2024,GB0008220112,0.00010920469943011218
2023,2024,GB0008475088,6.9125580708629075e-06
2023,2024,GB0008481250,6.984630807159664e-06
2023,2024,GB0008706128,0.0008196984242035028
2023,2024,GB0008711763,6.532634155684895e-06
2023,2024,GB0008782301,0.00014228007527196062
2023,2024,GB0008794710,2.935315999543559e-05
2023,2024,GB0009067447,3.67458448380932e-18
2023,2024,GB0009223206,0.0002572754577403457
2023,2024,GB0009286963,6.971931774233406e-07
2023,2024,GB0009292243,3.939413616831542e-05
2023,2024,GB0009296665,1.3189470245542142e-05
2023,2024,GB0009465807,0.00013694550003117572
2023,2024,GB0009633180,0.00011933525239250937
2023,2024,GB0009692319,1.1421130429660505e-05
2023,2024,GB0009697037,4.552366061706533e-05
2023,2024,GB0009895292,0.004464195827545614
2023,2024,GB0022569080,0.0002205387582505285
2023,2024,GB0030181522,1.0794719994537754e-05
2023,2024,GB0030232317,3.890931510906424e-05
2023,2024,GB0030329360,7.54205258185419e-20
2023,2024,GB0030913577,0.00033649165220766034
2023,2024,GB0031274896,0.0001424483654612363
2023,2024,GB0031348658,0.0006396357530794231
2023,2024,GB0031638363,0.00018711074083384492
2023,2024,GB0031743007,0.0001445234184824628
2023,2024,GB0032089863,0.0002759255465795228
2023,2024,GB0033147751,1.5648738465230382e-05
2023,2024,GB0033195214,0.0001248275380955231
2023,2024,GB0033986497,6.12991374857358e-05
2023,2024,GB00B00FPT80,1.5086886647542718e-05
2023,2024,GB00B012BV22,1.4244903977276738e-05
2023,2024,GB00B012TP20,1.2395846255195028e-05
2023,2024,GB00B019KW72,0.0001956259369380405
2023,2024,GB00B01QGK86,7.391505222118246e-18
2023,2024,GB00B02J6398,0.00022394097589629964
2023,2024,GB00B033F229,0.0002139622866120887
2023,2024,GB00B03HDJ73,3.0419911655079283e-19
2023,2024,GB00B04V1276,5.3258611800732394e-05
2023,2024,GB00B06QFB75,7.710670460758162e-05
2023,2024,GB00B0744359,1.6797706313993626e-05
2023,2024,GB00B0744B38,0.0002929264486028391
2023,2024,GB00B082RF11,0.0003030602277816316
2023,2024,GB00B0FYMT95,1.3762668476828086e-05
2023,2024,GB00B0KM9T71,1.6780334901781575e-05
2023,2024,GB00B0LCW083,0.00010985176105615924
2023,2024,GB00B0N8QD54,5.8202000680739606e-05
2023,2024,GB00B0SWJX34,0.0013102199789721456
2023,2024,GB00B0WMWD03,4.723962889695785e-05
2023,2024,GB00B128J450,1.9643017766913634e-05
2023,2024,GB00B132NW22,4.3540807806794174e-05
2023,2024,GB00B135BJ46,4.029930029605371e-05
2023,2024,GB00B18P5K83,5.471397636110156e-06
2023,2024,GB00B19Z1432,1.7189023573053578e-05
2023,2024,GB00B1FH8J72,0.00021299637685890405
2023,2024,GB00B1FP6H53,4.636051896364342e-05
2023,2024,GB00B1FW5029,2.8156668698699843e-05
2023,2024,GB00B1G5HX72,5.347828802848277e-06
2023,2024,GB00B1JQDM80,4.002509193912528e-06
2023,2024,GB00B1KJJ408,0.00018573229786662912
2023,2024,GB00B1L5QH97,2.627312607858441e-06
2023,2024,GB00B1P6ZR11,8.631499901462342e-06
2023,2024,GB00B1VNSX38,5.7157588064843906e-05
2023,2024,GB00B1WY2338,0.0001692643444547474
2023,2024,GB00B1XH2C03,3.406093959660401e-05
2023,2024,GB00B1YW4409,0.000646528130649766
2023,2024,GB00B27YGJ97,9.561262396607702e-07
2023,2024,GB00B2B0DG97,0.0015970222136293141
2023,2024,GB00B2NGPM57,3.566385055392227e-05
2023,2024,GB00B2PDGW16,5.0745224174659877e-05
2023,2024,GB00B39J2M42,0.00020082565726640812
2023,2024,GB00B3CX3644,0.0
2023,2024,GB00B3DGH821,4.479786410239983e-06
2023,2024,GB00B3FLWH99,3.4201774408149396e-05
2023,2024,GB00B41H7391,2.8493322881580566e-05
2023,2024,GB00B45C9X44,3.11164432781943e-05
2023,2024,GB00B572ZV91,2.1989953747426483e-20
2023,2024,GB00B5N0P849,3.91209435868532e-05
2023,2024,GB00B5ZN1N88,0.00029603875776304674
2023,2024,GB00B61TVQ02,7.649364300645853e-05
2023,2024,GB00B63H8491,0.0006862576914901721
2023,2024,GB00B63QSB39,8.158625099045761e-05
2023,2024,GB00B64NSP76,0.0
2023,2024,GB00B67G5X01,3.758923474376562e-05
2023,2024,GB00B6XZKY75,1.3933810487099879e-05
2023,2024,GB00B71N6K86,5.871744854050346e-21
2023,2024,GB00B7KR2P84,7.010138475584227e-05
2023,2024,GB00B82YXW83,3.480885450340613e-05
2023,2024,GB00B8C3BL03,0.00032517395596960415
2023,2024,GB00BD6K4575,0.0009966869631484413
2023,2024,GB00BDCPN049,0.0006547450700685854
2023,2024,GB00BDFBVT43,1.5944587530027735e-06
2023,2024,GB00BDR05C01,0.0010630329385492888
2023,2024,GB00BF044593,1.6074595055766006e-05
2023,2024,GB00BF5H9P87,3.206104396888899e-05
2023,2024,GB00BF8Q6K64,9.170723995675628e-05
2023,2024,GB00BG11K365,5.644181434839435e-05
2023,2024,GB00BGDT3G23,0.0001210789612017277
2023,2024,GB00BGLP8L22,0.0001200024143368734
2023,2024,GB00BH4HKS39,0.0005113238742627067
2023,2024,GB00BHJYC057,0.00033812610733282807
2023,2024,GB00BJFFLV09,0.00019549499409778076
2023,2024,GB00BJT0FF39,4.194307264728405e-06
2023,2024,GB00BK9RKT01,4.275625418822378e-05
2023,2024,GB00BKY40Q38,5.253848983093176e-06
2023,2024,GB00BL6XZ716,8.472590863942358e-06
2023,2024,GB00BLGZ9862,0.0005587295253230391
2023,2024,GB00BM8PJY71,0.0005262217786789893
2023,2024,GB00BM8Q5M07,0.0002242064944600501
2023,2024,GB00BMJ6DW54,0.0002915205871211537
2023,2024,GB00BN7SWP63,0.0016259513545142257
2023,2024,GB00BNGDN821,0.00020531522275436137
2023,2024,GB00BNNTLN49,5.6085693832166894e-05
2023,2024,GB00BNR4T868,2.438253172821167e-20
2023,2024,GB00BP6MXD84,0.0045556590631205904
2023,2024,GB00BP92CJ43,7.563426164103715e-05
2023,2024,GB00BP9LHF23,0.00018921437385070925
2023,2024,GB00BPQY8M80,0.000328077922606911
2023,2024,GB00BRKD9Z53,2.1729140925008667e-18
2023,2024,GB00BV9FP302,8.521370657917458e-05
2023,2024,GB00BVFNZH21,7.747339971541911e-05
2023,2024,GB00BWFGQN14,0.0002079056301992503
2023,2024,GB00BYQ0JC66,9.866711379888904e-05
2023,2024,GB00BYRJ5J14,3.7112158204425024e-05
2023,2024,GB00BYT1DJ19,0.0001341244498035207
2023,2024,GB00BYW0PQ60,0.00014655889906941338
2023,2024,GB00BYZN9041,2.6705848852707745e-05
2023,2024,GB00BZ4BQC70,8.99820828813253e-05
2023,2024,IE0001827041,0.001004608383601942
2023,2024,IE0002424939,0.00015604270525419338
2023,2024,IE0003864109,1.7856325300476548e-05
2023,2024,IE0004906560,0.00032546027795302005
2023,2024,IE0004927939,0.00033479683403936036
2023,2024,IE00B00MZ448,5.266653823290345e-05
2023,2024,IE00B4BNMY34,0.004984754428420094
2023,2024,IE00B8KQN827,0.0020478366082292113
2023,2024,IE00BD1RP616,0.00021454658387541205
2023,2024,IE00BDB6Q211,0.0005315239140145064
2023,2024,IE00BF0L3536,0.0002570212429186806
2023,2024,IE00BGH1M568,8.775206817698163e-05
2023,2024,IE00BK9ZQ967,0.0011826866311993478
2023,2024,IE00BLP1HW54,0.001243115142004167
2023,2024,IE00BLS09M33,0.0002525555484721901
2023,2024,IE00BTN1Y115,0.0023366317101654903
2023,2024,IE00BWT6H894,0.0006723641909770253
2023,2024,IE00BY7QL619,0.0008386962405137641
2023,2024,IE00BYTBXV33,0.0005007338246183147
2023,2024,IL0002300114,7.38592072486699e-05
2023,2024,IL0002730112,0.00027649376815271976
2023,2024,IL0002810146,0.00013619180887729034
2023,2024,IL0005930388,9.144003734152013e-05
2023,2024,IL0006046119,0.00027064931569887674
2023,2024,IL0006625771,0.00026388541517800287
2023,2024,IL0006954379,0.0002231567329156283
2023,2024,IL0010811243,0.0001990144425454422
2023,2024,IL0010824113,0.00038302533823548427
2023,2024,IT0000062072,0.0007068186634440125
2023,2024,IT0000062957,0.00022996496932197358
2023,2024,IT0000066123,0.00010219063928645362
2023,2024,IT0000072618,0.0011424237161637785
2023,2024,IT0000784196,6.222050995646395e-05
2023,2024,IT0001233417,0.00011889767077226878
2023,2024,IT0001347308,3.709321316557705e-05
2023,2024,IT0001469383,1.6089091178064462e-05
2023,2024,IT0003128367,0.0016060051964041132
2023,2024,IT0003132476,0.0012053971979624097
2023,2024,IT0003153415,0.0003706062800611439
2023,2024,IT0003242622,0.00036180313009594525
2023,2024,IT0003497168,0.00010627292453600766
2023,2024,IT0003856405,0.00021579096313677966
2023,2024,IT0004810054,9.403003763453091e-05
2023,2024,IT0004827447,0.0001591515288789658
2023,2024,IT0005218380,0.00017293915327667729
2023,2024,IT0005239360,0.0010377123636704682
2023,2024,IT0005495657,7.116206454638413e-05
2023,2024,JE00B8KF9B49,0.00022648272920770338
2023,2024,JE00BJ1DLW90,8.266002425400297e-05
2023,2024,JE00BYVQYS01,4.534468889634089e-05
2023,2024,LR0008862868,0.0007072056919406182
2023,2024,LU0075646355,9.715646238861095e-05
2023,2024,NL0000008977,0.0005189112591003308
2023,2024,NL0000009082,0.0003046341223181733
2023,2024,NL0000009165,0.0012479517807933115
2023,2024,NL0000009538,0.00045156406331304307
2023,2024,NL0000226223,0.0009754323908470051
2023,2024,NL0000235190,0.002603274288388248
2023,2024,NL0000289213,1.9303004373478703e-05
2023,2024,NL0000337319,1.15755415282459e-05
2023,2024,NL0000360618,5.583149597200068e-05
2023,2024,NL0000379121,0.00024021649093770446
2023,2024,NL0000395903,0.0007517946184342338
2023,2024,NL0006237562,0.00010601612129911071
2023,2024,NL0009432491,8.95379055136627e-05
2023,2024,NL0010273215,0.0064719574744975744
2023,2024,NL0010583399,2.579489131234366e-05
2023,2024,NL0011794037,0.0005798321398495821
2023,2024,NL0011821202,0.0011136046870120324
2023,2024,NL0013267909,0.00030210367835013644
2023,2024,NL0013332471,1.714088512559043e-05
2023,2024,NL00150001Q9,0.0015851671238254973
2023,2024,NL00150003E1,5.9242194185491166e-05
2023,2024,NL0015001FS8,0.0005755857538783327
2023,2024,NL0015435975,0.0002799589556465151
2023,2024,NO0003028904,6.192678772204103e-05
2023,2024,NO0003053605,9.108863917572764e-05
2023,2024,NO0003054108,0.00020806847540091392
2023,2024,NO0003078800,4.850053713312386e-05
2023,2024,NO0003733800,0.00016456266335304457
2023,2024,NO0005052605,0.0002977891592280203
2023,2024,NO0010063308,0.000346352728844329
2023,2024,NO0010096985,0.002033814874180723
2023,2024,NO0010208051,0.00015137079279210397
2023,2024,NO0010215684,2.0888074665742065e-05
2023,2024,NO0012470089,7.693398771581104e-05
2023,2024,PA1436583006,0.00043959656831058305
2023,2024,PTBCP0AM0015,9.130055359661137e-05
2023,2024,PTEDP0AM0009,0.0004540741477946758
2023,2024,PTJMT0AE0001,0.00034513073524131154
2023,2024,PTSON0AM0001,4.385153120847643e-05
2023,2024,PTZON0AM0006,4.40407386175207e-05
2023,2024,SE0000106270,0.0005471042748026965
2023,2024,SE0000108227,0.0001867736401269626
2023,2024,SE0000108656,0.00041542406989297407
2023,2024,SE0000111940,2.5492784422814436e-05
2023,2024,SE0000112724,0.0002146347293758411
2023,2024,SE0000113250,0.0001539646146059839
2023,2024,SE0000114837,0.0001664065535064148
2023,2024,SE0000148884,0.0006209116242439229
2023,2024,SE0000163594,0.0001180059590671645
2023,2024,SE0000163628,6.302766975288102e-05
2023,2024,SE0000171100,4.1028477305028335e-20
2023,2024,SE0000190126,0.00018148744046136322
2023,2024,SE0000202624,0.00012206777897538685
2023,2024,SE0000242455,0.0004935033073392594
2023,2024,SE0000379190,0.00015098879895087745
2023,2024,SE0000667891,0.0005868835340200663
2023,2024,SE0000667925,0.0002175825969766578
2023,2024,SE0000695876,0.0003527133801928858
2023,2024,SE0000806994,2.4184600681875138e-05
2023,2024,SE0000862997,4.796836165525528e-05
2023,2024,SE0000949331,8.53288648217355e-06
2023,2024,SE0001662230,8.574366254658337e-05
2023,2024,SE0005190238,0.0001263308509323474
2023,2024,SE0006993770,0.00012331969647982145
2023,2024,SE0007100581,0.0006456642979260069
2023,2024,SE0007100599,0.00045423827162105804
2023,2024,SE0011090018,0.00011140547381289493
2023,2024,SE0011166974,7.808275779475142e-05
2023,2024,SE0015811955,0.0006103521986917369
2023,2024,SE0015961909,0.0006644610102561184
2023,2024,SE0015988019,0.00026480046258562295
2023,2024,SE0016589188,6.693493643955107e-05
2023,2024,SE0017486889,0.0012329222954147584
2023,2024,SE0018012494,2.8399871230365128e-05
2023,2024,SE0018012635,5.639762009645028e-05
2023,2024,SE0020050417,0.0001866332111383025
2023,2024,US0010551028,0.0010274261677503266
2023,2024,US0010841023,0.0002005946552302951
2023,2024,US00130H1059,0.000201994684974731
2023,2024,US00206R1023,0.002563340638092474
2023,2024,US0028241000,0.004079980344563173
2023,2024,US0028962076,9.244743723873391e-05
2023,2024,US00724F1012,0.00579076078503298
2023,2024,US00751Y1064,7.927434682257812e-05
2023,2024,US0079031078,0.005079292986423448
2023,2024,US0082521081,0.00011740409643678492
2023,2024,US00846U1016,0.0008715563434256865
2023,2024,US0091581068,0.001289072685745463
2023,2024,US00971T1016,0.00037712064124109136
2023,2024,US0126531013,0.0003629040274022252
2023,2024,US0152711091,0.00047804498662483614
2023,2024,US01741R1023,0.00013999471498503033
2023,2024,US0185811082,3.778372615866712e-05
2023,2024,US0188021085,0.000261101366771234
2023,2024,US0200021014,0.0007829176639382603
2023,2024,US02079K3059,0.0176185457982823
2023,2024,US02209S1033,0.0015353265642735255
2023,2024,US0231351067,0.033465794085275585
2023,2024,US0236081024,0.0003864099757714905
2023,2024,US0255371017,0.0008925981914089603
2023,2024,US02553E1064,8.546493300955535e-05
2023,2024,US0258161092,0.0029181732816862074
2023,2024,US0268747849,0.0010122706008950974
2023,2024,US03027X1000,0.002149303326089306
2023,2024,US03073E1055,0.000883457214973672
2023,2024,US03076C1062,0.0008228962723514436
2023,2024,US0311001004,0.0008092910116376848
2023,2024,US0311621009,0.0032864073827127186
2023,2024,US0320951017,0.0012638151398482063
2023,2024,US0326541051,0.0020999020316995434
2023,2024,US0367521038,0.00236318145298567
2023,2024,US03743Q1085,0.0002178492147327556
2023,2024,US0375981091,2.691293638709596e-05
2023,2024,US0378331005,0.0638283735842847
2023,2024,US0382221051,0.002865344545350782
2023,2024,US0383361039,0.00017568097543909004
2023,2024,US0394831020,0.0008180233073031205
2023,2024,US0427351004,0.00014695592061328688
2023,2024,US0441861046,9.020028188781001e-05
2023,2024,US0454871056,6.433207123415388e-05
2023,2024,US04621X1081,0.00019085678654678
2023,2024,US0495601058,0.00038083345533022764
2023,2024,US0527691069,0.0011189367662992195
2023,2024,US0528001094,0.00020059890606025327
2023,2024,US0530151036,0.0020397997170133434
2023,2024,US0533321024,0.0009469965528056934
2023,2024,US0534841012,0.0005674464612616935
2023,2024,US0536111091,0.0003501941566407927
2023,2024,US0537741052,0.00011792734547716573
2023,2024,US0538071038,0.0001066245842243292
2023,2024,US0565251081,8.58453716980366e-05
2023,2024,US0584981064,0.0003866729353395768
2023,2024,US0605051046,0.005685712181778816
2023,2024,US0640581007,0.000854748343661905
2023,2024,US0708301041,0.00020096680205817458
2023,2024,US0718131099,0.00042234227873371897
2023,2024,US0758871091,0.0015053716494423605
2023,2024,US0844231029,0.00039447080908877987
2023,2024,US0846701086,0.006612939967790294
2023,2024,US0865161014,0.0003515276250840195
2023,2024,US0893021032,6.019951988559058e-07
2023,2024,US09061G1013,0.0003798637138629713
2023,2024,US09062X1037,0.0007936116694012967
2023,2024,US09073M1045,0.0002611240543068995
2023,2024,US0936711052,0.00014241596322808953
2023,2024,US0970231058,0.003364367568646249
2023,2024,US09857L1089,0.002644576150237293
2023,2024,US0997241064,0.00018984576932819906
2023,2024,US1011211018,0.00023576949962604896
2023,2024,US1011371077,0.0018080751486253962
2023,2024,US1033041013,0.0001385560552267371
2023,2024,US1053682035,2.0250869089251385e-05
2023,2024,US1096411004,4.359232139415609e-05
2023,2024,US1096961040,8.02330090864439e-05
2023,2024,US1101221083,0.0022239470705634153
2023,2024,US1124631045,1.7074345650100023e-05
2023,2024,US1156372096,0.00037022579551166816
2023,2024,US12504L1098,0.0006026621197471486
2023,2024,US1252691001,0.00028835595140924713
2023,2024,US12541W2098,0.0002198886289556298
2023,2024,US1255231003,0.0018644373298247082
2023,2024,US12572Q1058,0.0016117144526962505
2023,2024,US1258961002,0.00034448315697720123
2023,2024,US1264081035,0.0014639483236895629
2023,2024,US12653C1080,8.032683071270403e-05
2023,2024,US1266501006,0.0021597922278264077
2023,2024,US1270551013,7.085859721754647e-05
2023,2024,US1270971039,0.00041712588140822425
2023,2024,US1273871087,0.0015792479680620199
2023,2024,US1307881029,6.865032269245606e-05
2023,2024,US1331311027,0.00022850412021104889
2023,2024,US1344291091,0.00026992251644446686
2023,2024,US14040H1059,0.001067256587311032
2023,2024,US14149Y1082,0.0005353553511684894
2023,2024,US1423391002,0.0003274019006005796
2023,2024,US1431301027,0.0002625208789153834
2023,2024,US1491231015,0.0032178899688543477
2023,2024,US1508701034,0.0003659464842936328
2023,2024,US15189T1079,0.00038659899112349246
2023,2024,US1598641074,0.0002615515196140361
2023,2024,US1667641005,0.005981884272104093
2023,2024,US1699051066,0.00012594070398610607
2023,2024,US1713401024,0.0004989988003249523
2023,2024,US1717793095,0.0001396723359415415
2023,2024,US1720621010,0.00035163705912489874
2023,2024,US17275R1023,0.004373140933807158
2023,2024,US1729081059,0.0013023745795120326
2023,2024,US1729674242,0.002103870730075257
2023,2024,US1858991011,0.00018444867731139662
2023,2024,US1890541097,0.00037861491349881077
2023,2024,US1912161007,0.005435401637551818
2023,2024,US1924461023,0.0008061281450958683
2023,2024,US1941621039,0.001402656430049849
2023,2024,US20030N1019,0.0037516818494877
2023,2024,US2003401070,0.0001584049311989439
2023,2024,US2017231034,0.00013241445071583826
2023,2024,US2058871029,0.000294131529439521
2023,2024,US20825C1045,0.0029365482436079916
2023,2024,US2091151041,0.0006772753334140977
2023,2024,US21036P1084,0.000953128465704498
2023,2024,US2172041061,0.0010017503574372068
2023,2024,US21871N1019,3.9580425116979756e-05
2023,2024,US2193501051,0.0005606014639425599
2023,2024,US22160K1051,0.00623429536821902
2023,2024,US22410J1060,3.908364156372993e-05
2023,2024,US22822V1017,0.001073246283332837
2023,2024,US2283681060,0.00023224187556243457
2023,2024,US2310211063,0.0007293395569158601
2023,2024,US23331A1097,0.0010852082802853356
2023,2024,US2333311072,0.00046558564846248046
2023,2024,US23355L1061,9.978988405703801e-05
2023,2024,US2358511028,0.003642002225478471
2023,2024,US2371941053,0.00041537323422765135
2023,2024,US23918K1088,0.00020313700455493506
2023,2024,US2441991054,0.002393574988689538
2023,2024,US2473617023,0.0005294394152110719
2023,2024,US24906P1093,0.00016418874261373736
2023,2024,US25179M1036,0.0006203774427939084
2023,2024,US2533931026,0.00017602867791424932
2023,2024,US2546871060,0.003527133492582485
2023,2024,US25525P1075,2.17993878781465e-05
2023,2024,US25659T1079,0.00011230820803729987
2023,2024,US2566771059,0.0006315408742410234
2023,2024,US2567461080,0.0006544385003702265
2023,2024,US25746U1097,0.0008253104145047211
2023,2024,US2576511099,0.00017235019168236845
2023,2024,US25960P1093,5.3196889161816384e-05
2023,2024,US2600031080,0.00046375321793645015
2023,2024,US26441C2044,0.001574886665518224
2023,2024,US26875P1012,0.001504729622876332
2023,2024,US26884L1098,0.000342214968263999
2023,2024,US2774321002,0.00021574355542888234
2023,2024,US2774614067,1.8686235238309767e-06
2023,2024,US2786421030,0.00048012161335942116
2023,2024,US2788651006,0.0012041250341190263
2023,2024,US2810201077,0.0005945166847588454
2023,2024,US28176E1082,0.0009771516274262686
2023,2024,US2855121099,0.0007874418884134427
2023,2024,US2910111044,0.0011887735980653973
2023,2024,US29364G1031,0.0004142621981687518
2023,2024,US2944291051,0.0006502134376458242
2023,2024,US29444U7000,0.0016124677173508955
2023,2024,US29476L1070,0.000499630603771787
2023,2024,US29670G1022,0.00022159908944153014
2023,2024,US2971781057,0.0003426958129005679
2023,2024,US30034W1062,0.00020890269663244006
2023,2024,US30040W1080,0.00047560007055505297
2023,2024,US30161N1019,0.0007818341642078996
2023,2024,US30212P3038,0.0004388014240410719
2023,2024,US3021301094,0.00039535209170977244
2023,2024,US30231G1022,0.008514184585858283
2023,2024,US3024913036,0.00016847516212802836
2023,2024,US3029411093,0.00016149863967639483
2023,2024,US3030751057,0.0003785908043711377
2023,2024,US3119001044,0.0007957048270796648
2023,2024,US3137451015,0.00018333577472822346
2023,2024,US31428X1063,0.0013520846505464881
2023,2024,US3156161024,0.0002325513494840653
2023,2024,US31620M1062,0.00075636242402276
2023,2024,US3167731005,0.0005055066286676135
2023,2024,US3205171057,0.00016912628405610038
2023,2024,US3377381088,0.0016976136715844072
2023,2024,US3379321074,0.00043884422406544933
2023,2024,US3434121022,0.00014951284486923553
2023,2024,US34354P1057,0.00011250379037906541
2023,2024,US3448491049,6.646916285590543e-05
2023,2024,US3453708600,0.0010271381150918724
2023,2024,US3546131018,0.00031690439144259976
2023,2024,US35671D8570,0.0013086707428766192
2023,2024,US3614481030,9.943885760325404e-05
2023,2024,US3635761097,0.0010369164391389957
2023,2024,US3647601083,0.0001700365208799657
2023,2024,US3695501086,0.0015129686207907263
2023,2024,US3703341046,0.0007864809192744135
2023,2024,US37045V1008,0.0010519043642907204
2023,2024,US3719011096,0.00016385526079965704
2023,2024,US3724601055,0.0004116740533101422
2023,2024,US37247D1063,6.233910874502578e-05
2023,2024,US3755581036,0.002152665162136185
2023,2024,US37940X1028,0.0007074937879584892
2023,2024,US37959E1029,0.0002450541757531714
2023,2024,US38141G1040,0.002684231680503509
2023,2024,US3825501014,8.231835294491743e-05
2023,2024,US3841091040,0.0003073208333374113
2023,2024,US3848021040,0.0008812557497431397
2023,2024,US3976241071,2.7761218059094098e-05
2023,2024,US40434L1052,0.0006511066134131971
2023,2024,US4062161017,0.0006956713867590421
2023,2024,US4103451021,2.9568647381373293e-05
2023,2024,US4108671052,9.906786037168175e-05
2023,2024,US4128221086,0.00011251494159456125
2023,2024,US4158641070,1.2346377523098718e-05
2023,2024,US4165151048,0.0005253093763583542
2023,2024,US4180561072,0.0001511467404273214
2023,2024,US4198701009,2.3560298036718012e-20
2023,2024,US42250P1030,0.00024270753498183516
2023,2024,US42330P1075,5.001583811867606e-05
2023,2024,US4234521015,6.793014468095173e-05
2023,2024,US4278661081,0.0006009877423809601
2023,2024,US42809H1077,0.0009387520879706913
2023,2024,US4364401012,0.00036316735522998753
2023,2024,US4370761029,0.007349738288646865
2023,2024,US4385161066,0.0029511395907558294
2023,2024,US4404521001,0.00037482021827823115
2023,2024,US44107P1049,0.0003040516284131713
2023,2024,US4435106079,0.0003797380951744769
2023,2024,US4448591028,0.0012002074811006836
2023,2024,US4456581077,0.0004427515932938989
2023,2024,US4461501045,0.00039452617822748667
2023,2024,US4470111075,0.00010851988851612296
2023,2024,US45073V1089,0.00020555902473577884
2023,2024,US45167R1041,0.0003488681620743853
2023,2024,US45168D1046,0.000980042507373186
2023,2024,US4523081093,0.0016824088824808007
2023,2024,US4523271090,0.00047728186469148614
2023,2024,US4581401001,0.004515880777699571
2023,2024,US45866F1049,0.0015592032200293575
2023,2024,US4592001014,0.0031858621865480563
2023,2024,US4595061015,0.0004431492871254391
2023,2024,US4601461035,0.0002580058373279037
2023,2024,US4606901001,0.00026878247870885783
2023,2024,US4612021034,0.003725211596434635
2023,2024,US46120E6023,0.002531415179187442
2023,2024,US46284V1017,0.000445953493158019
2023,2024,US4657411066,7.164508361785394e-05
2023,2024,US46625H1005,0.010484430104191412
2023,2024,US4663131039,0.0003518283070715416
2023,2024,US46982L1089,0.00035274940757829004
2023,2024,US4781601046,0.008046755370728773
2023,2024,US48020Q1076,0.00019222391437843543
2023,2024,US48203R1041,0.00020582000380737402
2023,2024,US48242W1062,0.00016969715418288324
2023,2024,US4824801009,0.0016822186989462213
2023,2024,US48666K1097,0.0001082425057266403
2023,2024,US4878361082,0.00040997492565565127
2023,2024,US4891701009,4.2894232617589924e-05
2023,2024,US4932671088,0.0002862960239264903
2023,2024,US4943681035,0.0008788989266282675
2023,2024,US49446R1095,0.00028691338912102807
2023,2024,US49456B1017,0.0008223260942951631
2023,2024,US4972661064,9.352705240936305e-05
2023,2024,US5002551043,6.798277583757519e-05
2023,2024,US5010441013,0.0006983939119758548
2023,2024,US5018892084,0.0002759555901159989
2023,2024,US5150981018,0.00015394209647691143
2023,2024,US5178341070,0.0007925931826389422
2023,2024,US5184391044,0.0007272269850472286
2023,2024,US5218652049,0.0001767262325901212
2023,2024,US5246601075,6.657546799158467e-05
2023,2024,US5260571048,0.0008032538385266307
2023,2024,US5261071071,0.0003341752352862313
2023,2024,US5324571083,0.011793407784540634
2023,2024,US5339001068,0.00027242779201006224
2023,2024,US5341871094,9.854477380486404e-05
2023,2024,US5370081045,0.00014798731263772116
2023,2024,US5398301094,0.0024012301661264397
2023,2024,US5486611073,0.002726015038675286
2023,2024,US5502411037,3.528282864436131e-05
2023,2024,US55261F1049,0.0004863917246597942
2023,2024,US5526761086,9.707550970310298e-05
2023,2024,US5526901096,8.312598631639362e-05
2023,2024,US5529531015,0.0003314512796789519
2023,2024,US5535301064,0.0001303837649278783
2023,2024,US5543821012,6.492187498075704e-05
2023,2024,US5544891048,3.275801201256588e-05
2023,2024,US55616P1049,0.00011976956538607467
2023,2024,US5635714059,2.5179333967489118e-05
2023,2024,US56418H1005,8.355508756446812e-05
2023,2024,US5658491064,0.00030490416054251824
2023,2024,US5717481023,0.001989364851716617
2023,2024,US5719032022,0.0014152743975670429
2023,2024,US5732841060,0.0006538292816932234
2023,2024,US5738741041,0.0011177350324444153
2023,2024,US5745991068,0.0003223393316235832
2023,2024,US57636Q1040,0.008463407298155708
2023,2024,US5770811025,0.00014462050279380516
2023,2024,US5797802064,0.00036375510810280525
2023,2024,US5801351017,0.004588974669133889
2023,2024,US58155Q1031,0.001319023842966451
2023,2024,US58933Y1055,0.005893932017735286
2023,2024,US59156R1086,0.0010447495735052736
2023,2024,US5926881054,0.0005632390054859519
2023,2024,US5949181045,0.05957047390157461
2023,2024,US5950171042,0.001040494757862004
2023,2024,US5951121038,0.002008854321435484
2023,2024,US6005441000,3.742036457041915e-05
2023,2024,US6081901042,0.00014088550125361752
2023,2024,US60871R2094,0.00026256531626549765
2023,2024,US6092071058,0.00210063467297621
2023,2024,US61174X1090,0.0012781193953073072
2023,2024,US6153691059,0.001519035326035805
2023,2024,US6174464486,0.0032651444535500783
2023,2024,US61945C1036,0.00025071241223320297
2023,2024,US6200763075,0.0011034548742163783
2023,2024,US6267171022,0.00014019348986112277
2023,2024,US62886E1082,5.622844823995479e-05
2023,2024,US6293775085,0.00020701557394231388
2023,2024,US62955J1034,0.00017316498011036332
2023,2024,US6311031081,0.000709168607338749
2023,2024,US6361801011,0.00010385952465577662
2023,2024,US64110D1046,0.0003892706080707429
2023,2024,US6501111073,0.00016284791745926905
2023,2024,US6512291062,8.493893443454122e-05
2023,2024,US6516391066,0.0010219561755187808
2023,2024,US65249B1098,0.00019522914412105938
2023,2024,US65339F1012,0.002652517625461609
2023,2024,US6541061031,0.0028146819354361963
2023,2024,US65473P1057,0.00022407044164913736
2023,2024,US6556641008,6.986919157631786e-05
2023,2024,US6558441084,0.0011449675549733717
2023,2024,US6658591044,0.00037591631389926233
2023,2024,US6668071029,0.0015068650547455519
2023,2024,US6687711084,0.000302574488134708
2023,2024,US6703461052,0.0009208604335073396
2023,2024,US67066G1040,0.026069641941836214
2023,2024,US6708371033,0.00012181756786698976
2023,2024,US67098H1041,1.1596610751156994e-05
2023,2024,US67103H1077,0.0011933966103326009
2023,2024,US6745991058,0.0011101170584517789
2023,2024,US6752321025,4.540579875021293e-05
2023,2024,US6780261052,2.047579226827654e-05
2023,2024,US6819191064,0.0003658917203843351
2023,2024,US6821891057,0.0007720120569735066
2023,2024,US6826801036,0.0008783992253670648
2023,2024,US68389X1054,0.006182377475266409
2023,2024,US6866881021,9.565500983848793e-05
2023,2024,US6882392011,0.00015918553898596795
2023,2024,US69331C1080,0.0007989983857346297
2023,2024,US6934751057,0.001315331135864752
2023,2024,US6935061076,0.000750595545179677
2023,2024,US69351T1060,0.0003964096544894743
2023,2024,US6936561009,0.00016287450552732464
2023,2024,US6937181088,0.001088198604969067
2023,2024,US6951561090,0.00031969469378382366
2023,2024,US7010941042,0.001263119052961117
2023,2024,US7043261079,0.0009116636853915993
2023,2024,US7075691094,8.906687509995493e-05
2023,2024,US70959W1036,0.00023958861523407034
2023,2024,US7134481081,0.004978928467950051
2023,2024,US7140461093,0.00028644425293998673
2023,2024,US7170811035,0.003464911674058981
2023,2024,US7234841010,0.00014427764068320666
2023,2024,US7237871071,0.0011208864474637073
2023,2024,US7244791007,2.833880257854206e-05
2023,2024,US7310681025,0.00011215244446312708
2023,2024,US74144T1088,0.0005123707300939877
2023,2024,US74251V1026,0.00040187536692070443
2023,2024,US7427181091,0.007364602535284601
2023,2024,US7433151039,0.001998779546568339
2023,2024,US74340W1036,0.0026346969362479726
2023,2024,US7443201022,0.0007991984682589417
2023,2024,US7445731067,0.0006616492661462734
2023,2024,US74460D1090,0.001149263436894359
2023,2024,US7458671010,0.00048275673007595085
2023,2024,US7475251036,0.0034531906277825266
2023,2024,US74762E1029,0.0006715679782689324
2023,2024,US74834L1008,0.00033573203400826863
2023,2024,US7496851038,0.0003103168015812629
2023,2024,US7509171069,0.00015421823856565767
2023,2024,US7512121010,0.00012741789961912613
2023,2024,US75281A1097,0.0001517386392250661
2023,2024,US7547301090,0.0005021976014982653
2023,2024,US75513E1010,0.0025799703132543352
2023,2024,US7588491032,0.0002699655493295183
2023,2024,US75886F1075,0.002002714170347139
2023,2024,US7591EP1005,0.0003884763972054635
2023,2024,US7593516047,0.00023285784233700055
2023,2024,US7595091023,0.00035133533483539187
2023,2024,US7607591002,0.0010988220697415857
2023,2024,US7611521078,0.0005305830487829838
2023,2024,US7677548726,7.760044709460808e-20
2023,2024,US7703231032,0.0001981289833086687
2023,2024,US7739031091,0.0007603172958579969
2023,2024,US7766961061,0.0012412627429448419
2023,2024,US7782961038,0.0009933143440854443
2023,2024,US7802871084,0.00018100950601629602
2023,2024,US7835491082,0.00010954175396309836
2023,2024,US78409V1044,0.0029734539269392567
2023,2024,US78410G1040,0.0005867091999520544
2023,2024,US7841171033,0.00017916824541088487
2023,2024,US78440X8873,5.82703717993226e-05
2023,2024,US78442P1066,9.791395234012971e-05
2023,2024,US78454L1008,0.00010190745878631871
2023,2024,US78473E1038,9.467049804053584e-05
2023,2024,US79466L3024,0.005425098543877202
2023,2024,US8064071025,0.0002172138796037846
2023,2024,US8085131055,0.0025984837520537244
2023,2024,US8101861065,8.470574225550013e-05
2023,2024,US81211K1007,0.00011486719545065335
2023,2024,US8168511090,0.0010061402142748014
2023,2024,US8175651046,0.00022104305486729864
2023,2024,US8243481061,0.001700645738395822
2023,2024,US8288061091,0.0009967829353413615
2023,2024,US8326964058,0.0002845361188457694
2023,2024,US8330341012,0.00032704595005944863
2023,2024,US8354951027,0.0001152513120820241
2023,2024,US8425871071,0.0016096230603762013
2023,2024,US84265V1052,0.0014244011982990608
2023,2024,US8447411088,0.0003487328897236676
2023,2024,US8454671095,0.00016587325189990374
2023,2024,US8485741099,8.716988088710349e-05
2023,2024,US8545021011,0.00032162486782944016
2023,2024,US8552441094,0.002323202203867065
2023,2024,US8574771031,0.0005126546754257746
2023,2024,US8581191009,0.00041881186493239957
2023,2024,US8589121081,9.173443539511888e-05
2023,2024,US8636671013,0.0024287779391590223
2023,2024,US8676524064,2.841825165912383e-05
2023,2024,US8716071076,0.0016660484787187767
2023,2024,US87161C5013,0.00011533601149636465
2023,2024,US8718291078,0.0007891389888731433
2023,2024,US8725401090,0.002277692520624554
2023,2024,US8760301072,0.00018682445152188253
2023,2024,US87612E1064,0.001400811769007745
2023,2024,US8793691069,0.000245732853779464
2023,2024,US8794338298,3.3523710005796544e-05
2023,2024,US8807701029,0.00034869369678852094
2023,2024,US8807791038,8.61578961806672e-05
2023,2024,US8816242098,0.0002471308636666801
2023,2024,US8825081040,0.003298797996963991
2023,2024,US8832031012,0.000342124916012802
2023,2024,US88337F1057,3.7887094688730034e-05
2023,2024,US8835561023,0.0043732459616308336
2023,2024,US8851601018,0.0001347268067376436
2023,2024,US88579Y1010,0.0012853985778707854
2023,2024,US88642R1095,9.400395808856569e-05
2023,2024,US8873891043,0.00012736820900660238
2023,2024,US8910921084,0.000208667252214527
2023,2024,US89417E1091,0.0009312907949487671
2023,2024,US8962391004,0.000284649784282794
2023,2024,US8965221091,4.836567082418901e-05
2023,2024,US89832Q1094,0.0010484892473405093
2023,2024,US9024941034,0.00032217489261256583
2023,2024,US9026531049,0.0002697769219011504
2023,2024,US9026811052,0.00011562082708312217
2023,2024,US9029733048,0.0014403879118351389
2023,2024,US9078181081,0.0031892566649192365
2023,2024,US9111631035,1.1190944886121902e-05
2023,2024,US9113121068,0.0024225631302103186
2023,2024,US9113631090,0.0008348554666157867
2023,2024,US9129091081,0.00020013894415915883
2023,2024,US91324P1021,0.010378251883996485
2023,2024,US91529Y1064,0.0001919745412784043
2023,2024,US91822M5022,2.685036564683315e-05
2023,2024,US91913Y1001,0.0009342458853900808
2023,2024,US92276F1003,0.00043835025674536315
2023,2024,US92343V1044,0.00337996850562703
2023,2024,US92532F1003,0.002229559232255762
2023,2024,US9255501051,4.843616803073929e-05
2023,2024,US92556V1061,0.00027851260541838575
2023,2024,US9282981086,6.704671566623556e-05
2023,2024,US9290421091,0.00011390351096952621
2023,2024,US9291601097,0.0006442258176451974
2023,2024,US92922P1066,5.673470869370025e-06
2023,2024,US92939U1060,0.000556508476912923
2023,2024,US9297401088,0.0004864913685258415
2023,2024,US9311421039,0.009045122629635572
2023,2024,US9314271084,0.0004866569656577468
2023,2024,US9344231041,0.0005926529263595915
2023,2024,US94106L1098,0.0015354283299630978
2023,2024,US9418481035,0.00042085220575741814
2023,2024,US9427491025,0.00011963048879664802
2023,2024,US9497461015,0.003808784864645025
2023,2024,US95040Q1040,0.0010725834093546435
2023,2024,US95058W1009,8.505150905626456e-05
2023,2024,US95082P1057,0.00019674761103779888
2023,2024,US9581021055,0.0003715350718404128
2023,2024,US9598021098,8.97257012699899e-05
2023,2024,US9604131022,0.0003774245120658122
2023,2024,US9621661043,0.0005522314809344967
2023,2024,US9633201069,0.00014403967152834717
2023,2024,US9682232064,3.7473310383536064e-05
2023,2024,US9694571004,0.0008910857066628866
2023,2024,US9699041011,0.0002752010951891779
2023,2024,US9831341071,0.0002247168867953232
2023,2024,US98389B1008,0.0007067220117630828
2023,2024,US98421M1062,5.168145902600351e-05
2023,2024,US9884981013,0.0007890717402923964
2023,2024,US9892071054,0.0003013050654633431
2023,2024,US98956P1021,0.0005459324639737888
2023,2024,US9897011071,0.00013525175433753826
2024,2025,AN8068571086,0.0010090460942027177
2024,2025,AT000000STR1,9.041622986063482e-05
2024,2025,AT00000VIE62,8.577564321100323e-05
2024,2025,AT0000606306,0.00012896309770654124
2024,2025,AT0000652011,0.0004765925525466996
2024,2025,AT0000720008,0.00010379611201450842
2024,2025,AT0000730007,0.00010111721480734791
2024,2025,AT0000743059,0.00023497232124680066
2024,2025,AT0000746409,0.00023798304084509064
2024,2025,AT0000831706,5.5877512507656235e-05
2024,2025,AT0000908504,7.530923440014973e-05
2024,2025,AT0000937503,4.572373946221695e-05
2024,2025,AT0000938204,2.7911171027916653e-05
2024,2025,AT0000A21KS2,4.0823454744693194e-05
2024,2025,AU000000JHX1,0.00024866656966795694
2024,2025,BE0003470755,5.238245487877183e-05
2024,2025,BE0003565737,0.0006030319358814127
2024,2025,BE0003593044,4.2570780168438805e-05
2024,2025,BE0003717312,0.00014559356316802574
2024,2025,BE0003735496,2.2931018223470643e-05
2024,2025,BE0003739530,0.0007203236135727127
2024,2025,BE0003755692,1.2749199418068038e-06
2024,2025,BE0003797140,0.00017826092374894896
2024,2025,BE0003810273,3.825798367632016e-05
2024,2025,BE0003822393,0.00010862947885265334
2024,2025,BE0974256852,8.839212291141667e-05
2024,2025,BE0974258874,3.591360530438446e-05
2024,2025,BE0974264930,0.00017205591555440538
2024,2025,BE0974271034,2.7295813663079454e-05
2024,2025,BE0974293251,0.0016844233827280634
2024,2025,BE0974320526,5.0580761353920495e-05
2024,2025,BMG850801025,2.2556948806393843e-05
2024,2025,CA00208D4084,0.00020293204989250515
2024,2025,CA0084741085,0.000737638746680325
2024,2025,CA00900Q1037,7.539935437281974e-06
2024,2025,CA01626P1484,0.0009851938826202554
2024,2025,CA05534B7604,0.000398087241770876
2024,2025,CA0636711016,0.001330274484210192
2024,2025,CA0641491075,0.0012582876183392846
2024,2025,CA0977518616,0.00012052726407999715
2024,2025,CA1247651088,0.00015310451031385876
2024,2025,CA12532H1047,0.00041787607206858094
2024,2025,CA13321L1085,0.0004226924424623588
2024,2025,CA1360691010,0.0011185419325711143
2024,2025,CA1363751027,0.0011967857473692166
2024,2025,CA1363851017,0.0012185994937749733
2024,2025,CA13646K1084,0.0012678835130505895
2024,2025,CA1366812024,0.00010335950055666624
2024,2025,CA1367178326,9.465300025505886e-05
2024,2025,CA2849025093,5.210774755301908e-05
2024,2025,CA2918434077,7.74250279823017e-05
2024,2025,CA29250N1050,0.0017340454061271218
2024,2025,CA3180714048,7.000053517230146e-05
2024,2025,CA3359341052,0.00020707301639560902
2024,2025,CA3495531079,0.00038830455612722827
2024,2025,CA3518581051,0.00042481364022129174
2024,2025,CA3759161035,0.0001384006222222547
2024,2025,CA39138C1068,0.0005818321444131693
2024,2025,CA4495861060,0.0001431861505448846
2024,2025,CA4530384086,0.0005893269975589849
2024,2025,CA45823T1066,0.0006103875139473188
2024,2025,CA4969024047,0.00021835870065081207
2024,2025,CA5394811015,0.0007455146346214415
2024,2025,CA5592224011,0.0002274455769552995
2024,2025,CA56501R1064,0.001003440229213417
2024,2025,CA59151K1084,5.663514263930741e-05
2024,2025,CA59162N1096,0.0002592790066120394
2024,2025,CA6744822033,8.060294277993816e-06
2024,2025,CA68272K1030,0.00010969864951904915
2024,2025,CA6837151068,0.00014069213929125983
2024,2025,CA7392391016,0.00034614491065276326
2024,2025,CA74022D4075,1.2882768770025725e-05
2024,2025,CA7669101031,7.31862013187663e-05
2024,2025,CA7751092007,0.00024500581610696897
2024,2025,CA7800871021,0.003201999410698979
2024,2025,CA8029121057,0.00013661679699733471
2024,2025,CA8239011031,1.412489110100666e-19
2024,2025,CA85472N1096,0.00017068408031937002
2024,2025,CA8667961053,0.0006419759741652239
2024,2025,CA8672241079,0.0008400255727731075
2024,2025,CA87807B1076,0.0009049210360584008
2024,2025,CA8787422044,0.0003896209887084611
2024,2025,CA87971M1032,0.0003835949743840559
2024,2025,CA8849038085,0.0013531108834687912
2024,2025,CA8911605092,0.0017510769600739815
2024,2025,CA89346D1078,6.813534593428276e-05
2024,2025,CA8959451037,1.287476780345006e-05
2024,2025,CA9611485090,0.00038003213774006944
2024,2025,CH0000816824,2.536217667389476e-05
2024,2025,CH0008038389,0.00016003713888411962
2024,2025,CH0008742519,0.0005435325975982791
2024,2025,CH0010570759,0.0002785969881929458
2024,2025,CH0010645932,0.0007573971695850547
2024,2025,CH0011075394,0.0016331770276058726
2024,2025,CH0012005267,0.004023477101980313
2024,2025,CH0012032048,0.003715111233339571
2024,2025,CH0012138605,7.809557172921718e-05
2024,2025,CH0012142631,7.066701433131204e-05
2024,2025,CH0012214059,0.0010417080693671313
2024,2025,CH0012221716,0.00189089942792201
2024,2025,CH0012255151,9.741642109780398e-05
2024,2025,CH0012410517,0.00015473490863355567
2024,2025,CH0012549785,0.00036436953175054596
2024,2025,CH0013841017,0.0008019345860849505
2024,2025,CH0014786500,3.3942884495454277e-05
2024,2025,CH0014852781,0.00041621184047422547
2024,2025,CH0018294154,0.00012505849243507044
2024,2025,CH0022268228,8.552824641815403e-05
2024,2025,CH0024608827,0.0006804825409994503
2024,2025,CH0024638212,0.0003453818046984166
2024,2025,CH0025238863,0.0005208675758154012
2024,2025,CH0025751329,0.000262125557602647
2024,2025,CH0030170408,0.0003744287108141689
2024,2025,CH0038388911,9.069490522516307e-05
2024,2025,CH0038863350,0.0040650757066485336
2024,2025,CH0044328745,0.0020788013377866644
2024,2025,CH0048265513,6.456921858466737e-05
2024,2025,CH0102484968,0.0002489195825767113
2024,2025,CH0126881561,0.0008636925497280123
2024,2025,CH0198251305,0.00023284853458261016
2024,2025,CH0210483332,0.0015339268692110052
2024,2025,CH0244767585,0.0019891328720087636
2024,2025,CH0319416936,0.00014016792770991446
2024,2025,CH0418792922,0.0007185723713495634
2024,2025,CH1169151003,0.00011855342305237392
2024,2025,CH1175448666,0.000374520902879604
2024,2025,CH1256740924,0.0003562503281639245
2024,2025,DE0005089031,5.8517461752501485e-05
2024,2025,DE0005140008,0.0006476923284345166
2024,2025,DE0005190003,0.0008876722612621556
2024,2025,DE0005200000,0.0005967454506500306
2024,2025,DE0005439004,0.0002518240318343877
2024,2025,DE0005470405,3.80388242731033e-05
2024,2025,DE0005552004,0.0007940805858219735
2024,2025,DE0005557508,0.002795197955391495
2024,2025,DE0005773303,0.00010895745977402814
2024,2025,DE0005785604,0.00036583758986238684
2024,2025,DE0005785802,0.00025152920440988134
2024,2025,DE0005810055,0.0008183114531478047
2024,2025,DE0005909006,3.649064867473047e-05
2024,2025,DE0006047004,0.00040681209281965587
2024,2025,DE0006048432,0.0002895993365202117
2024,2025,DE0006070006,0.00019838866234658768
2024,2025,DE0006202005,7.095454112020907e-19
2024,2025,DE0006231004,0.0008096515466967358
2024,2025,DE0006569908,1.4984784885422676e-05
2024,2025,DE0006599905,0.00034968754248471833
2024,2025,DE0006602006,0.00016273373922221144
2024,2025,DE0006969603,0.000129476611043622
2024,2025,DE0007030009,0.0005191601104208531
2024,2025,DE0007037129,0.0004020542169981253
2024,2025,DE0007042301,1.628959958687478e-05
2024,2025,DE0007100000,0.001005246985421842
2024,2025,DE0007164600,0.0056381628894518
2024,2025,DE0007236101,0.002946318116035299
2024,2025,DE0007257503,2.787116327418925e-05
2024,2025,DE0007297004,3.386520745030857e-05
2024,2025,DE0007314007,8.813286217436276e-06
2024,2025,DE0007500001,2.747715846657682e-06
2024,2025,DE0007507501,1.6078413691268017e-05
2024,2025,DE0007664039,0.0003613347416312411
2024,2025,DE0008232125,0.0001267488540463005
2024,2025,DE0008402215,0.0005686709125255621
2024,2025,DE0008404005,0.0022185681229169997
2024,2025,DE0008430026,0.001264941598519058
2024,2025,DE000A0D6554,5.320806892559013e-05
2024,2025,DE000A0D9PT0,0.00033621196509860964
2024,2025,DE000A0S8488,2.78633552221649e-05
2024,2025,DE000A0WMPJ6,3.303401906739609e-05
2024,2025,DE000A1EWWW0,0.0008284731643480407
2024,2025,DE000BASF111,0.0007377452778677536
2024,2025,DE000BAY0017,0.00037141809990346987
2024,2025,DE000CBK1001,0.00036275128294082937
2024,2025,DE000ENAG999,0.0005846196471495584
2024,2025,DE000KSAG888,3.000424166443433e-05
2024,2025,DE000PSM7770,2.374896700467108e-05
2024,2025,DE000TUAG505,7.697909305529824e-05
2024,2025,DK0010181759,0.0001873868505741447
2024,2025,DK0010234467,5.7212748033976667e-05
2024,2025,DK0010244508,0.00016843348490506785
2024,2025,DK0010272632,5.223869018276234e-05
2024,2025,DK0010274414,0.00045788059058944446
2024,2025,DK0010287663,7.015150795760004e-05
2024,2025,DK0010307958,8.746321910024612e-05
2024,2025,DK0010311471,5.3998799524828125e-05
2024,2025,DK0060079531,0.0009602236591936014
2024,2025,DK0060336014,0.0004410965867983682
2024,2025,DK0060448595,0.0004297218719678092
2024,2025,DK0060636678,0.00024324646467157823
2024,2025,DK0060738599,0.0001540939321221956
2024,2025,DK0061539921,0.00025900482963047745
2024,2025,ES0109427734,1.7725317677730585e-05
2024,2025,ES0112501012,4.678557397866608e-05
2024,2025,ES0113211835,0.0010575465294109466
2024,2025,ES0113679I37,0.00013348144582871142
2024,2025,ES0113860A34,0.00020101082585950023
2024,2025,ES0113900J37,0.0013153044582626338
2024,2025,ES0116870314,0.00044207099271143544
2024,2025,ES0117160111,9.755801247776423e-05
2024,2025,ES0118594417,6.076926674697387e-05
2024,2025,ES0122060314,6.795207473143327e-05
2024,2025,ES0124244E34,0.00014711658079693656
2024,2025,ES0125220311,0.00011982361991773209
2024,2025,ES0130670112,0.0004265425882676975
2024,2025,ES0130960018,6.0983471891232404e-05
2024,2025,ES0132105018,4.9457657744841636e-05
2024,2025,ES0134950F36,2.1113083248684187e-05
2024,2025,ES0142090317,4.327387592553678e-06
2024,2025,ES0144580Y14,0.0016472991098295197
2024,2025,ES0148396007,0.003003935123896939
2024,2025,ES0161560018,5.3443953938127414e-05
2024,2025,ES0167050915,0.00025857200407179503
2024,2025,ES0171996087,7.294202528768512e-05
2024,2025,ES0173093024,0.00017488198297001744
2024,2025,ES0173516115,0.0002622987555792032
2024,2025,ES0178430E18,0.0004340984793102822
2024,2025,ES0182870214,5.320985375296155e-05
2024,2025,FI0009000202,9.589815249376299e-05
2024,2025,FI0009000277,3.911722771632834e-05
2024,2025,FI0009000459,7.065421434728348e-05
2024,2025,FI0009000681,0.000465721638143239
2024,2025,FI0009002422,3.077505578116223e-05
2024,2025,FI0009003727,0.00019653159555599564
2024,2025,FI0009005318,2.138000316445146e-05
2024,2025,FI0009005870,9.533061501255553e-05
2024,2025,FI0009005961,0.00011633969029695294
2024,2025,FI0009005987,0.000277962395853197
2024,2025,FI0009007132,0.00023725422992422455
2024,2025,FI0009007694,2.49617965658051e-05
2024,2025,FI0009007884,0.0001365535891009954
2024,2025,FI0009013296,0.00018004020765977465
2024,2025,FI0009013403,0.00041428111681684815
2024,2025,FI0009800643,1.4594927340745141e-05
2024,2025,FR0000035081,3.7248304875556244e-05
2024,2025,FR0000039109,7.353589607611033e-06
2024,2025,FR0000044448,8.932593640208103e-05
2024,2025,FR0000045072,0.0007863844098064089
2024,2025,FR0000051070,2.5089734547667022e-05
2024,2025,FR0000052292,0.004764643274511855
2024,2025,FR0000053225,2.8178360100126733e-05
2024,2025,FR0000054470,3.45796624069692e-05
2024,2025,FR0000054900,2.9294686587402815e-05
2024,2025,FR0000064578,0.00010830205653763625
2024,2025,FR0000073272,0.0017474224119456178
2024,2025,FR0000077919,5.9769300795061734e-05
2024,2025,FR0000120073,0.001762453914685034
2024,2025,FR0000120172,0.0001839629988656866
2024,2025,FR0000120271,0.0024867572231113367
2024,2025,FR0000120321,0.0035499798529469453
2024,2025,FR0000120404,0.0002243955654565965
2024,2025,FR0000120503,0.00021013725270261399
2024,2025,FR0000120560,1.6533448018098426e-05
2024,2025,FR0000120578,0.0023016084643904056
2024,2025,FR0000120628,0.0014763161115893678
2024,2025,FR0000120644,0.0008620509528063896
2024,2025,FR0000120693,0.0005349701383646652
2024,2025,FR0000120859,4.571804732099631e-05
2024,2025,FR0000120966,5.3353219993506656e-05
2024,2025,FR0000121014,0.006179623664815496
2024,2025,FR0000121121,0.00010979228538586514
2024,2025,FR0000121204,8.161477034509032e-05
2024,2025,FR0000121220,0.00022730230421512615
2024,2025,FR0000121329,0.0005568261112815577
2024,2025,FR0000121485,0.0005700711637320768
2024,2025,FR0000121667,0.0020933772464148135
2024,2025,FR0000121964,0.0001548641227641803
2024,2025,FR0000121972,0.00269418790178076
2024,2025,FR0000124141,0.0003864228974613573
2024,2025,FR0000125007,0.0008316464735176462
2024,2025,FR0000125338,0.0005265595001104274
2024,2025,FR0000125486,0.0011281190811972938
2024,2025,FR0000127771,5.1617275189563856e-05
2024,2025,FR0000130213,5.903793445802464e-05
2024,2025,FR0000130395,6.116890023416916e-05
2024,2025,FR0000130403,0.0021232531406196733
2024,2025,FR0000130452,0.0001616309523091348
2024,2025,FR0000130577,0.0005110296070200032
2024,2025,FR0000130809,0.00042347385129084235
2024,2025,FR0000131104,0.0013018866137587762
2024,2025,FR0000131757,3.0854841709954556e-05
2024,2025,FR0000131906,0.0002724018246179261
2024,2025,FR0000133308,0.0004985059981991835
2024,2025,FR0010040865,0.0001372270483918564
2024,2025,FR0010220475,0.00019435626683821818
2024,2025,FR0010221234,2.3628822190551242e-05
2024,2025,FR0010307819,0.00048034783367986174
2024,2025,FR0010313833,0.0001099133375604682
2024,2025,FR0010340141,0.0002165993938200604
2024,2025,FR0010411983,8.363780987942914e-05
2024,2025,FR0010533075,0.00016479541327373793
2024,2025,FR0013176526,4.528254855873584e-05
2024,2025,FR0013280286,0.00023855492958716436
2024,2025,FR0013326246,0.00020425570240358327
2024,2025,FR0013506730,7.225825398399636e-05
2024,2025,FR0014003TT8,0.0008732106426730689
2024,2025,FR001400AJ45,0.0004394242601501325
2024,2025,GB0000163088,1.0349975016894814e-06
2024,2025,GB0000365774,9.235258815406133e-19
2024,2025,GB0000456144,0.0003715843647955671
2024,2025,GB0000536739,0.0005102888496759724
2024,2025,GB0000600931,3.6971023303942425e-06
2024,2025,GB0000811801,0.0001498649201903871
2024,2025,GB0000904986,6.934499692998063e-05
2024,2025,GB0000961622,5.474434955375597e-05
2024,2025,GB0001110096,6.815168709171823e-06
2024,2025,GB0001367019,8.568487103203868e-05
2024,2025,GB0001500809,9.758448112812217e-19
2024,2025,GB0001570810,0.0
2024,2025,GB0001638955,1.807749981583887e-05
2024,2025,GB0001667087,1.806586127827689e-18
2024,2025,GB0001795680,1.5561377817049592e-06
2024,2025,GB0001826634,0.00013596152919394404
2024,2025,GB0001859296,4.250411032744793e-05
2024,2025,GB0002018363,2.602578881674556e-05
2024,2025,GB0002074580,2.5832665510944025e-05
2024,2025,GB0002148343,3.728599306084937e-05
2024,2025,GB0002318888,6.159192008409495e-05
2024,2025,GB0002349065,6.266695962068507e-19
2024,2025,GB0002374006,0.001327470099831822
2024,2025,GB0002418548,1.9915748201492337e-05
2024,2025,GB0002634946,0.000811768087069917
2024,2025,GB0002652740,5.426729759702658e-05
2024,2025,GB0002869419,4.471644341594982e-05
2024,2025,GB0002875804,0.0014966114627013765
2024,2025,GB0003062816,2.0268821763705754e-06
2024,2025,GB0003096442,7.745670687347779e-05
2024,2025,GB0003308607,6.053100048232631e-05
2024,2025,GB0003395000,5.448313157181173e-06
2024,2025,GB0003452173,2.3354732598983814e-05
2024,2025,GB0003718474,0.00010522005903631842
2024,2025,GB0004052071,0.00023919481133542587
2024,2025,GB0004082847,0.0005645421294202273
2024,2025,GB0004161021,3.216980027774946e-05
2024,2025,GB0004170089,1.177813409159427e-06
2024,2025,GB0004270301,3.5010061122565544e-05
2024,2025,GB0004478896,1.2773239411403086e-05
2024,2025,GB0004544929,0.0005031433164366266
2024,2025,GB0004657408,3.325452302685762e-05
2024,2025,GB0004726096,2.1509524349731698e-05
2024,2025,GB0004866223,2.4261942454444557e-05
2024,2025,GB0004915632,1.6957829713875073e-05
2024,2025,GB0005405286,0.0033144700072157683
2024,2025,GB0005576813,0.00010127299704050494
2024,2025,GB0005603997,0.0003194103235468544
2024,2025,GB0005630420,3.2512781290516905e-06
2024,2025,GB0005746358,2.8232476889467877e-06
2024,2025,GB0006027295,1.609834591326535e-05
2024,2025,GB0006215205,4.663395516178498e-06
2024,2025,GB0006449366,8.809297044476776e-06
2024,2025,GB0006640972,3.0653473947036246e-05
2024,2025,GB0006650450,3.0061747449574205e-05
2024,2025,GB0006731235,0.0003520847486254759
2024,2025,GB0006776081,0.00020138473285454
2024,2025,GB0006825383,9.063342866088608e-05
2024,2025,GB0006928617,9.489550681553156e-05
2024,2025,GB0006963689,9.371001679686156e-06
2024,2025,GB0007099541,0.0004012543131186032
2024,2025,GB0007188757,0.0013949115790777523
2024,2025,GB0007323586,6.158657620978377e-05
2024,2025,GB0007370074,4.743322070866673e-06
2024,2025,GB0007388407,8.654057390390428e-06
2024,2025,GB0007668071,8.50876178605987e-06
2024,2025,GB0007669376,0.0001131502401474508
2024,2025,GB0007908733,0.0004181056570825414
2024,2025,GB0007958233,1.792304029891836e-05
2024,2025,GB0007973794,3.6173973707323125e-05
2024,2025,GB0007980591,0.001494156814590457
2024,2025,GB0008025412,2.619138218830204e-06
2024,2025,GB0008085614,4.316035828037163e-05
2024,2025,GB0008220112,0.00017422893451532698
2024,2025,GB0008475088,5.49992880959477e-06
2024,2025,GB0008481250,1.534182813244777e-05
2024,2025,GB0008706128,0.0007776799084812093
2024,2025,GB0008711763,3.3583205554530112e-06
2024,2025,GB0008782301,0.00010199977877041104
2024,2025,GB0008794710,2.8786909200320902e-05
2024,2025,GB0009067447,0.0
2024,2025,GB0009223206,0.0002040759212933299
2024,2025,GB0009286963,4.084118725167222e-06
2024,2025,GB0009292243,2.406866637474345e-05
2024,2025,GB0009296665,4.461067209939951e-06
2024,2025,GB0009465807,0.00013569282799867817
2024,2025,GB0009692319,7.994945302345605e-06
2024,2025,GB0009697037,5.506565696379007e-05
2024,2025,GB0009895292,0.003814020230127153
2024,2025,GB0022569080,0.00017925380090674247
2024,2025,GB0030181522,5.636015304553864e-06
2024,2025,GB0030232317,2.7709577250862828e-05
2024,2025,GB0030913577,0.0003385592456088399
2024,2025,GB0031274896,0.00018193233058412663
2024,2025,GB0031348658,0.000910110518790282
2024,2025,GB0031638363,0.00018000266713446544
2024,2025,GB0031743007,8.507392105792314e-05
2024,2025,GB0032089863,0.00027575724212698676
2024,2025,GB0033147751,1.2137781777220897e-05
2024,2025,GB0033195214,0.00010507882432249735
2024,2025,GB0033986497,6.260308523399499e-05
2024,2025,GB00B00FPT80,1.084077148965559e-05
2024,2025,GB00B012BV22,1.4227787634221671e-05
2024,2025,GB00B012TP20,7.401347020765082e-06
2024,2025,GB00B019KW72,0.00015046490618935581
2024,2025,GB00B01QGK86,7.918055358045172e-06
2024,2025,GB00B02J6398,0.00019029987247716232
2024,2025,GB00B033F229,0.00016395301987060215
2024,2025,GB00B04V1276,3.959347829932135e-05
2024,2025,GB00B06QFB75,8.11324729153166e-05
2024,2025,GB00B0744359,9.234815414964022e-06
2024,2025,GB00B0744B38,0.0002569763307825564
2024,2025,GB00B082RF11,0.00023655738330287285
2024,2025,GB00B0FYMT95,6.528187887811855e-06
2024,2025,GB00B0KM9T71,9.469914739892131e-06
2024,2025,GB00B0LCW083,0.00010525524470720561
2024,2025,GB00B0N8QD54,7.530372844797025e-05
2024,2025,GB00B0SWJX34,0.0014084976790283942
2024,2025,GB00B0WMWD03,5.24437465555753e-05
2024,2025,GB00B128J450,1.410754420675612e-05
2024,2025,GB00B132NW22,2.9227732236695407e-05
2024,2025,GB00B135BJ46,3.598328524208696e-05
2024,2025,GB00B18P5K83,1.384622132853763e-06
2024,2025,GB00B19Z1432,9.663760712267338e-06
2024,2025,GB00B1FH8J72,0.00017788514958534004
2024,2025,GB00B1FP6H53,3.597959271424656e-05
2024,2025,GB00B1FW5029,2.977520707515825e-05
2024,2025,GB00B1G5HX72,5.303943082007799e-06
2024,2025,GB00B1JQDM80,6.434888625990396e-06
2024,2025,GB00B1KJJ408,0.000122412160942507
2024,2025,GB00B1L5QH97,7.63209918747477e-06
2024,2025,GB00B1P6ZR11,5.80309872625153e-06
2024,2025,GB00B1VNSX38,5.9702137176030536e-05
2024,2025,GB00B1WY2338,0.0001395784012808658
2024,2025,GB00B1XH2C03,2.5725971780542983e-05
2024,2025,GB00B1YW4409,0.0008175488772422048
2024,2025,GB00B27YGJ97,6.446386794797476e-07
2024,2025,GB00B2B0DG97,0.0015881207087264483
2024,2025,GB00B2NGPM57,3.4046285020391565e-05
2024,2025,GB00B2PDGW16,3.737777383061194e-05
2024,2025,GB00B39J2M42,0.00016960356931979698
2024,2025,GB00B3CX3644,9.7739517967307e-07
2024,2025,GB00B3DGH821,5.438278213670302e-06
2024,2025,GB00B3FLWH99,2.9153494070125917e-05
2024,2025,GB00B41H7391,1.847678444830512e-05
2024,2025,GB00B45C9X44,2.215842479594729e-05
2024,2025,GB00B572ZV91,1.2026005896053278e-18
2024,2025,GB00B5N0P849,1.126354973213204e-05
2024,2025,GB00B5ZN1N88,0.00022368248565987812
2024,2025,GB00B61TVQ02,6.997923260044459e-05
2024,2025,GB00B63H8491,0.0011371867215202675
2024,2025,GB00B63QSB39,6.932512516269456e-05
2024,2025,GB00B64NSP76,3.4113466918192976e-06
2024,2025,GB00B67G5X01,2.5395007534315318e-05
2024,2025,GB00B6XZKY75,1.5352968217468265e-05
2024,2025,GB00B71N6K86,4.342823259684179e-19
2024,2025,GB00B7KR2P84,9.132463284504654e-05
2024,2025,GB00B82YXW83,2.6404337597557104e-05
2024,2025,GB00B8C3BL03,0.0003016199861113573
2024,2025,GB00BD6K4575,0.0010626426290803307
2024,2025,GB00BDCPN049,0.0006648686531226047
2024,2025,GB00BDFBVT43,8.563939518014018e-06
2024,2025,GB00BDR05C01,0.0010916846840771262
2024,2025,GB00BF044593,8.389633225686888e-06
2024,2025,GB00BF5H9P87,2.901117063210387e-05
2024,2025,GB00BF8Q6K64,6.157528270766299e-05
2024,2025,GB00BGDT3G23,0.00011729374299859786
2024,2025,GB00BGLP8L22,0.00011028856290081714
2024,2025,GB00BH4HKS39,0.00041116494880101746
2024,2025,GB00BHJYC057,0.0003989913525168012
2024,2025,GB00BJFFLV09,0.00011346574082925818
2024,2025,GB00BJT0FF39,2.278280785758784e-06
2024,2025,GB00BK9RKT01,3.480408109881471e-05
2024,2025,GB00BKY40Q38,9.322497196765494e-06
2024,2025,GB00BLGZ9862,0.0005838254606908216
2024,2025,GB00BM8PJY71,0.0007605865470961246
2024,2025,GB00BM8Q5M07,0.00011403769988810929
2024,2025,GB00BMJ6DW54,0.0002503606424309706
2024,2025,GB00BN7SWP63,0.0013131062287647787
2024,2025,GB00BNGDN821,0.00016895150163402718
2024,2025,GB00BNNTLN49,4.0236002498025847e-05
2024,2025,GB00BNR4T868,1.1612434160765338e-05
2024,2025,GB00BP6MXD84,0.003558595441958401
2024,2025,GB00BP92CJ43,6.98968818952561e-05
2024,2025,GB00BP9LHF23,0.00012245575319926055
2024,2025,GB00BPQY8M80,0.00029573885632025866
2024,2025,GB00BRKD9Z53,4.614766273541197e-06
2024,2025,GB00BV9FP302,5.422815121427333e-05
2024,2025,GB00BVFNZH21,6.432969032333726e-05
2024,2025,GB00BWFGQN14,0.00011877522478509984
2024,2025,GB00BYQ0JC66,0.00012331146147748497
2024,2025,GB00BYRJ5J14,2.9660604091860597e-05
2024,2025,GB00BYT1DJ19,0.00014204610428153542
2024,2025,GB00BYW0PQ60,0.00010348336845347847
2024,2025,GB00BYZN9041,2.431431175627855e-05
2024,2025,GB00BZ4BQC70,5.499594136773745e-05
2024,2025,IE0001827041,0.0011722104167827601
2024,2025,IE0002424939,0.00012118632054590253
2024,2025,IE0003864109,2.226267096640298e-05
2024,2025,IE0004906560,0.0003009096814070422
2024,2025,IE0004927939,0.00024749508824507566
2024,2025,IE00B00MZ448,4.525499271584468e-05
2024,2025,IE00B4BNMY34,0.004129755471765653
2024,2025,IE00B8KQN827,0.0024613091014665874
2024,2025,IE00BD1RP616,0.0001749647334060836
2024,2025,IE00BDB6Q211,0.0005856835498512684
2024,2025,IE00BF0L3536,0.00024538429253976625
2024,2025,IE00BGH1M568,6.399151837534078e-05
2024,2025,IE00BK9ZQ967,0.0015596344843719174
2024,2025,IE00BLP1HW54,0.00145783278754166
2024,2025,IE00BLS09M33,0.0003101322480789798
2024,2025,IE00BTN1Y115,0.0019233653236268937
2024,2025,IE00BWT6H894,0.0008678128094344897
2024,2025,IE00BY7QL619,0.000978736200605021
2024,2025,IE00BYTBXV33,0.00039720965634127027
2024,2025,IL0002300114,7.129460379414344e-05
2024,2025,IL0002730112,0.00020320694112401107
2024,2025,IL0002810146,0.00011972200839396597
2024,2025,IL0005930388,9.316629019613895e-05
2024,2025,IL0006046119,0.0003370307564204401
2024,2025,IL0006625771,0.00030187720837691456
2024,2025,IL0006954379,0.00021190380463552774
2024,2025,IL0010811243,0.0002191042244067092
2024,2025,IL0010824113,0.000378784651721573
2024,2025,IT0000062072,0.0008327575283671861
2024,2025,IT0000062957,0.0002291055355229992
2024,2025,IT0000066123,0.00016967253415378297
2024,2025,IT0000072618,0.001336878874688199
2024,2025,IT0000784196,7.1603244992519e-05
2024,2025,IT0001233417,0.00012916348190534534
2024,2025,IT0001347308,0.00011631332649624289
2024,2025,IT0001469383,8.461193356410919e-06
2024,2025,IT0003128367,0.001360714141366226
2024,2025,IT0003132476,0.0008326739603403886
2024,2025,IT0003153415,0.00027953472281277487
2024,2025,IT0003242622,0.0002986228870946616
2024,2025,IT0003497168,7.414484706021597e-05
2024,2025,IT0003856405,0.00029418568452601446
2024,2025,IT0004810054,0.00016842959697990114
2024,2025,IT0005218380,0.00023166654481971997
2024,2025,IT0005239360,0.001162822564306434
2024,2025,IT0005495657,9.882146565022097e-05
2024,2025,JE00B8KF9B49,0.00021232006787643491
2024,2025,JE00BJ1DLW90,6.401224132178867e-05
2024,2025,JE00BYVQYS01,3.6765431080546494e-05
2024,2025,LR0008862868,0.001164289099697205
2024,2025,LU0075646355,8.848193585883976e-05
2024,2025,NL0000008977,0.00032482826011372796
2024,2025,NL0000009082,0.0002676906307513543
2024,2025,NL0000009165,0.0007706309654173177
2024,2025,NL0000009538,0.0004451364314263595
2024,2025,NL0000226223,0.0004312555634016905
2024,2025,NL0000235190,0.0023837353790419112
2024,2025,NL0000289213,1.2925270543623922e-05
2024,2025,NL0000337319,2.004728763642413e-05
2024,2025,NL0000360618,5.69619533259632e-05
2024,2025,NL0000379121,0.0001430082975493968
2024,2025,NL0000395903,0.0007423808604294784
2024,2025,NL0006237562,0.00010278761432080823
2024,2025,NL0009432491,9.537622718932523e-05
2024,2025,NL0010273215,0.00527072769064103
2024,2025,NL0010583399,2.5138650668806587e-05
2024,2025,NL0011794037,0.0005620356842036084
2024,2025,NL0011821202,0.0009244690706384994
2024,2025,NL0013267909,0.00019361900666242028
2024,2025,NL0013332471,1.1416484269777195e-05
2024,2025,NL00150001Q9,0.0007102562034151149
2024,2025,NL00150003E1,3.8301095107965846e-05
2024,2025,NL0015001FS8,0.0005829309984794873
2024,2025,NL0015435975,0.00014380259774121536
2024,2025,NO0003028904,5.817874394342073e-05
2024,2025,NO0003053605,9.040186924291811e-05
2024,2025,NO0003054108,0.0001703665751869669
2024,2025,NO0003078800,3.9843872504952074e-05
2024,2025,NO0003733800,0.00016283406285714087
2024,2025,NO0005052605,0.0002110462257289069
2024,2025,NO0010063308,0.00028856883988685164
2024,2025,NO0010096985,0.0012271144018557148
2024,2025,NO0010208051,0.00011494315782164325
2024,2025,NO0010215684,9.195632128495382e-06
2024,2025,NO0012470089,7.275675422182197e-05
2024,2025,PA1436583006,0.0005405143137539413
2024,2025,PTBCP0AM0015,0.00013480563535976637
2024,2025,PTEDP0AM0009,0.00025518490915539283
2024,2025,PTJMT0AE0001,0.00022729986260062795
2024,2025,PTSON0AM0001,3.5336360601454006e-05
2024,2025,PTZON0AM0006,3.439814239773009e-05
2024,2025,SE0000106270,0.00036223808343791876
2024,2025,SE0000108227,0.00015194705088045297
2024,2025,SE0000108656,0.00047025351826303504
2024,2025,SE0000111940,1.3928050513692382e-05
2024,2025,SE0000112724,0.00015593262426343433
2024,2025,SE0000113250,0.00015738093430387416
2024,2025,SE0000114837,0.00013780342270230118
2024,2025,SE0000148884,0.0005443181237419837
2024,2025,SE0000163594,0.00012826939870644083
2024,2025,SE0000163628,3.967759756486913e-05
2024,2025,SE0000171100,7.91374616773529e-19
2024,2025,SE0000190126,0.00014260724310260714
2024,2025,SE0000202624,7.881763188344467e-05
2024,2025,SE0000242455,0.00042190267313477246
2024,2025,SE0000379190,0.00010130810075805174
2024,2025,SE0000667891,0.00042546368762306174
2024,2025,SE0000667925,0.0002052153186084021
2024,2025,SE0000695876,0.00032534537746178616
2024,2025,SE0000806994,1.9093358140547534e-05
2024,2025,SE0000862997,4.245637803796362e-05
2024,2025,SE0000949331,6.227421036085855e-06
2024,2025,SE0001662230,4.864160427048314e-05
2024,2025,SE0005190238,0.0001268658776909244
2024,2025,SE0006993770,8.511252014576935e-05
2024,2025,SE0007100581,0.0005851272325974911
2024,2025,SE0007100599,0.00037882922411102055
2024,2025,SE0011090018,8.286579930445503e-05
2024,2025,SE0011166974,4.7825844892914736e-05
2024,2025,SE0015811955,0.0006183354308021547
2024,2025,SE0015961909,0.00046598489285010593
2024,2025,SE0015988019,0.00013238938139758212
2024,2025,SE0016589188,4.5584275614936794e-05
2024,2025,SE0017486889,0.0009638108977413108
2024,2025,SE0018012494,2.128850991366785e-05
2024,2025,SE0018012635,5.2665137721571985e-05
2024,2025,SE0020050417,0.00014559300903515857
2024,2025,US0010551028,0.00106757112782902
2024,2025,US0010841023,0.00013420806487265033
2024,2025,US00130H1059,0.00015305333854617232
2024,2025,US00206R1023,0.0030686401990578007
2024,2025,US0028241000,0.0036853672065069523
2024,2025,US0028962076,0.00014026559770093748
2024,2025,US00724F1012,0.0036803807083523998
2024,2025,US00737L1035,6.496004398890304e-05
2024,2025,US00751Y1064,5.336215213892108e-05
2024,2025,US0079031078,0.0036827700751935546
2024,2025,US0082521081,0.00010563847038453133
2024,2025,US00846U1016,0.0007188423323731629
2024,2025,US0091581068,0.0012103883631169707
2024,2025,US00971T1016,0.0002678295372122184
2024,2025,US0126531013,0.00018983868921429323
2024,2025,US0152711091,0.00031757409516572235
2024,2025,US01741R1023,0.00015166578086644924
2024,2025,US0185811082,5.603615031809628e-05
2024,2025,US0188021085,0.0002815614411541079
2024,2025,US0200021014,0.0009586440453555826
2024,2025,US02079K3059,0.02073083555813937
2024,2025,US02209S1033,0.001663657187951503
2024,2025,US0231351067,0.04361920551782774
2024,2025,US0236081024,0.00044845388678725357
2024,2025,US0255371017,0.0009177321218919672
2024,2025,US02553E1064,5.870248782326744e-05
2024,2025,US0258161092,0.003911662493745538
2024,2025,US0268747849,0.0008267637908775901
2024,2025,US03027X1000,0.0016103466007361912
2024,2025,US03073E1055,0.0008163108081708039
2024,2025,US03076C1062,0.0009620934754015062
2024,2025,US0311001004,0.0007819537137951313
2024,2025,US0311621009,0.0026273843940245677
2024,2025,US0320951017,0.001570202739730252
2024,2025,US0326541051,0.0019779232518599105
2024,2025,US0367521038,0.0016068148140759287
2024,2025,US03743Q1085,0.00015412273443563023
2024,2025,US0375981091,2.9062662928936678e-05
2024,2025,US0378331005,0.07069492036318795
2024,2025,US0382221051,0.002472706142061636
2024,2025,US0383361039,0.00019699372659003856
2024,2025,US0394831020,0.00045196732443667095
2024,2025,US0427351004,0.00011233541487379263
2024,2025,US0441861046,6.307970581401084e-05
2024,2025,US0454871056,7.259291214273759e-05
2024,2025,US04621X1081,0.00020577689517945003
2024,2025,US0495601058,0.000407478540500354
2024,2025,US0527691069,0.0011940961448835478
2024,2025,US0528001094,0.00013824626741215873
2024,2025,US0530151036,0.0022346940092230695
2024,2025,US0533321024,0.0010064497841633263
2024,2025,US0534841012,0.0005870290026958473
2024,2025,US0536111091,0.0002831656916951123
2024,2025,US0537741052,4.5786135521483946e-05
2024,2025,US0538071038,8.799695106643638e-05
2024,2025,US0565251081,0.00011475009375557165
2024,2025,US0584981064,0.000308314298250959
2024,2025,US0605051046,0.006279191674150215
2024,2025,US0640581007,0.0010357962686958775
2024,2025,US0708301041,0.00015633135474963218
2024,2025,US0718131099,0.00028037345843351597
2024,2025,US0758871091,0.00122266356110032
2024,2025,US0844231029,0.0004187554381020724
2024,2025,US0846701086,0.006998109788509061
2024,2025,US0865161014,0.0003419425816813722
2024,2025,US0893021032,1.0429619314479912e-18
2024,2025,US09061G1013,0.00023259161345313143
2024,2025,US09062X1037,0.0004174857455185267
2024,2025,US09073M1045,0.00021548367374567577
2024,2025,US0936711052,0.0001326993243683968
2024,2025,US0970231058,0.0024905588821128675
2024,2025,US09857L1089,0.0030884789339288275
2024,2025,US0997241064,0.00013420173643731537
2024,2025,US1011211018,0.00021966301359945589
2024,2025,US1011371077,0.002471618936397208
2024,2025,US1033041013,0.0001229393445133793
2024,2025,US1053682035,1.8128583562275888e-05
2024,2025,US1096411004,0.00010955954039119924
2024,2025,US1096961040,7.435667887091877e-05
2024,2025,US1101221083,0.002153814446117284
2024,2025,US1124631045,1.7066729718228502e-05
2024,2025,US1156372096,0.00021537045784361376
2024,2025,US12504L1098,0.0007531130740172524
2024,2025,US1252691001,0.00026942539547669393
2024,2025,US12541W2098,0.00023014719637546086
2024,2025,US1255231003,0.001417477845771007
2024,2025,US12572Q1058,0.0015696879390181531
2024,2025,US1258961002,0.0003705887880995466
2024,2025,US1264081035,0.0011697949886294017
2024,2025,US12653C1080,0.0001084665318024394
2024,2025,US1266501006,0.0010593715264371893
2024,2025,US1270551013,8.666735386802157e-05
2024,2025,US1270971039,0.00035449208246217384
2024,2025,US1273871087,0.0015467295167225707
2024,2025,US1307881029,5.248079640231727e-05
2024,2025,US1331311027,0.00023220487291377405
2024,2025,US1344291091,0.00023152451751424276
2024,2025,US14040H1059,0.0012774336122508773
2024,2025,US14149Y1082,0.0005382108035920612
2024,2025,US1423391002,0.0003145280151669478
2024,2025,US1431301027,0.00023689252459931003
2024,2025,US1491231015,0.003256530817090034
2024,2025,US1508701034,0.00014243561898500393
2024,2025,US15189T1079,0.0003888570252520541
2024,2025,US1598641074,0.00017785930227150564
2024,2025,US1667641005,0.004885272028242363
2024,2025,US1699051066,0.0001269278957863931
2024,2025,US1713401024,0.0004823803615017284
2024,2025,US1717793095,0.00022612309839506464
2024,2025,US1720621010,0.0004232761948177094
2024,2025,US17275R1023,0.004424959667822705
2024,2025,US1729081059,0.0013814237343970333
2024,2025,US1729674242,0.002500192521896432
2024,2025,US1858991011,6.964477318501392e-05
2024,2025,US1890541097,0.0003777375828469054
2024,2025,US1912161007,0.005027895659365661
2024,2025,US1924461023,0.000715121764092569
2024,2025,US1941621039,0.0013944933511235423
2024,2025,US20030N1019,0.002688228406334806
2024,2025,US2003401070,0.00015434747793025602
2024,2025,US2017231034,0.00010825352604104708
2024,2025,US2058871029,0.0002483406493418721
2024,2025,US20825C1045,0.0023749749766429694
2024,2025,US2091151041,0.0005821907263559608
2024,2025,US21036P1084,0.0007518638283408916
2024,2025,US2172041061,0.0010363962590154475
2024,2025,US21871N1019,4.629588001453291e-05
2024,2025,US2193501051,0.0007261925675408273
2024,2025,US22160K1051,0.007630873663803548
2024,2025,US22410J1060,2.441235688481059e-05
2024,2025,US22822V1017,0.000743874179566576
2024,2025,US2283681060,0.0001832170131834618
2024,2025,US2310211063,0.0008999303436106512
2024,2025,US23331A1097,0.0008345657558896487
2024,2025,US2333311072,0.0004651035634321458
2024,2025,US23355L1061,6.879480144553993e-05
2024,2025,US2358511028,0.0030974448673817497
2024,2025,US2371941053,0.00040943848283798154
2024,2025,US23918K1088,0.0002251321591626247
2024,2025,US2441991054,0.0021678308219294524
2024,2025,US2473617023,0.0007317282302029027
2024,2025,US24906P1093,7.280730277670645e-05
2024,2025,US25179M1036,0.000404700184588052
2024,2025,US2533931026,0.00024486570844978287
2024,2025,US2546871060,0.0038601965282757888
2024,2025,US25525P1075,9.885080087113024e-06
2024,2025,US25659T1079,9.0093893478485e-05
2024,2025,US2566771059,0.00031125465711093236
2024,2025,US2567461080,0.0003014713644056256
2024,2025,US25746U1097,0.0008459468057600938
2024,2025,US2576511099,0.0001522513384174348
2024,2025,US25960P1093,5.783519803187439e-05
2024,2025,US2600031080,0.0004847233807619789
2024,2025,US26441C2044,0.001565268097500848
2024,2025,US26875P1012,0.0012943629289417456
2024,2025,US26884L1098,0.0005173135201310094
2024,2025,US26969P1084,0.00015337996785635087
2024,2025,US2774321002,0.00019425140701899644
2024,2025,US2774614067,8.4581738190814e-06
2024,2025,US2786421030,0.0005557393301155861
2024,2025,US2788651006,0.00124491931584309
2024,2025,US2810201077,0.0005784485856769571
2024,2025,US28176E1082,0.0008185263068717232
2024,2025,US2855121099,0.0007197082394218866
2024,2025,US2910111044,0.0013119641030846327
2024,2025,US29364G1031,0.0006033250690700508
2024,2025,US2944291051,0.0005932059381577274
2024,2025,US29444U7000,0.00170724977788176
2024,2025,US29476L1070,0.0005120363074830802
2024,2025,US29670G1022,0.00018788153388909595
2024,2025,US2971781057,0.0003447187388345808
2024,2025,US30034W1062,0.0002575220366048367
2024,2025,US30040W1080,0.0003983091478398678
2024,2025,US30161N1019,0.000714999385850161
2024,2025,US30212P3038,0.00043525150860712636
2024,2025,US3021301094,0.00028783015523999484
2024,2025,US30231G1022,0.008788419909168548
2024,2025,US3024913036,0.00011246796895418144
2024,2025,US3029411093,0.0001326095733233414
2024,2025,US3030751057,0.0003408259484614372
2024,2025,US3119001044,0.0007752373020762481
2024,2025,US3137451015,0.00018060296426947658
2024,2025,US31428X1063,0.001272565422828416
2024,2025,US3156161024,0.00027577007431223074
2024,2025,US31620M1062,0.000814158330141637
2024,2025,US3167731005,0.0005330801704126955
2024,2025,US3205171057,0.0001966654841918785
2024,2025,US3377381088,0.002173546205193272
2024,2025,US3379321074,0.0004294951192158752
2024,2025,US3434121022,0.00016100012234003392
2024,2025,US34354P1057,0.00014045837155432804
2024,2025,US3448491049,3.876735330202435e-05
2024,2025,US3453708600,0.0007259237247094498
2024,2025,US3546131018,0.00020124075440055309
2024,2025,US35671D8570,0.0010311054008651833
2024,2025,US3614481030,0.00010555811407793145
2024,2025,US3635761097,0.0013318832380567961
2024,2025,US3647601083,0.00016741288520752425
2024,2025,US3695501086,0.0013607003596762337
2024,2025,US3703341046,0.0006586523704468254
2024,2025,US37045V1008,0.00109941783379078
2024,2025,US3719011096,0.0001221805839150421
2024,2025,US3724601055,0.0003033973443480238
2024,2025,US37247D1063,5.337223741726824e-05
2024,2025,US3755581036,0.0021616812843583085
2024,2025,US37940X1028,0.0005238676840145779
2024,2025,US37959E1029,0.0001760669525612792
2024,2025,US38141G1040,0.0033744224524086194
2024,2025,US3825501014,4.892467033554146e-05
2024,2025,US3841091040,0.0002665452320714889
2024,2025,US3848021040,0.0009640577480257329
2024,2025,US3976241071,2.770184170287415e-05
2024,2025,US40434L1052,0.000579080983692812
2024,2025,US4062161017,0.0004501655845350653
2024,2025,US4103451021,5.279462281294653e-05
2024,2025,US4108671052,0.00010643949634082262
2024,2025,US4128221086,7.166418292502337e-05
2024,2025,US4158641070,1.1089000025868501e-05
2024,2025,US4165151048,0.0005930009612075004
2024,2025,US4180561072,0.00014653758390819534
2024,2025,US4198701009,1.630059964397702e-05
2024,2025,US42250P1030,0.00026868971176774995
2024,2025,US42330P1075,3.226105350279259e-05
2024,2025,US4234521015,5.5826613190994736e-05
2024,2025,US4278661081,0.00047263723190671186
2024,2025,US42809H1077,0.0007688707014558097
2024,2025,US4364401012,0.00030642588375011056
2024,2025,US4370761029,0.007252951199792083
2024,2025,US4385161066,0.0027580685529254023
2024,2025,US4404521001,0.000321748780525817
2024,2025,US44107P1049,0.00023290969748644233
2024,2025,US4435106079,0.00042262999316145455
2024,2025,US4448591028,0.0005757497781385808
2024,2025,US4456581077,0.00032359438832954963
2024,2025,US4461501045,0.000444790681141314
2024,2025,US4470111075,6.414422178539208e-05
2024,2025,US45073V1089,0.0002183996512304543
2024,2025,US45167R1041,0.0002980382124417462
2024,2025,US45168D1046,0.0006346889532412119
2024,2025,US4523081093,0.0014003303719682585
2024,2025,US4523271090,0.0003975149509841896
2024,2025,US4581401001,0.0016306899097740081
2024,2025,US45866F1049,0.0016026818547137738
2024,2025,US4592001014,0.0038150059264163345
2024,2025,US4595061015,0.0004054021312087919
2024,2025,US4601461035,0.0003496963488547862
2024,2025,US4606901001,0.0001971926717539031
2024,2025,US4612021034,0.003301173355969546
2024,2025,US46120E6023,0.003492824847740402
2024,2025,US46284V1017,0.0005808538760132943
2024,2025,US4657411066,8.937730923867172e-05
2024,2025,US46625H1005,0.012667246533393852
2024,2025,US4663131039,0.00030180189617068695
2024,2025,US46982L1089,0.00030871824717708266
2024,2025,US4781601046,0.006536601951147322
2024,2025,US48020Q1076,0.0002249304759035822
2024,2025,US48203R1041,0.0002313773882896859
2024,2025,US48242W1062,0.00014778835315581103
2024,2025,US4824801009,0.0015801565847475337
2024,2025,US48666K1097,8.773955106375792e-05
2024,2025,US4878361082,0.0005239564109484665
2024,2025,US4891701009,3.597299654226093e-05
2024,2025,US4932671088,0.0003556333771345511
2024,2025,US4943681035,0.0008158052246841362
2024,2025,US49446R1095,0.00029982288994157995
2024,2025,US49456B1017,0.0011386759071348187
2024,2025,US4972661064,0.00011180050406648871
2024,2025,US5002551043,3.13442297689675e-05
2024,2025,US5010441013,0.0008288602757506527
2024,2025,US5018892084,0.00018089307456026094
2024,2025,US5150981018,0.0001166923784553068
2024,2025,US5178341070,0.0006994962843827671
2024,2025,US5184391044,0.0003310034461702152
2024,2025,US5218652049,9.813799928631472e-05
2024,2025,US5246601075,2.2420582660770952e-05
2024,2025,US5260571048,0.0005995703715610454
2024,2025,US5261071071,0.0004050208947949162
2024,2025,US5324571083,0.013753962026696476
2024,2025,US5339001068,0.00020121880839580212
2024,2025,US5341871094,0.0001020723051280034
2024,2025,US5370081045,0.00011129409083556399
2024,2025,US5398301094,0.0021630607531858735
2024,2025,US5486611073,0.002616048482122946
2024,2025,US5502411037,9.816565782549543e-05
2024,2025,US55261F1049,0.0005856523331452452
2024,2025,US5526901096,6.719326900349269e-05
2024,2025,US5529531015,0.00019382345600696152
2024,2025,US5535301064,7.96821380585367e-05
2024,2025,US5543821012,9.339579401091459e-05
2024,2025,US5544891048,2.9436666941706083e-05
2024,2025,US55616P1049,9.023163170201417e-05
2024,2025,US5635714059,1.1174056369832577e-05
2024,2025,US56418H1005,5.0798003009508696e-05
2024,2025,US5717481023,0.001956441645990944
2024,2025,US5719032022,0.0014564382092593882
2024,2025,US5732841060,0.0005915194211800091
2024,2025,US5738741041,0.0017943872450349753
2024,2025,US5745991068,0.00029455592234882704
2024,2025,US57636Q1040,0.008965752372602576
2024,2025,US5770811025,0.00011258241563872991
2024,2025,US5797802064,0.00035916273456640613
2024,2025,US5801351017,0.0039008544373361153
2024,2025,US58155Q1031,0.0013486711374650641
2024,2025,US58933Y1055,0.004723632371784482
2024,2025,US59156R1086,0.0010590296549569762
2024,2025,US5926881054,0.000484733747083166
2024,2025,US5949181045,0.058819746930310376
2024,2025,US5950171042,0.0005788979531237992
2024,2025,US5951121038,0.0017587000783614959
2024,2025,US6005441000,2.7212229945389437e-05
2024,2025,US6081901042,0.00014015553647402627
2024,2025,US60871R2094,0.00020546863591851646
2024,2025,US6092071058,0.001499164273574108
2024,2025,US61174X1090,0.0009607915355624069
2024,2025,US6153691059,0.0016080844126752237
2024,2025,US6174464486,0.0037923950064379314
2024,2025,US61945C1036,0.00014610627671582933
2024,2025,US6200763075,0.0014481427856344966
2024,2025,US6267171022,8.395031783474798e-05
2024,2025,US62886E1082,3.895328558588009e-05
2024,2025,US6293775085,0.0003325191728216569
2024,2025,US62955J1034,0.00010716890721577704
2024,2025,US6311031081,0.0008320647953291391
2024,2025,US6361801011,0.00010506492344300863
2024,2025,US64110D1046,0.0004425309265821138
2024,2025,US6501111073,0.0001582057773612087
2024,2025,US6512291062,7.873843623327282e-05
2024,2025,US6516391066,0.0007976486768085384
2024,2025,US65249B1098,0.00019456305378318431
2024,2025,US65339F1012,0.0027665331256672954
2024,2025,US6541061031,0.0016783686120154188
2024,2025,US65473P1057,0.0003201659296568878
2024,2025,US6556641008,7.630082258350101e-05
2024,2025,US6558441084,0.0009992438154035705
2024,2025,US6658591044,0.0003777264427453244
2024,2025,US6668071029,0.0012778690768444302
2024,2025,US6687711084,0.00031255867513721214
2024,2025,US6703461052,0.0005179830771749864
2024,2025,US67066G1040,0.06172383592593794
2024,2025,US6708371033,0.00015092688962666098
2024,2025,US67098H1041,1.7595254559503e-05
2024,2025,US67103H1077,0.001277977823626715
2024,2025,US6745991058,0.0008684916102893815
2024,2025,US6752321025,5.0504570794296156e-05
2024,2025,US6780261052,9.759806026193212e-06
2024,2025,US6819191064,0.00031675219165304283
2024,2025,US6821891057,0.0005052428147896315
2024,2025,US6826801036,0.0010990036805781627
2024,2025,US68389X1054,0.008749605409617564
2024,2025,US6866881021,7.651787644251681e-05
2024,2025,US6882392011,0.00011821919290816141
2024,2025,US69331C1080,0.000833104896164468
2024,2025,US6934751057,0.0014326211760927962
2024,2025,US6935061076,0.0005195509977839303
2024,2025,US69351T1060,0.0004439474501247823
2024,2025,US6936561009,0.00011354751149001602
2024,2025,US6937181088,0.0010237169038549026
2024,2025,US6951561090,0.00038156042022886307
2024,2025,US7010941042,0.0015377143617400228
2024,2025,US7043261079,0.0009467085211849734
2024,2025,US7075691094,5.913456042423533e-05
2024,2025,US70959W1036,0.00019459234455202734
2024,2025,US7134481081,0.003916586890801553
2024,2025,US7140461093,0.000254074595161919
2024,2025,US7170811035,0.0028223642473828897
2024,2025,US7234841010,0.00017511604464478048
2024,2025,US7244791007,2.8246959437390497e-05
2024,2025,US7310681025,6.0892579934056824e-05
2024,2025,US7392761034,6.550468540728055e-05
2024,2025,US74144T1088,0.0004731015805821943
2024,2025,US74251V1026,0.0003336801346967911
2024,2025,US7427181091,0.007378590830076805
2024,2025,US7433151039,0.0026384060977630236
2024,2025,US74340W1036,0.0018398625672425473
2024,2025,US7443201022,0.0007887714066183008
2024,2025,US7445731067,0.000792621714668727
2024,2025,US74460D1090,0.0009868898311452005
2024,2025,US7458671010,0.00042015055948256845
2024,2025,US7475251036,0.003190702656401161
2024,2025,US74762E1029,0.0008763125748742078
2024,2025,US74834L1008,0.0003169593367374994
2024,2025,US7496851038,0.000297493500145434
2024,2025,US7509171069,0.00010534184718568108
2024,2025,US7512121010,0.00017713844857317345
2024,2025,US75281A1097,0.00016274147420765122
2024,2025,US7547301090,0.0005992081695391689
2024,2025,US75513E1010,0.0028931950171553348
2024,2025,US7588491032,0.0002531388959124744
2024,2025,US75886F1075,0.00144385934235573
2024,2025,US7591EP1005,0.00040212834016332727
2024,2025,US7593516047,0.00026530712737930453
2024,2025,US7595091023,0.0002740955897994121
2024,2025,US7607591002,0.0011766607375818126
2024,2025,US7611521078,0.0006272225320112652
2024,2025,US7703231032,0.00013697531438501797
2024,2025,US7739031091,0.0006062375562668202
2024,2025,US7766961061,0.0010460140156417564
2024,2025,US7782961038,0.0009366517072789264
2024,2025,US7802871084,0.00016428473752234704
2024,2025,US7835491082,0.00012502292208638172
2024,2025,US78409V1044,0.002876727941827727
2024,2025,US78410G1040,0.00041307307053679203
2024,2025,US7841171033,0.00019622116457352663
2024,2025,US78440X8873,8.705924521596607e-05
2024,2025,US78442P1066,0.00011125553555872865
2024,2025,US78454L1008,8.749874269430759e-05
2024,2025,US78473E1038,0.00012419626263306742
2024,2025,US79466L3024,0.00600358139865413
2024,2025,US8064071025,0.0001629925059997927
2024,2025,US8085131055,0.0024718886375041543
2024,2025,US8101861065,7.334168127719209e-05
2024,2025,US81211K1007,9.243995842151049e-05
2024,2025,US8168511090,0.0010427643608622989
2024,2025,US8175651046,0.00021871918865441008
2024,2025,US8243481061,0.0016062056760449736
2024,2025,US8288061091,0.0010565255275023656
2024,2025,US8326964058,0.00022061866577644332
2024,2025,US8330341012,0.0003360856682839479
2024,2025,US8354951027,8.918246699118082e-05
2024,2025,US8425871071,0.001689178842327276
2024,2025,US84265V1052,0.0013533690902450969
2024,2025,US8447411088,0.0003753776762800921
2024,2025,US8485741099,7.710369147727124e-05
2024,2025,US8545021011,0.0002331641405203332
2024,2025,US8552441094,0.001945611653572517
2024,2025,US8574771031,0.0005335672373270524
2024,2025,US8581191009,0.00033062794560952867
2024,2025,US8636671013,0.002576668536427591
2024,2025,US8716071076,0.001407597467260467
2024,2025,US87161C5013,0.00013499607516688267
2024,2025,US8718291078,0.0007029350125113331
2024,2025,US8725401090,0.0025488112733242233
2024,2025,US8760301072,0.00028797078052962576
2024,2025,US87612E1064,0.0011619346549458056
2024,2025,US8793691069,0.00015407441010721425
2024,2025,US8794338298,6.561705715508532e-05
2024,2025,US8807701029,0.0003817347126489241
2024,2025,US8807791038,5.9939010620264186e-05
2024,2025,US8816242098,0.0004581323350943614
2024,2025,US8825081040,0.00320493168948892
2024,2025,US8832031012,0.0002679397253088448
2024,2025,US88337F1057,1.0470688632177502e-05
2024,2025,US8835561023,0.0037354924585806973
2024,2025,US8851601018,9.62791788500937e-05
2024,2025,US88579Y1010,0.0013060085646031986
2024,2025,US88642R1095,5.650202029316726e-05
2024,2025,US8873891043,9.609149789194928e-05
2024,2025,US8910921084,0.00014970464367285386
2024,2025,US89417E1091,0.0010256701650753523
2024,2025,US8962391004,0.0003243239909156283
2024,2025,US8965221091,5.552172346704086e-05
2024,2025,US89832Q1094,0.001070419808825461
2024,2025,US9024941034,0.00030567730582257947
2024,2025,US9026531049,0.0002696377418362175
2024,2025,US9026811052,0.00011528794600602733
2024,2025,US9029733048,0.0014011247661170035
2024,2025,US9078181081,0.002594100727753853
2024,2025,US9111631035,2.8609673100986555e-05
2024,2025,US9113121068,0.0017305602365660644
2024,2025,US9113631090,0.0008691696567484947
2024,2025,US9129091081,0.00013743002813957074
2024,2025,US91324P1021,0.008738223855444243
2024,2025,US91529Y1064,0.00024590303556555973
2024,2025,US91822M5022,5.3727491447803055e-05
2024,2025,US91913Y1001,0.0007252100520849175
2024,2025,US92276F1003,0.000484480802353622
2024,2025,US92343V1044,0.0031603698767890265
2024,2025,US92532F1003,0.0019394063902217948
2024,2025,US9255501051,4.236330896218835e-05
2024,2025,US92556V1061,0.0002781375427281339
2024,2025,US9282981086,3.999617197330491e-05
2024,2025,US9290421091,0.0001483604200717996
2024,2025,US9291601097,0.0006378428540404785
2024,2025,US92922P1066,5.195215487177388e-07
2024,2025,US92939U1060,0.0005590492019952617
2024,2025,US9297401088,0.0006117780559935186
2024,2025,US9311421039,0.0136209557582497
2024,2025,US9314271084,0.0001551098214987705
2024,2025,US9344231041,0.0004905925446869685
2024,2025,US94106L1098,0.0015201385056117377
2024,2025,US9418481035,0.0004146854178364355
2024,2025,US9427491025,0.00010533984032247811
2024,2025,US9497461015,0.004335003949243534
2024,2025,US95040Q1040,0.0015037907319030163
2024,2025,US95058W1009,6.239982983156564e-05
2024,2025,US95082P1057,0.00016922284176246652
2024,2025,US9581021055,0.0003918757523356213
2024,2025,US9598021098,6.567237974580937e-05
2024,2025,US9604131022,0.0002753291272834833
2024,2025,US9621661043,0.0003882895215274066
2024,2025,US9633201069,0.00011913446913689421
2024,2025,US9682232064,3.798904354362178e-05
2024,2025,US9694571004,0.0012352407266861174
2024,2025,US9699041011,0.00042743271711361854
2024,2025,US9831341071,0.00017870900502602762
2024,2025,US98389B1008,0.0007247348743667454
2024,2025,US98421M1062,2.1541695312401723e-05
2024,2025,US9884981013,0.0007054256758386598
2024,2025,US9892071054,0.00037342322903926976
2024,2025,US98956P1021,0.0003957598570784682
2024,2025,US9897011071,0.0001499285616148631
