screen_year,investment_year,ISIN,weight
2013,2014,AN8068571086,0.00547748653503164
2013,2014,AT0000652011,0.000688584989405946
2013,2014,AT0000720008,0.0002689539083797352
2013,2014,AT0000743059,0.0006368710268509143
2013,2014,AT0000746409,0.00014141519871948785
2013,2014,BE0003470755,0.00034869675500507724
2013,2014,BE0003565737,0.0010639505858997269
2013,2014,BE0003593044,0.00012911825446173833
2013,2014,BE0003735496,0.0001205814853875012
2013,2014,BE0003739530,0.0006043351309879895
2013,2014,BE0003755692,0.0
2013,2014,BE0974258874,0.00030787828246915276
2013,2014,BE0974264930,0.0004313453919172396
2013,2014,BE0974293251,0.007902883250248498
2013,2014,CA00208D4084,0.0005185031516745169
2013,2014,CA0084741085,0.0002855806886797358
2013,2014,CA05534B7604,0.0016688080161654866
2013,2014,CA0636711016,0.0021606037141301397
2013,2014,CA0641491075,0.003668025685319353
2013,2014,CA0977518616,0.0002421617018084995
2013,2014,CA1247651088,0.0002895073018658988
2013,2014,CA12532H1047,0.0006002058059146148
2013,2014,CA13321L1085,0.00044652417590050375
2013,2014,CA1360691010,0.0016691728664308173
2013,2014,CA1363751027,0.0021879091515486417
2013,2014,CA1363851017,0.0016377830623238957
2013,2014,CA13646K1084,0.0013331885373296538
2013,2014,CA1366812024,0.00039386436588769645
2013,2014,CA1367178326,0.0
2013,2014,CA2849025093,0.0001679032612415738
2013,2014,CA29250N1050,0.0018725996203874838
2013,2014,CA2927661025,0.00026391599153325907
2013,2014,CA3180714048,0.000300424733075451
2013,2014,CA3359341052,0.0003658114982763592
2013,2014,CA3759161035,0.0004086804123679295
2013,2014,CA4495861060,0.0007172191221337985
2013,2014,CA4530384086,0.0017935116670233116
2013,2014,CA4969024047,0.0002615024421562521
2013,2014,CA5592224011,0.0009683994878687913
2013,2014,CA56501R1064,0.0017242264962339339
2013,2014,CA59151K1084,0.0
2013,2014,CA6744822033,1.0096019830431655e-05
2013,2014,CA7392391016,0.0006727271980523476
2013,2014,CA7751092007,0.0010103291378976125
2013,2014,CA7800871021,0.004516045318455696
2013,2014,CA8029121057,0.0005601925220139263
2013,2014,CA85472N1096,0.00013823454943915058
2013,2014,CA8667961053,0.0009826108509318299
2013,2014,CA8672241079,0.002406352916580621
2013,2014,CA87807B1076,0.001544483640086229
2013,2014,CA8787422044,0.0006043298685395169
2013,2014,CA87971M1032,0.0010425343873941258
2013,2014,CA8849038085,0.0014774382443444737
2013,2014,CA8911605092,0.0040707701500476805
2013,2014,CA89346D1078,0.0
2013,2014,CA8959451037,0.00014155489997899593
2013,2014,CA98462Y1007,0.00034703607261169406
2013,2014,CH0008742519,0.001347528597607803
2013,2014,CH0010570759,0.00038751523815118774
2013,2014,CH0010645932,0.0006910083787145442
2013,2014,CH0011075394,0.0019322900856546608
2013,2014,CH0012005267,0.010086148514049908
2013,2014,CH0012032048,0.009168229392171434
2013,2014,CH0012138530,0.002287666092044957
2013,2014,CH0012138605,0.0008052556426646386
2013,2014,CH0012142631,0.00028068593816527233
2013,2014,CH0012214059,0.0
2013,2014,CH0012221716,0.0029211378127736187
2013,2014,CH0012549785,0.0005052011273567121
2013,2014,CH0013841017,0.0002963684020484108
2013,2014,CH0014786500,0.00010748296921522742
2013,2014,CH0014852781,0.00023538728965769856
2013,2014,CH0018294154,0.0002223099944154307
2013,2014,CH0024638212,0.0004624093128262337
2013,2014,CH0025238863,0.0007745027465418855
2013,2014,CH0025751329,8.508144036611942e-05
2013,2014,CH0030170408,0.0005190484744871494
2013,2014,CH0038388911,0.0002499744045914939
2013,2014,CH0038863350,0.011011605504257338
2013,2014,CH0044328745,0.0016895087021198188
2013,2014,CH0048265513,0.0008002006589351232
2013,2014,CH0126881561,0.0017183282952153982
2013,2014,CH0210483332,0.0023512036017580284
2013,2014,CH0244767585,0.0034885949641688617
2013,2014,CH0319416936,0.00023569336680681675
2013,2014,CH0418792922,0.00043822757770890867
2013,2014,CH1169151003,8.930901117377963e-05
2013,2014,CH1175448666,0.00023130316086608155
2013,2014,CH1256740924,0.0008031066901922016
2013,2014,DE0005140008,0.0022049524550571535
2013,2014,DE0005190003,0.003185205900549275
2013,2014,DE0005200000,0.001178466154022747
2013,2014,DE0005408884,0.00011447592618245346
2013,2014,DE0005439004,0.0018725442170590555
2013,2014,DE0005552004,0.0021842880289953764
2013,2014,DE0005557508,0.0036096499938090935
2013,2014,DE0005773303,0.00041358281440751995
2013,2014,DE0005810055,0.0007106693796861788
2013,2014,DE0005909006,0.00038963261308718285
2013,2014,DE0006047004,0.0
2013,2014,DE0006048432,0.0009464558794772586
2013,2014,DE0006070006,0.00026316911807435514
2013,2014,DE0006202005,0.0
2013,2014,DE0006231004,0.0006182924669251478
2013,2014,DE0006599905,0.0006050484186592918
2013,2014,DE0006602006,0.0005110740799678803
2013,2014,DE0006969603,0.00031866986773292457
2013,2014,DE0007037129,0.0
2013,2014,DE0007100000,0.004349793229617184
2013,2014,DE0007164600,0.004910244179263564
2013,2014,DE0007236101,0.005622214542782385
2013,2014,DE0007257503,0.0007120985078169394
2013,2014,DE0007500001,0.00021646298057405484
2013,2014,DE0007664039,0.0021821519595660367
2013,2014,DE0008232125,0.0
2013,2014,DE0008402215,0.0005210031514563528
2013,2014,DE0008404005,0.0038495145053374486
2013,2014,DE0008430026,0.0018691246269596155
2013,2014,DE000BASF111,0.004601541427199887
2013,2014,DE000BAY0017,0.005434088615271482
2013,2014,DE000CBK1001,0.0007427830655124027
2013,2014,DE000ENAG999,0.000898357426977147
2013,2014,DE000KSAG888,0.0002085501735901061
2013,2014,DE000TUAG505,0.0
2013,2014,DK0010181759,0.00047065811866624647
2013,2014,DK0010234467,0.0003555761739933903
2013,2014,DK0010244508,0.0005503030689259626
2013,2014,DK0010274414,0.0010155552195394994
2013,2014,DK0010287663,4.116644041140817e-06
2013,2014,DK0060079531,0.00034354978658443844
2013,2014,DK0060336014,0.0005559368846060945
2013,2014,DK0060448595,0.0006671755530871752
2013,2014,DK0060477503,0.00034118529377368304
2013,2014,DK0060738599,0.0002895413668453947
2013,2014,DK0061539921,0.00022591220049459897
2013,2014,ES0109427734,0.000250893491642524
2013,2014,ES0112501012,0.00025918358426360144
2013,2014,ES0113211835,0.0034278360206927744
2013,2014,ES0113679I37,0.0003114397571236317
2013,2014,ES0113860A34,0.00040061882170390895
2013,2014,ES0113900J37,0.004843241865157193
2013,2014,ES0116870314,0.0012248401430848576
2013,2014,ES0118594417,0.00019564584384565312
2013,2014,ES0122060314,0.0
2013,2014,ES0124244E34,0.0006262118229907384
2013,2014,ES0125220311,0.000285326518093518
2013,2014,ES0130670112,0.0011707282553399295
2013,2014,ES0130960018,0.0004533433313974557
2013,2014,ES0132105018,0.000269610550545388
2013,2014,ES0144580Y14,0.001758662661839991
2013,2014,ES0148396007,0.004755544098862719
2013,2014,ES0161560018,0.00013902034366620273
2013,2014,ES0167050915,0.0005130270900348188
2013,2014,ES0171743901,0.00017624042667898772
2013,2014,ES0173093024,0.0006559127894565631
2013,2014,ES0173516115,0.0014329131808931176
2013,2014,ES0178430E18,0.0035925942838284123
2013,2014,ES0182870214,0.00012596782793712917
2013,2014,FI0009000202,0.00036205739251309597
2013,2014,FI0009000277,1.32142981178018e-16
2013,2014,FI0009000459,0.00015515639075977842
2013,2014,FI0009000681,0.0014064280836762531
2013,2014,FI0009002158,0.00010253641545833602
2013,2014,FI0009002422,0.0
2013,2014,FI0009003727,0.0005801935508253299
2013,2014,FI0009005318,0.00039096403840021063
2013,2014,FI0009005870,0.00024078252376194155
2013,2014,FI0009005961,9.362507251490386e-05
2013,2014,FI0009005987,0.0002848128326137424
2013,2014,FI0009007132,0.0007510090242149389
2013,2014,FI0009007694,0.0001765265285754339
2013,2014,FI0009007884,0.00034037006726525716
2013,2014,FI0009013403,0.000944136668738621
2013,2014,FI0009800643,0.00010974026427110933
2013,2014,FI4000440664,0.00044681059138927985
2013,2014,FR0000035081,0.0004302418148559355
2013,2014,FR0000039109,0.0
2013,2014,FR0000044448,6.195865659332194e-05
2013,2014,FR0000045072,0.0013688564350435401
2013,2014,FR0000054900,0.0003738843813402371
2013,2014,FR0000064578,0.000222739729555717
2013,2014,FR0000073272,0.0012788820190461484
2013,2014,FR0000077919,0.0005180127863827106
2013,2014,FR0000120073,0.0020065326630745025
2013,2014,FR0000120172,0.0014365507217593892
2013,2014,FR0000120222,0.0006405503793478165
2013,2014,FR0000120271,0.0068074065073986225
2013,2014,FR0000120321,0.004953850105686753
2013,2014,FR0000120404,0.000527861982664468
2013,2014,FR0000120503,0.0007453517385025063
2013,2014,FR0000120560,0.00021210536614261997
2013,2014,FR0000120578,0.0065931766044861236
2013,2014,FR0000120628,0.0031580920083969653
2013,2014,FR0000120644,0.002174071702500447
2013,2014,FR0000120693,0.001497319448983854
2013,2014,FR0000120859,0.00023910619784189944
2013,2014,FR0000120966,0.0003050968226028659
2013,2014,FR0000121014,0.004189916528691961
2013,2014,FR0000121121,0.00025893150717108915
2013,2014,FR0000121220,0.0007568333972721075
2013,2014,FR0000121329,0.0005877392747988679
2013,2014,FR0000121485,0.0012620204487733585
2013,2014,FR0000121667,0.0011615785167065852
2013,2014,FR0000121964,0.0005104219433408996
2013,2014,FR0000121972,0.0022576445487291013
2013,2014,FR0000124141,0.0
2013,2014,FR0000125007,0.001270438452482053
2013,2014,FR0000125338,0.000679867580635071
2013,2014,FR0000125486,0.001986759916161885
2013,2014,FR0000127771,0.0018302841923205563
2013,2014,FR0000130213,0.00018978015381584332
2013,2014,FR0000130395,0.00015615625276000513
2013,2014,FR0000130403,0.0014993968576862181
2013,2014,FR0000130452,0.00024069300412311455
2013,2014,FR0000130577,0.0009058613383409969
2013,2014,FR0000130809,0.0021590478639434653
2013,2014,FR0000131104,0.004475842947305892
2013,2014,FR0000131906,0.0010745435018257956
2013,2014,FR0000133308,0.001673879800582077
2013,2014,FR0010040865,0.000439751236771693
2013,2014,FR0010220475,0.0007267176190748606
2013,2014,FR0013176526,0.0004017097242401448
2013,2014,FR0013326246,0.0011529755915311644
2013,2014,FR0013505062,0.00015402021333291258
2013,2014,FR0013506730,0.0003529263391134735
2013,2014,FR0014003TT8,0.0006721062724938511
2013,2014,GB0000163088,3.318692085101057e-05
2013,2014,GB0000456144,0.0006089974348473953
2013,2014,GB0000536739,0.0003944592820553299
2013,2014,GB0000811801,7.218112806466078e-05
2013,2014,GB0000904986,0.0003054360054957049
2013,2014,GB0000961622,0.0002644094880756465
2013,2014,GB0001367019,0.000557407336817576
2013,2014,GB0001500809,0.0007029134959810807
2013,2014,GB0001638955,3.1816263407539864e-17
2013,2014,GB0001826634,0.00020923968986479594
2013,2014,GB0001859296,0.0002427536377787186
2013,2014,GB0002074580,0.00022966634351548923
2013,2014,GB0002148343,8.999802141474594e-07
2013,2014,GB0002318888,7.974844305592544e-05
2013,2014,GB0002374006,0.0039413825706370136
2013,2014,GB0002418548,0.0001622062907310715
2013,2014,GB0002634946,0.0011200500627031125
2013,2014,GB0002652740,0.00029050787021897285
2013,2014,GB0002670437,0.0
2013,2014,GB0002869419,7.529568229897569e-05
2013,2014,GB0002875804,0.0046833628670793865
2013,2014,GB0003096442,0.00014650253793850354
2013,2014,GB0003308607,0.0003299880117532959
2013,2014,GB0003452173,0.0
2013,2014,GB0003753778,1.5630056121001246e-05
2013,2014,GB0004052071,0.00017979890229262183
2013,2014,GB0004082847,0.002679018521518594
2013,2014,GB0004161021,0.00019136347469335242
2013,2014,GB0004478896,0.00021301066825440385
2013,2014,GB0004544929,0.0017564892758788737
2013,2014,GB0004657408,0.00029634060213275796
2013,2014,GB0004726096,4.285969921800076e-05
2013,2014,GB0004866223,6.0785248177372406e-05
2013,2014,GB0004915632,0.00023059705372164112
2013,2014,GB0005405286,0.009611906478744993
2013,2014,GB0005576813,0.00011723294567216492
2013,2014,GB0005603997,0.0010192759586671448
2013,2014,GB0005746358,3.231691312758246e-05
2013,2014,GB0005758098,0.00023081158140221956
2013,2014,GB0006027295,6.55131322325227e-05
2013,2014,GB0006215205,0.00015678733776059025
2013,2014,GB0006731235,0.0015685814765358788
2013,2014,GB0006776081,0.0008999831233014862
2013,2014,GB0006825383,0.0002854712327449718
2013,2014,GB0006886666,4.4746232100829944e-05
2013,2014,GB0006928617,0.00015018848936249364
2013,2014,GB0007099541,0.002549631664753132
2013,2014,GB0007188757,0.0037654135218922642
2013,2014,GB0007323586,0.0
2013,2014,GB0007594764,0.00013890611733010286
2013,2014,GB0007668071,0.00015178302397101897
2013,2014,GB0007669376,0.000296966791959518
2013,2014,GB0007908733,0.0007226729694747931
2013,2014,GB0007958233,0.00016307966796749257
2013,2014,GB0007973794,0.0003296380587836946
2013,2014,GB0007980591,0.007022732934257826
2013,2014,GB0008025412,0.00012846975406154382
2013,2014,GB0008085614,7.773641757546347e-05
2013,2014,GB0008220112,0.00011114430603165209
2013,2014,GB0008706128,0.004373588530367142
2013,2014,GB0008782301,0.0004294684164011709
2013,2014,GB0009067447,7.042785977196743e-05
2013,2014,GB0009123323,0.00019634467947820345
2013,2014,GB0009223206,0.0006104452077897569
2013,2014,GB0009292243,0.00011529544379643812
2013,2014,GB0009465807,0.0002687675704778579
2013,2014,GB0009697037,0.00039463407755530944
2013,2014,GB0009895292,0.0034663547247502295
2013,2014,GB0022569080,0.00035674436747493344
2013,2014,GB0030232317,0.00012207383351952477
2013,2014,GB0030913577,0.002446450285841173
2013,2014,GB0031274896,0.0007474285690870499
2013,2014,GB0031348658,0.0032489896102523247
2013,2014,GB0031638363,0.00027840258698110117
2013,2014,GB0031743007,0.00036881164829480855
2013,2014,GB0032089863,0.0007277541426675476
2013,2014,GB0033195214,0.000662986004858009
2013,2014,GB0033986497,0.0006250345996550532
2013,2014,GB00B012BV22,0.0
2013,2014,GB00B019KW72,0.0005882889659866314
2013,2014,GB00B033F229,0.00132366851057568
2013,2014,GB00B04V1276,3.0061605831019217e-06
2013,2014,GB00B0744B38,0.0003536567606025822
2013,2014,GB00B082RF11,0.0003313287968306083
2013,2014,GB00B0FYMT95,0.00012362562070832812
2013,2014,GB00B0SWJX34,0.00018962062814166446
2013,2014,GB00B0YG1K06,9.436754919366385e-05
2013,2014,GB00B135BJ46,9.63590201073219e-05
2013,2014,GB00B18P5K83,0.0
2013,2014,GB00B19Z1432,0.00024614670018735985
2013,2014,GB00B1FH8J72,0.0004357928418931682
2013,2014,GB00B1FP6H53,0.000156719256744011
2013,2014,GB00B1JQDM80,0.00012933541198948087
2013,2014,GB00B1KJJ408,0.000565418009498023
2013,2014,GB00B1P6ZR11,0.00012091009689623667
2013,2014,GB00B1WY2338,0.0005258500509903409
2013,2014,GB00B1YW4409,0.0004568444334688344
2013,2014,GB00B2B0DG97,0.0008060213923012731
2013,2014,GB00B2NGPM57,5.7949479010535105e-05
2013,2014,GB00B2PDGW16,0.0
2013,2014,GB00B39J2M42,0.00045987443966161233
2013,2014,GB00B3DGH821,0.0001805532983490864
2013,2014,GB00B3FLWH99,2.4022377308309543e-05
2013,2014,GB00B45C9X44,7.350202833516382e-05
2013,2014,GB00B572ZV91,0.0
2013,2014,GB00B5N0P849,0.00016616544381803407
2013,2014,GB00B5ZN1N88,0.00026364867911122256
2013,2014,GB00B61TVQ02,0.0002277689014025746
2013,2014,GB00B63H8491,0.0018995146606222118
2013,2014,GB00B63QSB39,1.0083833603831279e-05
2013,2014,GB00B67G5X01,0.0001745703980553117
2013,2014,GB00B6YTLS95,0.00020638508280087787
2013,2014,GB00B7KR2P84,0.0003224525712203644
2013,2014,GB00B82YXW83,4.639336876022207e-06
2013,2014,GB00B8C3BL03,0.0003382395987358734
2013,2014,GB00BD6K4575,0.0014206037796531555
2013,2014,GB00BDCPN049,0.0005446683766438138
2013,2014,GB00BDR05C01,0.002588182419940838
2013,2014,GB00BF044593,0.00011508347085224137
2013,2014,GB00BF5H9P87,0.00028468582882928116
2013,2014,GB00BG11K365,5.038629704742624e-05
2013,2014,GB00BGLP8L22,0.0002951925625638751
2013,2014,GB00BH4HKS39,0.008859890752452856
2013,2014,GB00BHJYC057,0.0004220141193633727
2013,2014,GB00BJFFLV09,0.00017212891052292872
2013,2014,GB00BJQZC279,0.0002625402023432944
2013,2014,GB00BK9RKT01,0.0003949683871432445
2013,2014,GB00BKP36R26,0.0002572204123162006
2013,2014,GB00BKY40Q38,0.00011054768743633373
2013,2014,GB00BL6XZ716,9.663891226239078e-18
2013,2014,GB00BLGZ9862,0.0021926670746178624
2013,2014,GB00BM8PJY71,0.002877783395322126
2013,2014,GB00BMJ6DW54,0.00032358298078504296
2013,2014,GB00BN7SWP63,0.0060390784623431636
2013,2014,GB00BNGDN821,0.00033988615043651493
2013,2014,GB00BNNTLN49,0.00024722470835875933
2013,2014,GB00BNR4T868,1.245123754301047e-05
2013,2014,GB00BP92CJ43,0.00029946171418766414
2013,2014,GB00BP9LHF23,0.0005273156437106189
2013,2014,GB00BPQY8M80,0.0009311006365190323
2013,2014,GB00BV9FP302,0.0
2013,2014,GB00BVFNZH21,0.0001934526407455965
2013,2014,GB00BWFGQN14,0.00024692621010047945
2013,2014,GB00BYQ0JC66,8.859672704101153e-05
2013,2014,GB00BYT1DJ19,0.0004200444695036718
2013,2014,GB00BYW0PQ60,0.0006688582937891467
2013,2014,GB00BYYTFB60,5.48904900106237e-05
2013,2014,GB00BZ4BQC70,0.0004659024260120955
2013,2014,IE0001827041,0.0008435135513613529
2013,2014,IE0002424939,0.000275177652278923
2013,2014,IE0003864109,3.278862471678346e-05
2013,2014,IE0004927939,8.294964788059911e-05
2013,2014,IE00B4BNMY34,0.00251082093401866
2013,2014,IE00B8KQN827,0.0016989268132070968
2013,2014,IE00BD1RP616,0.0003931411452779427
2013,2014,IE00BF0L3536,0.003944271232919455
2013,2014,IE00BK9ZQ967,0.0007598591563477137
2013,2014,IE00BLP1HW54,0.001066114765599961
2013,2014,IE00BTN1Y115,0.002830756420810296
2013,2014,IE00BY7QL619,0.0009547800052028242
2013,2014,IL0002810146,0.0006904940838311036
2013,2014,IL0006046119,0.0003988247906295214
2013,2014,IL0006625771,0.00042660542198687186
2013,2014,IL0006954379,0.0002019822885986772
2013,2014,IL0010811243,0.00018525072443877118
2013,2014,IT0000062072,0.0017841708810767912
2013,2014,IT0000062957,0.00038644301668616215
2013,2014,IT0000072618,0.0017638767189272397
2013,2014,IT0001137345,7.882225488759798e-05
2013,2014,IT0001233417,0.0
2013,2014,IT0001347308,0.0
2013,2014,IT0001469383,8.443371122098162e-17
2013,2014,IT0003128367,0.001037506576445911
2013,2014,IT0003132476,0.003969544364903521
2013,2014,IT0003153415,0.0009475465146355844
2013,2014,IT0003497168,0.0007112198955301719
2013,2014,IT0003506190,0.0010174247374656914
2013,2014,IT0003856405,0.00031359840642098736
2013,2014,IT0004810054,0.0002071223566067207
2013,2014,IT0005239360,0.002118403342532129
2013,2014,IT0005495657,0.0004905307083121481
2013,2014,IT0005508921,5.103150235821087e-05
2013,2014,JE00B8KF9B49,0.0013809080332202147
2013,2014,JE00BJ1DLW90,0.000328897697091794
2013,2014,LR0008862868,0.00039511850580313404
2013,2014,LU0075646355,0.0002800352186791336
2013,2014,NL0000008977,0.0008746711448295967
2013,2014,NL0000009082,0.0006065706824979598
2013,2014,NL0000009165,0.0018419085043250504
2013,2014,NL0000009538,0.0016176689772969407
2013,2014,NL0000226223,0.0003649056033069844
2013,2014,NL0000235190,0.0028354542488894818
2013,2014,NL0000289213,0.00017526668900630658
2013,2014,NL0000337319,4.547187465926177e-05
2013,2014,NL0000360618,9.862181272380647e-05
2013,2014,NL0000379121,0.0005993387594728462
2013,2014,NL0000395903,0.00041626721664183105
2013,2014,NL0009432491,0.00045437146104350694
2013,2014,NL0010273215,0.00200245071326905
2013,2014,NL0010583399,0.00015825930001360655
2013,2014,NL0011794037,0.0009463694789368619
2013,2014,NL0011821202,0.002479389845131535
2013,2014,NL0013267909,0.0009380764729344436
2013,2014,NL00150001Q9,0.00033445345117145004
2013,2014,NL0015001FS8,0.0009614613100740545
2013,2014,NO0003028904,0.0004374353927492187
2013,2014,NO0003053605,0.00015416607932254385
2013,2014,NO0003733800,0.0004911757823055879
2013,2014,NO0005052605,0.00032998905450864325
2013,2014,NO0010063308,0.0017420393754147554
2013,2014,NO0010096985,0.003593239021077926
2013,2014,NO0010199151,0.00018706383356999036
2013,2014,NO0010861990,0.00011731691823339874
2013,2014,NO0012470089,6.973576969995789e-05
2013,2014,PA1436583006,0.0009872617125414066
2013,2014,PTBCP0AM0015,0.00024657797070494453
2013,2014,PTEDP0AM0009,7.604933420483357e-05
2013,2014,PTJMT0AE0001,0.0006439338389752135
2013,2014,PTSON0AM0001,0.0001724636450248564
2013,2014,PTZON0AM0006,0.00016146134611086095
2013,2014,SE0000106270,0.0032295997073065325
2013,2014,SE0000108227,0.00045015123217032575
2013,2014,SE0000108656,0.0017045450861621087
2013,2014,SE0000112724,0.0006967278953211371
2013,2014,SE0000113250,0.0004072407748536412
2013,2014,SE0000114837,0.00016845839931036892
2013,2014,SE0000148884,0.0013070654334076223
2013,2014,SE0000163594,0.0001839951299330408
2013,2014,SE0000163628,0.0004384308174853352
2013,2014,SE0000171100,0.0
2013,2014,SE0000190126,0.00026554009190831514
2013,2014,SE0000202624,0.00032954361846998764
2013,2014,SE0000242455,0.00153103535938545
2013,2014,SE0000379190,0.00012473288955421787
2013,2014,SE0000667891,0.0007850351871931178
2013,2014,SE0000667925,0.0017410330600847132
2013,2014,SE0000695876,0.00044079700893711086
2013,2014,SE0000806994,6.452404715729862e-05
2013,2014,SE0000862997,2.60498865466706e-05
2013,2014,SE0000949331,8.224851733066647e-17
2013,2014,SE0003366871,0.0
2013,2014,SE0005190238,0.00015060704409392892
2013,2014,SE0006993770,0.00021005382967801325
2013,2014,SE0007100581,0.0008339940003042495
2013,2014,SE0007100599,0.0012809382201378267
2013,2014,SE0011090018,7.797033372609778e-05
2013,2014,SE0011166974,0.0
2013,2014,SE0015811955,0.0005762152565905613
2013,2014,SE0015812219,0.00024907867531856855
2013,2014,SE0016589188,0.0004223888238104837
2013,2014,SE0017486889,0.001027824221399951
2013,2014,SE0018012494,0.00010709619052014287
2013,2014,SE0020050417,8.936500777654985e-05
2013,2014,US0010551028,0.0014463961235288406
2013,2014,US00130H1059,0.0
2013,2014,US00206R1023,0.008717731217588247
2013,2014,US0028241000,0.0028662012216764975
2013,2014,US0028962076,0.00011664322578931822
2013,2014,US00724F1012,0.0014772979216609887
2013,2014,US0079031078,0.0
2013,2014,US0082521081,0.0004731375708706424
2013,2014,US00846U1016,0.0010527316515232111
2013,2014,US0091581068,0.0008955864343174647
2013,2014,US00971T1016,0.0003526617120319818
2013,2014,US0126531013,0.00033341919360921406
2013,2014,US0185811082,0.0007671734084910323
2013,2014,US0188021085,0.0
2013,2014,US0200021014,0.0011952709386469915
2013,2014,US02209S1033,0.003639183398078775
2013,2014,US0236081024,0.0
2013,2014,US0255371017,0.0
2013,2014,US0258161092,0.004589056684530776
2013,2014,US0268747849,0.0034981478507228516
2013,2014,US03027X1000,0.001654852027727382
2013,2014,US0311621009,0.0040214192997556596
2013,2014,US0326541051,0.0008682006509949641
2013,2014,US0367521038,0.0014560523801570764
2013,2014,US03743Q1085,0.0015724850277028088
2013,2014,US0378331005,0.02339137812525164
2013,2014,US0382221051,0.0009502914324514979
2013,2014,US0441861046,0.00042071378147385825
2013,2014,US0527691069,0.0005877790132584668
2013,2014,US0530151036,0.0017815098908153892
2013,2014,US0534841012,0.0008082696336235703
2013,2014,US0536111091,0.00026441711772856835
2013,2014,US0538071038,0.0002588136053979273
2013,2014,US0584981064,0.00034743673649967804
2013,2014,US0605051046,0.0076667293993807175
2013,2014,US0640581007,0.001895236593256232
2013,2014,US0708301041,0.00086992838708573
2013,2014,US0718131099,0.0018381511378323808
2013,2014,US0758871091,0.0010089898288896974
2013,2014,US0865161014,0.0005149267742358513
2013,2014,US09062X1037,0.0030701968680331357
2013,2014,US0970231058,0.004795311618942663
2013,2014,US1011371077,0.0004966881851743279
2013,2014,US1101221083,0.004025616783534466
2013,2014,US1156372096,0.0005281638039822152
2013,2014,US1255231003,0.001102906145103739
2013,2014,US1258961002,0.0
2013,2014,US1264081035,0.0013525183321031148
2013,2014,US12653C1080,0.0003058913373860052
2013,2014,US1266501006,0.004068587931641674
2013,2014,US1270551013,0.0
2013,2014,US1344291091,0.0007797267339598045
2013,2014,US14040H1059,0.0019685761875021944
2013,2014,US14149Y1082,0.0009823619470756655
2013,2014,US1491231015,0.0026611229517137886
2013,2014,US15189T1079,0.0001044358237649144
2013,2014,US1667641005,0.011166353750076432
2013,2014,US1720621010,0.0004698230300282341
2013,2014,US17275R1023,0.005478788470295345
2013,2014,US1729674242,0.00738454484952968
2013,2014,US1858991011,3.106212386936181e-05
2013,2014,US1890541097,0.0005503994001955702
2013,2014,US1912161007,0.008534146351028272
2013,2014,US1924461023,0.0014055367984170514
2013,2014,US1941621039,0.002861532768746017
2013,2014,US2003401070,0.0004530873269312069
2013,2014,US2058871029,0.0007032389531576916
2013,2014,US20825C1045,0.004023670527537788
2013,2014,US2091151041,0.0010234134911592046
2013,2014,US21036P1084,0.0005455327612515038
2013,2014,US22160K1051,0.002515368003936222
2013,2014,US2283681060,0.0002227908926835539
2013,2014,US2310211063,0.0013396508638946814
2013,2014,US2333311072,0.0
2013,2014,US23355L1061,0.0003437406177226965
2013,2014,US2371941053,0.00022111256458626398
2013,2014,US2441991054,0.0015369063456988105
2013,2014,US25179M1036,0.0012571716639689769
2013,2014,US2546871060,0.006323833449127469
2013,2014,US25746U1097,0.0016711734716983629
2013,2014,US2600031080,0.0007403815431908811
2013,2014,US26441C2044,0.0014936590832455496
2013,2014,US26875P1012,0.0022970853799400576
2013,2014,US26884L1098,0.000779413788472882
2013,2014,US2774321002,0.00042061568679130454
2013,2014,US2786421030,0.003102624230042805
2013,2014,US2788651006,0.0015876248888062586
2013,2014,US2810201077,0.0
2013,2014,US28176E1082,0.00029821406380153815
2013,2014,US2910111044,0.0024384793558379987
2013,2014,US29364G1031,0.0
2013,2014,US29670G1022,0.000443744651105508
2013,2014,US30040W1080,0.0009252006577009246
2013,2014,US30161N1019,0.0012538137203595724
2013,2014,US3021301094,0.00048103260995512346
2013,2014,US30231G1022,0.020367393793873062
2013,2014,US3024913036,0.0004912956459519216
2013,2014,US31428X1063,0.0020434148902417366
2013,2014,US3156161024,0.000268301540961189
2013,2014,US3167731005,0.0007602523763409796
2013,2014,US3379321074,0.00016770931773410288
2013,2014,US3434121022,0.0008078614807241056
2013,2014,US34354P1057,0.0005159215427601518
2013,2014,US3453708600,0.0028231830485209346
2013,2014,US3546131018,0.0017963666708206804
2013,2014,US35671D8570,0.001614793697837018
2013,2014,US3647601083,0.000703769169668002
2013,2014,US3703341046,0.0015694727281628314
2013,2014,US3719011096,0.0001554062969689694
2013,2014,US3755581036,0.0054062715999906525
2013,2014,US38141G1040,0.0037463786012536604
2013,2014,US3825501014,0.0002464252281416517
2013,2014,US3848021040,0.0007886830128394179
2013,2014,US3976241071,0.0
2013,2014,US40434L1052,0.002589196866977107
2013,2014,US4062161017,0.0021094779697475937
2013,2014,US4128221086,0.0007711256726746999
2013,2014,US4165151048,0.0008327615313639949
2013,2014,US4180561072,0.000374164889333672
2013,2014,US4198701009,0.0
2013,2014,US42250P1030,0.0008746537619715689
2013,2014,US4278661081,0.000701930656031516
2013,2014,US42809H1077,0.0014587272786405292
2013,2014,US4370761029,0.005331119990590562
2013,2014,US4385161066,0.003377592511046201
2013,2014,US4404521001,0.0005984979156715303
2013,2014,US44107P1049,0.0007769714477611156
2013,2014,US4448591028,0.0008375567842605304
2013,2014,US4456581077,0.0003835256200662243
2013,2014,US4461501045,0.0003905714915817913
2013,2014,US45073V1089,0.00028446399385882986
2013,2014,US4523081093,0.0017067403828954558
2013,2014,US4581401001,0.0060799635824103065
2013,2014,US4592001014,0.009449241824398331
2013,2014,US4595061015,0.0004199620233457082
2013,2014,US4601461035,0.0008550541193678182
2013,2014,US4612021034,0.000910659258089996
2013,2014,US46284V1017,0.00043427399022490397
2013,2014,US4657411066,0.0
2013,2014,US46625H1005,0.010135262436779958
2013,2014,US4663131039,0.00010402476465614733
2013,2014,US46982L1089,0.0004737914170034604
2013,2014,US4781601046,0.012149521989595635
2013,2014,US48020Q1076,0.00023974104271051714
2013,2014,US48203R1041,0.0005739281243933457
2013,2014,US4824801009,0.0005606052825795302
2013,2014,US4878361082,0.001089613779129475
2013,2014,US4891701009,0.0002552144245110588
2013,2014,US4932671088,0.0006245986208127867
2013,2014,US4943681035,0.0019028305767364517
2013,2014,US49446R1095,0.0004941880327464178
2013,2014,US4972661064,0.0002206660711019277
2013,2014,US5002551043,0.000588170665960099
2013,2014,US5010441013,0.0009336524887859047
2013,2014,US5184391044,0.000841821801704575
2013,2014,US5324571083,0.002645394741486361
2013,2014,US5339001068,0.00029978262840891953
2013,2014,US5341871094,0.0006690147495433248
2013,2014,US5398301094,0.0022884063136035036
2013,2014,US5486611073,0.0023718718536369565
2013,2014,US5502411037,0.0009211026009139386
2013,2014,US5526761086,0.000212736462482741
2013,2014,US5529531015,0.00044419117771463373
2013,2014,US5635714059,3.9852394927787986e-05
2013,2014,US56418H1005,0.000394311583536048
2013,2014,US5658491064,0.0011918774717067533
2013,2014,US5717481023,0.0011174625886716935
2013,2014,US5719032022,0.0007321712642768037
2013,2014,US5738741041,0.00043773628526120727
2013,2014,US5745991068,0.000334297952568103
2013,2014,US5770811025,0.0008056223897613378
2013,2014,US5797802064,0.0003659363104675231
2013,2014,US5801351017,0.004533952739866356
2013,2014,US58155Q1031,0.0018577369182454651
2013,2014,US58933Y1055,0.006944322456515445
2013,2014,US59156R1086,0.0028529018410608847
2013,2014,US5926881054,0.0003902535169943414
2013,2014,US5949181045,0.014425305269120267
2013,2014,US5950171042,0.0005387452561832357
2013,2014,US5951121038,0.0008725499856739569
2013,2014,US6005441000,0.0001277333191661233
2013,2014,US6081901042,0.0005043777359163308
2013,2014,US60871R2094,0.0004902291260342821
2013,2014,US6092071058,0.0028965777306230104
2013,2014,US6174464486,0.002747090551689467
2013,2014,US61945C1036,0.000885155524212252
2013,2014,US6200763075,0.0006783644574835584
2013,2014,US6293775085,0.0
2013,2014,US6311031081,0.00019389384108008245
2013,2014,US6365181022,8.212568672019089e-05
2013,2014,US64110D1046,0.0005065549520426401
2013,2014,US6512291062,0.0004323138343839991
2013,2014,US6516391066,0.0005073923201300891
2013,2014,US65339F1012,0.0016048701347595145
2013,2014,US6541061031,0.0026417314530839983
2013,2014,US65473P1057,0.00011516325005125124
2013,2014,US6556641008,0.0005399508124869472
2013,2014,US6558441084,0.0013316360227129263
2013,2014,US6658591044,0.0007362826627690247
2013,2014,US6668071029,0.001162434221044089
2013,2014,US6687711084,0.0008261058439759297
2013,2014,US67066G1040,0.000521962295555233
2013,2014,US6708371033,0.0
2013,2014,US67098H1041,0.0001260901563929024
2013,2014,US6745991058,0.0036577230934005454
2013,2014,US6819191064,0.0009419813248054694
2013,2014,US6826801036,0.000828322979452599
2013,2014,US68389X1054,0.008039162000170004
2013,2014,US6882392011,0.00027165799553339814
2013,2014,US69331C1080,0.001062404968977269
2013,2014,US6934751057,0.001920154970155644
2013,2014,US6935061076,0.0011808662463354514
2013,2014,US69351T1060,0.0005730570644613969
2013,2014,US6936561009,0.00042136067192184213
2013,2014,US6937181088,0.001067384165102339
2013,2014,US7010941042,0.0009457501625003982
2013,2014,US70211M1099,0.00012749247759967605
2013,2014,US7134481081,0.005972971681656222
2013,2014,US7140461093,0.0002409120810777258
2013,2014,US7170811035,0.009253067001899807
2013,2014,US7234841010,0.0
2013,2014,US7244791007,0.00017821389153547124
2013,2014,US7310681025,0.0003799075620937449
2013,2014,US74144T1088,0.0010788227955608807
2013,2014,US74251V1026,0.0007600451753798111
2013,2014,US7427181091,0.010316511296344246
2013,2014,US7433151039,0.0008716076862126328
2013,2014,US74340W1036,0.0010876155908533542
2013,2014,US7443201022,0.001994992136665251
2013,2014,US7445731067,0.0007651210383190737
2013,2014,US7475251036,0.005839860621861669
2013,2014,US74834L1008,0.00038163318552356156
2013,2014,US75281A1097,0.0006463103001747269
2013,2014,US75513E1010,0.004911867932250365
2013,2014,US7588491032,0.00034390212138984944
2013,2014,US7739031091,0.0008561627515998575
2013,2014,US7835491082,0.00022099704327129476
2013,2014,US78409V1044,0.0010439700675775303
2013,2014,US78440X8873,0.0005806407702026125
2013,2014,US8101861065,6.457585733959412e-05
2013,2014,US81211K1007,0.00022935757998566374
2013,2014,US8168511090,0.0011313540683622974
2013,2014,US8243481061,0.0009645730182104889
2013,2014,US8288061091,0.002417831039908125
2013,2014,US8326964058,0.0005923059109427408
2013,2014,US8354951027,0.0002437791069148906
2013,2014,US8425871071,0.0007304382358310615
2013,2014,US84265V1052,0.0010671950051508556
2013,2014,US8447411088,0.000273610171459073
2013,2014,US8545021011,0.000652795993208073
2013,2014,US8552441094,0.002663716570671833
2013,2014,US8574771031,0.0015011479044106724
2013,2014,US8718291078,0.0009562937728246754
2013,2014,US8725401090,0.0020174520458032426
2013,2014,US87612E1064,0.0018435041288616047
2013,2014,US8807701029,0.00017891703999253216
2013,2014,US8816242098,0.0017318969314264218
2013,2014,US8825081040,0.002181916690572751
2013,2014,US8832031012,0.0006642051755421862
2013,2014,US88337F1057,0.0001370452916396626
2013,2014,US8835561023,0.001888774782848931
2013,2014,US88579Y1010,0.0043157552037025905
2013,2014,US89417E1091,0.0016227643120704503
2013,2014,US89832Q1094,0.0012421073183621542
2013,2014,US9024941034,0.0001439603489656123
2013,2014,US9029733048,0.0033968010199266563
2013,2014,US9078181081,0.0036042038090588037
2013,2014,US9111631035,0.0001586940913374666
2013,2014,US9113121068,0.0033941291903250067
2013,2014,US9129091081,0.0
2013,2014,US91529Y1064,0.00041055349422087524
2013,2014,US91913Y1001,0.0008244452972745342
2013,2014,US92276F1003,0.0009444335568922321
2013,2014,US92343V1044,0.006677534397944205
2013,2014,US9255501051,9.110181027535992e-05
2013,2014,US9291601097,0.00041574407025988185
2013,2014,US92939U1060,0.0
2013,2014,US9311421039,0.011893347147632375
2013,2014,US9314271084,0.002694827491795083
2013,2014,US94106L1098,0.0007683488143340924
2013,2014,US9418481035,0.00042333660460671627
2013,2014,US9497461015,0.011041503707067695
2013,2014,US95040Q1040,0.0008578559054109622
2013,2014,US9581021055,0.0010107387712357035
2013,2014,US9621661043,0.0008965525457227729
2013,2014,US9633201069,0.0005790177990524395
2013,2014,US9694571004,0.0011960761584488145
2013,2014,US98389B1008,0.0
2013,2014,US9839191015,0.00063457934091898
2013,2014,US98421M1062,0.0007053066404342973
2013,2014,US9884981013,0.0016576589879790345
2013,2014,US98956P1021,0.0007012807046465153
2014,2015,AN8068571086,0.004942063056075268
2014,2015,AT0000652011,0.00047236901733341936
2014,2015,AT0000720008,0.0003380777203956323
2014,2015,AT0000743059,2.157979010121753e-05
2014,2015,AT0000746409,0.00012796618947180186
2014,2015,BE0003470755,0.000207307919896518
2014,2015,BE0003565737,0.0009654340658425703
2014,2015,BE0003593044,0.00011042749827318571
2014,2015,BE0003735496,0.00011692224803515805
2014,2015,BE0003739530,0.000658405657621205
2014,2015,BE0003755692,4.1850094138814165e-06
2014,2015,BE0003810273,0.0006241948160941608
2014,2015,BE0974258874,0.00021188856469000396
2014,2015,BE0974264930,0.00034848521558660596
2014,2015,BE0974293251,0.008149515354081325
2014,2015,CA00208D4084,0.0003919983860739737
2014,2015,CA0084741085,0.00034712385461461347
2014,2015,CA05534B7604,0.0017948193528331505
2014,2015,CA0636711016,0.0021718333387358846
2014,2015,CA0641491075,0.0032011032348011146
2014,2015,CA0977518616,0.00026714768031571486
2014,2015,CA1247651088,0.00024089701829243203
2014,2015,CA12532H1047,0.0005728946578205814
2014,2015,CA13321L1085,0.0003474076156927074
2014,2015,CA1360691010,0.0015782665144469553
2014,2015,CA1363751027,0.0024638571741594294
2014,2015,CA1363851017,0.001458584775015468
2014,2015,CA13646K1084,0.0015283548872666588
2014,2015,CA1366812024,0.00036012799613742625
2014,2015,CA1367178326,1.2409751740966663e-18
2014,2015,CA2849025093,0.00028345105265311694
2014,2015,CA29250N1050,0.00214053531957745
2014,2015,CA2927661025,0.00010713780883621182
2014,2015,CA3180714048,0.00022092006249170394
2014,2015,CA3359341052,0.000274056241202887
2014,2015,CA3495531079,0.00022465086804768713
2014,2015,CA3759161035,0.00041196526878339065
2014,2015,CA4495861060,0.00046525015847419
2014,2015,CA4530384086,0.0015977081638260905
2014,2015,CA45823T1066,0.0004610915236290425
2014,2015,CA4969024047,0.0001472613633980946
2014,2015,CA5394811015,0.0010340805199576181
2014,2015,CA5592224011,0.0011167687236066416
2014,2015,CA56501R1064,0.0016386196650983278
2014,2015,CA59151K1084,9.809430410534136e-19
2014,2015,CA6744822033,2.0197684798087118e-19
2014,2015,CA7392391016,0.0005486680907461705
2014,2015,CA7751092007,0.000837829969172531
2014,2015,CA7800871021,0.004434506829473416
2014,2015,CA8029121057,0.0006841920615272147
2014,2015,CA85472N1096,0.0001386249947345984
2014,2015,CA8667961053,0.0009891176236226694
2014,2015,CA8672241079,0.0020555480008804614
2014,2015,CA87807B1076,0.001591030110198727
2014,2015,CA8787422044,0.00019550963538416977
2014,2015,CA87971M1032,0.0010308038251340384
2014,2015,CA8849038085,0.0014464533161659564
2014,2015,CA8911605092,0.003973311573687734
2014,2015,CA89346D1078,2.559385177804972e-19
2014,2015,CA8959451037,6.128412934968034e-07
2014,2015,CA98462Y1007,0.0001438263944646811
2014,2015,CH0008038389,0.00020776600678256847
2014,2015,CH0008742519,0.001307735084109528
2014,2015,CH0010570759,0.00036480704998213527
2014,2015,CH0010645932,0.0007924927128957961
2014,2015,CH0011075394,0.002055807709221349
2014,2015,CH0012005267,0.011286461757523448
2014,2015,CH0012032048,0.008589240546751517
2014,2015,CH0012138530,0.0018170009226640832
2014,2015,CH0012138605,0.0006492990767629579
2014,2015,CH0012142631,0.0002507556743710484
2014,2015,CH0012214059,8.269401061761248e-19
2014,2015,CH0012221716,0.002218824210095533
2014,2015,CH0012549785,0.0005342545429294117
2014,2015,CH0013841017,0.00032226814597365613
2014,2015,CH0014786500,8.001851253898417e-05
2014,2015,CH0014852781,0.00032310720149436524
2014,2015,CH0018294154,0.00024510627185518656
2014,2015,CH0024638212,0.0003998058387253232
2014,2015,CH0025238863,0.0006942932071960158
2014,2015,CH0025751329,8.573834685426831e-05
2014,2015,CH0030170408,0.0006369265910161183
2014,2015,CH0038388911,0.00015417675292355018
2014,2015,CH0038863350,0.010586499784211393
2014,2015,CH0044328745,0.0017773772624313957
2014,2015,CH0048265513,0.00022978687050765245
2014,2015,CH0126881561,0.0015120729749958032
2014,2015,CH0210483332,0.002032339486956827
2014,2015,CH0244767585,0.002924645561466158
2014,2015,CH0319416936,0.0002632722889212559
2014,2015,CH0418792922,0.000310079221012643
2014,2015,CH1169151003,5.647665154150995e-05
2014,2015,CH1175448666,0.0003218184227929451
2014,2015,CH1256740924,0.0007087774932133139
2014,2015,DE0005140008,0.0017905114039602212
2014,2015,DE0005190003,0.0028564247738027907
2014,2015,DE0005200000,0.0008884370103180493
2014,2015,DE0005408884,8.640694145405102e-05
2014,2015,DE0005439004,0.0017476378169844343
2014,2015,DE0005552004,0.0019106227937320537
2014,2015,DE0005557508,0.0032846921628156295
2014,2015,DE0005773303,0.0002745542344154548
2014,2015,DE0005810055,0.0005818164052663269
2014,2015,DE0005909006,0.00028243575046830045
2014,2015,DE0006047004,7.317483418075003e-19
2014,2015,DE0006048432,0.0008512012421957873
2014,2015,DE0006070006,2.5641711993283444e-05
2014,2015,DE0006202005,8.808797994921467e-19
2014,2015,DE0006231004,0.0006606248121976157
2014,2015,DE0006599905,0.0005797609229068772
2014,2015,DE0006602006,0.0005079531169235866
2014,2015,DE0006969603,0.0002318559591105826
2014,2015,DE0007037129,2.8366677046236807e-19
2014,2015,DE0007042301,5.113264241159387e-05
2014,2015,DE0007100000,0.004081709008988698
2014,2015,DE0007164600,0.003849572307548348
2014,2015,DE0007236101,0.004482567021973687
2014,2015,DE0007257503,0.00038514459764109283
2014,2015,DE0007500001,0.00012041349731856206
2014,2015,DE0007664039,0.0017768237340797445
2014,2015,DE0008232125,9.23388935539703e-19
2014,2015,DE0008402215,0.0005541941970836115
2014,2015,DE0008404005,0.003368653502319388
2014,2015,DE0008430026,0.0015618400417059875
2014,2015,DE000BASF111,0.0035077937716587676
2014,2015,DE000BAY0017,0.00510210898753474
2014,2015,DE000CBK1001,0.0006440390084753546
2014,2015,DE000ENAG999,0.0007912043347656459
2014,2015,DE000KSAG888,0.00018131983403414637
2014,2015,DE000TUAG505,0.00029021715123006683
2014,2015,DK0010181759,0.00031289607470067415
2014,2015,DK0010234467,0.0002602485577140269
2014,2015,DK0010244508,0.00043076211931407463
2014,2015,DK0010274414,0.0012495080892022063
2014,2015,DK0010287663,2.068827920781637e-05
2014,2015,DK0060079531,0.00043909525663159214
2014,2015,DK0060336014,0.0005060722076557125
2014,2015,DK0060448595,0.0008175187220551477
2014,2015,DK0060477503,0.0002802657072852458
2014,2015,DK0060738599,0.00021212272415914264
2014,2015,DK0061539921,0.0003667231187299411
2014,2015,ES0109427734,0.00015080457062042294
2014,2015,ES0112501012,0.00018459049450859495
2014,2015,ES0113211835,0.0027085037410894915
2014,2015,ES0113679I37,0.0003521020027739128
2014,2015,ES0113860A34,0.0005012435635494988
2014,2015,ES0113900J37,0.0048729904858410816
2014,2015,ES0116870314,0.0011281745824704259
2014,2015,ES0118594417,0.0001783373335425058
2014,2015,ES0122060314,8.973212701642736e-19
2014,2015,ES0124244E34,0.00047998230199143636
2014,2015,ES0125220311,0.0003689464527579902
2014,2015,ES0130670112,0.0005929991326854341
2014,2015,ES0130960018,0.0005214095876808615
2014,2015,ES0132105018,0.0003710079462039477
2014,2015,ES0144580Y14,0.0018294366983936216
2014,2015,ES0148396007,0.00397896409434197
2014,2015,ES0152503035,0.0003561900923871745
2014,2015,ES0161560018,0.00015718161128721068
2014,2015,ES0167050915,0.0004372986100495875
2014,2015,ES0171743901,0.00011858289770970404
2014,2015,ES0173093024,0.0007890985738716217
2014,2015,ES0173516115,0.0010039577503674162
2014,2015,ES0178430E18,0.0031234721757497697
2014,2015,ES0182870214,4.946849444843248e-05
2014,2015,FI0009000202,0.00029135474839816355
2014,2015,FI0009000277,0.00013330675545431206
2014,2015,FI0009000459,0.00012735760606354056
2014,2015,FI0009000681,0.0012944657493620235
2014,2015,FI0009002158,0.00010419934357474824
2014,2015,FI0009002422,0.00016040529365688567
2014,2015,FI0009003727,0.0004341762294377321
2014,2015,FI0009005318,0.00018017958435139682
2014,2015,FI0009005870,0.00014317163965498454
2014,2015,FI0009005961,2.2286425058004893e-05
2014,2015,FI0009005987,0.0002311505049017676
2014,2015,FI0009007132,0.0005918652143599105
2014,2015,FI0009007694,3.601669821291518e-05
2014,2015,FI0009007884,0.00035702840257934156
2014,2015,FI0009013403,0.0009275452085036958
2014,2015,FI0009800643,3.682682192421145e-17
2014,2015,FI4000440664,0.00029819035426037146
2014,2015,FR0000035081,0.0003338859678245717
2014,2015,FR0000039109,1.1458278489959072e-18
2014,2015,FR0000044448,2.5719156652359968e-17
2014,2015,FR0000045072,0.0014243968045208211
2014,2015,FR0000054900,0.00026726830899267826
2014,2015,FR0000064578,0.00029009020613527417
2014,2015,FR0000073272,0.0011861894064974247
2014,2015,FR0000077919,0.00039673967006898794
2014,2015,FR0000120073,0.0018466795276227785
2014,2015,FR0000120172,0.0010906092882104464
2014,2015,FR0000120222,0.0005169460031174976
2014,2015,FR0000120271,0.00549850730223176
2014,2015,FR0000120321,0.004217068558444424
2014,2015,FR0000120404,0.00045755747976221047
2014,2015,FR0000120503,0.0007121260772843198
2014,2015,FR0000120560,0.00014253864079322238
2014,2015,FR0000120578,0.005467959409215408
2014,2015,FR0000120628,0.0025208959279412364
2014,2015,FR0000120644,0.0019174228403998218
2014,2015,FR0000120693,0.0014149756803888054
2014,2015,FR0000120859,0.00016264587619551341
2014,2015,FR0000120966,0.00033238228144586893
2014,2015,FR0000121014,0.003586272779168735
2014,2015,FR0000121121,0.00024754867238722684
2014,2015,FR0000121220,0.0007286513678066755
2014,2015,FR0000121329,0.0004835598562689228
2014,2015,FR0000121485,0.001124215876198377
2014,2015,FR0000121667,0.0011621348406355603
2014,2015,FR0000121964,0.0004321987132427229
2014,2015,FR0000121972,0.0019078987291163063
2014,2015,FR0000124141,1.166984269065861e-18
2014,2015,FR0000125007,0.000929761835581304
2014,2015,FR0000125338,0.0006222865294383517
2014,2015,FR0000125486,0.0015592723321122522
2014,2015,FR0000127771,0.0016466981931116626
2014,2015,FR0000130213,0.00012122146318424169
2014,2015,FR0000130395,0.00011322530209638286
2014,2015,FR0000130403,0.0013741992421794455
2014,2015,FR0000130452,0.00015084904185781465
2014,2015,FR0000130577,0.0006981872607449472
2014,2015,FR0000130809,0.0014896996592024603
2014,2015,FR0000131104,0.003296074431596275
2014,2015,FR0000131906,0.0010030196545645967
2014,2015,FR0000133308,0.0021839030004801134
2014,2015,FR0010040865,0.00039316109883346745
2014,2015,FR0010220475,0.0006571179255069088
2014,2015,FR0013176526,0.00046887937215556847
2014,2015,FR0013280286,0.0002502208019303394
2014,2015,FR0013326246,0.001119755674197459
2014,2015,FR0013505062,0.00011836986089448095
2014,2015,FR0013506730,0.00015621131871311472
2014,2015,FR0014003TT8,0.0006177981199276956
2014,2015,FR001400AJ45,0.0007143661920738051
2014,2015,GB0000163088,2.86443747307606e-17
2014,2015,GB0000456144,0.0005149512268944222
2014,2015,GB0000536739,0.00037641746437027627
2014,2015,GB0000811801,0.0002038578272086949
2014,2015,GB0000904986,0.00029445890931781586
2014,2015,GB0000961622,0.00014038428599742945
2014,2015,GB0001367019,0.0006011287517673487
2014,2015,GB0001500809,0.00030224919044426294
2014,2015,GB0001638955,0.00011580536754569938
2014,2015,GB0001765816,6.381366420211327e-17
2014,2015,GB0001826634,0.0001644924291579644
2014,2015,GB0001859296,0.00020088459506519056
2014,2015,GB0002074580,0.0001409287538620253
2014,2015,GB0002148343,4.488694334463854e-05
2014,2015,GB0002318888,0.00012351870302253657
2014,2015,GB0002374006,0.0032929410969615176
2014,2015,GB0002418548,8.108933490851347e-05
2014,2015,GB0002634946,0.0010838863155842645
2014,2015,GB0002652740,0.0002708891083674188
2014,2015,GB0002670437,8.519718678662378e-18
2014,2015,GB0002869419,0.00011124155918627839
2014,2015,GB0002875804,0.004519706984049424
2014,2015,GB0003096442,0.00014780508210535893
2014,2015,GB0003308607,0.00019986609057795032
2014,2015,GB0003452173,1.9472876237678533e-18
2014,2015,GB0003753778,0.0001272300501424955
2014,2015,GB0004052071,0.00019739102086936152
2014,2015,GB0004082847,0.0017296592317521831
2014,2015,GB0004161021,0.00024071507055051515
2014,2015,GB0004478896,0.00018230193444895919
2014,2015,GB0004544929,0.0019129827222770395
2014,2015,GB0004657408,0.00021412176648063328
2014,2015,GB0004726096,7.981672647018678e-17
2014,2015,GB0004866223,1.392540195848213e-17
2014,2015,GB0004915632,0.00015246506432833903
2014,2015,GB0005405286,0.008112631356253208
2014,2015,GB0005576813,0.00014964265612657325
2014,2015,GB0005603997,0.0009873693772540588
2014,2015,GB0005746358,1.5800363607709545e-05
2014,2015,GB0005758098,0.00019103089478312497
2014,2015,GB0006027295,0.0
2014,2015,GB0006215205,0.00014127074771991214
2014,2015,GB0006650450,0.0
2014,2015,GB0006731235,0.0018246884893828527
2014,2015,GB0006776081,0.0006917706614561287
2014,2015,GB0006825383,0.0003293721651165452
2014,2015,GB0006886666,0.0
2014,2015,GB0006928617,0.00010404718274111284
2014,2015,GB0007099541,0.0025718794327383664
2014,2015,GB0007188757,0.0029619951924288465
2014,2015,GB0007323586,2.3550316844220023e-05
2014,2015,GB0007594764,0.00016122848710051668
2014,2015,GB0007668071,0.00020302092451324663
2014,2015,GB0007669376,0.00029334086320027467
2014,2015,GB0007908733,0.0009561625246008669
2014,2015,GB0007958233,0.00017047205166118964
2014,2015,GB0007973794,7.0892115356835495e-06
2014,2015,GB0007980591,0.0051688248343378495
2014,2015,GB0008025412,7.836600198975192e-05
2014,2015,GB0008085614,9.405980572721428e-05
2014,2015,GB0008220112,0.00011839786434993917
2014,2015,GB0008706128,0.0037951695949146385
2014,2015,GB0008782301,0.0004130535248324571
2014,2015,GB0008794710,5.6845016113887726e-05
2014,2015,GB0009067447,0.0
2014,2015,GB0009123323,0.00014476563038777788
2014,2015,GB0009223206,0.0007566143801676188
2014,2015,GB0009292243,0.00014008180025112916
2014,2015,GB0009465807,0.0003030296737443325
2014,2015,GB0009633180,0.00015662936083100454
2014,2015,GB0009697037,0.00036192942176414367
2014,2015,GB0009895292,0.004024709660157812
2014,2015,GB0022569080,0.0003755579099475308
2014,2015,GB0030232317,8.905859004283615e-05
2014,2015,GB0030913577,0.00235221042426616
2014,2015,GB0031274896,0.000663374668798557
2014,2015,GB0031348658,0.0026508662775563013
2014,2015,GB0031638363,0.00013056383896270114
2014,2015,GB0031743007,0.0003954367888801237
2014,2015,GB0032089863,0.000806257828545769
2014,2015,GB0033195214,0.0006420190059713632
2014,2015,GB0033986497,0.0005514147450231277
2014,2015,GB00B012BV22,0.0
2014,2015,GB00B012TP20,7.45743455802467e-05
2014,2015,GB00B019KW72,0.0003063456151663237
2014,2015,GB00B02J6398,0.0004137994302274253
2014,2015,GB00B033F229,0.0008719060932565648
2014,2015,GB00B03HDJ73,2.4997137820238902e-18
2014,2015,GB00B04V1276,1.5096626631356477e-05
2014,2015,GB00B0744B38,0.000405255518945452
2014,2015,GB00B082RF11,0.0002626434975035476
2014,2015,GB00B0FYMT95,6.745187814322522e-05
2014,2015,GB00B0SWJX34,0.0004542816091067696
2014,2015,GB00B0YG1K06,0.00013084468182930365
2014,2015,GB00B135BJ46,0.00010981928322978179
2014,2015,GB00B18P5K83,0.0
2014,2015,GB00B19Z1432,0.00014397250081284345
2014,2015,GB00B1FH8J72,0.00042227211759151217
2014,2015,GB00B1FP6H53,0.00013428053062037966
2014,2015,GB00B1JQDM80,0.00014853320543520702
2014,2015,GB00B1KJJ408,0.0006569926001786311
2014,2015,GB00B1L5QH97,0.00020044151117765645
2014,2015,GB00B1P6ZR11,1.8314554369062396e-05
2014,2015,GB00B1WY2338,0.00033080096612189496
2014,2015,GB00B1YW4409,0.0004085209821732581
2014,2015,GB00B27YGJ97,8.697096963040993e-05
2014,2015,GB00B2B0DG97,0.0008535079577476379
2014,2015,GB00B2NGPM57,7.051204484693951e-05
2014,2015,GB00B2PDGW16,4.395469176128955e-05
2014,2015,GB00B39J2M42,0.0005302700910533672
2014,2015,GB00B3DGH821,8.284987385929258e-06
2014,2015,GB00B3FLWH99,7.869206986838314e-06
2014,2015,GB00B41H7391,2.118935951387005e-05
2014,2015,GB00B45C9X44,2.1772472974586953e-05
2014,2015,GB00B572ZV91,0.0
2014,2015,GB00B5N0P849,0.00021968170104453102
2014,2015,GB00B5ZN1N88,0.00025916547330096423
2014,2015,GB00B61TVQ02,0.00028180218580782767
2014,2015,GB00B63H8491,0.0011787086348271684
2014,2015,GB00B63QSB39,0.00015876240970663804
2014,2015,GB00B67G5X01,0.00020673070760526854
2014,2015,GB00B6XZKY75,0.00011983123308488505
2014,2015,GB00B6YTLS95,0.00017167729180089995
2014,2015,GB00B7KR2P84,0.0003584912959905807
2014,2015,GB00B82YXW83,3.610916162275279e-18
2014,2015,GB00B8B4R053,0.0
2014,2015,GB00B8C3BL03,0.00033469954820710844
2014,2015,GB00BD6K4575,0.0012372314961836507
2014,2015,GB00BDCPN049,0.0004939530729963136
2014,2015,GB00BDR05C01,0.0027151935269900565
2014,2015,GB00BF044593,7.448004413957583e-05
2014,2015,GB00BF5H9P87,0.00024037921613522884
2014,2015,GB00BG11K365,9.592964937101336e-05
2014,2015,GB00BGLP8L22,0.0001698159098381239
2014,2015,GB00BH4HKS39,0.00411154241294676
2014,2015,GB00BHJYC057,0.0004124658622828015
2014,2015,GB00BJFFLV09,0.0001662662326969117
2014,2015,GB00BJQZC279,0.00011767563231480754
2014,2015,GB00BK9RKT01,0.00037138330544734117
2014,2015,GB00BKP36R26,0.00011525546082614621
2014,2015,GB00BKY40Q38,9.399215573482821e-05
2014,2015,GB00BL6XZ716,0.00026036279852378907
2014,2015,GB00BLGZ9862,0.0011278471753132157
2014,2015,GB00BM8PJY71,0.003025073018874964
2014,2015,GB00BM8Q5M07,0.00011156121540556041
2014,2015,GB00BMJ6DW54,0.0001962357426898315
2014,2015,GB00BN7SWP63,0.004709546075964886
2014,2015,GB00BNGDN821,0.0001523286188321781
2014,2015,GB00BNNTLN49,0.00032059643809066566
2014,2015,GB00BNR4T868,4.3164572051613385e-18
2014,2015,GB00BP92CJ43,9.900848895723322e-05
2014,2015,GB00BP9LHF23,0.00047217109405334033
2014,2015,GB00BPQY8M80,0.0009918511947592955
2014,2015,GB00BRB37M78,0.0002509645506347561
2014,2015,GB00BV9FP302,0.0
2014,2015,GB00BVFNZH21,8.499877367208908e-05
2014,2015,GB00BWFGQN14,0.00020175267300276954
2014,2015,GB00BYQ0JC66,8.663571082935265e-05
2014,2015,GB00BYT1DJ19,0.0003971863600649759
2014,2015,GB00BYW0PQ60,0.0007160464122859175
2014,2015,GB00BYYTFB60,0.00012723308552499283
2014,2015,GB00BZ4BQC70,0.0004598212707213603
2014,2015,IE0001827041,0.0007557556200723851
2014,2015,IE0002424939,0.00021882478112047592
2014,2015,IE0003864109,2.914789033475055e-17
2014,2015,IE0004927939,0.00011947119318680169
2014,2015,IE00B4BNMY34,0.0025787798812312314
2014,2015,IE00B8KQN827,0.0014707891134250993
2014,2015,IE00BD1RP616,0.00039996698104695523
2014,2015,IE00BF0L3536,0.00239856937582225
2014,2015,IE00BGH1M568,0.0011314063315952712
2014,2015,IE00BK9ZQ967,0.0007080636333278258
2014,2015,IE00BLP1HW54,0.0011702824353517058
2014,2015,IE00BTN1Y115,0.0033213776209251047
2014,2015,IE00BY7QL619,0.0008550611703496823
2014,2015,IL0002810146,0.0006412658939177549
2014,2015,IL0006046119,0.0003193526759975248
2014,2015,IL0006625771,0.00033936305701673234
2014,2015,IL0006954379,0.00014723129451951774
2014,2015,IL0010811243,0.00014479949206820116
2014,2015,IT0000062072,0.0014853182008075507
2014,2015,IT0000062957,0.0004427036532090213
2014,2015,IT0000072618,0.0020700794605978787
2014,2015,IT0001137345,8.902859671356088e-05
2014,2015,IT0001233417,1.3836132476106686e-18
2014,2015,IT0001347308,3.470187708879789e-19
2014,2015,IT0001469383,2.1343945490781505e-05
2014,2015,IT0003128367,0.0010593236606219812
2014,2015,IT0003132476,0.00276363184908707
2014,2015,IT0003153415,0.0008459017335743519
2014,2015,IT0003242622,0.00048559454755373494
2014,2015,IT0003497168,0.0007815720178230595
2014,2015,IT0003506190,0.001027940479943765
2014,2015,IT0003856405,0.0004332379942484638
2014,2015,IT0004810054,0.00013458264910548565
2014,2015,IT0004827447,0.0003113256567754161
2014,2015,IT0005239360,0.0018165078800141741
2014,2015,IT0005495657,0.00029073686506518934
2014,2015,IT0005508921,0.00012870093395471842
2014,2015,JE00B8KF9B49,0.0011933293653625715
2014,2015,JE00BJ1DLW90,0.00038001323542047425
2014,2015,LR0008862868,0.0007612776509929513
2014,2015,LU0075646355,0.00011657885772640864
2014,2015,NL0000008977,0.0008408827220296321
2014,2015,NL0000009082,0.0005812045641295882
2014,2015,NL0000009165,0.0019017798490592213
2014,2015,NL0000009538,0.0012092005600704693
2014,2015,NL0000226223,0.0003159016853723807
2014,2015,NL0000235190,0.0017626669636115692
2014,2015,NL0000289213,0.00014782615041632503
2014,2015,NL0000337319,0.00013580061582770466
2014,2015,NL0000360618,1.9806412949001743e-18
2014,2015,NL0000379121,0.0004461733856106957
2014,2015,NL0000395903,0.0004086968733963199
2014,2015,NL0009432491,0.00037717721053166716
2014,2015,NL0010273215,0.0021696128117904257
2014,2015,NL0010583399,8.969436509704012e-05
2014,2015,NL0011794037,0.0007797558138733293
2014,2015,NL0011821202,0.002236607463318534
2014,2015,NL0013267909,0.0007803263932547882
2014,2015,NL00150001Q9,0.0006023602100165238
2014,2015,NL0015001FS8,0.0009242050383831273
2014,2015,NO0003028904,0.00043377928548250436
2014,2015,NO0003053605,8.124733780468555e-05
2014,2015,NO0003733800,0.0003863155273819959
2014,2015,NO0005052605,0.0004179290896638661
2014,2015,NO0010063308,0.0014169758142604507
2014,2015,NO0010096985,0.00252103184419607
2014,2015,NO0010199151,0.00015102017968595923
2014,2015,NO0010208051,0.0003452431518743004
2014,2015,NO0010861990,0.00012342515976853754
2014,2015,NO0012470089,2.0022960255293366e-17
2014,2015,PA1436583006,0.0010678953914245181
2014,2015,PTBCP0AM0015,0.00023938302009510968
2014,2015,PTEDP0AM0009,0.00015743004224854832
2014,2015,PTJMT0AE0001,0.0003156923755211576
2014,2015,PTSON0AM0001,0.00014114256287162835
2014,2015,PTZON0AM0006,0.00011717779675764445
2014,2015,SE0000106270,0.0027591496979869463
2014,2015,SE0000108227,0.00037745614976668275
2014,2015,SE0000108656,0.0016046486029533409
2014,2015,SE0000112724,0.0004866762904689633
2014,2015,SE0000113250,0.0004264964455227644
2014,2015,SE0000114837,0.00021930920557715198
2014,2015,SE0000148884,0.0012199137486114194
2014,2015,SE0000163594,0.0002722842725733367
2014,2015,SE0000163628,0.00029850101491035215
2014,2015,SE0000171100,7.088338538104242e-19
2014,2015,SE0000190126,0.0002167386120699551
2014,2015,SE0000202624,0.00028067513196514766
2014,2015,SE0000242455,0.0013108680252693439
2014,2015,SE0000379190,0.00018375030495797193
2014,2015,SE0000667891,0.0005183546076189875
2014,2015,SE0000667925,0.001223709151624424
2014,2015,SE0000695876,0.0003399877119311059
2014,2015,SE0000806994,0.00014135595476642116
2014,2015,SE0000862997,4.141645443216896e-05
2014,2015,SE0000949331,6.674595171190959e-17
2014,2015,SE0003366871,5.842011961533219e-19
2014,2015,SE0005190238,0.0002347134341504596
2014,2015,SE0006993770,0.00023705204125108392
2014,2015,SE0007100581,0.0008372611813935016
2014,2015,SE0007100599,0.0012045885532914584
2014,2015,SE0011090018,0.00011112405357713051
2014,2015,SE0011166974,9.027065946490199e-05
2014,2015,SE0015811955,0.0005467382913009187
2014,2015,SE0015812219,0.0002414865099983961
2014,2015,SE0015988019,0.0001001340878440135
2014,2015,SE0016589188,0.0004601884070255093
2014,2015,SE0017486889,0.001015830701211564
2014,2015,SE0018012494,0.0
2014,2015,SE0020050417,0.00010720969294190524
2014,2015,US0010551028,0.0012353649395556235
2014,2015,US00130H1059,4.073945501613435e-19
2014,2015,US00206R1023,0.007925004702823138
2014,2015,US0028241000,0.003124829250779096
2014,2015,US0028962076,9.674867462157329e-05
2014,2015,US00724F1012,0.0016836704434430635
2014,2015,US0079031078,6.719678102503202e-17
2014,2015,US0082521081,0.0004881110366531665
2014,2015,US00846U1016,0.0007060915964391348
2014,2015,US0091581068,0.0012045296237692905
2014,2015,US00971T1016,0.0004391069704834894
2014,2015,US0126531013,0.0003167941803756167
2014,2015,US0185811082,0.000837762487548746
2014,2015,US0188021085,1.2029295812118354e-18
2014,2015,US0200021014,0.0013489012549288855
2014,2015,US02079K3059,0.006793947228388282
2014,2015,US02209S1033,0.004426335098785753
2014,2015,US0236081024,1.159822687587692e-18
2014,2015,US0255371017,0.00011416290801508488
2014,2015,US0258161092,0.004343463260151782
2014,2015,US0268747849,0.0035146119921097853
2014,2015,US03027X1000,0.0018376563360604546
2014,2015,US0311621009,0.0053967282705521084
2014,2015,US0326541051,0.0009262686420276033
2014,2015,US0367521038,0.0016960901409898215
2014,2015,US03743Q1085,0.001065753785104241
2014,2015,US0378331005,0.0289254472102094
2014,2015,US0382221051,0.0013548275726763834
2014,2015,US0383361039,0.0003472101473075465
2014,2015,US0441861046,0.00042096412330275073
2014,2015,US0527691069,0.0006043759422474736
2014,2015,US0530151036,0.001759067547957162
2014,2015,US0534841012,0.0010163636774100052
2014,2015,US0536111091,0.0002980653306367741
2014,2015,US0538071038,0.00026672778523490696
2014,2015,US0584981064,0.00037148834450572116
2014,2015,US0605051046,0.008412626129452172
2014,2015,US0640581007,0.0020737933236411924
2014,2015,US0708301041,0.0011637909876837935
2014,2015,US0718131099,0.001848982274041319
2014,2015,US0758871091,0.0012132433549531963
2014,2015,US0865161014,0.000508197109559799
2014,2015,US09062X1037,0.0035430087920105945
2014,2015,US0970231058,0.004103997590069603
2014,2015,US1011371077,0.000645105469168618
2014,2015,US1101221083,0.0043270550856034295
2014,2015,US1156372096,0.0005765816482185622
2014,2015,US12504L1098,0.0006405087042107551
2014,2015,US1255231003,0.0012222936727867204
2014,2015,US1258961002,0.00014064899293591253
2014,2015,US1264081035,0.0016300927885792176
2014,2015,US12653C1080,0.0002750167678768255
2014,2015,US1266501006,0.004969694271406473
2014,2015,US1270551013,3.924577709925322e-19
2014,2015,US1344291091,0.0007253752778780837
2014,2015,US14040H1059,0.0020161974572913276
2014,2015,US14149Y1082,0.0011773415753794706
2014,2015,US1491231015,0.002512095885883539
2014,2015,US15189T1079,1.3508539419344939e-18
2014,2015,US1667641005,0.009457109284576616
2014,2015,US1720621010,0.0004288214366342571
2014,2015,US17275R1023,0.006222750570608764
2014,2015,US1729674242,0.007328064188098114
2014,2015,US1858991011,5.280461647383403e-19
2014,2015,US1890541097,0.0006229968901062829
2014,2015,US1912161007,0.008337851786703317
2014,2015,US1924461023,0.0013718034566340823
2014,2015,US1941621039,0.00289431282673921
2014,2015,US2003401070,0.0003737544832717447
2014,2015,US2058871029,0.0007031434919729914
2014,2015,US20825C1045,0.0038191464323377024
2014,2015,US2091151041,0.0010856221048056401
2014,2015,US21036P1084,0.000831464011290953
2014,2015,US22160K1051,0.0028230578946257016
2014,2015,US2283681060,0.00022759461606653979
2014,2015,US2310211063,0.0012724371182844035
2014,2015,US2333311072,9.67893767154108e-05
2014,2015,US23355L1061,0.00036032397955263216
2014,2015,US2371941053,0.00019412577440505285
2014,2015,US2441991054,0.0013908193164798423
2014,2015,US25179M1036,0.0012084019044142449
2014,2015,US2546871060,0.007145637193295437
2014,2015,US25746U1097,0.0019792967234062726
2014,2015,US2600031080,0.000518733552494741
2014,2015,US26441C2044,0.002010565230972251
2014,2015,US26875P1012,0.0024266900764894155
2014,2015,US26884L1098,0.0006607503264809442
2014,2015,US2774321002,0.00032399342231065277
2014,2015,US2786421030,0.002962054666199318
2014,2015,US2788651006,0.0014852818538354377
2014,2015,US2810201077,0.00127132125309984
2014,2015,US28176E1082,0.0006135735970611284
2014,2015,US2910111044,0.0019973158074750833
2014,2015,US29364G1031,0.00024926014442520504
2014,2015,US29444U7000,0.0006999784533265136
2014,2015,US29670G1022,0.0003929124305398049
2014,2015,US30040W1080,0.0010604633552908685
2014,2015,US30161N1019,0.0016546618856077228
2014,2015,US3021301094,0.00037758145874214745
2014,2015,US30231G1022,0.01729351376288736
2014,2015,US3024913036,0.0003603353566227413
2014,2015,US31428X1063,0.0021375730507501665
2014,2015,US3156161024,0.00042343069669388816
2014,2015,US3167731005,0.0006977031595812729
2014,2015,US3379321074,0.00038173795878024866
2014,2015,US3434121022,0.0005843768085873606
2014,2015,US34354P1057,0.00032742835527582893
2014,2015,US3453708600,0.0026835736840732675
2014,2015,US3546131018,0.001609701812407841
2014,2015,US35671D8570,0.0009026848679779839
2014,2015,US3647601083,0.0006614848400199996
2014,2015,US3703341046,0.0015265185813443753
2014,2015,US3719011096,0.00012738461333428795
2014,2015,US37247D1063,0.0002733574111096709
2014,2015,US3755581036,0.006325007341018096
2014,2015,US38141G1040,0.003760303023424197
2014,2015,US3825501014,0.00031332963304615347
2014,2015,US3848021040,0.000775616588232374
2014,2015,US3976241071,7.290283874460163e-18
2014,2015,US40434L1052,0.003343687784408143
2014,2015,US4062161017,0.0015182155440976565
2014,2015,US4128221086,0.0007358096202588193
2014,2015,US4165151048,0.0008549505519511566
2014,2015,US4180561072,0.00037491243466422733
2014,2015,US4198701009,1.739161354601855e-18
2014,2015,US42250P1030,0.0009937259700910778
2014,2015,US4278661081,0.0007342295842963382
2014,2015,US42809H1077,0.0011392392562575163
2014,2015,US4370761029,0.006106428008804289
2014,2015,US4385161066,0.0035061729947357995
2014,2015,US4404521001,0.0006656985177221663
2014,2015,US44107P1049,0.0008706031175685507
2014,2015,US4448591028,0.001068058918506243
2014,2015,US4456581077,0.0003582528318805045
2014,2015,US4461501045,0.000372491427606495
2014,2015,US45073V1089,0.00022110323236650072
2014,2015,US4523081093,0.0016212332722771155
2014,2015,US4581401001,0.007839430997070422
2014,2015,US4592001014,0.007096007733134217
2014,2015,US4595061015,0.00045456402801804277
2014,2015,US4601461035,0.0009156286331815891
2014,2015,US4606901001,0.00038116457641906
2014,2015,US4612021034,0.0011143973618172776
2014,2015,US46284V1017,0.0004962634643416538
2014,2015,US4657411066,7.620751941290416e-17
2014,2015,US46625H1005,0.010395115349108523
2014,2015,US4663131039,0.00015195878149309292
2014,2015,US46982L1089,0.00032894611777931066
2014,2015,US4781601046,0.013211434899094486
2014,2015,US48020Q1076,0.00028713415691700845
2014,2015,US48203R1041,0.00036511945359479786
2014,2015,US4824801009,0.0006017531303822995
2014,2015,US4878361082,0.0010876319826036897
2014,2015,US4891701009,0.00019513385679316913
2014,2015,US4932671088,0.0005480625934611143
2014,2015,US4943681035,0.001998192592279171
2014,2015,US49446R1095,0.0005495851524790427
2014,2015,US4972661064,0.00014061108509864285
2014,2015,US5002551043,0.0005244264989110621
2014,2015,US5010441013,0.0014315196330585084
2014,2015,US5178341070,0.0019727978094135215
2014,2015,US5184391044,0.0007711300359658504
2014,2015,US5324571083,0.0034791679878722476
2014,2015,US5339001068,0.0002584780887406171
2014,2015,US5341871094,0.000737620943086579
2014,2015,US5398301094,0.002783682009734089
2014,2015,US5486611073,0.0029462798810560367
2014,2015,US5502411037,0.0010562029418266998
2014,2015,US5526761086,0.000163538601970409
2014,2015,US5529531015,0.00043893488281655156
2014,2015,US5635714059,0.0001688693897742237
2014,2015,US56418H1005,0.00029804826825808434
2014,2015,US5658491064,0.0009191766776968827
2014,2015,US5717481023,0.0013960458992007822
2014,2015,US5719032022,0.001055555038026962
2014,2015,US5738741041,0.00041876353600556025
2014,2015,US5745991068,0.0003424082270261301
2014,2015,US5770811025,0.0005243311736220754
2014,2015,US5797802064,0.0003966009820538378
2014,2015,US5801351017,0.004129793586092502
2014,2015,US58155Q1031,0.0022530188412618266
2014,2015,US58933Y1055,0.007347881849851941
2014,2015,US59156R1086,0.002786574064985073
2014,2015,US5926881054,0.0004327518198792819
2014,2015,US5949181045,0.017087627910251976
2014,2015,US5950171042,0.0005185890660046347
2014,2015,US5951121038,0.0015735226846065764
2014,2015,US6005441000,0.0001338529887255476
2014,2015,US6081901042,0.00048220166092403374
2014,2015,US60871R2094,0.0006142908297781443
2014,2015,US6092071058,0.0027394139823805584
2014,2015,US6174464486,0.0032989027380699205
2014,2015,US61945C1036,0.0008862960952436701
2014,2015,US6200763075,0.0006888747940969991
2014,2015,US6293775085,3.319061274505399e-19
2014,2015,US6311031081,0.00030028692770228595
2014,2015,US6365181022,0.00012054018111878584
2014,2015,US64110D1046,0.0004668696775706685
2014,2015,US6512291062,0.00044852264082668764
2014,2015,US6516391066,0.00037618041141807603
2014,2015,US65339F1012,0.0019963213970834344
2014,2015,US6541061031,0.0029803491816107136
2014,2015,US65473P1057,0.0003821356566366226
2014,2015,US6556641008,0.0006188019031532799
2014,2015,US6558441084,0.001500785712933876
2014,2015,US6658591044,0.0007308953770564946
2014,2015,US6668071029,0.0013150467457406579
2014,2015,US6687711084,0.0008075757155910612
2014,2015,US67066G1040,0.0006425657197396441
2014,2015,US6708371033,9.998111231356586e-19
2014,2015,US67098H1041,2.0154613411631326e-18
2014,2015,US6745991058,0.002860541003998902
2014,2015,US6819191064,0.0009031197545858251
2014,2015,US6826801036,0.0006551409082520874
2014,2015,US68389X1054,0.008853323449772662
2014,2015,US6866881021,0.0002132638785307502
2014,2015,US6882392011,0.00027067592030046047
2014,2015,US69331C1080,0.0013200466483341924
2014,2015,US6934751057,0.0021722155808546278
2014,2015,US6935061076,0.0013901189625260184
2014,2015,US69351T1060,0.0008460519020792401
2014,2015,US6936561009,0.00039280810965935963
2014,2015,US6937181088,0.0011819221335720106
2014,2015,US7010941042,0.0008459854865974009
2014,2015,US70211M1099,9.074282320683616e-05
2014,2015,US7134481081,0.00637492782458948
2014,2015,US7140461093,0.00022078477111620474
2014,2015,US7170811035,0.00880668688608286
2014,2015,US7234841010,1.7948735348870436e-18
2014,2015,US7244791007,0.00018283531381331787
2014,2015,US7310681025,0.00038070991096053706
2014,2015,US74144T1088,0.0010440876266921864
2014,2015,US74251V1026,0.0008066371748548894
2014,2015,US7427181091,0.011037283159871803
2014,2015,US7433151039,0.0007874633903322795
2014,2015,US74340W1036,0.0010890144311802518
2014,2015,US7443201022,0.0018704552419035053
2014,2015,US7445731067,0.0010691825639610039
2014,2015,US7475251036,0.005508786039548201
2014,2015,US74834L1008,0.00042022077854234833
2014,2015,US75281A1097,0.0003729807911799873
2014,2015,US75513E1010,0.004723564430978905
2014,2015,US7588491032,0.0003533558193975317
2014,2015,US7739031091,0.0007562752113622109
2014,2015,US7835491082,0.00025384644692186465
2014,2015,US78409V1044,0.0011051303263644673
2014,2015,US78440X8873,0.000635619476759348
2014,2015,US78473E1038,0.00027647240490919113
2014,2015,US79466L3024,0.0017108773789875147
2014,2015,US8101861065,9.303271147531341e-05
2014,2015,US81211K1007,0.0003414901955701108
2014,2015,US8168511090,0.0013562483333710129
2014,2015,US8243481061,0.0011978449003976698
2014,2015,US8288061091,0.002676189129370997
2014,2015,US8326964058,0.0005100142805814488
2014,2015,US8354951027,0.0002819195396760726
2014,2015,US8425871071,0.0012063291484279584
2014,2015,US84265V1052,0.0009385304430438539
2014,2015,US8447411088,0.0011394640664994637
2014,2015,US8545021011,0.000667314219165866
2014,2015,US8552441094,0.0026426609216090714
2014,2015,US8574771031,0.0014444675402984243
2014,2015,US8718291078,0.0010234299504503818
2014,2015,US8725401090,0.0020272930160092325
2014,2015,US87612E1064,0.002148985119566512
2014,2015,US8807701029,0.00022500346466630116
2014,2015,US8816242098,0.002448967486991131
2014,2015,US8825081040,0.0024535011065757025
2014,2015,US8832031012,0.0006521018360551023
2014,2015,US88337F1057,0.0001739396387264574
2014,2015,US8835561023,0.0022379976818430324
2014,2015,US88579Y1010,0.004639299117816723
2014,2015,US89417E1091,0.001636772076651361
2014,2015,US89832Q1094,0.0012638819902498282
2014,2015,US9024941034,0.00038280881137376494
2014,2015,US9029733048,0.003580275564071881
2014,2015,US9078181081,0.004783033644839393
2014,2015,US9111631035,0.00015691490321562184
2014,2015,US9113121068,0.0033688024989286746
2014,2015,US9113631090,0.0005508667092750245
2014,2015,US9129091081,3.1412136954833524e-19
2014,2015,US91529Y1064,0.00035718858726904577
2014,2015,US91913Y1001,0.0007607934171190295
2014,2015,US92276F1003,0.0010267348634939966
2014,2015,US92343V1044,0.008726584338527407
2014,2015,US9255501051,9.767607191355818e-05
2014,2015,US9291601097,0.0004755581781342387
2014,2015,US92939U1060,1.3875928216358707e-18
2014,2015,US9311421039,0.012446480154045007
2014,2015,US9314271084,0.0038659031465025687
2014,2015,US94106L1098,0.0008240133529677827
2014,2015,US9418481035,0.00044248854252134176
2014,2015,US9497461015,0.012652649345678392
2014,2015,US95040Q1040,0.0012290613402658483
2014,2015,US95082P1057,9.031150746528848e-05
2014,2015,US9581021055,0.0012704000478177104
2014,2015,US9621661043,0.0008531528103575164
2014,2015,US9633201069,0.0006533823646435842
2014,2015,US9694571004,0.0015421745983703135
2014,2015,US98389B1008,1.1542623993522913e-18
2014,2015,US9839191015,0.0005582897424598862
2014,2015,US98421M1062,0.0006808082677313933
2014,2015,US9884981013,0.0015704884987689607
2014,2015,US98956P1021,0.0008333748959222739
2015,2016,AN8068571086,0.0041448421745499875
2015,2016,AT00000VIE62,0.00015088796528201208
2015,2016,AT0000606306,0.00017227560148682766
2015,2016,AT0000652011,0.0006398591880445067
2015,2016,AT0000720008,0.00031501922064095965
2015,2016,AT0000743059,9.359143226104742e-05
2015,2016,AT0000746409,5.9176108555404456e-05
2015,2016,BE0003470755,0.0002653133103858825
2015,2016,BE0003565737,0.0011521096844931984
2015,2016,BE0003593044,0.00014721012954846367
2015,2016,BE0003735496,8.163354794500755e-05
2015,2016,BE0003739530,0.0008212303907922075
2015,2016,BE0003755692,4.013783502166375e-06
2015,2016,BE0003810273,0.0006084162317422471
2015,2016,BE0974258874,0.0002653687828379995
2015,2016,BE0974264930,0.0004396670948678807
2015,2016,BE0974293251,0.009199941405017906
2015,2016,CA00208D4084,0.00030816998924807057
2015,2016,CA0084741085,0.000382020577644856
2015,2016,CA00900Q1037,0.00016488441751390983
2015,2016,CA05534B7604,0.0015806086928459725
2015,2016,CA0636711016,0.0017654004847150297
2015,2016,CA0641491075,0.002313869483789034
2015,2016,CA0977518616,0.00018866567585510688
2015,2016,CA1247651088,0.000235819863927586
2015,2016,CA12532H1047,0.000599775718979247
2015,2016,CA13321L1085,0.0003073829207946621
2015,2016,CA1360691010,0.0012061056025491628
2015,2016,CA1363751027,0.0020165648682120025
2015,2016,CA1363851017,0.0010107448304274153
2015,2016,CA13646K1084,0.0009533309512249302
2015,2016,CA1366812024,0.0003123108903807951
2015,2016,CA1367178326,0.0
2015,2016,CA2849025093,0.00023401248077264988
2015,2016,CA29250N1050,0.0014855970729713349
2015,2016,CA2927661025,1.338227410025546e-19
2015,2016,CA3180714048,0.00010410925813375123
2015,2016,CA3359341052,3.2795613329156885e-05
2015,2016,CA3495531079,3.985510857092954e-05
2015,2016,CA3759161035,0.0003832132950001118
2015,2016,CA39138C1068,0.0011621253928948592
2015,2016,CA4495861060,0.00031280913992530837
2015,2016,CA4530384086,0.0012200863443058427
2015,2016,CA45823T1066,0.00038185789249007467
2015,2016,CA4969024047,9.905164027418809e-05
2015,2016,CA5394811015,0.0009104367710781496
2015,2016,CA5592224011,0.0008361689304152143
2015,2016,CA56501R1064,0.0014116166634679983
2015,2016,CA59151K1084,0.0
2015,2016,CA6744822033,0.0
2015,2016,CA7392391016,0.00044679565793174575
2015,2016,CA7751092007,0.0007137530629687179
2015,2016,CA7800871021,0.003651808041146369
2015,2016,CA8029121057,0.0006188805833668411
2015,2016,CA8239011031,0.0
2015,2016,CA85472N1096,0.00019283176150891278
2015,2016,CA8667961053,0.0008700281573702993
2015,2016,CA8672241079,0.001723544152289695
2015,2016,CA87807B1076,0.001079063725142259
2015,2016,CA8787422044,0.0
2015,2016,CA87971M1032,0.0007936256040298288
2015,2016,CA8849038085,0.0013229369651550358
2015,2016,CA8911605092,0.0033792184506007874
2015,2016,CA89346D1078,0.0
2015,2016,CA8959451037,0.0
2015,2016,CA98462Y1007,0.0001115129372997108
2015,2016,CH0008038389,0.00030809385581796826
2015,2016,CH0008742519,0.0013484487592483627
2015,2016,CH0010570759,0.0004959555293334326
2015,2016,CH0010645932,0.0008627417481265665
2015,2016,CH0011075394,0.0018157585134658193
2015,2016,CH0012005267,0.010800769841476677
2015,2016,CH0012032048,0.009015563058379243
2015,2016,CH0012138530,0.001957304142384058
2015,2016,CH0012138605,0.0006922581570020706
2015,2016,CH0012142631,0.00028552097786216943
2015,2016,CH0012214059,0.0
2015,2016,CH0012221716,0.0019288859887288937
2015,2016,CH0012549785,0.0005037426623604139
2015,2016,CH0013841017,0.00047796105094332427
2015,2016,CH0014786500,6.498747046399611e-05
2015,2016,CH0014852781,0.00044086671579352763
2015,2016,CH0018294154,0.00027549811285882634
2015,2016,CH0024638212,0.0005143952722540843
2015,2016,CH0025238863,0.000742336597723443
2015,2016,CH0025751329,9.26763673477125e-05
2015,2016,CH0030170408,0.0006589285303462899
2015,2016,CH0038388911,9.382590183269875e-05
2015,2016,CH0038863350,0.010995368371239178
2015,2016,CH0044328745,0.001826325512253733
2015,2016,CH0048265513,0.00010768696297476244
2015,2016,CH0126881561,0.0018080053502395818
2015,2016,CH0210483332,0.001701136686644595
2015,2016,CH0244767585,0.003519647174619948
2015,2016,CH0319416936,0.0003081981972572796
2015,2016,CH0418792922,0.0004176346698352077
2015,2016,CH1169151003,5.944341743490669e-05
2015,2016,CH1175448666,0.00026437585846373506
2015,2016,CH1256740924,0.0006821803544661257
2015,2016,DE0005140008,0.0015080023797876564
2015,2016,DE0005190003,0.0029077578210536794
2015,2016,DE0005200000,0.001053433106694485
2015,2016,DE0005408884,0.00012300113173404462
2015,2016,DE0005439004,0.002110862832601655
2015,2016,DE0005470405,0.00010221507545758808
2015,2016,DE0005552004,0.0017180204672037314
2015,2016,DE0005557508,0.0038592047297910893
2015,2016,DE0005773303,0.0003416162064797173
2015,2016,DE0005810055,0.0007777867718132926
2015,2016,DE0005909006,0.0003026151808444725
2015,2016,DE0006047004,0.0
2015,2016,DE0006048432,0.0009189137650203552
2015,2016,DE0006070006,0.00013697791133755546
2015,2016,DE0006202005,0.0
2015,2016,DE0006231004,0.000821097014392402
2015,2016,DE0006599905,0.0006192472870742799
2015,2016,DE0006602006,0.000522344302851083
2015,2016,DE0006969603,0.00024466457435122686
2015,2016,DE0007030009,4.9063872522659566e-05
2015,2016,DE0007037129,0.0
2015,2016,DE0007042301,0.0
2015,2016,DE0007100000,0.004286950403771615
2015,2016,DE0007164600,0.004518182956708688
2015,2016,DE0007236101,0.004030603810359374
2015,2016,DE0007257503,0.00043782064968248414
2015,2016,DE0007500001,0.0
2015,2016,DE0007664039,0.0014458292619072585
2015,2016,DE0008232125,0.0
2015,2016,DE0008402215,0.0006527598153388833
2015,2016,DE0008404005,0.0037663195200101367
2015,2016,DE0008430026,0.0015956888271785505
2015,2016,DE000A0D9PT0,0.00033952834244745675
2015,2016,DE000BASF111,0.0032818083535648573
2015,2016,DE000BAY0017,0.004883277211420652
2015,2016,DE000CBK1001,0.0005778048145298798
2015,2016,DE000ENAG999,0.0
2015,2016,DE000KSAG888,7.90061542251028e-05
2015,2016,DE000PSM7770,0.0003233543419310083
2015,2016,DE000TUAG505,0.0004491105737249833
2015,2016,DK0010181759,0.00038538242213661216
2015,2016,DK0010234467,0.00022406642501217184
2015,2016,DK0010244508,0.0
2015,2016,DK0010274414,0.0012344392133692142
2015,2016,DK0010287663,5.3870184526028874e-05
2015,2016,DK0060079531,0.0004759865321636265
2015,2016,DK0060336014,0.0005953037371270098
2015,2016,DK0060448595,0.0008238876885810361
2015,2016,DK0060477503,0.0002647085182289489
2015,2016,DK0060636678,0.0003051914887081466
2015,2016,DK0060738599,0.00022373417661116014
2015,2016,DK0061539921,0.0006866371008487979
2015,2016,ES0109427734,0.0001193792274431031
2015,2016,ES0112501012,0.0002007454873047226
2015,2016,ES0113211835,0.002186424882748145
2015,2016,ES0113679I37,0.00034404591159414296
2015,2016,ES0113860A34,0.0004943518013471237
2015,2016,ES0113900J37,0.00341881316524678
2015,2016,ES0116870314,0.0008922188557243197
2015,2016,ES0118594417,0.00013635097644400327
2015,2016,ES0122060314,0.0
2015,2016,ES0124244E34,0.00041968529581204537
2015,2016,ES0125220311,0.00045461927339279215
2015,2016,ES0130670112,0.0005868919379010944
2015,2016,ES0130960018,0.00048072580729068356
2015,2016,ES0132105018,0.0003801266893216719
2015,2016,ES0144580Y14,0.0020426795883457835
2015,2016,ES0148396007,0.0049245801506015
2015,2016,ES0152503035,0.0003287772636430002
2015,2016,ES0161560018,0.00016351490193685584
2015,2016,ES0167050915,0.0003302359036543943
2015,2016,ES0171743901,0.00013954021478418852
2015,2016,ES0173093024,0.0007449966543818661
2015,2016,ES0173516115,0.00040539789030752534
2015,2016,ES0178430E18,0.002721642344956181
2015,2016,ES0182870214,8.988867190009336e-19
2015,2016,FI0009000202,0.0002405978824096007
2015,2016,FI0009000277,0.0001945474829942983
2015,2016,FI0009000459,0.00016483693957876323
2015,2016,FI0009000681,0.0013048234568363982
2015,2016,FI0009002158,6.790655371134431e-05
2015,2016,FI0009002422,2.501719621361493e-18
2015,2016,FI0009003727,0.0004077674202534212
2015,2016,FI0009005318,0.00017524219590672822
2015,2016,FI0009005870,0.00011156370016650762
2015,2016,FI0009005961,7.734267059325308e-05
2015,2016,FI0009005987,0.0003172701113946177
2015,2016,FI0009007132,0.00033752497062995896
2015,2016,FI0009007694,0.0
2015,2016,FI0009007884,0.00039660535117203396
2015,2016,FI0009013296,0.00034833186336276974
2015,2016,FI0009013403,0.0008815271013932472
2015,2016,FI0009800643,0.0
2015,2016,FI4000440664,0.000306517320676334
2015,2016,FR0000035081,0.0003403191166929055
2015,2016,FR0000039109,3.025945882586885e-20
2015,2016,FR0000044448,1.1635760852431933e-17
2015,2016,FR0000045072,0.0014037818676199756
2015,2016,FR0000051070,0.0001499120217543395
2015,2016,FR0000054900,0.00024255939270493166
2015,2016,FR0000064578,0.00032517310482568155
2015,2016,FR0000073272,0.0013689126126102886
2015,2016,FR0000077919,0.0004429744440098972
2015,2016,FR0000120073,0.0017144935009281237
2015,2016,FR0000120172,0.0010869031057507024
2015,2016,FR0000120222,0.0005013918281373315
2015,2016,FR0000120271,0.0050947114742369536
2015,2016,FR0000120321,0.004394894915276428
2015,2016,FR0000120404,0.0005116733824642642
2015,2016,FR0000120503,0.0007954798125030016
2015,2016,FR0000120560,0.00015373980521326037
2015,2016,FR0000120578,0.00522375900812527
2015,2016,FR0000120628,0.003077274285060975
2015,2016,FR0000120644,0.002113790068586015
2015,2016,FR0000120693,0.0015273291964013175
2015,2016,FR0000120859,0.000220261190507206
2015,2016,FR0000120966,0.0003700564679660179
2015,2016,FR0000121014,0.003631481453890331
2015,2016,FR0000121121,0.00028321778628932363
2015,2016,FR0000121204,0.0003911922666049961
2015,2016,FR0000121220,0.0007633985359228966
2015,2016,FR0000121329,0.0006932848435079388
2015,2016,FR0000121485,0.0010468004425268776
2015,2016,FR0000121667,0.0013030888392439046
2015,2016,FR0000121964,0.0007067731695522663
2015,2016,FR0000121972,0.0015236176141162118
2015,2016,FR0000124141,3.362696563976915e-05
2015,2016,FR0000125007,0.0009975207224617907
2015,2016,FR0000125338,0.0008086592407555255
2015,2016,FR0000125486,0.001826928793351633
2015,2016,FR0000127771,0.0014720412512914092
2015,2016,FR0000130213,0.00015520999016415776
2015,2016,FR0000130395,9.16191613712467e-05
2015,2016,FR0000130403,0.0013792190969199411
2015,2016,FR0000130452,0.00028356340388005984
2015,2016,FR0000130577,0.000759945557154905
2015,2016,FR0000130809,0.0016761158617280216
2015,2016,FR0000131104,0.0032406263013421903
2015,2016,FR0000131906,0.001364225216303861
2015,2016,FR0000133308,0.0022261838400069577
2015,2016,FR0010040865,0.0004453330299945917
2015,2016,FR0010220475,0.000598589536882113
2015,2016,FR0010242511,0.0008822491066715468
2015,2016,FR0013176526,0.0005815267416059285
2015,2016,FR0013280286,0.00030279940469738425
2015,2016,FR0013326246,0.0012286117566628534
2015,2016,FR0013505062,0.00016610867358384228
2015,2016,FR0013506730,0.0
2015,2016,FR0014003TT8,0.0008422165243641295
2015,2016,FR001400AJ45,0.0008211118278175625
2015,2016,GB0000163088,8.745319466348985e-05
2015,2016,GB0000456144,0.0003285679829097972
2015,2016,GB0000536739,0.0003468452613510359
2015,2016,GB0000811801,0.0002621981773788156
2015,2016,GB0000904986,0.0003573458725145726
2015,2016,GB0000961622,0.00013560087037461176
2015,2016,GB0001048619,5.4944540761184615e-17
2015,2016,GB0001367019,0.0005960105278614492
2015,2016,GB0001500809,0.00016170316448567743
2015,2016,GB0001638955,0.00011242548089951213
2015,2016,GB0001765816,6.246304058400962e-05
2015,2016,GB0001826634,0.00015478660879401858
2015,2016,GB0001859296,0.00020161445964692553
2015,2016,GB0002018363,0.00013462778849932796
2015,2016,GB0002074580,0.00012958154811952823
2015,2016,GB0002148343,8.269110279178073e-05
2015,2016,GB0002318888,7.937004586134881e-05
2015,2016,GB0002374006,0.0032235750152178814
2015,2016,GB0002418548,3.5384288944797585e-05
2015,2016,GB0002634946,0.0010879709118142037
2015,2016,GB0002652740,0.00032491510719086784
2015,2016,GB0002670437,0.0
2015,2016,GB0002869419,9.23560866929118e-05
2015,2016,GB0002875804,0.004763296493196735
2015,2016,GB0003096442,0.00011521938640634855
2015,2016,GB0003308607,0.0001774758965334546
2015,2016,GB0003395000,8.949870962524038e-05
2015,2016,GB0003452173,0.0
2015,2016,GB0003753778,0.0001729129757901619
2015,2016,GB0004052071,0.0002291603663623322
2015,2016,GB0004082847,0.001354516274729833
2015,2016,GB0004161021,0.00029274172598874515
2015,2016,GB0004170089,0.0001304646799350434
2015,2016,GB0004270301,0.0
2015,2016,GB0004478896,0.0001095275090901616
2015,2016,GB0004544929,0.0023632789188324527
2015,2016,GB0004657408,0.00016747953167892623
2015,2016,GB0004726096,3.274447183231039e-05
2015,2016,GB0004866223,5.050089371688289e-18
2015,2016,GB0004915632,0.00015251264085843955
2015,2016,GB0005405286,0.007200017084089244
2015,2016,GB0005576813,0.00022759454660626173
2015,2016,GB0005603997,0.0010338864928072062
2015,2016,GB0005746358,0.0
2015,2016,GB0005758098,0.00011859138187498018
2015,2016,GB0006027295,0.0
2015,2016,GB0006215205,0.00011469377291141637
2015,2016,GB0006650450,0.0
2015,2016,GB0006731235,0.0018790051894839277
2015,2016,GB0006776081,0.0004545485727767141
2015,2016,GB0006825383,0.0004403366968877675
2015,2016,GB0006886666,0.0
2015,2016,GB0006928617,0.00013205654320624734
2015,2016,GB0007099541,0.0026538136161340683
2015,2016,GB0007188757,0.0018118075853954373
2015,2016,GB0007323586,0.0
2015,2016,GB0007594764,5.5992005673959914e-05
2015,2016,GB0007668071,0.00015602178979571332
2015,2016,GB0007669376,0.0003117246132963576
2015,2016,GB0007908733,0.0010405686209991345
2015,2016,GB0007958233,0.0001569082154951493
2015,2016,GB0007973794,0.0
2015,2016,GB0007980591,0.004365506452329085
2015,2016,GB0008025412,6.436890295629169e-05
2015,2016,GB0008085614,0.00011139177613952455
2015,2016,GB0008220112,0.0001488036462529048
2015,2016,GB0008706128,0.003527431616731616
2015,2016,GB0008782301,0.0005083241876166556
2015,2016,GB0008794710,7.139403471160425e-05
2015,2016,GB0009067447,0.0
2015,2016,GB0009123323,0.0001209872161379455
2015,2016,GB0009223206,0.0008393383136147026
2015,2016,GB0009292243,9.981949735763819e-05
2015,2016,GB0009465807,0.00022141634609347253
2015,2016,GB0009633180,0.00016612176476996516
2015,2016,GB0009697037,0.00034707772497759
2015,2016,GB0009895292,0.003995942844440868
2015,2016,GB0022569080,0.0004159678604510507
2015,2016,GB0030232317,8.468657177600962e-05
2015,2016,GB0030913577,0.00271318023591019
2015,2016,GB0031274896,0.0005337504902455897
2015,2016,GB0031348658,0.002349890382861292
2015,2016,GB0031638363,0.0001632333226031061
2015,2016,GB0031743007,0.0002793829241094042
2015,2016,GB0032089863,0.0007952397994198621
2015,2016,GB0033195214,0.00060456774623388
2015,2016,GB0033986497,0.0007062545351016126
2015,2016,GB00B012BV22,0.0
2015,2016,GB00B012TP20,6.56843886404489e-05
2015,2016,GB00B019KW72,0.00029478941823082194
2015,2016,GB00B01QGK86,5.448104359908532e-05
2015,2016,GB00B02J6398,0.0004210639527157919
2015,2016,GB00B033F229,0.0007481490594483398
2015,2016,GB00B03HDJ73,0.0
2015,2016,GB00B04V1276,0.0
2015,2016,GB00B06QFB75,0.0002926938652989989
2015,2016,GB00B0744359,9.141386474227522e-05
2015,2016,GB00B0744B38,0.0004770159505889835
2015,2016,GB00B082RF11,0.00019330048351708204
2015,2016,GB00B0FYMT95,3.8935764095023655e-05
2015,2016,GB00B0KM9T71,0.0001440612773770542
2015,2016,GB00B0LCW083,0.0003796324055125848
2015,2016,GB00B0N8QD54,0.0001979450553515477
2015,2016,GB00B0SWJX34,0.0006421580936557925
2015,2016,GB00B0YG1K06,0.00013612097763921957
2015,2016,GB00B128J450,0.0001226525347816395
2015,2016,GB00B135BJ46,0.0001250400885853261
2015,2016,GB00B17MMZ46,0.00013264371561474197
2015,2016,GB00B18P5K83,2.2891735407993994e-05
2015,2016,GB00B19Z1432,8.481430001741245e-05
2015,2016,GB00B1FH8J72,0.0004116099342358173
2015,2016,GB00B1FP6H53,0.00016641287512206507
2015,2016,GB00B1JQDM80,0.00010134336370762033
2015,2016,GB00B1KJJ408,0.0005959961356955972
2015,2016,GB00B1L5QH97,9.368636065427128e-05
2015,2016,GB00B1P6ZR11,2.117877039088415e-05
2015,2016,GB00B1VNSX38,0.0
2015,2016,GB00B1WY2338,0.00024000702357103576
2015,2016,GB00B1YW4409,0.0004272174711305801
2015,2016,GB00B27YGJ97,9.905738136682046e-05
2015,2016,GB00B2B0DG97,0.0009186945372759625
2015,2016,GB00B2NGPM57,2.192713851281943e-05
2015,2016,GB00B2PDGW16,7.499723966712297e-05
2015,2016,GB00B39J2M42,0.0005197500360849335
2015,2016,GB00B3DGH821,1.1269190321776675e-05
2015,2016,GB00B3FLWH99,3.406216504822441e-18
2015,2016,GB00B41H7391,0.00010692441678709877
2015,2016,GB00B45C9X44,8.659099135795018e-05
2015,2016,GB00B572ZV91,0.0
2015,2016,GB00B5N0P849,0.0002735481936127499
2015,2016,GB00B5ZN1N88,0.00030925510290391475
2015,2016,GB00B61TVQ02,0.00030115011257746474
2015,2016,GB00B63H8491,0.0007683401155037612
2015,2016,GB00B63QSB39,0.00012710495456519816
2015,2016,GB00B67G5X01,0.00021193125324037978
2015,2016,GB00B6XZKY75,6.497891343839988e-05
2015,2016,GB00B6YTLS95,5.7725123077573104e-05
2015,2016,GB00B7KR2P84,0.0003033654548384641
2015,2016,GB00B82YXW83,0.0
2015,2016,GB00B8B4R053,8.91489513142085e-17
2015,2016,GB00B8C3BL03,0.0004206636872181425
2015,2016,GB00BD6K4575,0.0013087110963383333
2015,2016,GB00BDCPN049,0.0005222217910899854
2015,2016,GB00BDR05C01,0.0026745102554969085
2015,2016,GB00BF044593,8.200614428379722e-05
2015,2016,GB00BF5H9P87,0.00026049220482530366
2015,2016,GB00BG11K365,5.132191010136707e-05
2015,2016,GB00BGLP8L22,0.00012839301783083872
2015,2016,GB00BH4HKS39,0.004041212115296081
2015,2016,GB00BHJYC057,0.0005353264110344935
2015,2016,GB00BJ1F4N75,0.0005695211867747756
2015,2016,GB00BJFFLV09,0.0002051760427677725
2015,2016,GB00BJQZC279,9.14788219743917e-05
2015,2016,GB00BK9RKT01,0.0003616170832093174
2015,2016,GB00BKP36R26,1.778543312916018e-05
2015,2016,GB00BKY40Q38,8.927048734460433e-05
2015,2016,GB00BL6XZ716,0.00026039526334899275
2015,2016,GB00BLGZ9862,0.0008839807134651879
2015,2016,GB00BM8PJY71,0.002310076425824186
2015,2016,GB00BM8Q5M07,0.0001509216870591916
2015,2016,GB00BMJ6DW54,0.00020122172770024833
2015,2016,GB00BN7SWP63,0.004593545193835021
2015,2016,GB00BNGDN821,0.00015346946813742316
2015,2016,GB00BNNTLN49,0.0003270002648219888
2015,2016,GB00BNR4T868,0.0
2015,2016,GB00BP6MXD84,0.00398287068263517
2015,2016,GB00BP92CJ43,0.00017572024371812265
2015,2016,GB00BP9LHF23,0.0005620815458098413
2015,2016,GB00BPQY8M80,0.0014549153828338263
2015,2016,GB00BRB37M78,0.00020351174685305094
2015,2016,GB00BV9FP302,5.8078425857143295e-06
2015,2016,GB00BVFNZH21,9.411935228058347e-05
2015,2016,GB00BWFGQN14,0.0002115511508887935
2015,2016,GB00BYQ0JC66,4.261770792394648e-05
2015,2016,GB00BYT1DJ19,0.0003479211347654329
2015,2016,GB00BYW0PQ60,0.0007310716840829537
2015,2016,GB00BYYTFB60,0.00011354942867191693
2015,2016,GB00BZ4BQC70,0.00032437148531443653
2015,2016,IE0001827041,0.0009949125536747481
2015,2016,IE0002424939,0.0003206891194684191
2015,2016,IE0003864109,4.59837987168897e-05
2015,2016,IE0004927939,0.00021914980512597454
2015,2016,IE00B4BNMY34,0.003069340585383058
2015,2016,IE00B8KQN827,0.001129226369648919
2015,2016,IE00BD1RP616,0.0003850121774962564
2015,2016,IE00BF0L3536,0.0008622896837845534
2015,2016,IE00BGH1M568,0.001119937733596
2015,2016,IE00BK9ZQ967,0.0006730524895448782
2015,2016,IE00BLP1HW54,0.001173248559818292
2015,2016,IE00BLS09M33,0.0004590786259804015
2015,2016,IE00BTN1Y115,0.0051121376629316775
2015,2016,IE00BY7QL619,0.0006342351785349158
2015,2016,IL0002810146,0.00043986065712751726
2015,2016,IL0006046119,0.0003337246978858045
2015,2016,IL0006625771,0.0003757197633197175
2015,2016,IL0006954379,0.00024463871553832405
2015,2016,IL0010811243,0.00020495744238771278
2015,2016,IT0000062072,0.0014341662500501674
2015,2016,IT0000062957,0.0005018874381712367
2015,2016,IT0000072618,0.002433643436818819
2015,2016,IT0000784196,0.0001444100879721582
2015,2016,IT0001137345,0.00017512205377057536
2015,2016,IT0001233417,0.0
2015,2016,IT0001347308,0.0
2015,2016,IT0001469383,3.907122878433673e-06
2015,2016,IT0003128367,0.0009417531368670225
2015,2016,IT0003132476,0.0023635566921464918
2015,2016,IT0003153415,0.000914388339829777
2015,2016,IT0003242622,0.0005701687734122354
2015,2016,IT0003497168,0.0009303259317500854
2015,2016,IT0003506190,0.0011491532275693945
2015,2016,IT0003856405,0.0005000135872171274
2015,2016,IT0004810054,0.0001886193491571432
2015,2016,IT0004827447,0.0003993272750469807
2015,2016,IT0005218380,0.00029712508697249347
2015,2016,IT0005239360,0.001646981319197287
2015,2016,IT0005495657,0.0002501500970699513
2015,2016,IT0005508921,9.60414789505222e-05
2015,2016,JE00B8KF9B49,0.0013772647141924198
2015,2016,JE00BJ1DLW90,0.0004308382912094793
2015,2016,LR0008862868,0.0009934021352386716
2015,2016,LU0075646355,0.00011098795272389396
2015,2016,NL0000008977,0.0010656506003581475
2015,2016,NL0000009082,0.000704492300089543
2015,2016,NL0000009165,0.002332358458558203
2015,2016,NL0000009538,0.0011186545340134948
2015,2016,NL0000226223,0.00029356569581882825
2015,2016,NL0000235190,0.0023712123312951854
2015,2016,NL0000289213,0.0002003863728959152
2015,2016,NL0000337319,7.228588155438096e-05
2015,2016,NL0000360618,2.7219281855230267e-19
2015,2016,NL0000379121,0.0006179240600474698
2015,2016,NL0000395903,0.00047054380226432997
2015,2016,NL0009432491,0.00028280410437286826
2015,2016,NL0010273215,0.001890646019862728
2015,2016,NL0010583399,7.062103664444524e-05
2015,2016,NL0011794037,0.0008945147058721106
2015,2016,NL0011821202,0.0023777348023375005
2015,2016,NL0013267909,0.000821331534600988
2015,2016,NL00150001Q9,0.0007624224123873659
2015,2016,NL0015001FS8,0.0009589934017129343
2015,2016,NO0003028904,0.00022022291714534058
2015,2016,NO0003053605,3.94976336190276e-05
2015,2016,NO0003733800,0.000441508425027163
2015,2016,NO0005052605,0.0001936764980410894
2015,2016,NO0010063308,0.0013192407450228253
2015,2016,NO0010096985,0.00204914370903488
2015,2016,NO0010199151,0.00016133198272399825
2015,2016,NO0010208051,0.000321792868953597
2015,2016,NO0010861990,7.993483475577721e-05
2015,2016,NO0012470089,0.0
2015,2016,PA1436583006,0.0013469909673050836
2015,2016,PTBCP0AM0015,0.00021906797592595117
2015,2016,PTEDP0AM0009,1.7579682847678255e-05
2015,2016,PTJMT0AE0001,0.0004118602937042304
2015,2016,PTSON0AM0001,0.00019457334900825185
2015,2016,PTZON0AM0006,0.0001157430942167378
2015,2016,SE0000106270,0.0024490506479513795
2015,2016,SE0000108227,0.00030671710567044367
2015,2016,SE0000108656,0.0013721126417250377
2015,2016,SE0000112724,0.0007841269690656618
2015,2016,SE0000113250,0.00039389517861034603
2015,2016,SE0000114837,0.0002154665626183268
2015,2016,SE0000148884,0.0010929470981518165
2015,2016,SE0000163594,0.00028871546170579137
2015,2016,SE0000163628,0.00026342892135033886
2015,2016,SE0000171100,0.0
2015,2016,SE0000190126,0.0002526092097801437
2015,2016,SE0000202624,0.0003243919094914536
2015,2016,SE0000242455,0.0012023438966665483
2015,2016,SE0000379190,0.00016146002252193575
2015,2016,SE0000667891,0.0004701994373226473
2015,2016,SE0000667925,0.0010137507100154988
2015,2016,SE0000695876,0.00036190797228427096
2015,2016,SE0000806994,0.00021382129996425306
2015,2016,SE0000862997,0.00012432580561930092
2015,2016,SE0000949331,2.8211067781559555e-05
2015,2016,SE0003366871,0.0
2015,2016,SE0005190238,0.00024187237471399008
2015,2016,SE0006993770,0.00028136068968906636
2015,2016,SE0007100581,0.0010396277879054787
2015,2016,SE0007100599,0.0010948445260739457
2015,2016,SE0011090018,9.988985135561645e-05
2015,2016,SE0011166974,5.9361383175698646e-05
2015,2016,SE0015811955,0.0005825603267019275
2015,2016,SE0015812219,0.00033845811813944113
2015,2016,SE0015988019,0.000171486442328935
2015,2016,SE0016589188,0.00038091294073781936
2015,2016,SE0017486889,0.0009265297330131545
2015,2016,SE0018012494,6.186950211406041e-17
2015,2016,SE0018012635,0.00013243234829874012
2015,2016,SE0020050417,8.811532359599696e-05
2015,2016,US0010551028,0.001151165729190565
2015,2016,US00130H1059,0.0
2015,2016,US00206R1023,0.009916957098590293
2015,2016,US0028241000,0.0031516756421374587
2015,2016,US0028962076,7.862234660382666e-05
2015,2016,US00724F1012,0.0022151846392888704
2015,2016,US0079031078,0.0
2015,2016,US0082521081,0.0003904955847030641
2015,2016,US00846U1016,0.0007652996407553316
2015,2016,US0091581068,0.0011436523657757758
2015,2016,US00971T1016,0.00043252470361244494
2015,2016,US0126531013,0.00038584680061264754
2015,2016,US0185811082,0.0008822966365382689
2015,2016,US0188021085,0.0
2015,2016,US0200021014,0.0011693508616314318
2015,2016,US02079K3059,0.010431439382282115
2015,2016,US02209S1033,0.005343440698595594
2015,2016,US0236081024,0.0
2015,2016,US0255371017,0.0003209870314892647
2015,2016,US0258161092,0.0032385510005866506
2015,2016,US0268747849,0.0036047595330530656
2015,2016,US03027X1000,0.0019000016049914342
2015,2016,US03073E1055,0.0009541417686179413
2015,2016,US0311621009,0.005639977336597547
2015,2016,US0326541051,0.0008700391416827698
2015,2016,US0367521038,0.0018410766990501596
2015,2016,US03743Q1085,0.0007843339827300864
2015,2016,US0378331005,0.026938492857416653
2015,2016,US0382221051,0.0010559121598022374
2015,2016,US0383361039,0.00032952434810480755
2015,2016,US0441861046,0.00032699657892540265
2015,2016,US0527691069,0.0006340694687819525
2015,2016,US0530151036,0.0018001661689284595
2015,2016,US0534841012,0.001212897688298594
2015,2016,US0536111091,0.0003129412018889073
2015,2016,US0538071038,0.0002115008311350497
2015,2016,US0584981064,0.0004479289054219622
2015,2016,US0605051046,0.00810018842124245
2015,2016,US0640581007,0.0021186055689499236
2015,2016,US0708301041,0.0013008760435681717
2015,2016,US0718131099,0.0010688891643864514
2015,2016,US0758871091,0.0015374859214159198
2015,2016,US0865161014,0.00036126334840425945
2015,2016,US09062X1037,0.003150858508700006
2015,2016,US0970231058,0.004429774286721202
2015,2016,US0997241064,0.0004912010965317645
2015,2016,US1011211018,0.0010238774760062326
2015,2016,US1011371077,0.0009929534235159716
2015,2016,US1101221083,0.005244707090077757
2015,2016,US1124631045,0.00017347906618929158
2015,2016,US1156372096,0.0005947359921186613
2015,2016,US12504L1098,0.0005944460967700556
2015,2016,US1255231003,0.001656835835592506
2015,2016,US1258961002,0.00015648770073217727
2015,2016,US1264081035,0.0011698729798211437
2015,2016,US12653C1080,0.0
2015,2016,US1266501006,0.005036597841615537
2015,2016,US1270551013,0.0
2015,2016,US1307881029,8.750104885564032e-05
2015,2016,US1344291091,0.0008341715218364356
2015,2016,US14040H1059,0.001738769626392012
2015,2016,US14149Y1082,0.001342384303145064
2015,2016,US1491231015,0.0018774305749389506
2015,2016,US1508701034,0.0004032352022715449
2015,2016,US15189T1079,0.0
2015,2016,US1667641005,0.007811811813267331
2015,2016,US1717793095,7.1816637409856215e-06
2015,2016,US1720621010,0.00045154129143793636
2015,2016,US17275R1023,0.006203534838678669
2015,2016,US1729674242,0.007131944099879927
2015,2016,US1858991011,0.0
2015,2016,US1890541097,0.0007505311275350071
2015,2016,US1912161007,0.008733690631963656
2015,2016,US1924461023,0.0015836945763052967
2015,2016,US1941621039,0.0028207046449834983
2015,2016,US2003401070,0.0002934140370699193
2015,2016,US2058871029,0.0008167901720692215
2015,2016,US20825C1045,0.002662941159720301
2015,2016,US2091151041,0.0010745408773480234
2015,2016,US21036P1084,0.0011961964170815762
2015,2016,US22160K1051,0.003315472164897425
2015,2016,US2283681060,0.0002938167911883839
2015,2016,US2310211063,0.0007969030254456996
2015,2016,US2333311072,4.500852781042966e-05
2015,2016,US23355L1061,0.00017872210832318368
2015,2016,US2371941053,0.00021756638992184707
2015,2016,US2441991054,0.0011615620834947462
2015,2016,US25179M1036,0.0005876200205856379
2015,2016,US2533931026,0.0001055888086798533
2015,2016,US2546871060,0.008003104859782308
2015,2016,US25746U1097,0.0018308289018328838
2015,2016,US2600031080,0.0004833092071817415
2015,2016,US26441C2044,0.0015091923790832476
2015,2016,US26875P1012,0.0019437800766762662
2015,2016,US26884L1098,0.0005362332572462229
2015,2016,US2774321002,0.0003223246547436863
2015,2016,US2786421030,0.0014215572761700204
2015,2016,US2788651006,0.0016270160293569162
2015,2016,US2810201077,0.0011765835241113304
2015,2016,US28176E1082,0.0007268266974646249
2015,2016,US2910111044,0.0015247147672700968
2015,2016,US29364G1031,6.147220795519995e-06
2015,2016,US29444U7000,0.0008895718847760939
2015,2016,US29670G1022,0.00041652806235225546
2015,2016,US30040W1080,0.0010237647961957828
2015,2016,US30161N1019,0.0015116888763053306
2015,2016,US3021301094,0.0003560993671124677
2015,2016,US30231G1022,0.014919547031902278
2015,2016,US3024913036,0.0003004966723441875
2015,2016,US31428X1063,0.0018338791058598884
2015,2016,US3156161024,0.00032290955574584043
2015,2016,US3167731005,0.0007013195420954062
2015,2016,US3379321074,0.00013423395326481405
2015,2016,US3434121022,0.0005305486328555631
2015,2016,US34354P1057,0.0002584562337644062
2015,2016,US3453708600,0.002588877687228994
2015,2016,US3546131018,0.0010828479124053794
2015,2016,US35671D8570,8.093678857079061e-06
2015,2016,US3647601083,0.000459069362004468
2015,2016,US3703341046,0.0016371651215577817
2015,2016,US3719011096,0.0001239141781887512
2015,2016,US37247D1063,0.00021426345434361033
2015,2016,US3755581036,0.006717047126322331
2015,2016,US38141G1040,0.0034910870577864813
2015,2016,US3825501014,0.0003743228595123382
2015,2016,US3848021040,0.0006514810164621255
2015,2016,US3976241071,4.539194170656296e-19
2015,2016,US40434L1052,0.001029859537332468
2015,2016,US4062161017,0.0014129348240245992
2015,2016,US4128221086,0.0004964323068344053
2015,2016,US4165151048,0.0008565455657495891
2015,2016,US4180561072,0.00036333361803769413
2015,2016,US4198701009,0.0
2015,2016,US42250P1030,0.0009260611731296766
2015,2016,US4278661081,0.0006529501881353957
2015,2016,US42809H1077,0.0007815752869014418
2015,2016,US4370761029,0.007645672862203182
2015,2016,US4385161066,0.0037158778112554415
2015,2016,US4404521001,0.0009936276376597197
2015,2016,US44107P1049,0.0006549654352471113
2015,2016,US4448591028,0.001259020808257792
2015,2016,US4456581077,0.0002731239393344769
2015,2016,US4461501045,0.00039419645820033106
2015,2016,US4470111075,0.0
2015,2016,US45073V1089,0.0001400213788897627
2015,2016,US4523081093,0.0015761415150374282
2015,2016,US4581401001,0.007511860579438968
2015,2016,US4592001014,0.006173348390499248
2015,2016,US4595061015,0.0005347827772716536
2015,2016,US4601461035,0.0006154668519434475
2015,2016,US4606901001,0.0004347179145354137
2015,2016,US4612021034,0.0012079556507750687
2015,2016,US46284V1017,0.0004199236097436677
2015,2016,US4657411066,6.670777375839087e-06
2015,2016,US46625H1005,0.011131509435056494
2015,2016,US4663131039,6.60152080416739e-05
2015,2016,US46982L1089,0.0002424997754923097
2015,2016,US4781601046,0.013245986622365473
2015,2016,US48020Q1076,0.0003031537967140013
2015,2016,US48203R1041,0.0003981989090566908
2015,2016,US4824801009,0.0006358657672393768
2015,2016,US4878361082,0.0012570942748562398
2015,2016,US4891701009,9.840731802422044e-05
2015,2016,US4932671088,0.0005396616124241882
2015,2016,US4943681035,0.002244508595025827
2015,2016,US49446R1095,0.0005858019681944678
2015,2016,US4972661064,3.877435856558357e-05
2015,2016,US5002551043,0.00036152332967556277
2015,2016,US5010441013,0.001912177398383004
2015,2016,US5178341070,0.001557867970032898
2015,2016,US5184391044,0.000837531495317512
2015,2016,US5324571083,0.004345259897070602
2015,2016,US5339001068,0.00023737947830867857
2015,2016,US5341871094,0.0005930173932781142
2015,2016,US5398301094,0.003098344470989328
2015,2016,US5486611073,0.0031710654247235647
2015,2016,US5502411037,0.0007298450331256834
2015,2016,US5526761086,1.5988061338622827e-05
2015,2016,US5529531015,0.0005705114630429845
2015,2016,US5543821012,0.0007496719569817583
2015,2016,US5635714059,0.00018344059008679715
2015,2016,US56418H1005,0.00031422143221761126
2015,2016,US5658491064,0.0003938354729584682
2015,2016,US5717481023,0.001369447706492573
2015,2016,US5719032022,0.0008242155518922742
2015,2016,US5738741041,0.00033415600563375654
2015,2016,US5745991068,0.00035796581247414435
2015,2016,US5770811025,0.0005264212334602264
2015,2016,US5797802064,0.0004653711791361428
2015,2016,US5801351017,0.005090889167719637
2015,2016,US58155Q1031,0.0021616435333816574
2015,2016,US58933Y1055,0.007014546139287389
2015,2016,US59156R1086,0.00249778140942644
2015,2016,US5926881054,0.0004708630017004652
2015,2016,US5949181045,0.020454901897048246
2015,2016,US5950171042,0.0005046588605552116
2015,2016,US5951121038,0.0007059231971046747
2015,2016,US6005441000,9.042451910470792e-05
2015,2016,US6081901042,0.0006047825023999396
2015,2016,US60871R2094,0.0007631344229125829
2015,2016,US6092071058,0.0032906810611898537
2015,2016,US6174464486,0.002761600048136478
2015,2016,US61945C1036,0.0006004442091635838
2015,2016,US6200763075,0.0004659936174933868
2015,2016,US6267171022,6.0468263973281464e-05
2015,2016,US6293775085,0.0
2015,2016,US6311031081,0.0004165476702080776
2015,2016,US6365181022,0.0001604610529048184
2015,2016,US64110D1046,0.00024639675000507895
2015,2016,US6512291062,0.0005021780433326782
2015,2016,US6516391066,0.0004175663746429111
2015,2016,US65339F1012,0.0020978114112681673
2015,2016,US6541061031,0.0038757993145157417
2015,2016,US65473P1057,0.0
2015,2016,US6556641008,0.00035950732952234096
2015,2016,US6558441084,0.0011327838109325742
2015,2016,US6658591044,0.0007663681339365595
2015,2016,US6668071029,0.0016069527539732237
2015,2016,US6687711084,0.000698875870353718
2015,2016,US67066G1040,0.0009621242825929448
2015,2016,US6708371033,0.0
2015,2016,US67098H1041,0.0
2015,2016,US6745991058,0.00247746019605916
2015,2016,US6819191064,0.0009149470788777498
2015,2016,US6821891057,0.0002508880274189148
2015,2016,US6826801036,0.00039183093985868233
2015,2016,US68389X1054,0.007104022847149685
2015,2016,US6866881021,0.0001552962854744019
2015,2016,US6882392011,0.0002342450639033442
2015,2016,US69331C1080,0.0013549351836108497
2015,2016,US6934751057,0.002270956443994222
2015,2016,US6935061076,0.0012328529979022341
2015,2016,US69351T1060,0.000838275693006908
2015,2016,US6936561009,0.00017277744834541837
2015,2016,US6937181088,0.0008912406862354869
2015,2016,US7010941042,0.000660443073087487
2015,2016,US70211M1099,0.00010105900309512848
2015,2016,US7134481081,0.006744341565225738
2015,2016,US7140461093,0.00028634686871367336
2015,2016,US7170811035,0.009228749297878763
2015,2016,US7234841010,0.0
2015,2016,US7244791007,0.0001922694908777855
2015,2016,US7310681025,0.0002120187314291667
2015,2016,US74144T1088,0.0008561524298363158
2015,2016,US74251V1026,0.0006753005263575018
2015,2016,US7427181091,0.009995226812286803
2015,2016,US7433151039,0.000926047324577979
2015,2016,US74340W1036,0.0011840753920485262
2015,2016,US7443201022,0.0016960718337024766
2015,2016,US7445731067,0.0010113730667957444
2015,2016,US7475251036,0.0035319513052823916
2015,2016,US74834L1008,0.00045602732857607446
2015,2016,US75281A1097,8.052648768780588e-05
2015,2016,US75513E1010,0.004000155116758255
2015,2016,US7588491032,0.0003879925011231055
2015,2016,US7607591002,0.000448625181854577
2015,2016,US7739031091,0.0007020653070410703
2015,2016,US7835491082,0.0001550492232598392
2015,2016,US78409V1044,0.0012585636411143286
2015,2016,US78440X8873,0.0006406851685901893
2015,2016,US78473E1038,0.00011935918806774991
2015,2016,US79466L3024,0.00240898229902157
2015,2016,US8101861065,0.0001241534519290819
2015,2016,US81211K1007,0.00036146829477270656
2015,2016,US8168511090,0.0011458827188848533
2015,2016,US8243481061,0.0011567817526274026
2015,2016,US8288061091,0.002946084143942814
2015,2016,US8326964058,0.0007398464799647648
2015,2016,US8354951027,0.0003112502170304105
2015,2016,US8425871071,0.001161213564753936
2015,2016,US84265V1052,0.000915845498709643
2015,2016,US8447411088,0.0011258372511425085
2015,2016,US8545021011,0.0007189815495282179
2015,2016,US8552441094,0.0040114964796419145
2015,2016,US8574771031,0.0012398442494733729
2015,2016,US8676524064,0.000258631925579344
2015,2016,US8718291078,0.0010625204590612447
2015,2016,US8725401090,0.0020553607728111415
2015,2016,US87612E1064,0.002016004262931534
2015,2016,US8807701029,0.00028082927332283937
2015,2016,US8816242098,0.0030847261071188016
2015,2016,US8825081040,0.0025216087972769158
2015,2016,US8832031012,0.0006504650867360722
2015,2016,US88337F1057,0.00012794639038694555
2015,2016,US8835561023,0.002587987148771803
2015,2016,US88579Y1010,0.004247473358043961
2015,2016,US89417E1091,0.0016868849433465357
2015,2016,US89832Q1094,0.0013369919622527521
2015,2016,US9024941034,0.0006003152740070356
2015,2016,US9029733048,0.0034519733169460615
2015,2016,US9078181081,0.0031601002532477052
2015,2016,US9111631035,9.626639708603525e-05
2015,2016,US9113121068,0.0030225154849311043
2015,2016,US9113631090,0.0004391863904659767
2015,2016,US9129091081,0.0
2015,2016,US91324P1021,0.005200358906665219
2015,2016,US91529Y1064,0.0002913047193544388
2015,2016,US91913Y1001,0.001175770506082418
2015,2016,US92276F1003,0.0009627179486368143
2015,2016,US92343V1044,0.008742704273611355
2015,2016,US9255501051,3.851545399772722e-05
2015,2016,US92556V1061,0.0012754906664885018
2015,2016,US9291601097,0.0005685640763334064
2015,2016,US92939U1060,0.0003149534460436812
2015,2016,US9311421039,0.009176049093497821
2015,2016,US9314271084,0.004348848711134523
2015,2016,US94106L1098,0.0009048538381426942
2015,2016,US9418481035,0.0005600190601618945
2015,2016,US9427491025,0.00015579288287095058
2015,2016,US9497461015,0.01280172432862207
2015,2016,US95040Q1040,0.0012537952968882198
2015,2016,US95082P1057,5.5872971255105195e-05
2015,2016,US9581021055,0.0008239713781873969
2015,2016,US9621661043,0.0008076265545839072
2015,2016,US9633201069,0.0005571539251193698
2015,2016,US9694571004,0.0007064925744326179
2015,2016,US98389B1008,0.0
2015,2016,US9839191015,0.0005706448743244986
2015,2016,US98421M1062,0.0005156834861568158
2015,2016,US9884981013,0.0015712455008215494
2015,2016,US98956P1021,0.0009912053920185212
2016,2017,AN8068571086,0.005133888770078555
2016,2017,AT00000VIE62,0.0002045028162300869
2016,2017,AT0000606306,0.00021809408904857123
2016,2017,AT0000652011,0.0005654882873271089
2016,2017,AT0000720008,0.00029710920802695844
2016,2017,AT0000743059,0.0002438967466237167
2016,2017,AT0000746409,0.00021532454989596972
2016,2017,AT0000938204,8.410747389143178e-05
2016,2017,BE0003470755,0.00022060369208495354
2016,2017,BE0003565737,0.00098376332507755
2016,2017,BE0003593044,0.00017295802845432225
2016,2017,BE0003735496,2.7540157687245447e-05
2016,2017,BE0003739530,0.0005669738105533524
2016,2017,BE0003755692,5.7967580233976727e-05
2016,2017,BE0003810273,0.000537414669268438
2016,2017,BE0974258874,0.00026483214751744086
2016,2017,BE0974264930,0.0003872974387378755
2016,2017,BE0974293251,0.007707456703063984
2016,2017,CA00208D4084,0.00031303525759204955
2016,2017,CA0084741085,0.0005067476430974085
2016,2017,CA00900Q1037,9.780095287949878e-05
2016,2017,CA01626P1484,0.0003881225480911396
2016,2017,CA05534B7604,0.0017413871052603073
2016,2017,CA0636711016,0.0021166181243194365
2016,2017,CA0641491075,0.0030332807013471515
2016,2017,CA0977518616,0.0002684615274980348
2016,2017,CA1247651088,0.0002090954429173882
2016,2017,CA12532H1047,0.0006499431599149806
2016,2017,CA13321L1085,0.00013522376496512788
2016,2017,CA1360691010,0.0014162131876264163
2016,2017,CA1363751027,0.0021924140176214717
2016,2017,CA1363851017,0.001448066515412482
2016,2017,CA13646K1084,0.0009682530849784398
2016,2017,CA1366812024,0.0003149146620715736
2016,2017,CA1367178326,0.0
2016,2017,CA2849025093,0.00011935180073136583
2016,2017,CA29250N1050,0.0018565397497288213
2016,2017,CA2927661025,0.0001690866321814859
2016,2017,CA3180714048,0.00015306162423102266
2016,2017,CA3359341052,0.0003202331119135678
2016,2017,CA3495531079,0.0003293134067650644
2016,2017,CA3759161035,0.0003128116885443572
2016,2017,CA39138C1068,0.0011483525767568802
2016,2017,CA4495861060,0.00035555685745072455
2016,2017,CA4530384086,0.0011621139480654655
2016,2017,CA45823T1066,0.00043456111884123755
2016,2017,CA4969024047,0.00023888678168565149
2016,2017,CA5394811015,0.0009658817619080939
2016,2017,CA5592224011,0.0007493762696620561
2016,2017,CA56501R1064,0.0015398683828741174
2016,2017,CA59151K1084,0.0
2016,2017,CA6744822033,0.0
2016,2017,CA7392391016,0.0004453215409800493
2016,2017,CA7751092007,0.0007634751741928882
2016,2017,CA7800871021,0.004368351499766133
2016,2017,CA8029121057,0.0008197288358464619
2016,2017,CA8239011031,0.0
2016,2017,CA85472N1096,0.0001885576777428501
2016,2017,CA8667961053,0.0010188582590186692
2016,2017,CA8672241079,0.0024043437462445685
2016,2017,CA87807B1076,0.0017001673959778731
2016,2017,CA8787422044,0.0005298753656345442
2016,2017,CA87971M1032,0.0008636381805656735
2016,2017,CA8849038085,0.0013387586793907633
2016,2017,CA8911605092,0.004009644681181617
2016,2017,CA89346D1078,0.0
2016,2017,CA8959451037,0.00014187235333007172
2016,2017,CA98462Y1007,0.00016563397076780565
2016,2017,CH0008038389,0.00029657033927816726
2016,2017,CH0008742519,0.0011763428900271814
2016,2017,CH0010570759,0.0004313245928978028
2016,2017,CH0010645932,0.000853684844593654
2016,2017,CH0011075394,0.0018155181188213552
2016,2017,CH0012005267,0.008339059519543585
2016,2017,CH0012032048,0.006938823708251503
2016,2017,CH0012138530,0.0013016181105909629
2016,2017,CH0012138605,0.0006225686480795283
2016,2017,CH0012142631,0.0002507694965393533
2016,2017,CH0012214059,0.0
2016,2017,CH0012221716,0.002026034959262678
2016,2017,CH0012549785,0.0004016731141139282
2016,2017,CH0013841017,0.0004613955155262677
2016,2017,CH0014786500,5.5729020485676226e-05
2016,2017,CH0014852781,0.00045765842635056076
2016,2017,CH0018294154,0.0002767267324441191
2016,2017,CH0024608827,0.000575333346156585
2016,2017,CH0024638212,0.0005231963432647915
2016,2017,CH0025238863,0.0007121483147499255
2016,2017,CH0025751329,0.00021079557832294165
2016,2017,CH0030170408,0.0007039655139895226
2016,2017,CH0038388911,0.00015605358747848447
2016,2017,CH0038863350,0.00973760178242874
2016,2017,CH0044328745,0.0027237660142837906
2016,2017,CH0048265513,0.00017360256761320882
2016,2017,CH0126881561,0.0015854404080574932
2016,2017,CH0210483332,0.0015079633198862043
2016,2017,CH0244767585,0.002718472551521001
2016,2017,CH0319416936,0.00037610920661909576
2016,2017,CH0418792922,0.0005253223299370594
2016,2017,CH1169151003,0.0001253919160152772
2016,2017,CH1175448666,0.0002740905402785458
2016,2017,CH1256740924,0.0006603653861738395
2016,2017,DE0005089031,0.00027158819096624446
2016,2017,DE0005140008,0.001017925284473866
2016,2017,DE0005190003,0.002385309350100898
2016,2017,DE0005200000,0.0008936031263050052
2016,2017,DE0005408884,0.00017278835181069437
2016,2017,DE0005439004,0.0015927019350503234
2016,2017,DE0005470405,0.00021713473859271898
2016,2017,DE0005552004,0.0018613903013170064
2016,2017,DE0005557508,0.003474561389115249
2016,2017,DE0005773303,0.0003611525381935507
2016,2017,DE0005810055,0.0006301039403602435
2016,2017,DE0005909006,0.00022634991144787086
2016,2017,DE0006047004,0.0
2016,2017,DE0006048432,0.000926241995827734
2016,2017,DE0006070006,0.0003391043490333351
2016,2017,DE0006202005,0.0
2016,2017,DE0006231004,0.000966479397110367
2016,2017,DE0006599905,0.0006794259993731209
2016,2017,DE0006602006,0.0004842377738905031
2016,2017,DE0006969603,0.00024719030467620733
2016,2017,DE0007030009,8.998764028357199e-05
2016,2017,DE0007037129,0.0
2016,2017,DE0007042301,3.488747756693059e-05
2016,2017,DE0007100000,0.0035043778833410617
2016,2017,DE0007164600,0.0045630762316394465
2016,2017,DE0007236101,0.004577543872994151
2016,2017,DE0007257503,0.00041959787292035125
2016,2017,DE0007500001,0.0
2016,2017,DE0007664039,0.001304859996802645
2016,2017,DE0008232125,0.0
2016,2017,DE0008402215,0.0006100863234136757
2016,2017,DE0008404005,0.0032479278193765513
2016,2017,DE0008430026,0.00134429768510262
2016,2017,DE000A0D9PT0,0.0004019621390869589
2016,2017,DE000BASF111,0.003725063594617046
2016,2017,DE000BAY0017,0.0038795432395263814
2016,2017,DE000CBK1001,0.00034608688973158843
2016,2017,DE000CLS1001,0.000337782410434463
2016,2017,DE000ENAG999,0.0007597305109424829
2016,2017,DE000KSAG888,9.49360493779264e-19
2016,2017,DE000PSM7770,0.00021953003400186546
2016,2017,DE000TUAG505,0.00011159129122546443
2016,2017,DK0010181759,0.00032199671991296167
2016,2017,DK0010234467,0.00025924088184867285
2016,2017,DK0010244508,0.0
2016,2017,DK0010274414,0.0012918806047357012
2016,2017,DK0010287663,3.0349701410216994e-05
2016,2017,DK0060079531,0.0005002884107747764
2016,2017,DK0060336014,0.00039362813406314316
2016,2017,DK0060448595,0.0006170787655273881
2016,2017,DK0060477503,0.00022160538986166822
2016,2017,DK0060636678,0.00024688601191548247
2016,2017,DK0060738599,0.00017433671076480867
2016,2017,DK0061539921,0.0004911738366139549
2016,2017,ES0109427734,0.000152825000031074
2016,2017,ES0112501012,0.00016944159888342483
2016,2017,ES0113211835,0.002037010921994904
2016,2017,ES0113679I37,0.000382512919627913
2016,2017,ES0113860A34,0.00033435641050527935
2016,2017,ES0113900J37,0.0034026730666602573
2016,2017,ES0116870314,0.0007383668489513184
2016,2017,ES0118594417,0.00018687167827277298
2016,2017,ES0122060314,0.0
2016,2017,ES0124244E34,0.00048070670394550965
2016,2017,ES0125220311,0.00036273961101927895
2016,2017,ES0130670112,0.0005651799589700148
2016,2017,ES0130960018,0.0005090198663667697
2016,2017,ES0132105018,0.0002609757645912124
2016,2017,ES0144580Y14,0.0017664656892958995
2016,2017,ES0148396007,0.004586091582016083
2016,2017,ES0152503035,0.0003621640964671924
2016,2017,ES0161560018,0.00013399571850037284
2016,2017,ES0167050915,0.0004361981343301039
2016,2017,ES0171743901,0.00015588166605426499
2016,2017,ES0171996087,0.000531955108132045
2016,2017,ES0173093024,0.0006643676798946119
2016,2017,ES0173516115,0.0005241477578697346
2016,2017,ES0178430E18,0.0021363701521166754
2016,2017,ES0182870214,6.936727200660789e-05
2016,2017,FI0009000202,0.0002182710953969973
2016,2017,FI0009000277,0.00018191286477636716
2016,2017,FI0009000459,0.00016877977877276576
2016,2017,FI0009000681,0.0011938164243741986
2016,2017,FI0009002158,8.686564786436786e-05
2016,2017,FI0009002422,0.00014768381002757324
2016,2017,FI0009003727,0.0004421850068261512
2016,2017,FI0009005318,0.0001643978327510008
2016,2017,FI0009005870,8.98169660000926e-05
2016,2017,FI0009005961,0.00010004368939491269
2016,2017,FI0009005987,0.000482150039542914
2016,2017,FI0009007132,0.0002074123601786643
2016,2017,FI0009007694,3.415195455258977e-05
2016,2017,FI0009007884,0.0003116459688036846
2016,2017,FI0009013296,0.00037966518361021775
2016,2017,FI0009013403,0.0008769106473818159
2016,2017,FI0009800643,5.213513289685604e-05
2016,2017,FI4000440664,0.00028007752381229486
2016,2017,FR0000035081,0.00034077865906162593
2016,2017,FR0000039109,0.0
2016,2017,FR0000044448,3.108320180622735e-05
2016,2017,FR0000045072,0.001486225468425758
2016,2017,FR0000051070,0.00015727308592256936
2016,2017,FR0000054900,0.00015714428370363785
2016,2017,FR0000064578,0.00032671610465927827
2016,2017,FR0000073272,0.0013550371314613734
2016,2017,FR0000077919,0.00037780773966082464
2016,2017,FR0000120073,0.001745526236046011
2016,2017,FR0000120172,0.0008786314741890904
2016,2017,FR0000120222,0.0005767543488721645
2016,2017,FR0000120271,0.005407710237309631
2016,2017,FR0000120321,0.004434421993322017
2016,2017,FR0000120404,0.00046385932638662254
2016,2017,FR0000120503,0.000594208318868064
2016,2017,FR0000120560,0.00018778110809855795
2016,2017,FR0000120578,0.004574157770677625
2016,2017,FR0000120628,0.002627411564822687
2016,2017,FR0000120644,0.0018430935872673785
2016,2017,FR0000120693,0.0013928002159710455
2016,2017,FR0000120859,0.00024136503136077618
2016,2017,FR0000120966,0.00029227538392120173
2016,2017,FR0000121014,0.004170108111832686
2016,2017,FR0000121121,0.00021226507512982467
2016,2017,FR0000121204,0.0003393066669535627
2016,2017,FR0000121220,0.000830537728219539
2016,2017,FR0000121329,0.000905193450681003
2016,2017,FR0000121485,0.0013255890932114772
2016,2017,FR0000121667,0.0010761992198062699
2016,2017,FR0000121964,0.0006252087168136572
2016,2017,FR0000121972,0.0017507746727286374
2016,2017,FR0000124141,0.0
2016,2017,FR0000125007,0.0010099893515984623
2016,2017,FR0000125338,0.0006345112395319724
2016,2017,FR0000125486,0.0018093015839289136
2016,2017,FR0000127771,0.0011834905194032085
2016,2017,FR0000130213,0.00011894620858719971
2016,2017,FR0000130395,9.056457581247891e-05
2016,2017,FR0000130403,0.0016707470862034907
2016,2017,FR0000130452,0.00039758540154529235
2016,2017,FR0000130577,0.0007903268663291725
2016,2017,FR0000130809,0.0016730957840530082
2016,2017,FR0000131104,0.003428345624608469
2016,2017,FR0000131906,0.00110582900504377
2016,2017,FR0000133308,0.0018116019251461339
2016,2017,FR0010040865,0.0004185087393338165
2016,2017,FR0010220475,0.00042282060881869773
2016,2017,FR0010242511,0.0002468939747904621
2016,2017,FR0010307819,0.0006926526448000267
2016,2017,FR0010313833,0.000203904820747317
2016,2017,FR0010340141,0.000533239373806326
2016,2017,FR0013176526,0.0006368234760528957
2016,2017,FR0013280286,0.00036883971508930687
2016,2017,FR0013326246,0.0011069327164202356
2016,2017,FR0013505062,0.00014275715388421744
2016,2017,FR0013506730,0.00020938075142799736
2016,2017,FR0014003TT8,0.0007082821616765891
2016,2017,FR001400AJ45,0.0008837800114634174
2016,2017,GB0000163088,0.00010655029615651003
2016,2017,GB0000456144,0.00034819095202227087
2016,2017,GB0000536739,0.00043376275312744916
2016,2017,GB0000811801,4.067235808797679e-06
2016,2017,GB0000904986,0.0002641454935397656
2016,2017,GB0000961622,7.668806352892651e-05
2016,2017,GB0001048619,2.5484991121152715e-17
2016,2017,GB0001367019,0.00035430761583769214
2016,2017,GB0001500809,0.00017432652918831728
2016,2017,GB0001638955,3.9580607267237856e-05
2016,2017,GB0001765816,0.0
2016,2017,GB0001826634,0.0001839057699413914
2016,2017,GB0001859296,9.51425291946906e-05
2016,2017,GB0002018363,6.271815833927365e-05
2016,2017,GB0002074580,7.507134377422652e-05
2016,2017,GB0002148343,4.379476263757713e-05
2016,2017,GB0002318888,1.4266063991493157e-05
2016,2017,GB0002374006,0.0028869052787414058
2016,2017,GB0002418548,9.47595093491615e-05
2016,2017,GB0002634946,0.0010139393847783114
2016,2017,GB0002652740,0.00019158663231000022
2016,2017,GB0002670437,0.0
2016,2017,GB0002869419,2.526771435202704e-05
2016,2017,GB0002875804,0.004589451122847645
2016,2017,GB0003096442,9.880604105775434e-05
2016,2017,GB0003308607,0.0002169101828090148
2016,2017,GB0003395000,0.00016845052015252498
2016,2017,GB0003452173,0.0
2016,2017,GB0003753778,0.0001133420158127178
2016,2017,GB0004052071,0.00017266856807871968
2016,2017,GB0004082847,0.001231050887252848
2016,2017,GB0004161021,0.00026793651697404303
2016,2017,GB0004170089,0.00010276444640134003
2016,2017,GB0004270301,2.591077976826417e-05
2016,2017,GB0004478896,0.00026115076606940304
2016,2017,GB0004544929,0.0018735882823201944
2016,2017,GB0004657408,7.635220995813904e-05
2016,2017,GB0004726096,6.548131907167685e-05
2016,2017,GB0004866223,0.0
2016,2017,GB0004915632,0.00012745196773747598
2016,2017,GB0005405286,0.006964225129695549
2016,2017,GB0005576813,7.082660666270587e-05
2016,2017,GB0005603997,0.0007238073541987987
2016,2017,GB0005746358,4.452265761963097e-18
2016,2017,GB0005758098,9.569158353022611e-05
2016,2017,GB0006027295,0.0
2016,2017,GB0006215205,0.00011082721519678817
2016,2017,GB0006650450,0.0
2016,2017,GB0006731235,0.0011704901882274594
2016,2017,GB0006776081,0.0004003890050359071
2016,2017,GB0006825383,0.00030306478208298607
2016,2017,GB0006886666,0.0
2016,2017,GB0006928617,6.183859524150829e-06
2016,2017,GB0007099541,0.0022197078260569876
2016,2017,GB0007188757,0.0023426457398755722
2016,2017,GB0007323586,3.100841660702067e-05
2016,2017,GB0007594764,7.837697835088012e-05
2016,2017,GB0007668071,0.0001463608504040379
2016,2017,GB0007669376,0.00027933479677026707
2016,2017,GB0007908733,0.0007697223053490428
2016,2017,GB0007958233,3.0234386074294044e-05
2016,2017,GB0007973794,7.746776982694958e-07
2016,2017,GB0007980591,0.005287219598045148
2016,2017,GB0008025412,2.547017934506627e-08
2016,2017,GB0008085614,0.00010207497839214276
2016,2017,GB0008220112,4.53562917376268e-05
2016,2017,GB0008706128,0.0023087159215736145
2016,2017,GB0008782301,0.00029586627749071844
2016,2017,GB0008794710,0.00012227510894420612
2016,2017,GB0009067447,0.0
2016,2017,GB0009123323,8.776199461304656e-05
2016,2017,GB0009223206,0.0006525002770970029
2016,2017,GB0009292243,0.00011525661044419145
2016,2017,GB0009465807,0.00035316453879648003
2016,2017,GB0009633180,0.00016636078576216272
2016,2017,GB0009697037,0.0001801935596210631
2016,2017,GB0009895292,0.0030268119258852716
2016,2017,GB0022569080,0.0004268410000489227
2016,2017,GB0030232317,7.628692602190242e-05
2016,2017,GB0030913577,0.001958816949518372
2016,2017,GB0031274896,0.0003178160474492639
2016,2017,GB0031348658,0.0018647517454419404
2016,2017,GB0031638363,0.00024289321070026569
2016,2017,GB0031743007,0.00029556344251549353
2016,2017,GB0032089863,0.00035904688132884456
2016,2017,GB0033195214,0.0004522293016663723
2016,2017,GB0033986497,0.0004289394383695252
2016,2017,GB00B012BV22,0.0
2016,2017,GB00B012TP20,5.7143305458063735e-05
2016,2017,GB00B019KW72,0.0002450397142842605
2016,2017,GB00B01QGK86,0.0
2016,2017,GB00B02J6398,0.0003021754610779418
2016,2017,GB00B033F229,0.0006878383689898464
2016,2017,GB00B03HDJ73,0.0
2016,2017,GB00B04V1276,0.0
2016,2017,GB00B06QFB75,0.00015581125689436256
2016,2017,GB00B0744359,1.6262679163459105e-17
2016,2017,GB00B0744B38,0.00045208891643527246
2016,2017,GB00B082RF11,0.00022604985172186817
2016,2017,GB00B0FYMT95,2.6838626797815063e-17
2016,2017,GB00B0KM9T71,3.314486132222004e-05
2016,2017,GB00B0LCW083,0.0003865826296071688
2016,2017,GB00B0N8QD54,5.205596564247894e-05
2016,2017,GB00B0SWJX34,0.0005671398806769467
2016,2017,GB00B0WMWD03,0.00012984499250855044
2016,2017,GB00B0YG1K06,3.525892753437506e-18
2016,2017,GB00B128J450,0.00016483516061311577
2016,2017,GB00B132NW22,0.0001363739499776419
2016,2017,GB00B135BJ46,0.00015082540144434214
2016,2017,GB00B17MMZ46,8.075527404688633e-05
2016,2017,GB00B18P5K83,0.0
2016,2017,GB00B19Z1432,2.5459832318818076e-05
2016,2017,GB00B1FH8J72,0.00028914514137265716
2016,2017,GB00B1FP6H53,0.000113469113811005
2016,2017,GB00B1FW5029,5.763710321987681e-05
2016,2017,GB00B1JQDM80,3.372897028271937e-05
2016,2017,GB00B1KJJ408,0.00033826521203919293
2016,2017,GB00B1L5QH97,3.3871068804060296e-06
2016,2017,GB00B1P6ZR11,1.9887597872042888e-17
2016,2017,GB00B1VNSX38,0.0
2016,2017,GB00B1WY2338,0.0003260719401338103
2016,2017,GB00B1YW4409,0.0004391886764742216
2016,2017,GB00B27YGJ97,0.00014291729297891581
2016,2017,GB00B2B0DG97,0.0008917234062062225
2016,2017,GB00B2NGPM57,7.35783988470191e-05
2016,2017,GB00B2PDGW16,1.874057663235919e-05
2016,2017,GB00B39J2M42,0.00039752748439980055
2016,2017,GB00B3DGH821,3.372517467540583e-05
2016,2017,GB00B3FLWH99,5.3618781276830225e-05
2016,2017,GB00B41H7391,0.00016286349040443317
2016,2017,GB00B45C9X44,8.603024693845654e-05
2016,2017,GB00B572ZV91,1.8033612494041622e-05
2016,2017,GB00B5N0P849,0.0002727184999765656
2016,2017,GB00B5ZN1N88,0.00027558330158156265
2016,2017,GB00B61TVQ02,0.00022655208354530306
2016,2017,GB00B63H8491,0.0007073782813029434
2016,2017,GB00B63QSB39,8.69011640369626e-05
2016,2017,GB00B67G5X01,0.00020010376792948737
2016,2017,GB00B6XZKY75,0.0
2016,2017,GB00B6YTLS95,0.0
2016,2017,GB00B7KR2P84,0.0
2016,2017,GB00B82YXW83,9.304546521459431e-20
2016,2017,GB00B8B4R053,4.466404783912036e-19
2016,2017,GB00B8C3BL03,0.00037001475685662045
2016,2017,GB00BD6K4575,0.0013026301266429738
2016,2017,GB00BDCPN049,0.0006447204208367464
2016,2017,GB00BDR05C01,0.0021463994821579882
2016,2017,GB00BF044593,2.1294128506119974e-05
2016,2017,GB00BF5H9P87,0.00017911177834723275
2016,2017,GB00BF8Q6K64,0.00036466751851577426
2016,2017,GB00BG11K365,1.6796487889957452e-05
2016,2017,GB00BGDT3G23,0.0
2016,2017,GB00BGLP8L22,0.00011163626242693493
2016,2017,GB00BH4HKS39,0.0028656529715900252
2016,2017,GB00BHJYC057,0.00043763628781626397
2016,2017,GB00BJ1F4N75,0.00040726287423635657
2016,2017,GB00BJFFLV09,0.00014182546497937073
2016,2017,GB00BJQZC279,0.00010974447302599252
2016,2017,GB00BK9RKT01,0.0001317369313265275
2016,2017,GB00BKP36R26,0.0
2016,2017,GB00BKY40Q38,1.819391647546241e-05
2016,2017,GB00BL6XZ716,0.00015558578105743154
2016,2017,GB00BLGZ9862,0.0009724853973822725
2016,2017,GB00BM8PJY71,0.001364967676847838
2016,2017,GB00BM8Q5M07,0.0001983939315950901
2016,2017,GB00BMJ6DW54,0.00027973016969709314
2016,2017,GB00BN7SWP63,0.004191376773176471
2016,2017,GB00BNGDN821,0.00028665312255284075
2016,2017,GB00BNNTLN49,0.00011935172069226675
2016,2017,GB00BNR4T868,7.628887491385706e-19
2016,2017,GB00BP6MXD84,0.005168607318062326
2016,2017,GB00BP92CJ43,0.00012511797970492965
2016,2017,GB00BP9LHF23,0.0004256723401594991
2016,2017,GB00BPQY8M80,0.0010847527217052457
2016,2017,GB00BRB37M78,0.0001697998769522234
2016,2017,GB00BV9FP302,6.172943021338955e-07
2016,2017,GB00BVFNZH21,0.00012031914175781466
2016,2017,GB00BWFGQN14,0.000233200815761193
2016,2017,GB00BYQ0JC66,1.463051668754332e-05
2016,2017,GB00BYT1DJ19,0.00028854158399490784
2016,2017,GB00BYW0PQ60,0.0005610159603660265
2016,2017,GB00BYYTFB60,8.838167375374132e-05
2016,2017,GB00BZ4BQC70,0.0003262746891390064
2016,2017,IE0001827041,0.0010042410976962958
2016,2017,IE0002424939,0.00025494597345862444
2016,2017,IE0003864109,6.405228580776636e-18
2016,2017,IE0004927939,0.00021479032089875684
2016,2017,IE00B00MZ448,8.327675725163438e-19
2016,2017,IE00B4BNMY34,0.003168249984917318
2016,2017,IE00B8KQN827,0.0013439222950661388
2016,2017,IE00BD1RP616,0.0001778515670637286
2016,2017,IE00BF0L3536,0.0008284933377782542
2016,2017,IE00BGH1M568,0.0005645387328882331
2016,2017,IE00BK9ZQ967,0.0008775689772992096
2016,2017,IE00BLP1HW54,0.0013135737691652907
2016,2017,IE00BLS09M33,0.00044699781841363
2016,2017,IE00BTN1Y115,0.004305574991416217
2016,2017,IE00BWT6H894,0.00040031415483237736
2016,2017,IE00BY7QL619,0.0016711678067021915
2016,2017,IL0002810146,0.0002542171672813728
2016,2017,IL0006046119,0.0003715281217719456
2016,2017,IL0006625771,0.000432535072016015
2016,2017,IL0006954379,0.00029695020489254725
2016,2017,IL0010811243,0.00025120102864491787
2016,2017,IT0000062072,0.001121050831578185
2016,2017,IT0000062957,0.00045595284831787116
2016,2017,IT0000066123,0.00018294221482553714
2016,2017,IT0000072618,0.0017222892816193668
2016,2017,IT0000784154,9.978169358893775e-05
2016,2017,IT0000784196,0.00018216220829172692
2016,2017,IT0001137345,0.00012496487326059467
2016,2017,IT0001233417,0.0
2016,2017,IT0001347308,0.0
2016,2017,IT0001469383,2.7357229998095048e-05
2016,2017,IT0003128367,0.000991529039361946
2016,2017,IT0003132476,0.00235137496162128
2016,2017,IT0003153415,0.0006727592859051994
2016,2017,IT0003242622,0.00047795679215875794
2016,2017,IT0003497168,0.0007239067983428432
2016,2017,IT0003506190,0.0010057342751309776
2016,2017,IT0003856405,0.00051408013524988
2016,2017,IT0004810054,0.0001752753268026078
2016,2017,IT0004827447,0.00035912370837265804
2016,2017,IT0005218380,0.0001941229760133143
2016,2017,IT0005239360,0.0008803420591103337
2016,2017,IT0005495657,0.00027387252525567444
2016,2017,JE00B8KF9B49,0.0012862368692224157
2016,2017,JE00BJ1DLW90,0.0003102565753813634
2016,2017,LR0008862868,0.0007316526218257202
2016,2017,LU0075646355,0.0002203807651367135
2016,2017,NL0000008977,0.000887998651220313
2016,2017,NL0000009082,0.000547343738541423
2016,2017,NL0000009165,0.0019113725230202436
2016,2017,NL0000009538,0.001300458951541887
2016,2017,NL0000226223,0.0005321778223762719
2016,2017,NL0000235190,0.0021272880478412737
2016,2017,NL0000289213,0.0001417117972561359
2016,2017,NL0000337319,0.0
2016,2017,NL0000360618,0.0
2016,2017,NL0000379121,0.0005143341348641261
2016,2017,NL0000395903,0.0004582698889096297
2016,2017,NL0009432491,0.00029443733365338534
2016,2017,NL0010273215,0.0022224016452670457
2016,2017,NL0010583399,3.4545026519641696e-05
2016,2017,NL0011794037,0.001242131078446102
2016,2017,NL0011821202,0.0023402493145549892
2016,2017,NL0013267909,0.0007881558392534807
2016,2017,NL00150001Q9,0.0005293193913353554
2016,2017,NL0015001FS8,0.0007597125122616627
2016,2017,NO0003028904,0.00010788707871657379
2016,2017,NO0003053605,8.400731754932695e-05
2016,2017,NO0003733800,0.0005323414062596861
2016,2017,NO0005052605,0.0002347244081511425
2016,2017,NO0010063308,0.0010519784468575684
2016,2017,NO0010096985,0.0025553827292238824
2016,2017,NO0010199151,0.0002096869440211877
2016,2017,NO0010208051,5.704474018514647e-05
2016,2017,NO0010861990,0.0
2016,2017,NO0012470089,5.043020022502404e-05
2016,2017,PA1436583006,0.0010537273104528795
2016,2017,PTBCP0AM0015,6.645856986791508e-05
2016,2017,PTEDP0AM0009,0.0
2016,2017,PTJMT0AE0001,0.00044527107919228523
2016,2017,PTSON0AM0001,0.0001539340762976395
2016,2017,PTZON0AM0006,0.00013172735477947123
2016,2017,SE0000106270,0.0017917906358669814
2016,2017,SE0000108227,0.00032258492031613683
2016,2017,SE0000108656,0.0006824271842323236
2016,2017,SE0000112724,0.0007472657042237013
2016,2017,SE0000113250,0.00040755621264406826
2016,2017,SE0000114837,0.00018402493131114092
2016,2017,SE0000148884,0.0010037204662575296
2016,2017,SE0000163594,0.00021962097973675528
2016,2017,SE0000163628,0.00017634985983431365
2016,2017,SE0000171100,0.0
2016,2017,SE0000190126,0.00028049568991073175
2016,2017,SE0000202624,0.00018962711263153254
2016,2017,SE0000242455,0.0012373381977230685
2016,2017,SE0000379190,0.0001761497544075632
2016,2017,SE0000667891,0.0006926207878637707
2016,2017,SE0000667925,0.0007632120704047589
2016,2017,SE0000695876,0.00032905105269374397
2016,2017,SE0000806994,0.00022395466500422766
2016,2017,SE0000862997,9.959494491189566e-05
2016,2017,SE0000949331,2.181426571528012e-05
2016,2017,SE0001662230,0.00024782860808328513
2016,2017,SE0003366871,0.0
2016,2017,SE0005190238,0.00023819301656470408
2016,2017,SE0006993770,0.00027627384167295963
2016,2017,SE0007100581,0.0008536108848226043
2016,2017,SE0007100599,0.0011141466982084794
2016,2017,SE0011090018,0.00011507256113333873
2016,2017,SE0011166974,5.4560547104608334e-05
2016,2017,SE0015811955,0.0005811984576119708
2016,2017,SE0015812219,0.000253237556319746
2016,2017,SE0015988019,0.0001187888567371399
2016,2017,SE0016589188,0.0004118565593515227
2016,2017,SE0017486889,0.0011057381328697176
2016,2017,SE0018012494,1.8532726715165263e-17
2016,2017,SE0018012635,9.827201447667988e-05
2016,2017,SE0020050417,0.00013660969153660632
2016,2017,US0010551028,0.0011880344880133304
2016,2017,US00130H1059,0.0
2016,2017,US00206R1023,0.011406376398374099
2016,2017,US0028241000,0.002511999176517755
2016,2017,US0028962076,6.210827568152445e-05
2016,2017,US00724F1012,0.0023399768071900103
2016,2017,US0079031078,0.0004013738343370742
2016,2017,US0082521081,0.00030010189097105056
2016,2017,US00846U1016,0.0007481986559914014
2016,2017,US0091581068,0.0012029163109077785
2016,2017,US00971T1016,0.0006575109582703412
2016,2017,US0126531013,0.00042122644750843555
2016,2017,US0185811082,0.0006189168716929943
2016,2017,US0188021085,0.0
2016,2017,US0200021014,0.0012444761699400787
2016,2017,US02079K3059,0.010166673727473981
2016,2017,US02209S1033,0.00582742128783364
2016,2017,US0236081024,0.0
2016,2017,US0255371017,0.000278015456651154
2016,2017,US0258161092,0.0030236475032786136
2016,2017,US0268747849,0.0029519817492313616
2016,2017,US03027X1000,0.002024405440117564
2016,2017,US03073E1055,0.0006864437284521208
2016,2017,US0311621009,0.0046559524688987025
2016,2017,US0326541051,0.0009991092294031744
2016,2017,US0367521038,0.0018009325363036895
2016,2017,US03743Q1085,0.0009986081399445772
2016,2017,US0378331005,0.026243137019155028
2016,2017,US0382221051,0.0015032376545212418
2016,2017,US0383361039,0.0002719950942505229
2016,2017,US0394831020,0.0010247286818674752
2016,2017,US0441861046,0.0002534047503961928
2016,2017,US0495601058,0.000490040699530438
2016,2017,US0527691069,0.0006963441024368114
2016,2017,US0530151036,0.002020052443220268
2016,2017,US0534841012,0.0011082544907608128
2016,2017,US0536111091,0.00030447921656010565
2016,2017,US0538071038,0.0002656542907803176
2016,2017,US0584981064,0.0005204951591587708
2016,2017,US0605051046,0.009638651136992972
2016,2017,US0640581007,0.002217050430248519
2016,2017,US0708301041,0.0008275135239823744
2016,2017,US0718131099,0.0011929965813099652
2016,2017,US0758871091,0.0015749824654103359
2016,2017,US0844231029,0.0004288677890334708
2016,2017,US0865161014,0.00045474581215634353
2016,2017,US09062X1037,0.002611735970573545
2016,2017,US0970231058,0.004197528997571672
2016,2017,US0997241064,0.0004435555605920615
2016,2017,US1011211018,0.0009434079320069989
2016,2017,US1011371077,0.0012130816502733185
2016,2017,US1101221083,0.0042018725302010364
2016,2017,US1124631045,0.0
2016,2017,US1156372096,0.00048681944117106527
2016,2017,US12504L1098,0.00048547185600934665
2016,2017,US1252691001,0.0
2016,2017,US1255231003,0.0014292870273003302
2016,2017,US1258961002,0.0002920107122134115
2016,2017,US1264081035,0.0014664104590916846
2016,2017,US12653C1080,0.00037383972328846254
2016,2017,US1266501006,0.0037179462036257783
2016,2017,US1270551013,0.0
2016,2017,US1307881029,0.0001646223969077316
2016,2017,US1344291091,0.0008791634053330011
2016,2017,US14040H1059,0.0017564075193801413
2016,2017,US14149Y1082,0.0009873906962766898
2016,2017,US1491231015,0.0023898712852669377
2016,2017,US1508701034,0.00042680975836266374
2016,2017,US15189T1079,0.0
2016,2017,US1667641005,0.009588066516309437
2016,2017,US1717793095,7.491311915936252e-05
2016,2017,US1720621010,0.0005012675300016537
2016,2017,US17275R1023,0.006402879429630113
2016,2017,US1729674242,0.007339308228170876
2016,2017,US1858991011,0.0
2016,2017,US1890541097,0.0006829812489109039
2016,2017,US1912161007,0.007825554694303377
2016,2017,US1924461023,0.001426167267747232
2016,2017,US1941621039,0.002588960664828158
2016,2017,US2003401070,0.00048822095274840034
2016,2017,US2058871029,0.0007767129966068385
2016,2017,US20825C1045,0.0026317127476349284
2016,2017,US2091151041,0.0012272947856343294
2016,2017,US21036P1084,0.001286765539800851
2016,2017,US22160K1051,0.003083715084355283
2016,2017,US2283681060,0.00025220610723852073
2016,2017,US2310211063,0.0010095646519458332
2016,2017,US2333311072,0.000306624678180457
2016,2017,US23355L1061,0.00025444805820150807
2016,2017,US2371941053,0.0002566516048405668
2016,2017,US2441991054,0.0015012693909949217
2016,2017,US25179M1036,0.0010015642425402187
2016,2017,US2533931026,0.00022912466070504022
2016,2017,US2546871060,0.007161830673442555
2016,2017,US25746U1097,0.0019972631800428994
2016,2017,US2576511099,0.00038578868713568773
2016,2017,US2600031080,0.0005075403654221081
2016,2017,US26441C2044,0.0014247314615124975
2016,2017,US26875P1012,0.0025950409236999185
2016,2017,US26884L1098,0.0005833266145557184
2016,2017,US2774321002,0.0003429830393511244
2016,2017,US2786421030,0.0013587904018037011
2016,2017,US2788651006,0.0015360579069428342
2016,2017,US2810201077,0.0013435041978689976
2016,2017,US28176E1082,0.0008336399653386455
2016,2017,US2910111044,0.0015967519232736925
2016,2017,US29364G1031,0.0
2016,2017,US29444U7000,0.0012298901800665825
2016,2017,US29670G1022,0.0004006250945224587
2016,2017,US2971781057,0.0007596099127763161
2016,2017,US30034W1062,0.0
2016,2017,US30040W1080,0.001097885458323802
2016,2017,US30161N1019,0.0017049005606349873
2016,2017,US3021301094,0.0003580812686777631
2016,2017,US30231G1022,0.016075099983139458
2016,2017,US3024913036,0.00029723666525906
2016,2017,US31428X1063,0.002143932218892441
2016,2017,US3156161024,0.00042388809518894053
2016,2017,US3167731005,0.0008624499902553561
2016,2017,US3379321074,0.0
2016,2017,US3434121022,0.0004962625681220197
2016,2017,US34354P1057,0.00023632410592837872
2016,2017,US3453708600,0.002073651216175665
2016,2017,US3546131018,0.0009582501148718188
2016,2017,US35671D8570,0.0005871198354071817
2016,2017,US3647601083,0.00045685926011089387
2016,2017,US3703341046,0.0016188724935656525
2016,2017,US3719011096,0.00015589373958801325
2016,2017,US37247D1063,0.00010423501825716816
2016,2017,US3755581036,0.004086867223962667
2016,2017,US38141G1040,0.004106192514089674
2016,2017,US3825501014,0.00033814926790954523
2016,2017,US3848021040,0.0006561610903077228
2016,2017,US3976241071,0.0
2016,2017,US40434L1052,0.001127193669721031
2016,2017,US4062161017,0.0020994785507400596
2016,2017,US4128221086,0.0005395699159996754
2016,2017,US4165151048,0.000824939703170807
2016,2017,US4180561072,0.00037779793864914797
2016,2017,US4198701009,0.0
2016,2017,US42250P1030,0.0006956361990170005
2016,2017,US4278661081,0.0007645643978035446
2016,2017,US42809H1077,0.0009329525470723514
2016,2017,US4370761029,0.007011865433276097
2016,2017,US4385161066,0.0038673172880395617
2016,2017,US4404521001,0.000870769389254353
2016,2017,US44107P1049,0.0007289895757716857
2016,2017,US4448591028,0.0013576909793846874
2016,2017,US4456581077,0.00037851852876171697
2016,2017,US4461501045,0.0006207482574120288
2016,2017,US4470111075,0.00012540469855895883
2016,2017,US45073V1089,0.00017723712854380848
2016,2017,US4523081093,0.001892657805275679
2016,2017,US4581401001,0.0074493208543314855
2016,2017,US4592001014,0.006773008261993248
2016,2017,US4595061015,0.00044275154945973207
2016,2017,US4601461035,0.0009080597485940467
2016,2017,US4606901001,0.00037143602232616327
2016,2017,US4612021034,0.001213025915941725
2016,2017,US46284V1017,0.0005311274436103717
2016,2017,US4657411066,9.56666553332916e-05
2016,2017,US46625H1005,0.013268911258233238
2016,2017,US4663131039,7.47997035826822e-05
2016,2017,US46982L1089,0.00025089835267446623
2016,2017,US4781601046,0.01367313498276444
2016,2017,US48020Q1076,0.0001593181006645002
2016,2017,US48203R1041,0.00048453542410436526
2016,2017,US48242W1062,0.0001035224998976171
2016,2017,US4824801009,0.0006476066463167037
2016,2017,US4878361082,0.0011988411175976401
2016,2017,US4891701009,0.00011268059170334588
2016,2017,US4932671088,0.0009408587851228794
2016,2017,US4943681035,0.001830735569077279
2016,2017,US49446R1095,0.0005681166478649148
2016,2017,US4972661064,1.2028168430274865e-05
2016,2017,US5002551043,0.0003079430242040722
2016,2017,US5010441013,0.0014168363208686217
2016,2017,US5178341070,0.0016810081511659338
2016,2017,US5184391044,0.0006697572036579684
2016,2017,US5324571083,0.0035903844066789425
2016,2017,US5339001068,0.00030378889819986495
2016,2017,US5341871094,0.0006920413955522177
2016,2017,US5398301094,0.003187329576891405
2016,2017,US5486611073,0.0026261607052215064
2016,2017,US5502411037,0.000662899638488373
2016,2017,US5526761086,1.9720572015096823e-07
2016,2017,US5529531015,0.0007205951847591076
2016,2017,US5543821012,0.000550108168763721
2016,2017,US5635714059,7.571358348883028e-05
2016,2017,US56418H1005,0.0002643251616143463
2016,2017,US5658491064,0.0006064042943119871
2016,2017,US5717481023,0.0015262855486739575
2016,2017,US5719032022,0.0014255015405643184
2016,2017,US5738741041,0.00047274611171785563
2016,2017,US5745991068,0.0003851658992681562
2016,2017,US57636Q1040,0.004860397498823172
2016,2017,US5770811025,0.00041642815027903606
2016,2017,US5797802064,0.0005052833289603107
2016,2017,US5801351017,0.00442820198705907
2016,2017,US58155Q1031,0.0013284395421431182
2016,2017,US58933Y1055,0.007186376629224511
2016,2017,US59156R1086,0.0025782268670871745
2016,2017,US5926881054,0.0005245356612440858
2016,2017,US5949181045,0.020903178052638707
2016,2017,US5950171042,0.0006396715930932981
2016,2017,US5951121038,0.0009884483895629505
2016,2017,US6005441000,0.0001148031740527038
2016,2017,US6081901042,0.0006044821109207674
2016,2017,US60871R2094,0.0009143484099565557
2016,2017,US6092071058,0.002976152307257914
2016,2017,US6153691059,0.0006980860109826806
2016,2017,US6174464486,0.0033699513221836395
2016,2017,US61945C1036,0.000500703729813875
2016,2017,US6200763075,0.0005313836127753587
2016,2017,US6267171022,0.00018194370602365938
2016,2017,US6293775085,0.0
2016,2017,US6311031081,0.0004988015072925217
2016,2017,US6365181022,0.00010978218907379766
2016,2017,US64110D1046,0.00038017249189719975
2016,2017,US6512291062,0.0009239465224168766
2016,2017,US6516391066,0.0008799801529613887
2016,2017,US65339F1012,0.002363038627157378
2016,2017,US6541061031,0.002896810469746251
2016,2017,US65473P1057,0.0
2016,2017,US6556641008,0.0003254492762471317
2016,2017,US6558441084,0.001326059841429935
2016,2017,US6658591044,0.000906917782276891
2016,2017,US6668071029,0.0018540578400296141
2016,2017,US6687711084,0.0007343853134382613
2016,2017,US67066G1040,0.002589944436009544
2016,2017,US6708371033,0.0
2016,2017,US67098H1041,3.0521507211577175e-20
2016,2017,US6745991058,0.002394227350293079
2016,2017,US6819191064,0.0009129474586212061
2016,2017,US6821891057,0.00026153260420778334
2016,2017,US6826801036,0.0006922369808890152
2016,2017,US68389X1054,0.006814421955327348
2016,2017,US6866881021,0.0001113063550585378
2016,2017,US6882392011,0.000357545133678745
2016,2017,US69331C1080,0.001515593668104419
2016,2017,US6934751057,0.0025248807286521596
2016,2017,US6935061076,0.0010737627129921495
2016,2017,US69351T1060,0.000692174373479681
2016,2017,US6936561009,0.0002498649859518612
2016,2017,US6937181088,0.0010109774044813839
2016,2017,US6951561090,0.0004107027942240884
2016,2017,US7010941042,0.0008532794085253719
2016,2017,US70211M1099,7.115862090941397e-05
2016,2017,US7134481081,0.00654245274564535
2016,2017,US7140461093,0.00023272391338856162
2016,2017,US7170811035,0.008563159103878525
2016,2017,US7234841010,0.00011953896515205744
2016,2017,US7244791007,0.00016138013536444866
2016,2017,US7310681025,0.00023086492380775824
2016,2017,US74144T1088,0.0008260007930798308
2016,2017,US74251V1026,0.0007931999210736474
2016,2017,US7427181091,0.009816190060449915
2016,2017,US7433151039,0.0010203639396026757
2016,2017,US74340W1036,0.001354973603508117
2016,2017,US7443201022,0.0019140531335616227
2016,2017,US7445731067,0.0010997643504208343
2016,2017,US7475251036,0.004245402381626068
2016,2017,US74834L1008,0.0005507291932656304
2016,2017,US75281A1097,0.00033028048812999515
2016,2017,US75513E1010,0.00394609252846931
2016,2017,US7588491032,0.0003912878547566839
2016,2017,US75886F1075,0.0016916798724993954
2016,2017,US7607591002,0.0006687935532490075
2016,2017,US7739031091,0.0007610903202697589
2016,2017,US7835491082,0.0002023668709500618
2016,2017,US78409V1044,0.0012383087494923768
2016,2017,US78440X8873,0.0005689226330746537
2016,2017,US78473E1038,0.00013731658552093744
2016,2017,US79466L3024,0.0020727662693944882
2016,2017,US8101861065,0.000187997252625051
2016,2017,US81211K1007,0.0003812223601105454
2016,2017,US8168511090,0.0012231190168317584
2016,2017,US8243481061,0.0010268704963729207
2016,2017,US8288061091,0.0025075302886580944
2016,2017,US8326964058,0.0007070241644990875
2016,2017,US8354951027,0.0003098276956086611
2016,2017,US8425871071,0.0013587852523921087
2016,2017,US84265V1052,0.0010369015110992844
2016,2017,US8447411088,0.001134610434683572
2016,2017,US8545021011,0.0007552380669396543
2016,2017,US8552441094,0.0033832599585291575
2016,2017,US8574771031,0.0013125926134236422
2016,2017,US8676524064,2.7514691042240372e-05
2016,2017,US8718291078,0.0013325179888579604
2016,2017,US8725401090,0.001985912530304593
2016,2017,US8760301072,0.0003269116504057283
2016,2017,US87612E1064,0.0017186760391387612
2016,2017,US8807701029,0.00032609572632205647
2016,2017,US8816242098,0.0015951245497001034
2016,2017,US8825081040,0.0031664859157474494
2016,2017,US8832031012,0.0006437269197940176
2016,2017,US88337F1057,0.00012191459107686859
2016,2017,US8835561023,0.002374284481677936
2016,2017,US88579Y1010,0.004630025478505946
2016,2017,US89417E1091,0.0015504602217833435
2016,2017,US89832Q1094,0.0016129385818974536
2016,2017,US9024941034,0.0007365197692290171
2016,2017,US9029733048,0.003791409710609006
2016,2017,US9078181081,0.0037349575122459355
2016,2017,US9111631035,0.0001498633760325163
2016,2017,US9113121068,0.0033652069663556686
2016,2017,US9113631090,0.0004620598370753528
2016,2017,US9129091081,0.0
2016,2017,US91324P1021,0.006662009839761615
2016,2017,US91529Y1064,0.0003891603151218403
2016,2017,US91913Y1001,0.0009451066945809749
2016,2017,US92276F1003,0.001061020092445796
2016,2017,US92343V1044,0.00947555417385309
2016,2017,US9255501051,0.00010807534706322199
2016,2017,US92556V1061,0.000888337887490428
2016,2017,US9290421091,0.000992739674654626
2016,2017,US9291601097,0.0008086573458554958
2016,2017,US92939U1060,0.0003479622213270745
2016,2017,US9311421039,0.009267586412860782
2016,2017,US9314271084,0.003938127768073548
2016,2017,US94106L1098,0.0012329836210231847
2016,2017,US9418481035,0.0005596520438334178
2016,2017,US9427491025,0.00013969482653747444
2016,2017,US9497461015,0.011905679753203053
2016,2017,US95040Q1040,0.001166940808786678
2016,2017,US95082P1057,0.00014433662987694727
2016,2017,US9581021055,0.001021921234902717
2016,2017,US9604131022,0.0
2016,2017,US9621661043,0.0011062274683433897
2016,2017,US9633201069,0.0006095393099337191
2016,2017,US9694571004,0.0008634179791684129
2016,2017,US98389B1008,0.0
2016,2017,US9839191015,0.0006063214178096253
2016,2017,US98421M1062,0.00041784228013424027
2016,2017,US9884981013,0.001116731416782392
2016,2017,US98956P1021,0.0008719637810907756
2017,2018,AN8068571086,0.0034339297384078553
2017,2018,AT000000STR1,0.0002224055190736121
2017,2018,AT00000VIE62,0.00021142937363257823
2017,2018,AT0000606306,0.0004839929181162649
2017,2018,AT0000652011,0.0006690220969692674
2017,2018,AT0000720008,0.0003581854556264747
2017,2018,AT0000730007,0.00030374816674285927
2017,2018,AT0000743059,0.0005579212455854465
2017,2018,AT0000746409,0.00024011248431746003
2017,2018,AT0000938204,9.807677043449605e-05
2017,2018,BE0003470755,0.0001620170104865414
2017,2018,BE0003565737,0.0011327134970102735
2017,2018,BE0003593044,0.00014859873981190973
2017,2018,BE0003735496,5.877646165043808e-05
2017,2018,BE0003739530,0.0005699938781123759
2017,2018,BE0003755692,6.240171816778796e-05
2017,2018,BE0003810273,0.0005433475316825536
2017,2018,BE0974258874,0.00020405024611054923
2017,2018,BE0974264930,0.0003668870739555112
2017,2018,BE0974293251,0.006684311627434041
2017,2018,BE0974320526,0.0004334770149889948
2017,2018,CA00208D4084,0.0002583017567435251
2017,2018,CA0084741085,0.00047497742647578824
2017,2018,CA00900Q1037,9.169899543110823e-05
2017,2018,CA01626P1484,0.000372807900534157
2017,2018,CA05534B7604,0.00162229496054723
2017,2018,CA0636711016,0.0019240404555193789
2017,2018,CA0641491075,0.002855414712046906
2017,2018,CA0977518616,0.00029391907625889873
2017,2018,CA1247651088,0.00019256271599997577
2017,2018,CA12532H1047,0.0006013657485601182
2017,2018,CA13321L1085,8.457227704117691e-05
2017,2018,CA1360691010,0.0015960447876681356
2017,2018,CA1363751027,0.0021666705138506073
2017,2018,CA1363851017,0.001438770893648589
2017,2018,CA13646K1084,0.0009868655978261594
2017,2018,CA1366812024,0.00030959203498127344
2017,2018,CA1367178326,0.0
2017,2018,CA2849025093,4.382417902732721e-18
2017,2018,CA29250N1050,0.0024330683163854895
2017,2018,CA2927661025,0.00015559148202426906
2017,2018,CA3180714048,0.00019927462576041084
2017,2018,CA3359341052,0.0003654108395340258
2017,2018,CA3495531079,0.00036485625638996036
2017,2018,CA3518581051,0.0006903812197278046
2017,2018,CA3759161035,0.0003089991432260771
2017,2018,CA39138C1068,0.0010222228756186574
2017,2018,CA4495861060,0.0004017680199180799
2017,2018,CA4530384086,0.0008042584946036872
2017,2018,CA45823T1066,0.00048523607616774507
2017,2018,CA4969024047,0.0002813782934489838
2017,2018,CA5394811015,0.0008180046482603756
2017,2018,CA5592224011,0.000823833472752573
2017,2018,CA56501R1064,0.00146481306649776
2017,2018,CA59151K1084,0.0
2017,2018,CA6744822033,0.0
2017,2018,CA7392391016,0.0004118354792711511
2017,2018,CA7751092007,0.0008113526612626374
2017,2018,CA7800871021,0.004234778129527285
2017,2018,CA8029121057,0.0006952058603845238
2017,2018,CA8239011031,0.0
2017,2018,CA85472N1096,0.00019549539269659913
2017,2018,CA8667961053,0.0008990449975250255
2017,2018,CA8672241079,0.002162608509664041
2017,2018,CA87807B1076,0.001516344752434665
2017,2018,CA8787422044,0.0005574421219149823
2017,2018,CA87971M1032,0.0008519093632725996
2017,2018,CA8849038085,0.0010615926759791723
2017,2018,CA8911605092,0.003882247786160317
2017,2018,CA89346D1078,0.0
2017,2018,CA8959451037,0.00025101595777123276
2017,2018,CA98462Y1007,0.00012186960630871471
2017,2018,CH0008038389,0.00029144911746594403
2017,2018,CH0008742519,0.0012066265922791794
2017,2018,CH0010570759,0.0004205884241000494
2017,2018,CH0010645932,0.0008796728317301788
2017,2018,CH0011075394,0.0016105574168978078
2017,2018,CH0012005267,0.007905060425983625
2017,2018,CH0012032048,0.006306105816389366
2017,2018,CH0012138530,0.0015945048920174253
2017,2018,CH0012138605,0.0006067254827929414
2017,2018,CH0012142631,0.00035464710448040364
2017,2018,CH0012214059,0.0
2017,2018,CH0012221716,0.002026040326337293
2017,2018,CH0012549785,0.0004733248603345438
2017,2018,CH0013841017,0.0007647594815520414
2017,2018,CH0014786500,2.816852150221865e-05
2017,2018,CH0014852781,0.0005090517792800261
2017,2018,CH0018294154,0.0002626537127181247
2017,2018,CH0024608827,0.000602267347958381
2017,2018,CH0024638212,0.0005718438595704402
2017,2018,CH0025238863,0.0008037915323285208
2017,2018,CH0025751329,0.00013874574292303387
2017,2018,CH0030170408,0.000585899010141461
2017,2018,CH0038388911,0.00010687815952033546
2017,2018,CH0038863350,0.009549677444973696
2017,2018,CH0044328745,0.002481973558258127
2017,2018,CH0048265513,4.892921638684874e-05
2017,2018,CH0126881561,0.0012930403467468024
2017,2018,CH0210483332,0.0016990512578260151
2017,2018,CH0244767585,0.0026432837467220954
2017,2018,CH0319416936,0.0003507018602906605
2017,2018,CH0418792922,0.0006578664902453478
2017,2018,CH1169151003,0.0001866923157003494
2017,2018,CH1175448666,0.00039060799881653475
2017,2018,CH1256740924,0.0006651098499180355
2017,2018,DE0005089031,0.000476543398750086
2017,2018,DE0005140008,0.0012761947680694898
2017,2018,DE0005190003,0.002173467367431397
2017,2018,DE0005200000,0.0010296729140503878
2017,2018,DE0005408884,0.0002729186678306816
2017,2018,DE0005439004,0.0018770979884780233
2017,2018,DE0005470405,0.00014060799353635874
2017,2018,DE0005552004,0.002190112586437862
2017,2018,DE0005557508,0.0030040410441489565
2017,2018,DE0005773303,0.0004558225523372735
2017,2018,DE0005785604,0.0013448174820423523
2017,2018,DE0005785802,0.001138567567460842
2017,2018,DE0005810055,0.0006496534562000019
2017,2018,DE0005909006,0.0002012897350749803
2017,2018,DE0006047004,0.0
2017,2018,DE0006048432,0.000816470860502925
2017,2018,DE0006070006,0.000322784563537252
2017,2018,DE0006202005,0.0
2017,2018,DE0006231004,0.0012407861121678584
2017,2018,DE0006569908,0.0
2017,2018,DE0006599905,0.0005250654167055121
2017,2018,DE0006602006,0.000427076635141451
2017,2018,DE0006969603,0.0002242354766101373
2017,2018,DE0007030009,0.0001751101737014139
2017,2018,DE0007037129,0.0
2017,2018,DE0007042301,6.169723223822929e-05
2017,2018,DE0007100000,0.003257507166026803
2017,2018,DE0007164600,0.004825357422516522
2017,2018,DE0007236101,0.004223095189442544
2017,2018,DE0007257503,9.214276804229819e-05
2017,2018,DE0007500001,0.00021621077220014648
2017,2018,DE0007664039,0.0014445862334742346
2017,2018,DE0008232125,0.0
2017,2018,DE0008402215,0.0006219299745269867
2017,2018,DE0008404005,0.0036159972262537142
2017,2018,DE0008430026,0.0012496180945292944
2017,2018,DE000A0D9PT0,0.00040976108122981006
2017,2018,DE000A0S8488,0.00011893845694699949
2017,2018,DE000A1EWWW0,0.001512859146576988
2017,2018,DE000BASF111,0.0035918497569760676
2017,2018,DE000BAY0017,0.003734920165785074
2017,2018,DE000CBK1001,0.000563755808117806
2017,2018,DE000CLS1001,0.00031504983523291774
2017,2018,DE000ENAG999,0.0010852584830758957
2017,2018,DE000KSAG888,6.455111064009899e-19
2017,2018,DE000PSM7770,0.00013727062968756163
2017,2018,DE000TUAG505,0.00020187049403565745
2017,2018,DK0010181759,0.0003963634704771228
2017,2018,DK0010234467,0.0002489472257446361
2017,2018,DK0010244508,0.0
2017,2018,DK0010274414,0.0012661202164801612
2017,2018,DK0010287663,2.2473485437409104e-06
2017,2018,DK0010311471,0.00015559517864091897
2017,2018,DK0060079531,0.0006748881697623583
2017,2018,DK0060336014,0.0005259489656275416
2017,2018,DK0060448595,0.0006002717827922334
2017,2018,DK0060477503,0.0002907449783066815
2017,2018,DK0060636678,0.0002789804070606622
2017,2018,DK0060738599,0.0002503627568495054
2017,2018,DK0061539921,0.00035617582836841463
2017,2018,ES0109427734,0.0001848872046339363
2017,2018,ES0112501012,0.000152444119050713
2017,2018,ES0113211835,0.0021133441939029315
2017,2018,ES0113679I37,0.00028201973820725037
2017,2018,ES0113860A34,0.0003848177444239912
2017,2018,ES0113900J37,0.0038411515246676406
2017,2018,ES0116870314,0.0006785699221200459
2017,2018,ES0118594417,0.00020401209141085325
2017,2018,ES0122060314,0.0
2017,2018,ES0124244E34,0.00043629644277463713
2017,2018,ES0125220311,0.0003254293566236593
2017,2018,ES0130670112,0.0001758690514252687
2017,2018,ES0130960018,0.00048523785011237634
2017,2018,ES0132105018,0.00021989167866041386
2017,2018,ES0144580Y14,0.001849279455920046
2017,2018,ES0148396007,0.0038370794445663626
2017,2018,ES0152503035,0.00030508108284704207
2017,2018,ES0161560018,0.0001850629969485795
2017,2018,ES0167050915,0.0004135291486593439
2017,2018,ES0171996087,0.0006202935540768948
2017,2018,ES0173093024,0.0006625946264795098
2017,2018,ES0173516115,0.0006253940477606966
2017,2018,ES0178430E18,0.001906138872918613
2017,2018,ES0182870214,6.480143553735506e-05
2017,2018,FI0009000202,0.00019616369684194576
2017,2018,FI0009000277,0.00011584667967552021
2017,2018,FI0009000459,0.00019254153916747405
2017,2018,FI0009000681,0.000934495651607981
2017,2018,FI0009002158,0.00014208198991902206
2017,2018,FI0009002422,0.00015312927088508786
2017,2018,FI0009003727,0.0004471140920436576
2017,2018,FI0009005318,7.017134239936756e-05
2017,2018,FI0009005870,7.99143290000591e-05
2017,2018,FI0009005961,0.00018303527859322633
2017,2018,FI0009005987,0.0004982516480895118
2017,2018,FI0009007132,0.00022031454388660182
2017,2018,FI0009007694,0.0
2017,2018,FI0009007884,0.00036197206284777425
2017,2018,FI0009013296,0.0006180710574686014
2017,2018,FI0009013403,0.0009566221629599556
2017,2018,FI0009800643,2.740699502625485e-18
2017,2018,FI4000440664,0.00022979290984665587
2017,2018,FR0000035081,0.00030597351824859694
2017,2018,FR0000039109,0.0
2017,2018,FR0000044448,9.97347461720311e-05
2017,2018,FR0000045072,0.0016289014888654552
2017,2018,FR0000051070,0.0001367023913089071
2017,2018,FR0000054900,0.0001617697445914158
2017,2018,FR0000064578,0.00038222895828226715
2017,2018,FR0000073272,0.0016065888866845157
2017,2018,FR0000077919,0.0004059121372108196
2017,2018,FR0000120073,0.0017615668604111666
2017,2018,FR0000120172,0.000631079721228365
2017,2018,FR0000120222,0.0005724577912135702
2017,2018,FR0000120271,0.004973304182686344
2017,2018,FR0000120321,0.004430651562374223
2017,2018,FR0000120404,0.0004875874629553609
2017,2018,FR0000120503,0.0007782261673004783
2017,2018,FR0000120560,0.0001519621058578285
2017,2018,FR0000120578,0.0039001746418234687
2017,2018,FR0000120628,0.00253534925123753
2017,2018,FR0000120644,0.0020131977510906432
2017,2018,FR0000120693,0.0016259457193984305
2017,2018,FR0000120859,0.00024055307362734176
2017,2018,FR0000120966,0.0003140125342201303
2017,2018,FR0000121014,0.005250886425014629
2017,2018,FR0000121121,0.0003302928991650024
2017,2018,FR0000121204,0.000382180222066645
2017,2018,FR0000121220,0.0007626219089752523
2017,2018,FR0000121329,0.0008268826988557889
2017,2018,FR0000121485,0.0021910384413699135
2017,2018,FR0000121667,0.0010720704675855077
2017,2018,FR0000121964,0.000556629836087814
2017,2018,FR0000121972,0.001737761609405702
2017,2018,FR0000124141,0.0
2017,2018,FR0000125007,0.0009459807444155015
2017,2018,FR0000125338,0.0006479522311658024
2017,2018,FR0000125486,0.0021761825431894383
2017,2018,FR0000127771,0.0013721291853611133
2017,2018,FR0000130213,0.00014761627046085566
2017,2018,FR0000130395,0.00019714195993344145
2017,2018,FR0000130403,0.0023197579661624447
2017,2018,FR0000130452,0.00042498421145731324
2017,2018,FR0000130577,0.0006467510662211596
2017,2018,FR0000130809,0.0014008672613146245
2017,2018,FR0000131104,0.003245498087057962
2017,2018,FR0000131906,0.0010301479622492977
2017,2018,FR0000133308,0.0017590062907096278
2017,2018,FR0010040865,0.0005105216970225211
2017,2018,FR0010220475,0.0004897443813946681
2017,2018,FR0010242511,0.0008658585469272556
2017,2018,FR0010307819,0.0007746147772171546
2017,2018,FR0010313833,0.0001442492031027276
2017,2018,FR0010340141,0.000778855151563595
2017,2018,FR0010533075,0.0002301505086848292
2017,2018,FR0013176526,0.0006305914008853839
2017,2018,FR0013280286,0.0004399113965933214
2017,2018,FR0013326246,0.0009829991061841904
2017,2018,FR0013505062,0.00013021766698027425
2017,2018,FR0013506730,0.00017875629080959499
2017,2018,FR0014003TT8,0.000881317999776134
2017,2018,FR001400AJ45,0.0009720630409091671
2017,2018,GB0000163088,0.00016092119764207562
2017,2018,GB0000456144,0.0004779938714808515
2017,2018,GB0000536739,0.000510900031714162
2017,2018,GB0000811801,0.0001630651254745172
2017,2018,GB0000904986,0.00029159734207291214
2017,2018,GB0000961622,6.74494804503713e-05
2017,2018,GB0001048619,1.8997141372024432e-17
2017,2018,GB0001367019,0.0003500774190407255
2017,2018,GB0001500809,5.4108566952973614e-05
2017,2018,GB0001638955,2.832886226535592e-05
2017,2018,GB0001765816,6.0561420740044325e-05
2017,2018,GB0001826634,0.00019055672203480706
2017,2018,GB0001859296,3.407176045688834e-05
2017,2018,GB0002018363,0.0
2017,2018,GB0002074580,9.539509200511601e-05
2017,2018,GB0002148343,0.0001055843702160003
2017,2018,GB0002318888,3.921467721519998e-05
2017,2018,GB0002374006,0.003310852114529859
2017,2018,GB0002418548,7.745533975549202e-05
2017,2018,GB0002634946,0.0008845480857589465
2017,2018,GB0002652740,0.00019003512512159095
2017,2018,GB0002670437,0.0
2017,2018,GB0002869419,3.455871461810533e-05
2017,2018,GB0002875804,0.005501960172488498
2017,2018,GB0003096442,0.00013899488607189
2017,2018,GB0003308607,0.00014749399441478688
2017,2018,GB0003395000,0.00020166139395068347
2017,2018,GB0003452173,0.0
2017,2018,GB0003753778,0.0
2017,2018,GB0004052071,0.000238703137768689
2017,2018,GB0004082847,0.0012190987705644567
2017,2018,GB0004161021,0.0003393415728667197
2017,2018,GB0004170089,0.0001660915377912887
2017,2018,GB0004270301,4.643896404588316e-06
2017,2018,GB0004478896,0.00014484908451602017
2017,2018,GB0004544929,0.0014656667500271205
2017,2018,GB0004657408,0.00010255624178746037
2017,2018,GB0004726096,2.8308329680590947e-05
2017,2018,GB0004866223,0.0
2017,2018,GB0004915632,7.82471226828311e-05
2017,2018,GB0005405286,0.007372790264188646
2017,2018,GB0005576813,4.921120411230288e-05
2017,2018,GB0005603997,0.0007162860765191271
2017,2018,GB0005746358,0.0
2017,2018,GB0005758098,0.00015550610685682552
2017,2018,GB0006027295,0.0
2017,2018,GB0006215205,6.692935871368852e-05
2017,2018,GB0006650450,0.0
2017,2018,GB0006731235,0.0011326035866073957
2017,2018,GB0006776081,0.00037353332901055914
2017,2018,GB0006825383,0.00039831056884694034
2017,2018,GB0006886666,0.0
2017,2018,GB0006928617,1.2135583080858539e-05
2017,2018,GB0007099541,0.0023911629029484977
2017,2018,GB0007188757,0.0025578566115506854
2017,2018,GB0007323586,9.121545628202264e-05
2017,2018,GB0007594764,6.0522863990801355e-05
2017,2018,GB0007668071,5.142282402126292e-05
2017,2018,GB0007669376,0.000253243817694489
2017,2018,GB0007908733,0.0006201110267109036
2017,2018,GB0007958233,2.4711477658425835e-05
2017,2018,GB0007973794,0.0
2017,2018,GB0007980591,0.004911522084159275
2017,2018,GB0008025412,8.156604888817522e-05
2017,2018,GB0008085614,0.00015579305584431614
2017,2018,GB0008220112,0.00015425107407894735
2017,2018,GB0008706128,0.0022503409745944134
2017,2018,GB0008782301,0.00035934519019771636
2017,2018,GB0008794710,0.0001034870189179694
2017,2018,GB0009067447,0.0
2017,2018,GB0009123323,4.041270774057104e-05
2017,2018,GB0009223206,0.0006686320608708626
2017,2018,GB0009292243,0.00011885544272251047
2017,2018,GB0009465807,0.0003082173244659746
2017,2018,GB0009633180,0.00023169626946581038
2017,2018,GB0009697037,0.00010482049580005463
2017,2018,GB0009895292,0.003208006242913875
2017,2018,GB0022569080,0.00037300215406107335
2017,2018,GB0030232317,1.628718707723045e-05
2017,2018,GB0030329360,0.0
2017,2018,GB0030913577,0.0013473405475842863
2017,2018,GB0031274896,0.00023912204932934826
2017,2018,GB0031348658,0.0015529470994118753
2017,2018,GB0031638363,0.00042470105136444464
2017,2018,GB0031743007,0.00038122730776034053
2017,2018,GB0032089863,0.0002791060877820984
2017,2018,GB0033195214,0.0003521990256906865
2017,2018,GB0033986497,0.0002489634500073581
2017,2018,GB00B012BV22,0.0
2017,2018,GB00B012TP20,3.59621650259062e-05
2017,2018,GB00B019KW72,0.0002024405589450703
2017,2018,GB00B01QGK86,0.0
2017,2018,GB00B02J6398,0.00022834525840840554
2017,2018,GB00B033F229,0.00036548584436684936
2017,2018,GB00B03HDJ73,0.0
2017,2018,GB00B04V1276,5.817906716523163e-18
2017,2018,GB00B06QFB75,0.0001589073995826705
2017,2018,GB00B0744359,2.0424926477355917e-05
2017,2018,GB00B0744B38,0.00038912008176272074
2017,2018,GB00B082RF11,0.0003266721546072886
2017,2018,GB00B0FYMT95,4.86071216594297e-05
2017,2018,GB00B0KM9T71,2.852960719259668e-05
2017,2018,GB00B0LCW083,0.00027067261167412076
2017,2018,GB00B0N8QD54,7.01400717349634e-05
2017,2018,GB00B0SWJX34,0.0005912373687152476
2017,2018,GB00B0WMWD03,9.281658111062532e-05
2017,2018,GB00B0YG1K06,0.0
2017,2018,GB00B128J450,0.0001527595892146103
2017,2018,GB00B132NW22,0.00019272329327382168
2017,2018,GB00B135BJ46,0.00014545456061803574
2017,2018,GB00B17MMZ46,0.0
2017,2018,GB00B18P5K83,0.0
2017,2018,GB00B19Z1432,0.0
2017,2018,GB00B1FH8J72,0.0002615239053197784
2017,2018,GB00B1FP6H53,0.0
2017,2018,GB00B1FW5029,0.00010915135138238142
2017,2018,GB00B1JQDM80,3.9639276796467345e-18
2017,2018,GB00B1KJJ408,0.000285882215646865
2017,2018,GB00B1L5QH97,7.117588973862065e-05
2017,2018,GB00B1P6ZR11,3.461996941813319e-05
2017,2018,GB00B1VNSX38,0.0
2017,2018,GB00B1WY2338,0.0003110030036644403
2017,2018,GB00B1XH2C03,0.0001772128221850355
2017,2018,GB00B1YW4409,0.00047809151397045
2017,2018,GB00B27YGJ97,8.405026438430274e-05
2017,2018,GB00B2B0DG97,0.0009591290335439137
2017,2018,GB00B2NGPM57,9.408503200989408e-05
2017,2018,GB00B2PDGW16,0.00010223519962634719
2017,2018,GB00B39J2M42,0.00035932832131751205
2017,2018,GB00B3DGH821,1.5549210498198476e-18
2017,2018,GB00B3FLWH99,7.004534842055635e-05
2017,2018,GB00B41H7391,0.00019374516665881343
2017,2018,GB00B45C9X44,6.646592473949897e-05
2017,2018,GB00B572ZV91,0.0
2017,2018,GB00B5N0P849,0.0003000597304245168
2017,2018,GB00B5ZN1N88,0.0002994486783785313
2017,2018,GB00B61TVQ02,0.00011600587795165979
2017,2018,GB00B63H8491,0.0007610781658909253
2017,2018,GB00B63QSB39,9.625934000880539e-05
2017,2018,GB00B67G5X01,0.00018384355138194978
2017,2018,GB00B6XZKY75,3.5931479140203166e-05
2017,2018,GB00B6YTLS95,0.0
2017,2018,GB00B7KR2P84,0.0
2017,2018,GB00B82YXW83,0.0
2017,2018,GB00B8B4R053,2.0353585636005114e-17
2017,2018,GB00B8C3BL03,0.0004411502159835656
2017,2018,GB00BD6K4575,0.0012384940093466681
2017,2018,GB00BDCPN049,0.0006714304723514006
2017,2018,GB00BDR05C01,0.001464237218105621
2017,2018,GB00BF044593,6.465128445112219e-05
2017,2018,GB00BF5H9P87,0.00014393829906518383
2017,2018,GB00BF8Q6K64,0.0005829622851154103
2017,2018,GB00BG11K365,2.5209850200748107e-05
2017,2018,GB00BGDT3G23,0.0
2017,2018,GB00BGLP8L22,5.6193063376311674e-05
2017,2018,GB00BH4HKS39,0.0031183359848754575
2017,2018,GB00BHJYC057,0.00040962446989650266
2017,2018,GB00BJ1F4N75,0.0006524668356164302
2017,2018,GB00BJFFLV09,0.0002881132731599776
2017,2018,GB00BJQZC279,0.00011258346307954483
2017,2018,GB00BK9RKT01,0.00014554537765982766
2017,2018,GB00BKP36R26,0.0
2017,2018,GB00BKY40Q38,7.958842442402134e-05
2017,2018,GB00BL6XZ716,0.00011129662701685135
2017,2018,GB00BLGZ9862,0.0008785383722805743
2017,2018,GB00BM8PJY71,0.0015178396407939296
2017,2018,GB00BM8Q5M07,0.00013073971549300786
2017,2018,GB00BMJ6DW54,0.00024426257781561634
2017,2018,GB00BN7SWP63,0.0032585469122725207
2017,2018,GB00BNGDN821,0.0002478225890477539
2017,2018,GB00BNNTLN49,6.824093372050408e-05
2017,2018,GB00BNR4T868,5.431900603172333e-19
2017,2018,GB00BP6MXD84,0.005336872416925313
2017,2018,GB00BP92CJ43,9.952726715207355e-06
2017,2018,GB00BP9LHF23,0.0004059439483457344
2017,2018,GB00BPQY8M80,0.001023864376914174
2017,2018,GB00BRB37M78,0.00020496225665164562
2017,2018,GB00BV9FP302,2.6945966870867868e-05
2017,2018,GB00BVFNZH21,0.0001446772502899612
2017,2018,GB00BWFGQN14,0.0002376787324505878
2017,2018,GB00BYQ0JC66,7.49133002009226e-05
2017,2018,GB00BYT1DJ19,0.0002652726138911026
2017,2018,GB00BYW0PQ60,0.00045934010452647204
2017,2018,GB00BYYTFB60,6.861716124838241e-05
2017,2018,GB00BZ4BQC70,0.0002448517572711225
2017,2018,IE0001827041,0.0007541995714398771
2017,2018,IE0002424939,0.00028504244612964776
2017,2018,IE0003864109,7.568689211845947e-06
2017,2018,IE0004906560,0.0007438497220869275
2017,2018,IE0004927939,0.00026192184202547563
2017,2018,IE00B00MZ448,1.2803198491133263e-05
2017,2018,IE00B4BNMY34,0.0034096122277321133
2017,2018,IE00B8KQN827,0.0012476589162983436
2017,2018,IE00BD1RP616,0.00019419199250325636
2017,2018,IE00BF0L3536,0.0008500108974041677
2017,2018,IE00BGH1M568,0.0003569436961781424
2017,2018,IE00BK9ZQ967,0.0007847901856078665
2017,2018,IE00BLP1HW54,0.0012453798903613966
2017,2018,IE00BLS09M33,0.00044679273429455534
2017,2018,IE00BTN1Y115,0.003945264233430728
2017,2018,IE00BWT6H894,0.0003563992287942337
2017,2018,IE00BY7QL619,0.0012568392081073018
2017,2018,IL0002300114,0.0002535122927065567
2017,2018,IL0002810146,9.635508771775586e-05
2017,2018,IL0006046119,0.0004290963688600595
2017,2018,IL0006625771,0.0004267186213612786
2017,2018,IL0006954379,0.00036383196914809533
2017,2018,IL0010811243,0.0002772161088093683
2017,2018,IT0000062072,0.0011318487277839331
2017,2018,IT0000062957,0.0005084842941338562
2017,2018,IT0000066123,0.00011801473961345987
2017,2018,IT0000072618,0.001846908121530563
2017,2018,IT0000784154,0.00013550521600773143
2017,2018,IT0000784196,0.00017317933954695834
2017,2018,IT0001137345,0.00017539658466615097
2017,2018,IT0001233417,0.0
2017,2018,IT0001347308,0.0
2017,2018,IT0001469383,0.00010031729659314214
2017,2018,IT0003128367,0.001396762151961097
2017,2018,IT0003132476,0.0018237472194429071
2017,2018,IT0003153415,0.0006749181913784045
2017,2018,IT0003242622,0.0005435245163839633
2017,2018,IT0003497168,0.0005897057460680389
2017,2018,IT0003506190,0.0011531743279387368
2017,2018,IT0003856405,0.0003850431120072118
2017,2018,IT0004810054,0.00013644694732092928
2017,2018,IT0004827447,0.00032120872540024147
2017,2018,IT0005218380,0.00026892588872726744
2017,2018,IT0005239360,0.0015956877524290476
2017,2018,IT0005495657,0.00010091781788831539
2017,2018,JE00B8KF9B49,0.0008707460068623645
2017,2018,JE00BJ1DLW90,0.0003992599698596305
2017,2018,LR0008862868,0.0008772252431244693
2017,2018,LU0075646355,0.00022807841488940427
2017,2018,NL0000008977,0.001056649947694564
2017,2018,NL0000009082,0.0005722671227092784
2017,2018,NL0000009165,0.0022030437907235036
2017,2018,NL0000009538,0.0013410648357116669
2017,2018,NL0000226223,0.0008235472930255431
2017,2018,NL0000235190,0.0026721583513002888
2017,2018,NL0000289213,0.00012665293467615523
2017,2018,NL0000337319,2.0917088860410552e-05
2017,2018,NL0000360618,0.0
2017,2018,NL0000379121,0.000449130754203212
2017,2018,NL0000395903,0.00053189170546594
2017,2018,NL0009432491,0.00018977231014210628
2017,2018,NL0010273215,0.0027871731023395158
2017,2018,NL0010583399,3.2697198386629785e-05
2017,2018,NL0011794037,0.0010368844736002945
2017,2018,NL0011821202,0.0025122494298751
2017,2018,NL0013267909,0.0008297953670298455
2017,2018,NL00150001Q9,0.0009985754372356535
2017,2018,NL00150003E1,0.0001237615411305328
2017,2018,NL0015001FS8,0.0008037128411694526
2017,2018,NL0015435975,0.0004096451373389215
2017,2018,NO0003028904,8.381181590939625e-05
2017,2018,NO0003053605,1.824426972218497e-05
2017,2018,NO0003733800,0.00048135844114058867
2017,2018,NO0005052605,0.0004600007965735906
2017,2018,NO0010063308,0.0012970298297449328
2017,2018,NO0010096985,0.002531992720283763
2017,2018,NO0010199151,3.931952825573766e-19
2017,2018,NO0010208051,0.0
2017,2018,NO0010215684,0.00030874863774533594
2017,2018,NO0010861990,0.0
2017,2018,NO0012470089,5.723270653599312e-05
2017,2018,PA1436583006,0.0010812957470363405
2017,2018,PTBCP0AM0015,0.00027357538339326247
2017,2018,PTEDP0AM0009,0.0
2017,2018,PTJMT0AE0001,0.0004583439766452862
2017,2018,PTSON0AM0001,0.00022737124668623183
2017,2018,PTZON0AM0006,0.0001461398882494217
2017,2018,SE0000106270,0.0011553318732000061
2017,2018,SE0000108227,0.00027841070152977414
2017,2018,SE0000108656,0.0007279686315145982
2017,2018,SE0000112724,0.0002415258605305093
2017,2018,SE0000113250,0.0002590415795151003
2017,2018,SE0000114837,0.00012086000291149913
2017,2018,SE0000148884,0.0009509449953556853
2017,2018,SE0000163594,0.00016363788396266368
2017,2018,SE0000163628,0.000138999109880326
2017,2018,SE0000171100,0.0
2017,2018,SE0000190126,0.0002995251944854397
2017,2018,SE0000202624,7.291410012616712e-05
2017,2018,SE0000242455,0.0009954625343719693
2017,2018,SE0000379190,0.00018101574311013872
2017,2018,SE0000667891,0.0007791327646703254
2017,2018,SE0000667925,0.0007069916513075985
2017,2018,SE0000695876,0.0003485098008197204
2017,2018,SE0000806994,8.724310428794855e-05
2017,2018,SE0000862997,0.0001515396585527504
2017,2018,SE0000949331,2.394143481780128e-05
2017,2018,SE0001662230,0.00022483510999922392
2017,2018,SE0003366871,0.0
2017,2018,SE0005190238,0.0002696479961266575
2017,2018,SE0006993770,0.00025263752943026775
2017,2018,SE0007100581,0.0007495205236417233
2017,2018,SE0007100599,0.0009005110811023733
2017,2018,SE0011090018,0.00014051977800145078
2017,2018,SE0011166974,6.227232483341412e-05
2017,2018,SE0015811955,0.0005693275432721897
2017,2018,SE0015812219,0.00026566620713189834
2017,2018,SE0015988019,4.9175288071671636e-05
2017,2018,SE0016589188,0.0004280208177020635
2017,2018,SE0017486889,0.0013051268850033488
2017,2018,SE0018012494,8.419824786219386e-06
2017,2018,SE0018012635,9.195635550455556e-05
2017,2018,SE0020050417,0.0002396642911713117
2017,2018,US0010551028,0.0012149535852769469
2017,2018,US0010841023,0.000192005106025545
2017,2018,US00130H1059,0.0
2017,2018,US00206R1023,0.008543404625040949
2017,2018,US0028241000,0.003579727995155322
2017,2018,US0028962076,8.437607538922407e-05
2017,2018,US00724F1012,0.0031713294676751014
2017,2018,US0079031078,0.00030942042758326114
2017,2018,US0082521081,0.00037819028038679834
2017,2018,US00846U1016,0.0007868295152765376
2017,2018,US0091581068,0.001109941127415571
2017,2018,US00971T1016,0.0004511720069611934
2017,2018,US0126531013,0.0004754071946623573
2017,2018,US0185811082,0.0005738329785093014
2017,2018,US0188021085,0.0
2017,2018,US0200021014,0.0014223974925136524
2017,2018,US02079K3059,0.01109175068119522
2017,2018,US02209S1033,0.004913623311075098
2017,2018,US0236081024,0.0
2017,2018,US0255371017,0.00033848772948520445
2017,2018,US0258161092,0.003170979310805954
2017,2018,US0268747849,0.001931250504170321
2017,2018,US03027X1000,0.0023041611473829816
2017,2018,US03073E1055,0.0006613593976128886
2017,2018,US0311621009,0.0045075309252048295
2017,2018,US0320951017,0.0009893429383672284
2017,2018,US0326541051,0.0012578847285781706
2017,2018,US0367521038,0.0021417979424122784
2017,2018,US03743Q1085,0.00033658022451634687
2017,2018,US0378331005,0.030696516791273068
2017,2018,US0382221051,0.0019360095789983532
2017,2018,US0383361039,0.00025755450458398886
2017,2018,US0394831020,0.0004990658596856066
2017,2018,US0441861046,0.00010968119271386887
2017,2018,US04621X1081,0.0002496567052644937
2017,2018,US0495601058,0.0005153628239271753
2017,2018,US0527691069,0.0008436620858181021
2017,2018,US0528001094,0.0004776148036817164
2017,2018,US0530151036,0.001862832953474863
2017,2018,US0534841012,0.0009847278445144156
2017,2018,US0536111091,0.0004294034811996628
2017,2018,US0538071038,0.0002579689859233625
2017,2018,US0584981064,0.0004459486515923398
2017,2018,US0605051046,0.010879381318071403
2017,2018,US0640581007,0.002012933122903865
2017,2018,US0708301041,0.0005289876368618619
2017,2018,US0718131099,0.0013714269745861232
2017,2018,US0758871091,0.00181782887634073
2017,2018,US0844231029,0.00039636020138160975
2017,2018,US0865161014,0.0005221873937927932
2017,2018,US09062X1037,0.0024232637983899255
2017,2018,US0970231058,0.006279951240548225
2017,2018,US09857L1089,0.0029323229992362044
2017,2018,US0997241064,0.0004960012679196868
2017,2018,US1011211018,0.0008163627602776188
2017,2018,US1011371077,0.0011724135353772779
2017,2018,US1101221083,0.0035920517262511883
2017,2018,US1124631045,0.0
2017,2018,US1156372096,0.0006301673467201582
2017,2018,US12504L1098,0.0005639973589367285
2017,2018,US1252691001,0.0
2017,2018,US1255231003,0.0016803925720502075
2017,2018,US1258961002,0.00021675005578198353
2017,2018,US1264081035,0.001661805697931981
2017,2018,US12653C1080,9.461726694194331e-05
2017,2018,US1266501006,0.002581888285630107
2017,2018,US1270551013,0.0
2017,2018,US1307881029,0.00020827686428964812
2017,2018,US1344291091,0.0005244513067781924
2017,2018,US14040H1059,0.0017388839519870644
2017,2018,US14149Y1082,0.0006675072824712143
2017,2018,US1491231015,0.0033605781773113834
2017,2018,US1508701034,0.00044827682981681634
2017,2018,US15189T1079,0.0
2017,2018,US1667641005,0.008386356977574604
2017,2018,US1717793095,5.666331497534812e-05
2017,2018,US1720621010,0.0004116878997979872
2017,2018,US17275R1023,0.006565733615656792
2017,2018,US1729674242,0.006980503321734286
2017,2018,US1858991011,0.0
2017,2018,US1890541097,0.0007037172158317125
2017,2018,US1912161007,0.007022881786374152
2017,2018,US1924461023,0.0015173031255693301
2017,2018,US1941621039,0.0024587533369725325
2017,2018,US2003401070,0.00047626197111005523
2017,2018,US2058871029,0.0005512061066956387
2017,2018,US20825C1045,0.0023228502238450467
2017,2018,US2091151041,0.0011734929697289108
2017,2018,US21036P1084,0.0015698466657912925
2017,2018,US22160K1051,0.002906887139485296
2017,2018,US2283681060,0.00016851895090957028
2017,2018,US2310211063,0.0010871811719803143
2017,2018,US2333311072,0.00013525961158780857
2017,2018,US23355L1061,0.0008315212108159209
2017,2018,US2371941053,0.0003202102395966507
2017,2018,US2441991054,0.0018484878849932555
2017,2018,US2473617023,0.0011860082157125063
2017,2018,US25179M1036,0.0008147234063350106
2017,2018,US2533931026,1.6756061690079074e-05
2017,2018,US2546871060,0.005720518278547792
2017,2018,US25746U1097,0.0018283346587518053
2017,2018,US2576511099,0.00031532759563807495
2017,2018,US25960P1093,0.00036180949428845564
2017,2018,US2600031080,0.0006016901618052032
2017,2018,US26441C2044,0.0009953487102763211
2017,2018,US26875P1012,0.0023516885965590233
2017,2018,US26884L1098,0.0006954594193080218
2017,2018,US2774321002,0.00030250924302832605
2017,2018,US2786421030,0.0013338260402330007
2017,2018,US2788651006,0.0014385050394417308
2017,2018,US2810201077,0.0010751635843201691
2017,2018,US28176E1082,0.0007117162178166217
2017,2018,US2910111044,0.0016338987485255288
2017,2018,US29364G1031,0.0
2017,2018,US29444U7000,0.0013256927438701554
2017,2018,US29476L1070,0.0009155835284298862
2017,2018,US29670G1022,0.00045987421163770696
2017,2018,US2971781057,0.0006972922319889562
2017,2018,US30034W1062,0.0
2017,2018,US30040W1080,0.0010243319464743113
2017,2018,US30161N1019,0.0016475604339038913
2017,2018,US3021301094,0.000409475093051965
2017,2018,US30231G1022,0.012419455873079582
2017,2018,US3024913036,0.0004951627057724066
2017,2018,US31428X1063,0.0024082599924791304
2017,2018,US3156161024,0.0004275988408335862
2017,2018,US3167731005,0.0008092730461689886
2017,2018,US3379321074,0.0
2017,2018,US3434121022,0.00040565164043163273
2017,2018,US34354P1057,8.300650481325467e-05
2017,2018,US3453708600,0.0017801071815062223
2017,2018,US3546131018,0.0008365125215005413
2017,2018,US35671D8570,0.0008180478092045685
2017,2018,US3647601083,0.0004416410260942413
2017,2018,US3703341046,0.0012545117272638922
2017,2018,US3719011096,0.0001670387759774243
2017,2018,US37247D1063,0.00012140316370750277
2017,2018,US3755581036,0.003295945179178539
2017,2018,US38141G1040,0.0034639992508740053
2017,2018,US3825501014,0.00015852062273886562
2017,2018,US3848021040,0.0006123676667084629
2017,2018,US3976241071,4.572558283333179e-19
2017,2018,US40434L1052,0.001286880147305705
2017,2018,US4062161017,0.0015965710636272046
2017,2018,US4103451021,0.000224600016582029
2017,2018,US4128221086,0.0003902268923093127
2017,2018,US4165151048,0.0007567733974481461
2017,2018,US4180561072,0.00038803555278262567
2017,2018,US4198701009,0.0
2017,2018,US42250P1030,0.0005253675791892978
2017,2018,US4278661081,0.0006627221452650449
2017,2018,US42809H1077,0.0005017725612869986
2017,2018,US4370761029,0.0077838581399404284
2017,2018,US4385161066,0.00416131203265256
2017,2018,US4404521001,0.000684194178703432
2017,2018,US44107P1049,0.000662815470181937
2017,2018,US4448591028,0.0013033676779847432
2017,2018,US4456581077,0.00035942167556682233
2017,2018,US4461501045,0.0005716969505998428
2017,2018,US4470111075,0.0002958936149538601
2017,2018,US45073V1089,0.00015214194085295493
2017,2018,US4523081093,0.0020597678298451523
2017,2018,US4581401001,0.007666696331884491
2017,2018,US4592001014,0.005034611540262784
2017,2018,US4595061015,0.0004974470805187903
2017,2018,US4601461035,0.0006710833724907523
2017,2018,US4606901001,0.0002396994111156214
2017,2018,US4612021034,0.001400645493617049
2017,2018,US46284V1017,0.0005177557201402012
2017,2018,US4657411066,9.305127767001162e-05
2017,2018,US46625H1005,0.013070471323264976
2017,2018,US4663131039,0.00013588771883028458
2017,2018,US46982L1089,0.0002871670071363822
2017,2018,US4781601046,0.013473101129822902
2017,2018,US48020Q1076,0.0002648644937568599
2017,2018,US48203R1041,0.0003818107639095831
2017,2018,US48242W1062,0.00024459997868034235
2017,2018,US4824801009,0.0006639676126749459
2017,2018,US4878361082,0.0009197331807774533
2017,2018,US4891701009,9.902580829970818e-05
2017,2018,US4932671088,0.0008429711914321226
2017,2018,US4943681035,0.0015695915540361717
2017,2018,US49446R1095,0.00036270160157259425
2017,2018,US4972661064,5.077649781379224e-05
2017,2018,US5002551043,0.00027019664744285275
2017,2018,US5010441013,0.000850054484468323
2017,2018,US5178341070,0.001819715695460789
2017,2018,US5184391044,0.0009621050563130351
2017,2018,US5261071071,0.00027957254934453325
2017,2018,US5324571083,0.003379304622594479
2017,2018,US5339001068,0.0003238494575923793
2017,2018,US5341871094,0.000615811898701042
2017,2018,US5398301094,0.0033005898488484256
2017,2018,US5486611073,0.0026802194276455194
2017,2018,US5502411037,0.0006075931972916291
2017,2018,US55261F1049,0.0009466741262703014
2017,2018,US5526761086,8.449275927550621e-05
2017,2018,US5529531015,0.0006185288081500922
2017,2018,US5543821012,0.0004192640915094935
2017,2018,US55616P1049,0.00022952452498452828
2017,2018,US5635714059,0.000158301606379821
2017,2018,US56418H1005,0.0003613186738033601
2017,2018,US5658491064,0.00037957171522955737
2017,2018,US5717481023,0.0014865515639855143
2017,2018,US5719032022,0.0018220080405170504
2017,2018,US5738741041,0.0006650141779570473
2017,2018,US5745991068,0.00039954507340974623
2017,2018,US57636Q1040,0.005720846588535772
2017,2018,US5770811025,0.00025325526216164035
2017,2018,US5797802064,0.00043770194232664524
2017,2018,US5801351017,0.0049259041778763465
2017,2018,US58155Q1031,0.001092103299394317
2017,2018,US58933Y1055,0.005595693767328722
2017,2018,US59156R1086,0.001906271054537981
2017,2018,US5926881054,0.0006135893158116612
2017,2018,US5949181045,0.02339770358472207
2017,2018,US5950171042,0.0007709373694430892
2017,2018,US5951121038,0.0017477627195432986
2017,2018,US6005441000,6.75305649164032e-05
2017,2018,US6081901042,0.000708785891731197
2017,2018,US60871R2094,0.0006327723724935722
2017,2018,US6092071058,0.0022695360167083087
2017,2018,US6153691059,0.0009770335986814826
2017,2018,US6174464486,0.003375013317377452
2017,2018,US61945C1036,0.0002678078893302732
2017,2018,US6200763075,0.0004972696629733947
2017,2018,US6267171022,0.00019591603381133137
2017,2018,US6293775085,0.0
2017,2018,US6311031081,0.000436604216009245
2017,2018,US6365181022,0.00012167231427590529
2017,2018,US64110D1046,0.00041900113370537035
2017,2018,US6512291062,0.0005102345772393944
2017,2018,US6516391066,0.0007485778614805816
2017,2018,US65339F1012,0.0025830720937235594
2017,2018,US6541061031,0.002796589712646371
2017,2018,US65473P1057,0.0
2017,2018,US6556641008,0.0002192632075531844
2017,2018,US6558441084,0.0013896626445447687
2017,2018,US6658591044,0.0008176454267372408
2017,2018,US6668071029,0.001971976901335537
2017,2018,US6687711084,0.0006035084874127318
2017,2018,US6703461052,0.000354912540864815
2017,2018,US67066G1040,0.004361546571935744
2017,2018,US6708371033,0.0
2017,2018,US67098H1041,0.0
2017,2018,US6745991058,0.001997026741254189
2017,2018,US6819191064,0.0006153723199629131
2017,2018,US6821891057,0.0004571951182376245
2017,2018,US6826801036,0.0009181235124968852
2017,2018,US68389X1054,0.006948067991482087
2017,2018,US6866881021,0.00012060657956794133
2017,2018,US6882392011,0.00045797746562784735
2017,2018,US69331C1080,0.0009610062547667751
2017,2018,US6934751057,0.0024957568504607014
2017,2018,US6935061076,0.0010552960244958412
2017,2018,US69351T1060,0.00022329934789111852
2017,2018,US6936561009,0.0003103309937304256
2017,2018,US6937181088,0.0008907386906365566
2017,2018,US6951561090,0.0004611625485316828
2017,2018,US7010941042,0.000987593380840685
2017,2018,US70211M1099,0.00010074633900989938
2017,2018,US7134481081,0.006106728070405967
2017,2018,US7140461093,0.0003071581250202357
2017,2018,US7170811035,0.007722815049498075
2017,2018,US7234841010,0.0
2017,2018,US7244791007,9.266595532362894e-05
2017,2018,US7310681025,0.00027111862516570787
2017,2018,US74144T1088,0.0009910357763148123
2017,2018,US74251V1026,0.0007642536188738746
2017,2018,US7427181091,0.008346856147946169
2017,2018,US7433151039,0.0012732615698976214
2017,2018,US74340W1036,0.0013516243328698541
2017,2018,US7443201022,0.0016949054067516706
2017,2018,US7445731067,0.0010763983741281995
2017,2018,US7475251036,0.003479756876523091
2017,2018,US74834L1008,0.0005005991026463241
2017,2018,US75281A1097,8.603380505045917e-05
2017,2018,US75513E1010,0.00368538281074259
2017,2018,US7588491032,0.0005245659331212787
2017,2018,US75886F1075,0.0014239941749207984
2017,2018,US7607591002,0.0006290684711754588
2017,2018,US7739031091,0.0009416881215032965
2017,2018,US7835491082,0.0002516610514218245
2017,2018,US78409V1044,0.0015801964495296356
2017,2018,US78410G1040,0.0007778193779379691
2017,2018,US78440X8873,0.0004249663018948371
2017,2018,US78473E1038,0.00014121699924189143
2017,2018,US79466L3024,0.002621644033506419
2017,2018,US8101861065,0.00016584079014700067
2017,2018,US81211K1007,0.00033466765030257717
2017,2018,US8168511090,0.0010732274551607263
2017,2018,US8243481061,0.0013209025149808408
2017,2018,US8288061091,0.00201713972007643
2017,2018,US8326964058,0.0005004763290857296
2017,2018,US8354951027,0.0002057960606138882
2017,2018,US8425871071,0.0007876816542851838
2017,2018,US84265V1052,0.0013467353579595532
2017,2018,US8447411088,0.0012076699255564275
2017,2018,US8454671095,0.0
2017,2018,US8545021011,0.0009611032238164644
2017,2018,US8552441094,0.0028021797712797663
2017,2018,US8574771031,0.0013109682786934095
2017,2018,US8676524064,8.064735577593026e-05
2017,2018,US8718291078,0.0011477088741044513
2017,2018,US8725401090,0.0016191912466822674
2017,2018,US8760301072,0.00035033556550588877
2017,2018,US87612E1064,0.0012561561283297256
2017,2018,US8807701029,0.00029858914871917514
2017,2018,US8807791038,0.00010445149416444587
2017,2018,US8816242098,0.0005460466895601435
2017,2018,US8825081040,0.0036682891347977666
2017,2018,US8832031012,0.0006113641532288341
2017,2018,US88337F1057,1.3797599769398716e-06
2017,2018,US8835561023,0.0026484538694956012
2017,2018,US88579Y1010,0.005016527303658557
2017,2018,US89417E1091,0.0013495783657620382
2017,2018,US89832Q1094,0.0013636262409953853
2017,2018,US9024941034,0.0007365430797034936
2017,2018,US9026811052,0.00045077056514089575
2017,2018,US9029733048,0.003164523261387613
2017,2018,US9078181081,0.0037138719998695093
2017,2018,US9111631035,3.4310598519894455e-05
2017,2018,US9113121068,0.0028753104748916207
2017,2018,US9113631090,0.0006106035976037091
2017,2018,US9129091081,0.0
2017,2018,US91324P1021,0.0075770045827211994
2017,2018,US91529Y1064,0.0003652271904725308
2017,2018,US91913Y1001,0.001030252675988398
2017,2018,US92276F1003,0.0008648843513045629
2017,2018,US92343V1044,0.0077789772628463144
2017,2018,US92532F1003,0.0013496545660232563
2017,2018,US9255501051,9.807312762718177e-05
2017,2018,US92556V1061,0.0008665082731240218
2017,2018,US9290421091,0.0006640061242945329
2017,2018,US9291601097,0.0006601922022031223
2017,2018,US92939U1060,0.0002120131132215545
2017,2018,US9297401088,0.0002969414184232136
2017,2018,US9311421039,0.010468540848572851
2017,2018,US9314271084,0.002646730314092594
2017,2018,US94106L1098,0.0012592431199042503
2017,2018,US9418481035,0.0006076377045759975
2017,2018,US9427491025,0.000110232339323081
2017,2018,US9497461015,0.010532612700372633
2017,2018,US95040Q1040,0.0009640801089543697
2017,2018,US95082P1057,0.000154101673414562
2017,2018,US9581021055,0.0010020750152695756
2017,2018,US9604131022,0.00016076761144740633
2017,2018,US9621661043,0.0010866399824121607
2017,2018,US9633201069,0.0004382387536730794
2017,2018,US9694571004,0.0006655217344330497
2017,2018,US98389B1008,0.0
2017,2018,US9839191015,0.0005325027953844065
2017,2018,US98421M1062,0.0002778046947943116
2017,2018,US9884981013,0.0011080692134779332
2017,2018,US98956P1021,0.0008470916790563118
2018,2019,AN8068571086,0.0020604146636530336
2018,2019,AT000000STR1,0.00013605448580336762
2018,2019,AT00000VIE62,0.00016483918282985074
2018,2019,AT0000606306,0.0003703638914514367
2018,2019,AT0000652011,0.0005487068985200999
2018,2019,AT0000720008,0.0003558033250688939
2018,2019,AT0000730007,0.0002755405516979934
2018,2019,AT0000743059,0.00022666055218007795
2018,2019,AT0000746409,0.0004280558546196853
2018,2019,AT0000937503,0.0
2018,2019,AT0000938204,6.732000717582246e-05
2018,2019,AT0000A21KS2,0.0002026787228221089
2018,2019,BE0003470755,0.0
2018,2019,BE0003565737,0.0009052796711028874
2018,2019,BE0003593044,0.00014929092762817927
2018,2019,BE0003735496,0.00011179896065309885
2018,2019,BE0003739530,0.0005901983933878502
2018,2019,BE0003755692,0.0
2018,2019,BE0003810273,0.0004939931621862482
2018,2019,BE0974258874,0.00017150039206346676
2018,2019,BE0974264930,0.00033652386941788196
2018,2019,BE0974293251,0.004262644784585696
2018,2019,BE0974320526,0.00041219999764737636
2018,2019,CA00208D4084,0.0001487470416084421
2018,2019,CA0084741085,0.0005058279437969716
2018,2019,CA00900Q1037,0.0001521000126605855
2018,2019,CA01626P1484,0.00031382391294095587
2018,2019,CA05534B7604,0.0014404418622338633
2018,2019,CA0636711016,0.0016972859355027699
2018,2019,CA0641491075,0.0024564637976499755
2018,2019,CA0977518616,0.00019339387136339706
2018,2019,CA1247651088,0.00023588427200732108
2018,2019,CA12532H1047,0.0006462586084457861
2018,2019,CA13321L1085,0.00019677928667855625
2018,2019,CA1360691010,0.0013566415929522479
2018,2019,CA1363751027,0.002046829059874292
2018,2019,CA1363851017,0.0009181605671118948
2018,2019,CA13646K1084,0.0009602826263057355
2018,2019,CA1366812024,0.00025348947046848955
2018,2019,CA1367178326,0.0
2018,2019,CA2849025093,0.0
2018,2019,CA29250N1050,0.0024916853020291005
2018,2019,CA2927661025,9.157496456854327e-05
2018,2019,CA3180714048,0.0002045272838723079
2018,2019,CA3359341052,0.00023890481240220767
2018,2019,CA3495531079,0.0002916275130300712
2018,2019,CA3518581051,0.0006806879578309643
2018,2019,CA3759161035,0.00024824262847850196
2018,2019,CA39138C1068,0.0008491520430821878
2018,2019,CA4495861060,0.0003351951399751602
2018,2019,CA4530384086,0.0005923955118622341
2018,2019,CA45823T1066,0.00046667017699851077
2018,2019,CA4969024047,0.0002026853010017809
2018,2019,CA5394811015,0.0006882375602357128
2018,2019,CA5592224011,0.0007162201214194133
2018,2019,CA56501R1064,0.0010931681194112173
2018,2019,CA59151K1084,7.508800118265232e-21
2018,2019,CA6744822033,0.0
2018,2019,CA7392391016,0.00033497200708951285
2018,2019,CA7751092007,0.0008496760835294576
2018,2019,CA7800871021,0.0038158541766143543
2018,2019,CA8029121057,0.0006094723349480171
2018,2019,CA8239011031,0.0
2018,2019,CA85472N1096,0.00019199889539080032
2018,2019,CA8667961053,0.0007639317607516822
2018,2019,CA8672241079,0.0017018471818302033
2018,2019,CA87807B1076,0.0011924874037946476
2018,2019,CA8787422044,0.0005417764196203545
2018,2019,CA87971M1032,0.000799007601505968
2018,2019,CA8849038085,0.0008923583082060579
2018,2019,CA8911605092,0.0035752199870211147
2018,2019,CA89346D1078,0.0
2018,2019,CA8959451037,1.8480647937799834e-20
2018,2019,CA98462Y1007,5.178531346006251e-05
2018,2019,CH0008038389,0.0003282439664886894
2018,2019,CH0008742519,0.0011373375384040574
2018,2019,CH0010570759,0.00043346368781119725
2018,2019,CH0010645932,0.0009323227591371249
2018,2019,CH0011075394,0.0017546041101935451
2018,2019,CH0012005267,0.008362471897774768
2018,2019,CH0012032048,0.0066813973875439565
2018,2019,CH0012138530,0.0010406022733520709
2018,2019,CH0012138605,0.00041014660240028803
2018,2019,CH0012142631,0.0002568992576086084
2018,2019,CH0012214059,4.024646671446186e-21
2018,2019,CH0012221716,0.001542021535391942
2018,2019,CH0012549785,0.0005004168470594177
2018,2019,CH0013841017,0.0007849965853250591
2018,2019,CH0014786500,4.2633766009836294e-05
2018,2019,CH0014852781,0.0005825444021566524
2018,2019,CH0018294154,0.00028804187283523047
2018,2019,CH0024608827,0.0005772757943749207
2018,2019,CH0024638212,0.000509161824366796
2018,2019,CH0025238863,0.0006297930094190626
2018,2019,CH0025751329,0.00011653421471463335
2018,2019,CH0030170408,0.0005747655045941204
2018,2019,CH0038388911,3.744093080222957e-05
2018,2019,CH0038863350,0.009545983140232663
2018,2019,CH0044328745,0.002330620845386741
2018,2019,CH0048265513,8.701780507560747e-05
2018,2019,CH0126881561,0.0013025668926933307
2018,2019,CH0210483332,0.001312887561504323
2018,2019,CH0244767585,0.0018720090064968926
2018,2019,CH0319416936,0.0002750435525744349
2018,2019,CH0418792922,0.0007319377406184747
2018,2019,CH1169151003,8.191754900328563e-05
2018,2019,CH1175448666,0.00043034602542948666
2018,2019,CH1256740924,0.0006451796324299817
2018,2019,DE0005089031,0.0003006729001296096
2018,2019,DE0005140008,0.0005101692738155636
2018,2019,DE0005190003,0.0018553500586345254
2018,2019,DE0005200000,0.0009720975280919231
2018,2019,DE0005408884,0.00015740862906401997
2018,2019,DE0005439004,0.0009737393699606736
2018,2019,DE0005470405,2.724323482890895e-19
2018,2019,DE0005552004,0.0013405953747758165
2018,2019,DE0005557508,0.0031150833397343494
2018,2019,DE0005773303,0.000326722604750587
2018,2019,DE0005785604,0.0009051330535577553
2018,2019,DE0005785802,0.0007384415122941826
2018,2019,DE0005810055,0.0007768515987738899
2018,2019,DE0005909006,0.00019572417241798398
2018,2019,DE0006047004,0.0
2018,2019,DE0006048432,0.000733923681788775
2018,2019,DE0006070006,0.00018217427086748245
2018,2019,DE0006202005,0.0
2018,2019,DE0006231004,0.0009538742256254083
2018,2019,DE0006569908,9.942495191247603e-18
2018,2019,DE0006599905,0.0005009392841219982
2018,2019,DE0006602006,0.00019032294356131227
2018,2019,DE0006969603,0.0003513671901911363
2018,2019,DE0007030009,0.00017233248398636165
2018,2019,DE0007037129,0.0
2018,2019,DE0007042301,3.384452804616704e-05
2018,2019,DE0007100000,0.002216139657112087
2018,2019,DE0007164600,0.004686507430092197
2018,2019,DE0007236101,0.0036492965790510556
2018,2019,DE0007257503,2.4470240165211274e-05
2018,2019,DE0007314007,5.0082046882483084e-05
2018,2019,DE0007500001,0.0
2018,2019,DE0007664039,0.0013229351016036622
2018,2019,DE0008232125,0.0
2018,2019,DE0008402215,0.0006872167577957583
2018,2019,DE0008404005,0.003278150407158854
2018,2019,DE0008430026,0.0012903088844869416
2018,2019,DE000A0D6554,1.5957011259735775e-05
2018,2019,DE000A0D9PT0,0.0004600495965092804
2018,2019,DE000A0S8488,0.00010763639495737781
2018,2019,DE000A0WMPJ6,0.0
2018,2019,DE000A1EWWW0,0.0016630853012709686
2018,2019,DE000A2GS401,0.0001669385356496633
2018,2019,DE000BASF111,0.0023598475640726675
2018,2019,DE000BAY0017,0.002572306835489287
2018,2019,DE000CBK1001,0.00022184458600975904
2018,2019,DE000CLS1001,0.00032606720051077956
2018,2019,DE000ENAG999,0.0010621213328658346
2018,2019,DE000KSAG888,7.361819098749566e-20
2018,2019,DE000PSM7770,1.0221788720864376e-05
2018,2019,DE000TUAG505,3.1999296870920577e-20
2018,2019,DK0010181759,0.00033442789067420305
2018,2019,DK0010234467,0.00028052146572086806
2018,2019,DK0010244508,1.568969682180216e-20
2018,2019,DK0010274414,0.0006731730934675018
2018,2019,DK0010287663,2.8763078917247225e-18
2018,2019,DK0010311471,0.00013237806654806244
2018,2019,DK0060079531,0.0005955495009145077
2018,2019,DK0060336014,0.00043721316084307615
2018,2019,DK0060448595,0.000693675291092341
2018,2019,DK0060477503,0.0002535703936174263
2018,2019,DK0060636678,0.00030347117782531777
2018,2019,DK0060738599,0.0002819204328482184
2018,2019,DK0061539921,0.00046673067688644707
2018,2019,ES0109427734,0.00015129032525601716
2018,2019,ES0112501012,0.00013842153453000108
2018,2019,ES0113211835,0.0014340846635151668
2018,2019,ES0113679I37,0.0003075863019143122
2018,2019,ES0113860A34,0.0002836032891671113
2018,2019,ES0113900J37,0.0028998714349161405
2018,2019,ES0116870314,0.0008972355186660297
2018,2019,ES0118594417,0.00023336347501994598
2018,2019,ES0122060314,0.0
2018,2019,ES0124244E34,0.00040243367570583574
2018,2019,ES0125220311,0.0003890745497009359
2018,2019,ES0130670112,0.0004713554084634099
2018,2019,ES0130960018,0.00047182705109257626
2018,2019,ES0132105018,0.00019359738245217927
2018,2019,ES0142090317,0.0001370550801262154
2018,2019,ES0144580Y14,0.0020589392718970813
2018,2019,ES0148396007,0.0030501079076295555
2018,2019,ES0152503035,0.00022822058928024958
2018,2019,ES0161560018,0.00014593045964728132
2018,2019,ES0167050915,0.00047787558667033644
2018,2019,ES0171996087,0.0005719069776449217
2018,2019,ES0173093024,0.0006714649434249037
2018,2019,ES0173516115,0.0006107668536287732
2018,2019,ES0178430E18,0.0017950235576372287
2018,2019,ES0182870214,0.0
2018,2019,FI0009000202,0.0002510131698535505
2018,2019,FI0009000277,8.030435816994867e-05
2018,2019,FI0009000459,0.00016205480539795389
2018,2019,FI0009000681,0.0012389208538146092
2018,2019,FI0009002158,0.00013066903942968993
2018,2019,FI0009002422,0.0
2018,2019,FI0009003727,0.00035570632776333265
2018,2019,FI0009005318,5.913949225366015e-18
2018,2019,FI0009005870,2.9500032663355787e-05
2018,2019,FI0009005961,0.0001331375839742353
2018,2019,FI0009005987,0.0004257772803065514
2018,2019,FI0009007132,0.00034141470255420265
2018,2019,FI0009007694,0.0
2018,2019,FI0009007884,0.00043531528062387345
2018,2019,FI0009013296,0.0008598017960492595
2018,2019,FI0009013403,0.0009240752196060789
2018,2019,FI0009800643,5.527740868918743e-19
2018,2019,FI4000440664,0.00026187938649679563
2018,2019,FR0000035081,0.00026710289230761367
2018,2019,FR0000039109,3.7213839063660584e-20
2018,2019,FR0000044448,8.491003445000746e-05
2018,2019,FR0000045072,0.0011740455467808438
2018,2019,FR0000051070,0.0002051802053095985
2018,2019,FR0000052292,0.002253078281619237
2018,2019,FR0000054900,0.0001050508166047443
2018,2019,FR0000064578,0.000347863777901975
2018,2019,FR0000073272,0.0019392711809442882
2018,2019,FR0000077919,0.00028039129095571233
2018,2019,FR0000120073,0.0018696660956048748
2018,2019,FR0000120172,0.0005149423408530129
2018,2019,FR0000120222,0.000631480868399554
2018,2019,FR0000120271,0.005369859936200566
2018,2019,FR0000120321,0.004980703772274101
2018,2019,FR0000120404,0.0004491285966358078
2018,2019,FR0000120503,0.0005765991833985487
2018,2019,FR0000120560,0.0001898997509657791
2018,2019,FR0000120578,0.004211266700755981
2018,2019,FR0000120628,0.0020029936628965755
2018,2019,FR0000120644,0.001881966577348117
2018,2019,FR0000120693,0.0017919037635712952
2018,2019,FR0000120859,1.3446784296588407e-19
2018,2019,FR0000120966,0.0003081359284323037
2018,2019,FR0000121014,0.005698044883429752
2018,2019,FR0000121121,0.0002457009234945001
2018,2019,FR0000121204,0.0002656063181013879
2018,2019,FR0000121220,0.0005761409747767929
2018,2019,FR0000121329,0.0010139469283370881
2018,2019,FR0000121485,0.0023775675791844076
2018,2019,FR0000121667,0.0020464927568947518
2018,2019,FR0000121964,0.0004065167222268645
2018,2019,FR0000121972,0.0014892965612792893
2018,2019,FR0000124141,1.6721672099567498e-20
2018,2019,FR0000125007,0.0005186229088195773
2018,2019,FR0000125338,0.0005817462918510097
2018,2019,FR0000125486,0.0019095028878797495
2018,2019,FR0000127771,0.001337582539491618
2018,2019,FR0000130213,0.00014912081606913928
2018,2019,FR0000130395,0.00019224620592267632
2018,2019,FR0000130403,0.0026317660099384557
2018,2019,FR0000130452,0.0003812751733459677
2018,2019,FR0000130577,0.0005704912452962026
2018,2019,FR0000130809,0.0009419917409112298
2018,2019,FR0000131104,0.0021290824940090017
2018,2019,FR0000131757,0.0
2018,2019,FR0000131906,0.0007188213800110796
2018,2019,FR0000133308,0.0018228356507795933
2018,2019,FR0010040865,0.0004004997833440555
2018,2019,FR0010220475,0.0004866686678458621
2018,2019,FR0010242511,0.0017064397691560417
2018,2019,FR0010307819,0.0006380908584090619
2018,2019,FR0010313833,2.2005437890824878e-05
2018,2019,FR0010340141,0.0008371890933113933
2018,2019,FR0010533075,0.00027664694559231313
2018,2019,FR0013176526,0.00026542250763640385
2018,2019,FR0013280286,0.0003305242594790767
2018,2019,FR0013326246,0.0009085975573037794
2018,2019,FR0013505062,3.0268072758446517e-05
2018,2019,FR0013506730,0.0
2018,2019,FR0014003TT8,0.0011074261247743518
2018,2019,FR001400AJ45,0.000732199502782048
2018,2019,GB0000163088,0.0001454063262418988
2018,2019,GB0000456144,0.00041082103831763256
2018,2019,GB0000536739,0.00040204576620087316
2018,2019,GB0000811801,0.00022209220777863006
2018,2019,GB0000904986,0.0002469773554889667
2018,2019,GB0000961622,4.513138343426773e-05
2018,2019,GB0001048619,1.7798233301434262e-17
2018,2019,GB0001367019,0.00025493452231208845
2018,2019,GB0001500809,0.00014747957304765615
2018,2019,GB0001638955,3.5346074583868944e-05
2018,2019,GB0001765816,8.292083772970562e-05
2018,2019,GB0001826634,0.00018577669878804044
2018,2019,GB0001859296,4.556906961624872e-05
2018,2019,GB0002018363,8.442580311112003e-18
2018,2019,GB0002074580,6.572534912238775e-05
2018,2019,GB0002148343,7.208724850599842e-05
2018,2019,GB0002318888,6.832841765414193e-06
2018,2019,GB0002374006,0.0033604950570119167
2018,2019,GB0002418548,0.0
2018,2019,GB0002634946,0.0007657211636061139
2018,2019,GB0002652740,0.00019273806613107704
2018,2019,GB0002670437,0.0
2018,2019,GB0002869419,4.5471938828891864e-05
2018,2019,GB0002875804,0.0027759518664070997
2018,2019,GB0003096442,0.00012709570054335396
2018,2019,GB0003308607,0.00015841120898075684
2018,2019,GB0003395000,0.00019211285108531066
2018,2019,GB0003452173,3.178093153584171e-20
2018,2019,GB0003718474,0.0
2018,2019,GB0003753778,3.8795598224898694e-19
2018,2019,GB0004052071,0.00024963703297487786
2018,2019,GB0004082847,0.001008860493760098
2018,2019,GB0004161021,0.00022541040211388188
2018,2019,GB0004170089,7.107842829210347e-05
2018,2019,GB0004270301,7.982910330640517e-07
2018,2019,GB0004478896,0.00014919254849290222
2018,2019,GB0004544929,0.0011028641551809857
2018,2019,GB0004657408,7.238878447563068e-05
2018,2019,GB0004726096,5.3803058947315656e-05
2018,2019,GB0004866223,1.868751342523731e-19
2018,2019,GB0004915632,6.74608831105869e-05
2018,2019,GB0005405286,0.00634743264205999
2018,2019,GB0005576813,7.238202668246593e-18
2018,2019,GB0005603997,0.0006306501425532117
2018,2019,GB0005746358,0.0
2018,2019,GB0005758098,0.00011592858597692976
2018,2019,GB0005790059,0.0
2018,2019,GB0006027295,0.0
2018,2019,GB0006215205,4.129602525125999e-05
2018,2019,GB0006640972,0.0
2018,2019,GB0006650450,0.0
2018,2019,GB0006731235,0.0007933833815215621
2018,2019,GB0006776081,0.00045027229764007067
2018,2019,GB0006825383,0.0003502318765479161
2018,2019,GB0006886666,3.577698383412439e-05
2018,2019,GB0006928617,7.807982118287156e-05
2018,2019,GB0007099541,0.0018167896600604523
2018,2019,GB0007188757,0.002308402522231481
2018,2019,GB0007323586,3.836166610377917e-05
2018,2019,GB0007594764,8.549193790279742e-05
2018,2019,GB0007668071,9.759849212638248e-07
2018,2019,GB0007669376,0.00021006618621702335
2018,2019,GB0007908733,0.0003603352258137934
2018,2019,GB0007958233,1.779730646537622e-05
2018,2019,GB0007973794,0.0
2018,2019,GB0007980591,0.004852264523085292
2018,2019,GB0008025412,1.443892163959371e-18
2018,2019,GB0008085614,0.0001698930351858094
2018,2019,GB0008220112,8.061300850562122e-05
2018,2019,GB0008481250,0.0
2018,2019,GB0008706128,0.0016912191420595886
2018,2019,GB0008782301,0.00019866309208213458
2018,2019,GB0008794710,5.375351323697688e-05
2018,2019,GB0009067447,0.0
2018,2019,GB0009123323,5.6162101697972796e-06
2018,2019,GB0009223206,0.0007423467826033093
2018,2019,GB0009292243,0.0001562643032719487
2018,2019,GB0009465807,0.0002186008948554998
2018,2019,GB0009633180,0.0002352319066611505
2018,2019,GB0009697037,3.955972373612557e-05
2018,2019,GB0009895292,0.003721566304151377
2018,2019,GB0022569080,0.0003672039262359712
2018,2019,GB0030232317,2.069238504229587e-05
2018,2019,GB0030329360,0.0
2018,2019,GB0030913577,0.0011749713927382986
2018,2019,GB0031274896,0.00013094885876933544
2018,2019,GB0031348658,0.0011589116787762363
2018,2019,GB0031638363,0.00040886873807496763
2018,2019,GB0031743007,0.00038726986922317064
2018,2019,GB0032089863,0.00022799411822866495
2018,2019,GB0033195214,0.00020155632356695581
2018,2019,GB0033986497,0.0001210595563264784
2018,2019,GB00B012BV22,1.3546174653750491e-05
2018,2019,GB00B012TP20,1.6554451781338923e-05
2018,2019,GB00B019KW72,0.00023758848329786197
2018,2019,GB00B01QGK86,1.5915570940111778e-17
2018,2019,GB00B02J6398,0.00025798610517105706
2018,2019,GB00B033F229,0.000508594905916615
2018,2019,GB00B03HDJ73,0.0
2018,2019,GB00B04V1276,2.8556683632984876e-05
2018,2019,GB00B06QFB75,0.00012834434934395683
2018,2019,GB00B0744359,2.905235357156588e-06
2018,2019,GB00B0744B38,0.0004280828550046523
2018,2019,GB00B082RF11,0.00032972589694925435
2018,2019,GB00B0FYMT95,0.00010716457190132906
2018,2019,GB00B0KM9T71,5.655030992690456e-05
2018,2019,GB00B0LCW083,0.00035580547926423886
2018,2019,GB00B0N8QD54,6.58439858403684e-05
2018,2019,GB00B0SWJX34,0.000668312244725579
2018,2019,GB00B0WMWD03,0.00013952269945587603
2018,2019,GB00B0YG1K06,1.9639755938873726e-05
2018,2019,GB00B128J450,0.0001286176432775146
2018,2019,GB00B132NW22,0.00015509329532317786
2018,2019,GB00B135BJ46,0.00012122234282270924
2018,2019,GB00B17MMZ46,2.208449957095438e-19
2018,2019,GB00B18P5K83,7.636819078950206e-18
2018,2019,GB00B19Z1432,0.0
2018,2019,GB00B1FH8J72,0.0002434084821970139
2018,2019,GB00B1FP6H53,8.293255342698292e-05
2018,2019,GB00B1FW5029,0.00013467286447626928
2018,2019,GB00B1G5HX72,1.1787688791139227e-17
2018,2019,GB00B1JQDM80,3.336053722080133e-18
2018,2019,GB00B1KJJ408,0.0003351600906869388
2018,2019,GB00B1L5QH97,0.0
2018,2019,GB00B1P6ZR11,7.054427001178056e-05
2018,2019,GB00B1VNSX38,0.0
2018,2019,GB00B1WY2338,0.00024299030993969978
2018,2019,GB00B1XH2C03,2.4261527526415227e-05
2018,2019,GB00B1YW4409,0.00034349424029576334
2018,2019,GB00B27YGJ97,6.731725271426602e-05
2018,2019,GB00B2B0DG97,0.0015999230528530276
2018,2019,GB00B2NGPM57,0.00010000056192798821
2018,2019,GB00B2PDGW16,8.260623434840552e-05
2018,2019,GB00B39J2M42,0.0003560548947571891
2018,2019,GB00B3DGH821,2.2755791512507634e-18
2018,2019,GB00B3FLWH99,3.3891972537698585e-05
2018,2019,GB00B41H7391,0.0001438693994305796
2018,2019,GB00B45C9X44,8.2631441085316e-05
2018,2019,GB00B572ZV91,0.0
2018,2019,GB00B5N0P849,0.00014096003552374834
2018,2019,GB00B5ZN1N88,0.00031720477204723226
2018,2019,GB00B61TVQ02,6.843511693020524e-05
2018,2019,GB00B63H8491,0.000753374181868369
2018,2019,GB00B63QSB39,6.92144494764413e-05
2018,2019,GB00B64NSP76,0.0
2018,2019,GB00B67G5X01,0.00011058415342121532
2018,2019,GB00B6XZKY75,3.6853076467057513e-05
2018,2019,GB00B6YTLS95,5.2109925614407533e-20
2018,2019,GB00B7KR2P84,0.0
2018,2019,GB00B82YXW83,1.6210337301875542e-19
2018,2019,GB00B8B4R053,0.0
2018,2019,GB00B8C3BL03,0.0003255070491818682
2018,2019,GB00BD6K4575,0.001298965829510536
2018,2019,GB00BDCPN049,0.0008789811041629634
2018,2019,GB00BDFBVT43,1.0397447492359528e-17
2018,2019,GB00BDR05C01,0.001355813904095029
2018,2019,GB00BF044593,8.977750909480938e-05
2018,2019,GB00BF5H9P87,0.00011029368222002763
2018,2019,GB00BF8Q6K64,0.00029201154032183383
2018,2019,GB00BG11K365,4.72252179964512e-05
2018,2019,GB00BGDT3G23,4.031314727942082e-18
2018,2019,GB00BGLP8L22,1.5220726620878822e-05
2018,2019,GB00BH4HKS39,0.0020702742316318057
2018,2019,GB00BHJYC057,0.0004108242208475214
2018,2019,GB00BJ1F4N75,0.00031977049314385267
2018,2019,GB00BJFFLV09,0.00032538950497915613
2018,2019,GB00BJQZC279,8.568506846705882e-05
2018,2019,GB00BK9RKT01,8.582724095527356e-05
2018,2019,GB00BKP36R26,1.977796035072059e-18
2018,2019,GB00BKY40Q38,0.00010889401531714632
2018,2019,GB00BL6XZ716,1.1267059072513254e-05
2018,2019,GB00BLGZ9862,0.0009890483807262391
2018,2019,GB00BM8PJY71,0.001124853388643018
2018,2019,GB00BM8Q5M07,0.00010135535032384309
2018,2019,GB00BMJ6DW54,0.0003495998557952284
2018,2019,GB00BN7SWP63,0.0037481953292068998
2018,2019,GB00BNGDN821,0.0003494174523797279
2018,2019,GB00BNNTLN49,1.2296509603701105e-05
2018,2019,GB00BNR4T868,0.0
2018,2019,GB00BP6MXD84,0.0048636424623447385
2018,2019,GB00BP92CJ43,2.4920277992233653e-19
2018,2019,GB00BP9LHF23,0.00028251243759740044
2018,2019,GB00BPQY8M80,0.0008201678721276604
2018,2019,GB00BRB37M78,0.00024146228276433632
2018,2019,GB00BV9FP302,4.8510627192623956e-05
2018,2019,GB00BVFNZH21,0.00018216093034211268
2018,2019,GB00BWFGQN14,0.00027096482054729635
2018,2019,GB00BYQ0JC66,8.676022940601459e-05
2018,2019,GB00BYT1DJ19,0.00017614708759414847
2018,2019,GB00BYW0PQ60,0.00033591705112856577
2018,2019,GB00BYYTFB60,0.00010762319118568959
2018,2019,GB00BYZN9041,8.05167165041265e-05
2018,2019,GB00BZ4BQC70,0.00020950265504476786
2018,2019,IE0001827041,5.0042615283180396e-06
2018,2019,IE0002424939,0.0002649822574067605
2018,2019,IE0003864109,3.0864837116830753e-07
2018,2019,IE0004906560,0.0007040575582005649
2018,2019,IE0004927939,0.0002637878767498523
2018,2019,IE00B00MZ448,3.459325220427596e-05
2018,2019,IE00B4BNMY34,0.0034954997157413577
2018,2019,IE00B8KQN827,0.0011278566797656717
2018,2019,IE00BD1RP616,0.0002066126420829524
2018,2019,IE00BF0L3536,0.0006052866004827833
2018,2019,IE00BGH1M568,0.0001759580422876452
2018,2019,IE00BK9ZQ967,0.0008291245110375133
2018,2019,IE00BLP1HW54,0.0013993651910814955
2018,2019,IE00BLS09M33,0.00022234718770535437
2018,2019,IE00BTN1Y115,0.00473144317126741
2018,2019,IE00BWT6H894,0.00020675679116801882
2018,2019,IE00BY7QL619,0.0010410646115096448
2018,2019,IL0002300114,0.00021404478129357412
2018,2019,IL0002810146,0.00023478278263626022
2018,2019,IL0006046119,0.00044219661058000415
2018,2019,IL0006625771,0.0003944152713810259
2018,2019,IL0006954379,0.00035148095228754585
2018,2019,IL0010811243,0.00026241244198480776
2018,2019,IT0000062072,0.0011007445475966022
2018,2019,IT0000062957,0.0003865724999551654
2018,2019,IT0000066123,0.00010552145743537092
2018,2019,IT0000072618,0.001456630506622132
2018,2019,IT0000784154,0.00013092863302624098
2018,2019,IT0000784196,0.0002209666115245003
2018,2019,IT0001137345,0.00015413138634965372
2018,2019,IT0001233417,0.0
2018,2019,IT0001347308,0.0
2018,2019,IT0001469383,0.0001040580428061661
2018,2019,IT0003128367,0.0015029355665750694
2018,2019,IT0003132476,0.001879465334746588
2018,2019,IT0003153415,0.0006359058261700873
2018,2019,IT0003242622,0.0005285708150087987
2018,2019,IT0003497168,0.00044616420357427694
2018,2019,IT0003506190,0.0008465978123387938
2018,2019,IT0003856405,0.0003629719015618373
2018,2019,IT0004810054,0.0001693444340947342
2018,2019,IT0004827447,0.000322210494006222
2018,2019,IT0005218380,0.0001731024047605466
2018,2019,IT0005239360,0.0010152704209774642
2018,2019,IT0005495657,2.8041530999498344e-05
2018,2019,JE00B8KF9B49,0.0005446598262283962
2018,2019,JE00BJ1DLW90,0.0002817369809112429
2018,2019,LR0008862868,0.0007500855829009124
2018,2019,LU0075646355,8.007545351212519e-05
2018,2019,NL0000008977,0.0009553678886297416
2018,2019,NL0000009082,0.0005699768076327143
2018,2019,NL0000009165,0.0019948745634362814
2018,2019,NL0000009538,0.0013581943848823509
2018,2019,NL0000226223,0.0005946505729974258
2018,2019,NL0000235190,0.002764840646811748
2018,2019,NL0000289213,9.521945767600717e-05
2018,2019,NL0000337319,1.5276921473571001e-18
2018,2019,NL0000360618,1.5130993079653033e-19
2018,2019,NL0000379121,0.00036556536708384405
2018,2019,NL0000395903,0.0006587668226800703
2018,2019,NL0006237562,5.004390982089255e-05
2018,2019,NL0009432491,0.00023428378259565634
2018,2019,NL0010273215,0.002683914206907726
2018,2019,NL0010583399,1.5380293886159706e-05
2018,2019,NL0011794037,0.001204804572899084
2018,2019,NL0011821202,0.0016000006851200886
2018,2019,NL0013267909,0.0008338401502070374
2018,2019,NL00150001Q9,0.0008888881646278159
2018,2019,NL00150003E1,8.391822274294711e-05
2018,2019,NL0015001FS8,0.0007407276992372109
2018,2019,NL0015435975,0.0004813987136140772
2018,2019,NO0003028904,8.554926917261579e-05
2018,2019,NO0003053605,7.420610232400496e-05
2018,2019,NO0003078800,0.0004114472351534098
2018,2019,NO0003733800,0.0003993785462566032
2018,2019,NO0005052605,0.00018430944717292416
2018,2019,NO0010063308,0.0011876665464714516
2018,2019,NO0010096985,0.0027534713757574477
2018,2019,NO0010199151,4.894370081038169e-19
2018,2019,NO0010208051,1.0174019296635004e-19
2018,2019,NO0010215684,0.00027750272733080924
2018,2019,NO0010861990,1.1483217930817217e-19
2018,2019,NO0012470089,0.00011822407116224062
2018,2019,PA1436583006,0.0008247880208843181
2018,2019,PTBCP0AM0015,0.00024022735373531006
2018,2019,PTEDP0AM0009,0.0
2018,2019,PTJMT0AE0001,0.0003008384325400391
2018,2019,PTSON0AM0001,0.0001304365490100707
2018,2019,PTZON0AM0006,0.00011160601717010543
2018,2019,SE0000106270,0.0009295166851786169
2018,2019,SE0000108227,0.0002455633615688906
2018,2019,SE0000108656,0.0010411115839367249
2018,2019,SE0000112724,0.00017018484415445948
2018,2019,SE0000113250,0.0002686655262167187
2018,2019,SE0000114837,0.00012785739147785718
2018,2019,SE0000148884,0.0008328634174941114
2018,2019,SE0000163594,0.00018845948395345127
2018,2019,SE0000163628,0.0002160000162968184
2018,2019,SE0000171100,0.0
2018,2019,SE0000190126,0.0002337978487969066
2018,2019,SE0000202624,0.0
2018,2019,SE0000242455,0.0009724227132650392
2018,2019,SE0000379190,0.00023394941232131046
2018,2019,SE0000667891,0.0007361232414682539
2018,2019,SE0000667925,0.0008103643406861742
2018,2019,SE0000695876,0.0003665870035293292
2018,2019,SE0000806994,0.00013022828444837046
2018,2019,SE0000862997,0.0001484580828135503
2018,2019,SE0000949331,8.059026753059463e-05
2018,2019,SE0001662230,0.00017996407527963142
2018,2019,SE0003366871,0.0
2018,2019,SE0005190238,0.000345568732107615
2018,2019,SE0006993770,0.00021047168965593368
2018,2019,SE0007100581,0.0007076321348748466
2018,2019,SE0007100599,0.0007677435347671128
2018,2019,SE0011090018,0.00014709884862407134
2018,2019,SE0011166974,0.00014551778230089394
2018,2019,SE0015811955,0.0005712454350366741
2018,2019,SE0015812219,0.00029046542320055663
2018,2019,SE0015988019,0.00013724122688206722
2018,2019,SE0016589188,0.00023741121438806178
2018,2019,SE0017486889,0.0008078338669562686
2018,2019,SE0018012494,4.5338154246276e-06
2018,2019,SE0018012635,6.949423939306957e-05
2018,2019,SE0020050417,0.00015030115491318393
2018,2019,US0010551028,0.0013394534577992384
2018,2019,US0010841023,0.000203860932042623
2018,2019,US00130H1059,0.0
2018,2019,US00206R1023,0.008038817795684038
2018,2019,US0028241000,0.004918264910174918
2018,2019,US0028962076,6.350144687589641e-05
2018,2019,US00724F1012,0.004330302318303762
2018,2019,US0079031078,0.000634948649377428
2018,2019,US0082521081,0.00019879243499180873
2018,2019,US00846U1016,0.0008711486885063939
2018,2019,US0091581068,0.0011707436133662525
2018,2019,US00971T1016,0.0003969448596814551
2018,2019,US0126531013,0.0003345035301102567
2018,2019,US0152711091,0.0006560165275757342
2018,2019,US01741R1023,0.00019732122105705474
2018,2019,US0185811082,0.0003340919313933038
2018,2019,US0188021085,0.0
2018,2019,US0200021014,0.001209843089818124
2018,2019,US02079K3059,0.01186781707231691
2018,2019,US02209S1033,0.0036152107973568114
2018,2019,US0231351067,0.027945066122062125
2018,2019,US0236081024,0.0
2018,2019,US0255371017,0.000563914469798406
2018,2019,US0258161092,0.0031985297197614825
2018,2019,US0268747849,0.0012797635923691357
2018,2019,US03027X1000,0.0027810639126109515
2018,2019,US03073E1055,0.0005113853038766157
2018,2019,US0311621009,0.004810975285729135
2018,2019,US0320951017,0.0009691556691496897
2018,2019,US0326541051,0.00133651129784766
2018,2019,US0367521038,0.002661121349515885
2018,2019,US03743Q1085,4.740991587116174e-05
2018,2019,US0378331005,0.028586217105151315
2018,2019,US0382221051,0.0012339118000640875
2018,2019,US0383361039,0.00032062844098098376
2018,2019,US0394831020,0.0005817909694612612
2018,2019,US0441861046,0.00013708838480553685
2018,2019,US04621X1081,0.00027523620016744235
2018,2019,US0495601058,0.0005943834664211185
2018,2019,US0527691069,0.0011314564136957878
2018,2019,US0528001094,0.0002938411362951177
2018,2019,US0530151036,0.0022114686786912524
2018,2019,US0534841012,0.0010672427329242514
2018,2019,US0536111091,0.00037240978562022787
2018,2019,US0537741052,0.0
2018,2019,US0538071038,0.0002564137688376908
2018,2019,US0584981064,0.0006018467973440245
2018,2019,US0605051046,0.009173264711227905
2018,2019,US0640581007,0.0018193106540169185
2018,2019,US0708301041,0.00017781950149622138
2018,2019,US0718131099,0.001462944405634518
2018,2019,US0758871091,0.002378258559534759
2018,2019,US0844231029,0.00044612119323767267
2018,2019,US0865161014,0.0004218604846118258
2018,2019,US09062X1037,0.0023534886529639927
2018,2019,US0970231058,0.007052262295963776
2018,2019,US09857L1089,0.003005610398506632
2018,2019,US0997241064,0.0003615221743666741
2018,2019,US1011211018,0.0007818135191992827
2018,2019,US1011371077,0.001887234815310385
2018,2019,US1053682035,0.00018838334773540758
2018,2019,US1101221083,0.003258612618823424
2018,2019,US1124631045,0.0
2018,2019,US1156372096,0.000683863907325846
2018,2019,US12504L1098,0.0005297479591341481
2018,2019,US1252691001,0.0
2018,2019,US12541W2098,0.0006038507944311365
2018,2019,US1255231003,0.0026632512122481394
2018,2019,US1258961002,0.00013792320191752486
2018,2019,US1264081035,0.001956830780282684
2018,2019,US12653C1080,0.00022666240211953313
2018,2019,US1266501006,0.003218528810203778
2018,2019,US1270551013,0.0
2018,2019,US1273871087,0.0005326756241271634
2018,2019,US1307881029,0.0002350577981943331
2018,2019,US1344291091,0.00038211091627618444
2018,2019,US14040H1059,0.0014291974937366558
2018,2019,US14149Y1082,0.000463668679665507
2018,2019,US1491231015,0.0028782325897837024
2018,2019,US1508701034,0.0003949707186739967
2018,2019,US15189T1079,0.0005368391263806563
2018,2019,US1567821046,0.0004931667905869051
2018,2019,US1598641074,0.00018280262796254752
2018,2019,US1667641005,0.007903088332357897
2018,2019,US1713401024,0.0006892576283861337
2018,2019,US1717793095,0.00013941743904134364
2018,2019,US1720621010,0.0004880570802940999
2018,2019,US17275R1023,0.007322125098068639
2018,2019,US1729674242,0.004848227011299505
2018,2019,US1858991011,0.0
2018,2019,US1890541097,0.000778103900877762
2018,2019,US1912161007,0.007827059031536366
2018,2019,US1924461023,0.0014105284182860088
2018,2019,US1941621039,0.0020926980124811724
2018,2019,US2003401070,0.0004403086187711966
2018,2019,US2017231034,0.0
2018,2019,US2058871029,0.00046992178195909745
2018,2019,US20825C1045,0.002748115898167923
2018,2019,US2091151041,0.0011249383720617226
2018,2019,US21036P1084,0.0011894843417940557
2018,2019,US22160K1051,0.0034125131922544366
2018,2019,US2283681060,0.00015173977270679494
2018,2019,US2310211063,0.0008290332106791103
2018,2019,US2333311072,0.00018594728159521256
2018,2019,US23355L1061,0.0004904377108239503
2018,2019,US2358511028,0.002840995498377777
2018,2019,US2371941053,0.0003902331765906331
2018,2019,US23918K1088,0.0003158051390045872
2018,2019,US2441991054,0.0018553493856655007
2018,2019,US2473617023,0.0009990262920146584
2018,2019,US25179M1036,0.00041051109131655915
2018,2019,US2533931026,2.4864083838890648e-05
2018,2019,US2546871060,0.006229044634566498
2018,2019,US25525P1075,0.0002379306232139993
2018,2019,US25746U1097,0.001629258741580553
2018,2019,US2576511099,0.00035754673536702404
2018,2019,US25960P1093,0.0003405839290929847
2018,2019,US2600031080,0.0004897924301971024
2018,2019,US26441C2044,0.0017381302066246155
2018,2019,US26875P1012,0.0020337541706016374
2018,2019,US26884L1098,0.00021483654752691372
2018,2019,US2774321002,0.00019790010421950034
2018,2019,US2786421030,0.0009324137932342925
2018,2019,US2788651006,0.001721179874593307
2018,2019,US2810201077,0.0010364383593735235
2018,2019,US28176E1082,0.0011110372868106946
2018,2019,US2910111044,0.0014986007295786404
2018,2019,US29364G1031,0.0
2018,2019,US29444U7000,0.0011585223030527734
2018,2019,US29476L1070,0.0010692712356918555
2018,2019,US29670G1022,0.00042487875594940307
2018,2019,US2971781057,0.0007717887682759572
2018,2019,US30034W1062,2.5675437700649118e-20
2018,2019,US30040W1080,0.0010647649648896317
2018,2019,US30161N1019,0.0019727929274297026
2018,2019,US3021301094,0.0004696369945808307
2018,2019,US30231G1022,0.010867473109815007
2018,2019,US3024913036,0.0004399514064703162
2018,2019,US3029411093,0.00027412360357310185
2018,2019,US31428X1063,0.0015598218621408874
2018,2019,US3156161024,0.00047760232736999785
2018,2019,US3167731005,0.000656370647101618
2018,2019,US3379321074,0.0001706324847717741
2018,2019,US3434121022,0.0003040468005923535
2018,2019,US34354P1057,9.722583569229438e-05
2018,2019,US3453708600,0.001261156082857427
2018,2019,US3546131018,0.0006087881929460992
2018,2019,US35671D8570,0.0003286498488159441
2018,2019,US3647601083,0.00035746731347409476
2018,2019,US3703341046,0.0009189613904839452
2018,2019,US3719011096,0.00014422572852222705
2018,2019,US37247D1063,0.0001422437992950792
2018,2019,US3755581036,0.003059463929070374
2018,2019,US38141G1040,0.002403196946949576
2018,2019,US3825501014,2.9427184257577872e-05
2018,2019,US3848021040,0.0007606835561127636
2018,2019,US3976241071,6.142081223692233e-19
2018,2019,US40434L1052,0.001281501141259248
2018,2019,US4062161017,0.0009547381981261354
2018,2019,US4103451021,9.415253672171253e-05
2018,2019,US4108671052,0.00034363008436713756
2018,2019,US4128221086,0.00027331463085978903
2018,2019,US4158641070,0.00015547924343897715
2018,2019,US4165151048,0.0006646368523879236
2018,2019,US4180561072,0.00036715422077031876
2018,2019,US4198701009,2.5722692863404387e-20
2018,2019,US42250P1030,0.0006287241632094737
2018,2019,US4234521015,0.0002035751190870247
2018,2019,US4278661081,0.0006834102634972727
2018,2019,US42809H1077,0.0004404844632329323
2018,2019,US4370761029,0.007369459420289344
2018,2019,US4385161066,0.003809019619712417
2018,2019,US4404521001,0.0009070520113310487
2018,2019,US44107P1049,0.0006363038545168693
2018,2019,US4448591028,0.0015685439290414175
2018,2019,US4456581077,0.00031477470679901307
2018,2019,US4461501045,0.0005275856706999879
2018,2019,US4470111075,0.0002891754793246654
2018,2019,US45073V1089,0.00016536390556717978
2018,2019,US45167R1041,0.00035945792480816905
2018,2019,US4523081093,0.0016374714890638978
2018,2019,US4523271090,0.0016629468661103423
2018,2019,US4581401001,0.008236868549028659
2018,2019,US4592001014,0.003900373283584025
2018,2019,US4595061015,0.0005990325397871848
2018,2019,US4601461035,0.000381752407075791
2018,2019,US4606901001,0.00029571408496394184
2018,2019,US4612021034,0.0019825065691324584
2018,2019,US46284V1017,0.0005003779437408993
2018,2019,US4657411066,0.00011347256876526523
2018,2019,US46625H1005,0.012411657857406885
2018,2019,US4663131039,7.02197151923039e-05
2018,2019,US46982L1089,0.00027419220187874075
2018,2019,US4781601046,0.013420685241492097
2018,2019,US48020Q1076,0.00022548676216637402
2018,2019,US48203R1041,0.0004056605332278257
2018,2019,US48242W1062,0.000176339427784626
2018,2019,US4824801009,0.0006048533892582997
2018,2019,US4878361082,0.0008480853702946616
2018,2019,US4891701009,9.58948561268745e-05
2018,2019,US4932671088,0.000644180026368433
2018,2019,US4943681035,0.001553005984842392
2018,2019,US49446R1095,0.000357664683691639
2018,2019,US4972661064,0.00010602773726138047
2018,2019,US5002551043,0.00037583335845906224
2018,2019,US5010441013,0.0007730839735192969
2018,2019,US5178341070,0.0014720312966180584
2018,2019,US5184391044,0.0010686762558050154
2018,2019,US5261071071,0.0003108308447484524
2018,2019,US5324571083,0.0047707433941614665
2018,2019,US5339001068,0.00027908048629639336
2018,2019,US5341871094,0.0004425621795372329
2018,2019,US5398301094,0.0029154585926077876
2018,2019,US5486611073,0.0027595932989530293
2018,2019,US5502411037,0.000671524163973618
2018,2019,US55261F1049,0.0008267465310841597
2018,2019,US5526761086,6.415746484488485e-05
2018,2019,US5529531015,0.000496301104155932
2018,2019,US5543821012,0.00030674261402145265
2018,2019,US55616P1049,0.0003636081038563543
2018,2019,US5635714059,1.0898801629249971e-05
2018,2019,US56418H1005,0.0001630139928759101
2018,2019,US5658491064,0.0002948396924449761
2018,2019,US5717481023,0.0015719061761797467
2018,2019,US5719032022,0.001492256948461284
2018,2019,US5732841060,0.00041944973696066335
2018,2019,US5738741041,0.000590116807364924
2018,2019,US5745991068,0.000264268570728166
2018,2019,US57636Q1040,0.00744561121968471
2018,2019,US5770811025,0.00025618768300323004
2018,2019,US5797802064,0.0006574300048194381
2018,2019,US5801351017,0.005340782449291622
2018,2019,US58155Q1031,0.0007012680028167155
2018,2019,US58933Y1055,0.007778178950859646
2018,2019,US59156R1086,0.001643422903104404
2018,2019,US5926881054,0.0005687726138497005
2018,2019,US5949181045,0.02989419261798279
2018,2019,US5950171042,0.0007269201353164355
2018,2019,US5951121038,0.0014269761415205788
2018,2019,US6005441000,0.0
2018,2019,US6081901042,0.000225986602881437
2018,2019,US60871R2094,0.0004702343689396471
2018,2019,US6092071058,0.002244856118346065
2018,2019,US6153691059,0.000995010344183801
2018,2019,US6174464486,0.00260682893555394
2018,2019,US61945C1036,0.0003031473009286273
2018,2019,US6200763075,0.0006976237163269324
2018,2019,US6267171022,5.699387049838906e-05
2018,2019,US6293775085,0.0
2018,2019,US62955J1034,0.00045615586584842017
2018,2019,US6311031081,0.0005306185882801211
2018,2019,US6365181022,0.00015842563965293057
2018,2019,US64110D1046,0.00047896709640698554
2018,2019,US6512291062,0.0003320112685701194
2018,2019,US6516391066,0.0007834338514424036
2018,2019,US65339F1012,0.003200215265893762
2018,2019,US6541061031,0.0035442471037217616
2018,2019,US65473P1057,0.0
2018,2019,US6556641008,0.00023823138280148877
2018,2019,US6558441084,0.0014833838056904558
2018,2019,US6658591044,0.000727533400974967
2018,2019,US6668071029,0.001726253051389935
2018,2019,US6687711084,0.000524648225515434
2018,2019,US6703461052,0.0
2018,2019,US67066G1040,0.003244259038994843
2018,2019,US6708371033,0.0
2018,2019,US67098H1041,0.0
2018,2019,US6745991058,0.0018225416383825734
2018,2019,US6819191064,0.0006252673995976465
2018,2019,US6821891057,0.00034833377904766073
2018,2019,US6826801036,0.001025019300170405
2018,2019,US68389X1054,0.006229121119985383
2018,2019,US6866881021,5.2283961707911956e-05
2018,2019,US6882392011,0.0003784295363877625
2018,2019,US69331C1080,0.0005546819016915532
2018,2019,US6934751057,0.0021437258178204454
2018,2019,US6935061076,0.0009561557658099092
2018,2019,US69351T1060,0.00016291245550846184
2018,2019,US6936561009,0.00030149759292751787
2018,2019,US6937181088,0.0007744886199449246
2018,2019,US6951561090,0.00034479242126759754
2018,2019,US7010941042,0.0007706862081979636
2018,2019,US70211M1099,7.083966601001991e-05
2018,2019,US7043261079,0.0008728798187107878
2018,2019,US7134481081,0.006024926824144937
2018,2019,US7140461093,0.0003477026385685529
2018,2019,US7170811035,0.009761852005943959
2018,2019,US7234841010,0.0
2018,2019,US7244791007,1.5977221984126173e-05
2018,2019,US7310681025,0.0001696668367561985
2018,2019,US74144T1088,0.0009326332435455564
2018,2019,US74251V1026,0.000542203400130992
2018,2019,US7427181091,0.0088970253576542
2018,2019,US7433151039,0.0014723734875073057
2018,2019,US74340W1036,0.0015421206897816581
2018,2019,US7443201022,0.001330363264188605
2018,2019,US7445731067,0.0010616966171360998
2018,2019,US7475251036,0.002732519107383475
2018,2019,US74834L1008,0.00047560090655402284
2018,2019,US75281A1097,2.1735827287380478e-05
2018,2019,US75513E1010,0.0035802454479659787
2018,2019,US7588491032,0.0005152204933365994
2018,2019,US75886F1075,0.0016021950809792461
2018,2019,US7591EP1005,0.0005862994452003704
2018,2019,US7607591002,0.0007141013503877297
2018,2019,US7739031091,0.0007620827194087472
2018,2019,US7835491082,7.87171223128822e-05
2018,2019,US78409V1044,0.0016388490009121355
2018,2019,US78410G1040,0.000786541962533671
2018,2019,US78440X8873,0.0003151344042639313
2018,2019,US78473E1038,0.00013266898341763867
2018,2019,US79466L3024,0.0039843918078563585
2018,2019,US8101861065,0.00015150881904784077
2018,2019,US81211K1007,0.00028670038746101794
2018,2019,US8168511090,0.001233151550400379
2018,2019,US8243481061,0.001398502680776025
2018,2019,US8288061091,0.002068354003918612
2018,2019,US8326964058,0.000452861163310271
2018,2019,US8354951027,0.00023931188984280236
2018,2019,US8425871071,0.0007318984221009561
2018,2019,US84265V1052,0.0009786147668610775
2018,2019,US8447411088,0.0007286920001301581
2018,2019,US8454671095,0.00019732322208353817
2018,2019,US8485741099,0.0003186587044493531
2018,2019,US8545021011,0.0007306496044166769
2018,2019,US8552441094,0.0030320798891599605
2018,2019,US8574771031,0.0009022457550211181
2018,2019,US8581191009,0.00032406378681016935
2018,2019,US8676524064,8.55781234452036e-05
2018,2019,US8716071076,0.00046014316084121534
2018,2019,US8718291078,0.0013062611397424372
2018,2019,US8725401090,0.0020395460298693307
2018,2019,US8760301072,0.00030569412243268564
2018,2019,US87612E1064,0.0013098723792408348
2018,2019,US8803491054,3.9524130559294736e-05
2018,2019,US8807701029,0.0002303683880131055
2018,2019,US8807791038,5.7330988919040313e-05
2018,2019,US8816242098,0.00044205552122638834
2018,2019,US8825081040,0.0034099331632986237
2018,2019,US8832031012,0.0004749158742652428
2018,2019,US88337F1057,5.4307961899334525e-06
2018,2019,US8835561023,0.003397016147324675
2018,2019,US88579Y1010,0.004214964941178039
2018,2019,US8873891043,5.426642947481633e-05
2018,2019,US89417E1091,0.0012360334740578816
2018,2019,US8962391004,0.000317761561628723
2018,2019,US89832Q1094,0.0013450346110127482
2018,2019,US9024941034,0.00043658646223664527
2018,2019,US9026531049,0.0005495239570456119
2018,2019,US9026811052,0.0005259105616625863
2018,2019,US9029733048,0.00285277760608624
2018,2019,US9078181081,0.003876291743515778
2018,2019,US9111631035,0.0
2018,2019,US9113121068,0.0025572284496569587
2018,2019,US9113631090,0.00035061110637889725
2018,2019,US9129091081,0.0
2018,2019,US91324P1021,0.009200237269468267
2018,2019,US91529Y1064,0.0002410728940611637
2018,2019,US91913Y1001,0.0007481439762672918
2018,2019,US92276F1003,0.000914881650837596
2018,2019,US92343V1044,0.009016930190320852
2018,2019,US92532F1003,0.0016454590525775816
2018,2019,US9255501051,0.00013374698025948276
2018,2019,US92556V1061,0.0006255768288950246
2018,2019,US9282981086,0.0001460906493547994
2018,2019,US9290421091,0.0006179634022340088
2018,2019,US9291601097,0.0006323740126634034
2018,2019,US92922P1066,0.00010045780184188039
2018,2019,US92939U1060,0.00041995912171876183
2018,2019,US9297401088,0.00027811067444340936
2018,2019,US9311421039,0.010426904405346677
2018,2019,US9314271084,0.002589756933986706
2018,2019,US94106L1098,0.0013557905345345377
2018,2019,US9418481035,0.000530230508282163
2018,2019,US9427491025,0.0001415837352938571
2018,2019,US9497461015,0.008303573476419553
2018,2019,US95040Q1040,0.0010981340909980918
2018,2019,US95082P1057,0.00016736254451292433
2018,2019,US9581021055,0.0005527757700251316
2018,2019,US9604131022,0.0
2018,2019,US9621661043,0.0007740085537108073
2018,2019,US9633201069,0.0002745646106118617
2018,2019,US9694571004,0.000761676182187422
2018,2019,US9699041011,0.0001095688760290067
2018,2019,US98389B1008,8.731632919609346e-05
2018,2019,US9839191015,0.0008065774334680821
2018,2019,US98421M1062,0.00020176547945895332
2018,2019,US9884981013,0.0012151391863621775
2018,2019,US98956P1021,0.0007839132191849586
2019,2020,AN8068571086,0.0018232099770143237
2019,2020,AT000000STR1,0.00012644339922852433
2019,2020,AT00000VIE62,0.0001330744321621919
2019,2020,AT0000606306,0.0003378534790437511
2019,2020,AT0000652011,0.0004598502154026598
2019,2020,AT0000720008,0.000360261155575748
2019,2020,AT0000730007,0.00027970407138029033
2019,2020,AT0000743059,0.00019123365509601443
2019,2020,AT0000746409,0.0004251753705569172
2019,2020,AT0000908504,0.00013369090853478392
2019,2020,AT0000937503,6.084733382184242e-20
2019,2020,AT0000938204,1.9071016684280775e-05
2019,2020,AT0000A21KS2,0.00018532588934901576
2019,2020,BE0003470755,8.698181125756196e-21
2019,2020,BE0003565737,0.0008076489958295613
2019,2020,BE0003593044,0.00017534611407737577
2019,2020,BE0003735496,0.0001233671397617409
2019,2020,BE0003739530,0.0004392623928016555
2019,2020,BE0003755692,0.0
2019,2020,BE0003797140,0.0005669712989707372
2019,2020,BE0003810273,0.0004133461992472037
2019,2020,BE0003822393,0.00035492250675834755
2019,2020,BE0974258874,0.00010331339913015322
2019,2020,BE0974264930,0.00037948826064678013
2019,2020,BE0974293251,0.004104362259337459
2019,2020,BE0974320526,0.0003986950730341777
2019,2020,BMG850801025,5.381752682632153e-20
2019,2020,CA00208D4084,0.00020551447030998669
2019,2020,CA0084741085,0.0005538961037993179
2019,2020,CA00900Q1037,0.000111656639537071
2019,2020,CA01626P1484,0.00027714075640802936
2019,2020,CA05534B7604,0.0012928023898503352
2019,2020,CA0636711016,0.0015532112949330431
2019,2020,CA0641491075,0.002147378207134911
2019,2020,CA0977518616,0.00014034689897181869
2019,2020,CA1247651088,0.00022772686000340837
2019,2020,CA12532H1047,0.0006520671453985787
2019,2020,CA13321L1085,0.00016882515121100495
2019,2020,CA1360691010,0.0011715570640774544
2019,2020,CA1363751027,0.001934054399140401
2019,2020,CA1363851017,0.0009386386001204892
2019,2020,CA13646K1084,0.0009837167217928101
2019,2020,CA1366812024,0.00021470591593234444
2019,2020,CA1367178326,9.124787299393508e-20
2019,2020,CA2849025093,6.391755189485456e-19
2019,2020,CA2918434077,5.215165625177046e-05
2019,2020,CA29250N1050,0.0024868787124028725
2019,2020,CA2927661025,2.2043833864713254e-19
2019,2020,CA3180714048,0.00013795041456096546
2019,2020,CA3359341052,0.00019287933656709615
2019,2020,CA3495531079,0.00022083002823021573
2019,2020,CA3518581051,0.0007407037536801818
2019,2020,CA3759161035,0.0001441049481960986
2019,2020,CA39138C1068,0.0007368320168048821
2019,2020,CA4495861060,0.00029624210859482503
2019,2020,CA4530384086,0.0003395216248911964
2019,2020,CA45823T1066,0.0005251782441522836
2019,2020,CA4969024047,0.000208420003732315
2019,2020,CA5394811015,0.0005544996315040903
2019,2020,CA5592224011,0.0006134656821026316
2019,2020,CA56501R1064,0.0011940208866886072
2019,2020,CA59151K1084,1.2452451107415734e-19
2019,2020,CA6744822033,5.848165808079237e-20
2019,2020,CA6837151068,0.00025243786703694327
2019,2020,CA7392391016,0.00030433103688287324
2019,2020,CA74022D4075,0.0002262083357350935
2019,2020,CA7669101031,0.00025902756250421107
2019,2020,CA7751092007,0.0006363018354272698
2019,2020,CA7800871021,0.0034275544374851295
2019,2020,CA8029121057,0.000492615286014245
2019,2020,CA82028K2002,0.0003676150995009667
2019,2020,CA8239011031,9.696864660482449e-21
2019,2020,CA85472N1096,0.00017802141867097115
2019,2020,CA8667961053,0.0007643282262659954
2019,2020,CA8672241079,0.00143522155800014
2019,2020,CA87807B1076,0.0013531518544622099
2019,2020,CA8787422044,0.0003270042762254272
2019,2020,CA87971M1032,0.0007125792164310886
2019,2020,CA8849038085,0.0010418673709780503
2019,2020,CA8911605092,0.003094977013707585
2019,2020,CA89346D1078,2.6832559019926262e-20
2019,2020,CA8959451037,0.0
2019,2020,CA9611485090,0.00041706320236862486
2019,2020,CA98462Y1007,0.00016632419813438488
2019,2020,CH0000816824,8.95670176787767e-05
2019,2020,CH0008038389,0.00034288230734595243
2019,2020,CH0008742519,0.0009900566959444442
2019,2020,CH0010570759,0.0003971458068292528
2019,2020,CH0010645932,0.0009461282742267695
2019,2020,CH0011075394,0.001857402172710215
2019,2020,CH0012005267,0.007116633932987296
2019,2020,CH0012032048,0.006762282406588007
2019,2020,CH0012138530,0.0010375920062725902
2019,2020,CH0012138605,0.0003620519091126842
2019,2020,CH0012142631,0.00022203680823113458
2019,2020,CH0012214059,6.811982645715811e-20
2019,2020,CH0012221716,0.001518042413962901
2019,2020,CH0012255151,0.00020659172916983877
2019,2020,CH0012549785,0.0005372704124997577
2019,2020,CH0013841017,0.0008136597525428382
2019,2020,CH0014786500,1.9533259696650402e-05
2019,2020,CH0014852781,0.0005573721122044207
2019,2020,CH0018294154,0.000271494467518464
2019,2020,CH0024608827,0.0006724482129648843
2019,2020,CH0024638212,0.000477872978436048
2019,2020,CH0025238863,0.0006329711667729181
2019,2020,CH0025751329,0.0001982940672584052
2019,2020,CH0030170408,0.0006271535430531504
2019,2020,CH0038388911,6.458416796197373e-05
2019,2020,CH0038863350,0.009594304068988185
2019,2020,CH0044328745,0.002120705900160273
2019,2020,CH0048265513,9.534101520842787e-05
2019,2020,CH0102484968,0.00043055202171788623
2019,2020,CH0126881561,0.001164077665628688
2019,2020,CH0210483332,0.001219889468824603
2019,2020,CH0244767585,0.0014929938613074958
2019,2020,CH0319416936,0.0002238803837854309
2019,2020,CH0418792922,0.0007940597732802459
2019,2020,CH1169151003,0.00011517649288432755
2019,2020,CH1175448666,0.0005244678766094819
2019,2020,CH1256740924,0.0006173755797036294
2019,2020,DE0005089031,0.00017747149969244235
2019,2020,DE0005140008,0.00044007597720311406
2019,2020,DE0005190003,0.0014595160437812353
2019,2020,DE0005200000,0.0008460831356448119
2019,2020,DE0005408884,0.00011285005020899452
2019,2020,DE0005439004,0.0006952477541070972
2019,2020,DE0005470405,1.3662614344301613e-19
2019,2020,DE0005552004,0.0014225958423889503
2019,2020,DE0005557508,0.0023378386099944365
2019,2020,DE0005773303,0.0002358115594938138
2019,2020,DE0005785604,0.0007392836710007916
2019,2020,DE0005785802,0.0006261213871383154
2019,2020,DE0005810055,0.0008514464338153003
2019,2020,DE0005909006,0.000124391810185721
2019,2020,DE0006047004,4.906198076630369e-20
2019,2020,DE0006048432,0.0004988686744854943
2019,2020,DE0006070006,0.00021811443293783087
2019,2020,DE0006202005,3.910520635092321e-20
2019,2020,DE0006231004,0.0008850731020252362
2019,2020,DE0006569908,6.078766465189562e-06
2019,2020,DE0006599905,0.0004844679563667395
2019,2020,DE0006602006,0.0001428013426530476
2019,2020,DE0006969603,0.00044685137397751894
2019,2020,DE0007030009,0.00011589322350819466
2019,2020,DE0007037129,3.2326628535857875e-20
2019,2020,DE0007042301,0.0
2019,2020,DE0007100000,0.0017936054301600733
2019,2020,DE0007164600,0.004885566214828079
2019,2020,DE0007236101,0.0033218182642859085
2019,2020,DE0007257503,8.293959308938702e-05
2019,2020,DE0007297004,1.4975956674931602e-19
2019,2020,DE0007314007,0.00013106888038129125
2019,2020,DE0007500001,7.499859358500486e-20
2019,2020,DE0007507501,9.109686553220706e-05
2019,2020,DE0007664039,0.0012209624534920917
2019,2020,DE0008232125,5.3911062817466735e-20
2019,2020,DE0008402215,0.0007693409399381016
2019,2020,DE0008404005,0.0030562705817631605
2019,2020,DE0008430026,0.00131285701818793
2019,2020,DE000A0D6554,7.054575203229849e-05
2019,2020,DE000A0D9PT0,0.0005405339425148268
2019,2020,DE000A0S8488,0.0001303387209637895
2019,2020,DE000A0WMPJ6,0.0
2019,2020,DE000A1EWWW0,0.0019259103344992886
2019,2020,DE000A2GS401,0.00013547219114622068
2019,2020,DE000BASF111,0.0019846771396824603
2019,2020,DE000BAY0017,0.0024460376938938056
2019,2020,DE000CBK1001,0.00016080741954682925
2019,2020,DE000CLS1001,0.00023999646020103646
2019,2020,DE000ENAG999,0.0011156403471543792
2019,2020,DE000KSAG888,1.798608051544477e-19
2019,2020,DE000PSM7770,0.0
2019,2020,DE000TUAG505,3.122874887588617e-20
2019,2020,DK0010181759,0.00040522601390499224
2019,2020,DK0010234467,0.00019330523273596243
2019,2020,DK0010244508,8.4108332024656e-20
2019,2020,DK0010272632,0.0002239968147261744
2019,2020,DK0010274414,0.00035966922135299915
2019,2020,DK0010287663,5.370475876889204e-05
2019,2020,DK0010307958,0.00013153805470259193
2019,2020,DK0010311471,9.390970876615704e-05
2019,2020,DK0060079531,0.0008593021672916094
2019,2020,DK0060336014,0.0003247956569792043
2019,2020,DK0060448595,0.0007056808715956937
2019,2020,DK0060477503,0.0002589690746372421
2019,2020,DK0060636678,0.00027592624429660775
2019,2020,DK0060738599,0.0002190494658384678
2019,2020,DK0061539921,0.000519464418379506
2019,2020,ES0109427734,5.799620441097556e-05
2019,2020,ES0112501012,8.967661248848373e-05
2019,2020,ES0113211835,0.0012051534243228018
2019,2020,ES0113679I37,0.000229176755083164
2019,2020,ES0113860A34,0.00027816433126183514
2019,2020,ES0113900J37,0.002171440330947094
2019,2020,ES0116870314,0.0005389241906786777
2019,2020,ES0117160111,0.0001458762054174329
2019,2020,ES0118594417,0.00020613975261740502
2019,2020,ES0122060314,4.377819631419842e-20
2019,2020,ES0124244E34,0.00033173407939548203
2019,2020,ES0125220311,0.0003382272177765328
2019,2020,ES0130670112,0.0006054759723310322
2019,2020,ES0130960018,0.00040883869346540594
2019,2020,ES0132105018,0.00011016610013590554
2019,2020,ES0134950F36,1.6719438425757596e-05
2019,2020,ES0142090317,6.295712776470459e-05
2019,2020,ES0144580Y14,0.002001346852790016
2019,2020,ES0148396007,0.0032522194564548234
2019,2020,ES0152503035,0.00011272524729145611
2019,2020,ES0161560018,8.298920358390867e-05
2019,2020,ES0167050915,0.00037247023175202834
2019,2020,ES0171996087,0.0004924077934671648
2019,2020,ES0173093024,0.0005343031616308714
2019,2020,ES0173516115,0.0001499642991057016
2019,2020,ES0178430E18,0.0012327115527630305
2019,2020,ES0182870214,9.115669944887075e-05
2019,2020,ES0184933812,6.618548319517821e-05
2019,2020,FI0009000202,0.00019252520937856207
2019,2020,FI0009000277,0.00012286107550486784
2019,2020,FI0009000459,0.00017538431645612514
2019,2020,FI0009000681,0.0006590157875125307
2019,2020,FI0009002158,0.000116407301373866
2019,2020,FI0009002422,1.9291015151543964e-19
2019,2020,FI0009003727,0.0001427006314143717
2019,2020,FI0009005318,3.103402649868742e-18
2019,2020,FI0009005870,5.101036070798285e-05
2019,2020,FI0009005961,0.00018792407351471952
2019,2020,FI0009005987,0.0004989134592534769
2019,2020,FI0009007132,0.0001766611808732172
2019,2020,FI0009007694,0.0
2019,2020,FI0009007884,0.0003731990520199976
2019,2020,FI0009013296,0.000884625838777141
2019,2020,FI0009013403,0.0009073689684145203
2019,2020,FI0009800643,6.326238376076676e-19
2019,2020,FI4000440664,0.0002593178869029007
2019,2020,FR0000035081,0.0002875835586614599
2019,2020,FR0000039109,1.6363952553476088e-19
2019,2020,FR0000044448,4.143090398299193e-05
2019,2020,FR0000045072,0.0012266108871135234
2019,2020,FR0000051070,0.00024287506759901513
2019,2020,FR0000052292,0.002340662292182194
2019,2020,FR0000054900,1.5500054420720067e-05
2019,2020,FR0000064578,0.0003653302405679102
2019,2020,FR0000073272,0.0018843890337676883
2019,2020,FR0000077919,0.00021839722963755683
2019,2020,FR0000120073,0.0017985276799516916
2019,2020,FR0000120172,0.000416609674007296
2019,2020,FR0000120222,0.0004993045438720699
2019,2020,FR0000120271,0.004249626550308689
2019,2020,FR0000120321,0.004962290792362304
2019,2020,FR0000120404,0.0003115736176406069
2019,2020,FR0000120503,0.00047894508081799644
2019,2020,FR0000120560,0.0002468702999542367
2019,2020,FR0000120578,0.003852081647432881
2019,2020,FR0000120628,0.002039841342722649
2019,2020,FR0000120644,0.0017009686282910103
2019,2020,FR0000120693,0.0015089091975755194
2019,2020,FR0000120859,1.1738535873570411e-19
2019,2020,FR0000120966,0.000222372520286478
2019,2020,FR0000121014,0.006943448761461095
2019,2020,FR0000121121,0.0002061135901451593
2019,2020,FR0000121204,0.00016569231935570028
2019,2020,FR0000121220,0.0004908040238709636
2019,2020,FR0000121329,0.000714208549833769
2019,2020,FR0000121485,0.002557927906556221
2019,2020,FR0000121667,0.0019621481983456285
2019,2020,FR0000121964,0.000398076382836196
2019,2020,FR0000121972,0.001731541900659606
2019,2020,FR0000124141,1.6748855812609624e-19
2019,2020,FR0000125007,0.00046034116114744187
2019,2020,FR0000125338,0.0005620270547474068
2019,2020,FR0000125486,0.001999560519362677
2019,2020,FR0000127771,0.001161641816496747
2019,2020,FR0000130213,0.0001537513224960865
2019,2020,FR0000130395,0.00013537579225091222
2019,2020,FR0000130403,0.0027336317078639942
2019,2020,FR0000130452,0.00036418960689011814
2019,2020,FR0000130577,0.00042836509903362206
2019,2020,FR0000130809,0.0008182784742669787
2019,2020,FR0000131104,0.0021821882672305158
2019,2020,FR0000131757,1.1956215537209531e-20
2019,2020,FR0000131906,0.00041533863271664125
2019,2020,FR0000133308,0.0013086189493765105
2019,2020,FR0010040865,0.00038324556446882665
2019,2020,FR0010220475,0.00043443799226307225
2019,2020,FR0010242511,0.000675824945078444
2019,2020,FR0010307819,0.0006713741389155745
2019,2020,FR0010313833,5.1199321604832855e-05
2019,2020,FR0010340141,0.000680884647672109
2019,2020,FR0010411983,0.0002925563957875339
2019,2020,FR0010533075,0.00033894959365374716
2019,2020,FR0013176526,0.00024394083217668563
2019,2020,FR0013280286,0.000351775736355756
2019,2020,FR0013326246,0.0008046396636599747
2019,2020,FR0013505062,0.0
2019,2020,FR0013506730,2.599259967071849e-19
2019,2020,FR0014003TT8,0.0012058731904617686
2019,2020,FR001400AJ45,0.0006771592010555966
2019,2020,GB0000163088,0.0001770277953406177
2019,2020,GB0000456144,0.00034614289931878943
2019,2020,GB0000536739,0.0004544607986983862
2019,2020,GB0000811801,0.0003235722909042939
2019,2020,GB0000904986,0.0002821231049695668
2019,2020,GB0000961622,5.603333246336505e-05
2019,2020,GB0001048619,1.2762484285570948e-17
2019,2020,GB0001110096,6.964986199336504e-05
2019,2020,GB0001367019,0.00028056701262560603
2019,2020,GB0001500809,0.0
2019,2020,GB0001638955,8.650711064795672e-05
2019,2020,GB0001667087,0.0
2019,2020,GB0001765816,0.00010410292370571527
2019,2020,GB0001826634,0.00018453474328538854
2019,2020,GB0001859296,0.0001067777699223572
2019,2020,GB0002018363,5.1076935969045314e-05
2019,2020,GB0002074580,4.481715339082348e-05
2019,2020,GB0002148343,0.00013419045510850176
2019,2020,GB0002318888,9.21082613907579e-05
2019,2020,GB0002374006,0.002975154781666853
2019,2020,GB0002418548,4.64336850315828e-05
2019,2020,GB0002634946,0.0007286641176554055
2019,2020,GB0002652740,0.0001909135167347712
2019,2020,GB0002670437,1.5904877317607527e-19
2019,2020,GB0002869419,8.364651056029076e-05
2019,2020,GB0002875804,0.002899893165749235
2019,2020,GB0003096442,0.00012779004868359244
2019,2020,GB0003308607,9.608072435967125e-05
2019,2020,GB0003395000,0.00011169140304039518
2019,2020,GB0003452173,2.046952770757409e-19
2019,2020,GB0003718474,1.9960817073133418e-05
2019,2020,GB0003753778,6.468146781047586e-20
2019,2020,GB0004052071,0.00026294423759014936
2019,2020,GB0004082847,0.0009633467135156628
2019,2020,GB0004161021,0.00018044993236014838
2019,2020,GB0004170089,3.295460599685162e-05
2019,2020,GB0004270301,0.0
2019,2020,GB0004478896,0.0001781608569664772
2019,2020,GB0004544929,0.0006861461821273209
2019,2020,GB0004657408,6.0360610490035875e-05
2019,2020,GB0004726096,0.00011204209107661452
2019,2020,GB0004866223,4.492228851492268e-19
2019,2020,GB0004915632,0.0
2019,2020,GB0005405286,0.004761386861732001
2019,2020,GB0005576813,4.780723878329947e-05
2019,2020,GB0005603997,0.0006808611523752402
2019,2020,GB0005630420,0.0
2019,2020,GB0005746358,0.0
2019,2020,GB0005758098,0.00016270976442194616
2019,2020,GB0005790059,0.0
2019,2020,GB0006027295,0.0
2019,2020,GB0006215205,3.822140428319402e-19
2019,2020,GB0006449366,8.980225006249924e-05
2019,2020,GB0006640972,1.3346083607688763e-19
2019,2020,GB0006650450,0.0
2019,2020,GB0006731235,0.0008365366294226648
2019,2020,GB0006776081,0.00030263665077383137
2019,2020,GB0006825383,0.0004022564686553005
2019,2020,GB0006886666,5.100010597409499e-06
2019,2020,GB0006928617,0.00016298715950776305
2019,2020,GB0007099541,0.0015194179183168623
2019,2020,GB0007188757,0.0021933948970578945
2019,2020,GB0007323586,6.625545060902009e-05
2019,2020,GB0007594764,1.1128175369423364e-05
2019,2020,GB0007668071,1.887868642581776e-05
2019,2020,GB0007669376,0.00017362199344016344
2019,2020,GB0007689002,7.021374565309175e-05
2019,2020,GB0007908733,0.0004617615641266834
2019,2020,GB0007958233,4.520110583639275e-18
2019,2020,GB0007973794,0.0
2019,2020,GB0007980591,0.0036751889509508357
2019,2020,GB0008025412,4.055830074668747e-05
2019,2020,GB0008085614,0.00012441771589180936
2019,2020,GB0008220112,8.790500926724416e-05
2019,2020,GB0008475088,1.80824844486423e-05
2019,2020,GB0008481250,0.0
2019,2020,GB0008706128,0.0016137062098724425
2019,2020,GB0008782301,0.0002683253619717755
2019,2020,GB0008794710,4.463449292543418e-05
2019,2020,GB0009067447,0.0
2019,2020,GB0009123323,0.0
2019,2020,GB0009223206,0.0006978932796771737
2019,2020,GB0009286963,4.035610859041534e-05
2019,2020,GB0009292243,0.00011741398461251497
2019,2020,GB0009465807,0.000208356776051106
2019,2020,GB0009633180,0.00024025233217084613
2019,2020,GB0009697037,8.63876800247282e-05
2019,2020,GB0009895292,0.00399890470419414
2019,2020,GB0022569080,0.000276470772053889
2019,2020,GB0030181522,1.4175375627378435e-05
2019,2020,GB0030232317,1.586006866825246e-17
2019,2020,GB0030329360,0.0
2019,2020,GB0030913577,0.000779462677058252
2019,2020,GB0031274896,0.0001272343402044582
2019,2020,GB0031348658,0.00116723215851167
2019,2020,GB0031638363,0.0004040352936052913
2019,2020,GB0031743007,0.0004020798796766649
2019,2020,GB0032089863,0.00033363549063139726
2019,2020,GB0033195214,0.00018289513277921043
2019,2020,GB0033986497,0.00012676242261736752
2019,2020,GB00B00FPT80,3.5350173647872548e-06
2019,2020,GB00B012BV22,7.290644319303312e-05
2019,2020,GB00B012TP20,6.344049084700063e-19
2019,2020,GB00B019KW72,0.00022107524376847358
2019,2020,GB00B01QGK86,2.7493578315454535e-18
2019,2020,GB00B02J6398,0.00020539141985386112
2019,2020,GB00B033F229,0.0002857557658594443
2019,2020,GB00B03HDJ73,6.676052741088701e-05
2019,2020,GB00B04V1276,8.805312263568732e-05
2019,2020,GB00B06QFB75,5.1312640822664924e-05
2019,2020,GB00B0744359,9.677980378189425e-06
2019,2020,GB00B0744B38,0.0003582229751199609
2019,2020,GB00B082RF11,0.0003198171336157688
2019,2020,GB00B0FYMT95,4.6129233323152e-05
2019,2020,GB00B0KM9T71,4.0902889685227456e-05
2019,2020,GB00B0LCW083,0.0003618961494407871
2019,2020,GB00B0N8QD54,7.344966510620402e-05
2019,2020,GB00B0SWJX34,0.0011073480655831524
2019,2020,GB00B0WMWD03,0.00017787410644667318
2019,2020,GB00B0YG1K06,4.5067086690871225e-05
2019,2020,GB00B128J450,0.00014390963286244453
2019,2020,GB00B132NW22,0.00023422759395173723
2019,2020,GB00B135BJ46,0.0001405282486286941
2019,2020,GB00B17MMZ46,1.1596976952297044e-18
2019,2020,GB00B18P5K83,2.5811281283717387e-18
2019,2020,GB00B19Z1432,8.687762547664126e-19
2019,2020,GB00B1FH8J72,0.0002668938897701936
2019,2020,GB00B1FP6H53,0.00010878035503110857
2019,2020,GB00B1FW5029,0.00012920966449098915
2019,2020,GB00B1G5HX72,7.264187897575228e-18
2019,2020,GB00B1JQDM80,1.9767691878938387e-19
2019,2020,GB00B1KJJ408,0.00019786149243913206
2019,2020,GB00B1L5QH97,3.4870231271764905e-05
2019,2020,GB00B1P6ZR11,3.183175525085801e-05
2019,2020,GB00B1VNSX38,1.7917661268673646e-20
2019,2020,GB00B1WY2338,0.0002362617335663513
2019,2020,GB00B1XH2C03,6.5316044690966165e-21
2019,2020,GB00B1YW4409,0.0004464050434672487
2019,2020,GB00B27YGJ97,4.185754214565203e-05
2019,2020,GB00B2B0DG97,0.001485235453124003
2019,2020,GB00B2NGPM57,7.720644310227734e-05
2019,2020,GB00B2PDGW16,0.00011700848853232542
2019,2020,GB00B39J2M42,0.0003624509529685993
2019,2020,GB00B3DGH821,7.070913187109705e-06
2019,2020,GB00B3FLWH99,8.01356156924364e-19
2019,2020,GB00B41H7391,0.000187687577271481
2019,2020,GB00B45C9X44,5.882855045271037e-18
2019,2020,GB00B572ZV91,0.0
2019,2020,GB00B5N0P849,0.00019970408131834367
2019,2020,GB00B5ZN1N88,0.00041860831505605064
2019,2020,GB00B61TVQ02,9.795019214136736e-05
2019,2020,GB00B63H8491,0.0005713502412105097
2019,2020,GB00B63QSB39,0.0001320910027572406
2019,2020,GB00B64NSP76,1.875824907854442e-05
2019,2020,GB00B67G5X01,9.744657500632631e-05
2019,2020,GB00B6XZKY75,2.8082664575488414e-05
2019,2020,GB00B6YTLS95,2.3797523183244866e-19
2019,2020,GB00B7KR2P84,4.679309873099166e-20
2019,2020,GB00B82YXW83,7.46819460081128e-19
2019,2020,GB00B8B4R053,3.7554159653848466e-18
2019,2020,GB00B8C3BL03,0.00029630215124043063
2019,2020,GB00BD6K4575,0.0012141011470591268
2019,2020,GB00BDCPN049,0.0006960285492414519
2019,2020,GB00BDFBVT43,2.0650239385795053e-17
2019,2020,GB00BDR05C01,0.0013533203582447178
2019,2020,GB00BF044593,3.241323270156454e-05
2019,2020,GB00BF5H9P87,8.577375779292969e-05
2019,2020,GB00BF8Q6K64,0.0002782810511695277
2019,2020,GB00BG11K365,8.697264354817251e-05
2019,2020,GB00BGDT3G23,6.566773559256843e-18
2019,2020,GB00BGLP8L22,4.934586380495664e-19
2019,2020,GB00BH4HKS39,0.0015921436773381498
2019,2020,GB00BHJYC057,0.0003559007545305022
2019,2020,GB00BJ1F4N75,0.0001400117832070347
2019,2020,GB00BJFFLV09,0.000287675020527583
2019,2020,GB00BJQZC279,1.2949844640794055e-05
2019,2020,GB00BK9RKT01,0.000111145119510662
2019,2020,GB00BKP36R26,6.2640276210112756e-18
2019,2020,GB00BKY40Q38,3.407220698250571e-05
2019,2020,GB00BL6XZ716,9.876799349184867e-05
2019,2020,GB00BLGZ9862,0.001094977411208057
2019,2020,GB00BM8PJY71,0.0010205954363622766
2019,2020,GB00BM8Q5M07,0.00029692198128506054
2019,2020,GB00BMJ6DW54,0.00035372347811825166
2019,2020,GB00BN7SWP63,0.0036092221800637946
2019,2020,GB00BNGDN821,0.0004372764887162555
2019,2020,GB00BNNTLN49,8.19948414126601e-05
2019,2020,GB00BNR4T868,7.227910764236234e-20
2019,2020,GB00BP6MXD84,0.003366080539818215
2019,2020,GB00BP92CJ43,1.3611003817424136e-19
2019,2020,GB00BP9LHF23,0.00029186751675773997
2019,2020,GB00BPQY8M80,0.0007227630999032699
2019,2020,GB00BRB37M78,0.0002483982473027202
2019,2020,GB00BV9FP302,2.77383876382701e-05
2019,2020,GB00BVFNZH21,0.0001909636005589003
2019,2020,GB00BWFGQN14,0.00026098069552844415
2019,2020,GB00BYQ0JC66,4.59867901116578e-05
2019,2020,GB00BYRJ5J14,6.559147378406102e-05
2019,2020,GB00BYT1DJ19,0.00017236823054844405
2019,2020,GB00BYW0PQ60,0.0003523639804831918
2019,2020,GB00BYYTFB60,0.00013074234375354835
2019,2020,GB00BYZN9041,0.00012824401512869744
2019,2020,GB00BZ4BQC70,0.0002057967379140006
2019,2020,IE0001827041,0.0002758635653106199
2019,2020,IE0002424939,0.00018106445637903175
2019,2020,IE0003864109,4.2205095883726834e-05
2019,2020,IE0004906560,0.0006753389045023814
2019,2020,IE0004927939,0.0002516607644559534
2019,2020,IE00B00MZ448,4.3557856944512926e-05
2019,2020,IE00B4BNMY34,0.0040682493513185996
2019,2020,IE00B8KQN827,0.0011358439056149397
2019,2020,IE00BD1RP616,0.00016857964784668792
2019,2020,IE00BDB6Q211,0.0008376081015301863
2019,2020,IE00BF0L3536,0.000420223878086825
2019,2020,IE00BGH1M568,0.00020907217156325498
2019,2020,IE00BJ3V9050,3.330106799508621e-05
2019,2020,IE00BK9ZQ967,0.0009577784123253746
2019,2020,IE00BLP1HW54,0.0014736333851476365
2019,2020,IE00BLS09M33,0.00021422381721640803
2019,2020,IE00BTN1Y115,0.004538641653626202
2019,2020,IE00BWT6H894,0.0002477384505285584
2019,2020,IE00BY7QL619,0.0009674109120610657
2019,2020,IL0002300114,0.00010864080567742807
2019,2020,IL0002810146,6.026723405841193e-05
2019,2020,IL0006046119,0.0003854195533504071
2019,2020,IL0006625771,0.0003349181703775084
2019,2020,IL0006954379,0.0003179627470988198
2019,2020,IL0010811243,0.0002360264256535108
2019,2020,IT0000062072,0.0010406682413175638
2019,2020,IT0000062957,0.0003522764003513646
2019,2020,IT0000066123,1.625544718667218e-05
2019,2020,IT0000072618,0.0013286320882623008
2019,2020,IT0000784154,9.00347260485794e-05
2019,2020,IT0000784196,0.00013537904656936634
2019,2020,IT0001137345,0.00015196140753872056
2019,2020,IT0001233417,1.745262075351806e-20
2019,2020,IT0001347308,4.535431937787602e-20
2019,2020,IT0001469383,0.00013465125047960625
2019,2020,IT0003128367,0.001890046400823548
2019,2020,IT0003132476,0.00126135832406865
2019,2020,IT0003153415,0.0005838981604681614
2019,2020,IT0003242622,0.0005105032376518495
2019,2020,IT0003497168,0.00038641942597358186
2019,2020,IT0003506190,0.0007635658575642222
2019,2020,IT0003856405,0.00034532310990800254
2019,2020,IT0004810054,0.00019261024226645583
2019,2020,IT0004827447,0.0003291819729925593
2019,2020,IT0005218380,6.1053034711309e-05
2019,2020,IT0005239360,0.0010120205063690816
2019,2020,IT0005495657,6.051425571962443e-05
2019,2020,JE00B8KF9B49,0.0005792036035267023
2019,2020,JE00BJ1DLW90,0.0002787178594812695
2019,2020,LR0008862868,0.0007606580062663274
2019,2020,LU0075646355,5.641862527577279e-05
2019,2020,NL0000008977,0.0008124138169957109
2019,2020,NL0000009082,0.0004983914669640171
2019,2020,NL0000009165,0.001820535757367549
2019,2020,NL0000009538,0.0013564491176051624
2019,2020,NL0000226223,0.0008356398233698701
2019,2020,NL0000235190,0.003247178450686411
2019,2020,NL0000289213,0.00012131173271948085
2019,2020,NL0000337319,2.6361522907905527e-05
2019,2020,NL0000360618,1.7921990851484112e-19
2019,2020,NL0000379121,0.0002891534437051328
2019,2020,NL0000395903,0.0006253660222450379
2019,2020,NL0006237562,7.024982726307288e-05
2019,2020,NL0009432491,0.00024324876016735406
2019,2020,NL0010273215,0.0037613569520683894
2019,2020,NL0010583399,5.216400520276376e-05
2019,2020,NL0011794037,0.0008441127323106036
2019,2020,NL0011821202,0.0013387679716872203
2019,2020,NL0013267909,0.0005932338403598801
2019,2020,NL00150001Q9,0.0007866566120239748
2019,2020,NL00150003E1,2.7502628884472854e-05
2019,2020,NL0015001FS8,0.0007752224359027362
2019,2020,NL0015435975,0.0004106118645203739
2019,2020,NO0003028904,1.0744608923606492e-17
2019,2020,NO0003053605,6.986949861535229e-05
2019,2020,NO0003078800,0.00040789606744524897
2019,2020,NO0003733800,0.0003612278154928544
2019,2020,NO0005052605,6.523999827798578e-20
2019,2020,NO0010063308,0.000823845515159046
2019,2020,NO0010096985,0.0020172074619807146
2019,2020,NO0010199151,1.1890560601611947e-19
2019,2020,NO0010208051,1.1596598932455735e-19
2019,2020,NO0010215684,0.00023709119957684361
2019,2020,NO0012470089,0.00017625586435911117
2019,2020,PA1436583006,0.0005398386461086841
2019,2020,PTBCP0AM0015,0.00020005767927759995
2019,2020,PTEDP0AM0009,3.12927654795905e-05
2019,2020,PTJMT0AE0001,0.0003569541156057905
2019,2020,PTSON0AM0001,0.00011871793589104065
2019,2020,PTZON0AM0006,0.00011504150043196056
2019,2020,SE0000106270,0.001032345985083382
2019,2020,SE0000108227,0.00025154599572630804
2019,2020,SE0000108656,0.0008477148196709393
2019,2020,SE0000112724,0.00023262687239461563
2019,2020,SE0000113250,0.00029271892157696846
2019,2020,SE0000114837,8.635932882868592e-05
2019,2020,SE0000148884,0.0006487398726860411
2019,2020,SE0000163594,0.00012265696358482214
2019,2020,SE0000163628,0.00019398990670502748
2019,2020,SE0000171100,2.786674414063019e-20
2019,2020,SE0000190126,0.0002694604155327482
2019,2020,SE0000202624,0.00010494045003775707
2019,2020,SE0000242455,0.0005167651580578443
2019,2020,SE0000379190,0.00020757036199091572
2019,2020,SE0000667891,0.0007724635942358483
2019,2020,SE0000667925,0.0005483050382982987
2019,2020,SE0000695876,0.0003637224236243832
2019,2020,SE0000806994,0.0001555146230011106
2019,2020,SE0000862997,0.00010829043195694877
2019,2020,SE0000949331,9.527630711857118e-05
2019,2020,SE0001662230,0.00010913796169180899
2019,2020,SE0003366871,3.3307388106556945e-20
2019,2020,SE0005190238,0.00028240288538704315
2019,2020,SE0006993770,0.00017461093358131066
2019,2020,SE0007100581,0.0007253938626202247
2019,2020,SE0007100599,0.0005837829407480233
2019,2020,SE0011090018,0.0001580488445350714
2019,2020,SE0011166974,0.0001468439691884659
2019,2020,SE0015811955,0.0005627823518810089
2019,2020,SE0015812219,0.0003209757964634254
2019,2020,SE0015988019,0.0002179263657969349
2019,2020,SE0016589188,0.00025937017020600595
2019,2020,SE0017486889,0.0010296528697949768
2019,2020,SE0018012494,1.819838237732735e-17
2019,2020,SE0018012635,7.513724133298682e-05
2019,2020,SE0020050417,0.000239643866072814
2019,2020,US0010551028,0.0011631779983618707
2019,2020,US0010841023,0.00019962960227118756
2019,2020,US00130H1059,4.082459561450704e-20
2019,2020,US00206R1023,0.008509451898076415
2019,2020,US0028241000,0.004582466722056453
2019,2020,US0028962076,9.68432162290394e-05
2019,2020,US00724F1012,0.00486559977786764
2019,2020,US00751Y1064,0.00032936848908271657
2019,2020,US0079031078,0.0013787454758987185
2019,2020,US0082521081,0.00015794082797092253
2019,2020,US00846U1016,0.0008220353210595206
2019,2020,US0091581068,0.0013711624433686424
2019,2020,US00971T1016,0.0004489693555951466
2019,2020,US0126531013,0.00027878831608091576
2019,2020,US0152711091,0.000671466453190648
2019,2020,US01741R1023,0.0001038511339535929
2019,2020,US0185811082,0.00016219272991336445
2019,2020,US0188021085,6.487198201785999e-20
2019,2020,US0200021014,0.0012021685347426896
2019,2020,US02079K3059,0.01180126100323651
2019,2020,US02209S1033,0.0028477124029444153
2019,2020,US0231351067,0.027020495526367476
2019,2020,US0236081024,7.307743140420877e-20
2019,2020,US0255371017,0.0005930007393673657
2019,2020,US02553E1064,4.7429373870790544e-05
2019,2020,US0258161092,0.003080928198197728
2019,2020,US0268747849,0.0013344036718183985
2019,2020,US03027X1000,0.003112885916670004
2019,2020,US03073E1055,0.0004043638284713515
2019,2020,US03076C1062,0.0006395334519609952
2019,2020,US0311001004,0.0006475042142139245
2019,2020,US0311621009,0.004234309228155776
2019,2020,US0320951017,0.0010127684921968786
2019,2020,US0326541051,0.0013938712171805189
2019,2020,US0367521038,0.0022806307866637806
2019,2020,US03743Q1085,0.0
2019,2020,US0378331005,0.038496925997535444
2019,2020,US0382221051,0.0016645005638158186
2019,2020,US0383361039,0.00028807029598736675
2019,2020,US0394831020,0.000491344936318392
2019,2020,US0441861046,0.00010236548569357989
2019,2020,US0454871056,0.00010172645097129318
2019,2020,US04621X1081,0.00024467544010091955
2019,2020,US0495601058,0.000594379405899773
2019,2020,US0527691069,0.0012831934199456193
2019,2020,US0528001094,0.00027381582423932085
2019,2020,US0530151036,0.0021802106163827384
2019,2020,US0533321024,0.0008047620795444623
2019,2020,US0534841012,0.0009453635641512687
2019,2020,US0536111091,0.0003736569978134165
2019,2020,US0537741052,1.749963104515872e-20
2019,2020,US0538071038,0.00020707879769315418
2019,2020,US0584981064,0.0006205521200225393
2019,2020,US0605051046,0.009400565783936344
2019,2020,US0640581007,0.0014118606578043807
2019,2020,US0708301041,7.507171673835535e-05
2019,2020,US0718131099,0.0013562978167307692
2019,2020,US0758871091,0.0022096720049880466
2019,2020,US0844231029,0.00046328994683406317
2019,2020,US0865161014,0.0006061935631777473
2019,2020,US09062X1037,0.0015860624195225552
2019,2020,US0970231058,0.005483501231333326
2019,2020,US09857L1089,0.0024265346046546095
2019,2020,US0997241064,0.0003268821419447374
2019,2020,US1011211018,0.0007273638373172091
2019,2020,US1011371077,0.0018596283609421476
2019,2020,US1053682035,0.0001410905399844793
2019,2020,US1096411004,0.0
2019,2020,US1101221083,0.004421571908512645
2019,2020,US1124631045,1.42819429033237e-18
2019,2020,US1156372096,0.0007369613398229806
2019,2020,US12504L1098,0.000556059207410492
2019,2020,US1252691001,4.011772935512872e-20
2019,2020,US12541W2098,0.000461089529290454
2019,2020,US1255231003,0.0021580844319336267
2019,2020,US1258961002,4.434931281794475e-05
2019,2020,US1264081035,0.0016175302834332038
2019,2020,US12653C1080,3.7099389987367835e-19
2019,2020,US1266501006,0.002847303252489343
2019,2020,US1270551013,6.833081082240967e-20
2019,2020,US1270971039,7.78061650911478e-05
2019,2020,US1273871087,0.0006019358046559256
2019,2020,US1307881029,0.00020062557016641545
2019,2020,US1331311027,0.0004149989052678999
2019,2020,US1344291091,0.0004300361112336507
2019,2020,US14040H1059,0.0014274501145950939
2019,2020,US14149Y1082,0.0004102525727912597
2019,2020,US1423391002,0.00037866354314563193
2019,2020,US1431301027,0.0004012973118773684
2019,2020,US1491231015,0.0024872045846964525
2019,2020,US1508701034,0.0005102431203196934
2019,2020,US15189T1079,0.0003088339408048416
2019,2020,US1567821046,0.0005767933641994974
2019,2020,US1598641074,0.00021013772229769878
2019,2020,US1667641005,0.0066268312910070255
2019,2020,US1713401024,0.0005588429687903199
2019,2020,US1717793095,0.00019171660129994352
2019,2020,US1720621010,0.0005125924471599282
2019,2020,US17275R1023,0.005927621180705132
2019,2020,US1729081059,0.0008395825050598686
2019,2020,US1729674242,0.005208003802301755
2019,2020,US1773761002,0.0003813965889871104
2019,2020,US1858991011,0.0
2019,2020,US1890541097,0.0005875694984812355
2019,2020,US1912161007,0.007135085417178423
2019,2020,US1924461023,0.0009726260783336398
2019,2020,US1941621039,0.0018666924332174067
2019,2020,US20030N1019,0.006010773685130819
2019,2020,US2003401070,0.00034290357047584086
2019,2020,US2017231034,0.0
2019,2020,US2058871029,0.0005601203090512061
2019,2020,US20825C1045,0.0020899554752795246
2019,2020,US2091151041,0.0010861538718199644
2019,2020,US21036P1084,0.0011534237889503762
2019,2020,US22160K1051,0.0038298277291334607
2019,2020,US22822V1017,0.0018408677329087083
2019,2020,US2283681060,0.00021725623121773857
2019,2020,US2310211063,0.0007612895772417915
2019,2020,US23331A1097,0.0006154798246670433
2019,2020,US2333311072,0.00013050440111555888
2019,2020,US23355L1061,0.0002420088209139629
2019,2020,US2358511028,0.003204360476180673
2019,2020,US2371941053,0.0002845562917631272
2019,2020,US23918K1088,0.0002648018817186107
2019,2020,US2441991054,0.0016728517949616583
2019,2020,US2473617023,0.0005372193238251213
2019,2020,US24906P1093,0.0003236298913787805
2019,2020,US25179M1036,0.00026966126870869557
2019,2020,US2533931026,7.68110896135769e-05
2019,2020,US2546871060,0.007668406649427247
2019,2020,US25525P1075,0.00024437679524965896
2019,2020,US25659T1079,0.0001293956933442855
2019,2020,US25746U1097,0.0019003375268849428
2019,2020,US2576511099,0.00035871048079897516
2019,2020,US25960P1093,0.000306996336427283
2019,2020,US2600031080,0.0005812186084958711
2019,2020,US26441C2044,0.0013997786262824167
2019,2020,US26875P1012,0.0015043787807539942
2019,2020,US26884L1098,3.92894801470099e-05
2019,2020,US2774321002,9.920185330956323e-05
2019,2020,US2786421030,0.0007895488799455893
2019,2020,US2788651006,0.0017465807422671201
2019,2020,US2810201077,0.00112699125830106
2019,2020,US28176E1082,0.0013425984508161856
2019,2020,US2910111044,0.0014341689442380582
2019,2020,US29364G1031,3.3403724501472564e-20
2019,2020,US2944291051,0.000541615830075256
2019,2020,US29444U7000,0.0014816555152405487
2019,2020,US29476L1070,0.0009728848752204024
2019,2020,US29670G1022,0.0004120563389562099
2019,2020,US2971781057,0.0006922705550373667
2019,2020,US30034W1062,7.815352053558e-20
2019,2020,US30040W1080,0.0010692253788309302
2019,2020,US30161N1019,0.0016793776695627255
2019,2020,US30212P3038,0.00053350909275498
2019,2020,US3021301094,0.0003904351425304542
2019,2020,US30231G1022,0.008557224729821775
2019,2020,US3024913036,0.000454175639001771
2019,2020,US3029411093,0.0002990044495146121
2019,2020,US3030751057,0.0002704027648054961
2019,2020,US3119001044,0.0007699042830147726
2019,2020,US3137451015,0.0003753279538524854
2019,2020,US31428X1063,0.0009902383324074087
2019,2020,US3156161024,0.00038387246040406925
2019,2020,US31620M1062,0.0024492485416607967
2019,2020,US3167731005,0.000688757684702781
2019,2020,US3205171057,0.00015335003168872387
2019,2020,US3377381088,0.0023157838017655204
2019,2020,US3379321074,0.0005957136136347203
2019,2020,US3434121022,0.00018658528406720736
2019,2020,US34354P1057,0.00016333587924617876
2019,2020,US3453708600,0.0011928288048360515
2019,2020,US3546131018,0.0003984278044735774
2019,2020,US35671D8570,0.0004016315105427485
2019,2020,US3614481030,0.0002215815302355147
2019,2020,US3635761097,0.0005434982369988802
2019,2020,US3647601083,0.00024086171830595563
2019,2020,US3703341046,0.0009956756093514151
2019,2020,US3719011096,0.0002311625877806257
2019,2020,US37247D1063,0.00017757740413894065
2019,2020,US3755581036,0.00240045531311931
2019,2020,US38141G1040,0.002440668973547547
2019,2020,US3825501014,0.0
2019,2020,US3848021040,0.000667678817666668
2019,2020,US3976241071,3.9102808322652767e-19
2019,2020,US40434L1052,0.0009961448370072808
2019,2020,US4062161017,0.0006678797529549897
2019,2020,US4103451021,0.0001535685016277567
2019,2020,US4108671052,0.00024263905683249954
2019,2020,US4128221086,0.00025510071948163304
2019,2020,US4158641070,0.0001329267756645224
2019,2020,US4165151048,0.0006948869329864065
2019,2020,US4180561072,0.0004629360146650391
2019,2020,US4198701009,2.900277164138559e-20
2019,2020,US42250P1030,0.000663454626270683
2019,2020,US42330P1075,0.00021749880978699793
2019,2020,US4234521015,0.00011280868843551887
2019,2020,US4278661081,0.000720867871097323
2019,2020,US42809H1077,0.0006027600168216451
2019,2020,US4370761029,0.006988409488124997
2019,2020,US4385161066,0.0037899247335366542
2019,2020,US4404521001,0.0007549655528251332
2019,2020,US44107P1049,0.000533234342803163
2019,2020,US4435106079,0.0003242948216861117
2019,2020,US4448591028,0.0014391019101388034
2019,2020,US4456581077,0.0003023810439535925
2019,2020,US4461501045,0.00046556820624458036
2019,2020,US4470111075,0.0002920112104443608
2019,2020,US45073V1089,0.00020411130161261486
2019,2020,US45167R1041,0.0003594694576517266
2019,2020,US45168D1046,0.0006699161550889906
2019,2020,US4523081093,0.0017356302148401116
2019,2020,US4523271090,0.0014037378128804003
2019,2020,US4581401001,0.007747217106343362
2019,2020,US4592001014,0.0035558669979318734
2019,2020,US4595061015,0.0004852069680490401
2019,2020,US4601461035,0.0003393125657781616
2019,2020,US4606901001,0.0002630387113035613
2019,2020,US4612021034,0.0020366247928776085
2019,2020,US46284V1017,0.00042921966985567716
2019,2020,US4657411066,9.75497417206862e-05
2019,2020,US46625H1005,0.012918250336209315
2019,2020,US4663131039,0.000125571392528594
2019,2020,US46982L1089,0.0003122621473924038
2019,2020,US4781601046,0.011511551948546821
2019,2020,US48020Q1076,0.0002444061103949869
2019,2020,US48203R1041,0.0003364698521965766
2019,2020,US48242W1062,0.00018164158190656503
2019,2020,US4824801009,0.0009132264316191857
2019,2020,US4878361082,0.0008032305572265826
2019,2020,US4891701009,4.751184688193046e-05
2019,2020,US4932671088,0.0006238205575701204
2019,2020,US4943681035,0.001454198388563131
2019,2020,US49446R1095,0.0003677972951196835
2019,2020,US4972661064,0.00011883491323434056
2019,2020,US5002551043,0.000243825647291701
2019,2020,US5010441013,0.0006423113972845444
2019,2020,US5018892084,0.0003314847500271885
2019,2020,US5178341070,0.0015048578832778515
2019,2020,US5184391044,0.0013232607273009325
2019,2020,US5218652049,0.000307097170754491
2019,2020,US5246601075,0.00020792625054038766
2019,2020,US5261071071,0.00026075272823751743
2019,2020,US5324571083,0.0038044737305195624
2019,2020,US5339001068,0.0002705247565629308
2019,2020,US5341871094,0.00036943998413546377
2019,2020,US5370081045,0.0002492115801753453
2019,2020,US5398301094,0.0032782578826203524
2019,2020,US5486611073,0.0026243968562157244
2019,2020,US5502411037,0.0005122616756245363
2019,2020,US55261F1049,0.0007242577061774192
2019,2020,US5526761086,0.00012065230812923923
2019,2020,US5529531015,0.000431827271594179
2019,2020,US5543821012,0.00018223651335065976
2019,2020,US5544891048,7.574268709480693e-05
2019,2020,US55616P1049,0.00015469910888502367
2019,2020,US5635714059,4.8195426971688144e-05
2019,2020,US56418H1005,0.00013380162037193236
2019,2020,US5658491064,5.350316646482689e-05
2019,2020,US5717481023,0.0017005259970901863
2019,2020,US5719032022,0.0015289753615482268
2019,2020,US5732841060,0.00035223559738052
2019,2020,US5738741041,0.0006708711431409181
2019,2020,US5745991068,0.00031055955532582284
2019,2020,US57636Q1040,0.008857314453790281
2019,2020,US5770811025,0.00024192476782081428
2019,2020,US5797802064,0.0005860067166385278
2019,2020,US5801351017,0.004503284523119908
2019,2020,US58155Q1031,0.0006367093645939251
2019,2020,US58933Y1055,0.0069742575205887425
2019,2020,US59156R1086,0.0014548341282690134
2019,2020,US5926881054,0.0006053251513899444
2019,2020,US5949181045,0.035586794521506905
2019,2020,US5950171042,0.0008353159850749865
2019,2020,US5951121038,0.0018915717692372166
2019,2020,US6005441000,0.0
2019,2020,US6081901042,0.00011438908948856263
2019,2020,US60871R2094,0.000404634176346514
2019,2020,US6092071058,0.00238092632453251
2019,2020,US6153691059,0.001258208330595669
2019,2020,US6174464486,0.0024937596999172087
2019,2020,US61945C1036,2.9938985930031596e-05
2019,2020,US6200763075,0.000730799075624548
2019,2020,US6267171022,0.00018112641640420635
2019,2020,US62886E1082,5.6494939742728036e-05
2019,2020,US6293775085,7.038167223929612e-20
2019,2020,US62955J1034,0.00037873003081708085
2019,2020,US6311031081,0.0004944325255130975
2019,2020,US6361801011,1.3128350947970744e-05
2019,2020,US6365181022,9.993661837655744e-05
2019,2020,US64110D1046,0.0003719951351384714
2019,2020,US6501111073,0.00018303280114061166
2019,2020,US6512291062,0.0002635216321938987
2019,2020,US6516391066,0.0011371374502941105
2019,2020,US65339F1012,0.0034753778543632403
2019,2020,US6541061031,0.0036880315718481227
2019,2020,US65473P1057,6.957436274268088e-20
2019,2020,US6556641008,0.0001429564179048026
2019,2020,US6558441084,0.0014502949120898613
2019,2020,US6658591044,0.0006857307473832348
2019,2020,US6668071029,0.0017886870771056816
2019,2020,US6687711084,0.0005528999701151601
2019,2020,US6703461052,2.3941516546825188e-20
2019,2020,US67066G1040,0.0043270377041301
2019,2020,US6708371033,3.398498900809402e-20
2019,2020,US67098H1041,8.676696057587865e-20
2019,2020,US6745991058,0.0008387890828237702
2019,2020,US6819191064,0.0005087848046173339
2019,2020,US6821891057,0.0003499127749351013
2019,2020,US6826801036,0.001124799210497159
2019,2020,US68389X1054,0.005051904435687719
2019,2020,US6866881021,3.122052475958469e-05
2019,2020,US6882392011,0.00041747103754101553
2019,2020,US69331C1080,1.5505002275493786e-19
2019,2020,US6934751057,0.0021656574685196494
2019,2020,US6935061076,0.0009615067500757867
2019,2020,US69351T1060,0.00020454998897890248
2019,2020,US6936561009,0.00026310067418030744
2019,2020,US6937181088,0.000814098217183924
2019,2020,US6951561090,0.0003163490702704915
2019,2020,US7010941042,0.0008234185472864778
2019,2020,US70211M1099,5.163773874422404e-05
2019,2020,US7043261079,0.0008882078629657839
2019,2020,US7134481081,0.005711036618897696
2019,2020,US7140461093,0.0003424337039311724
2019,2020,US7170811035,0.006505980906778801
2019,2020,US7234841010,7.851918847036199e-20
2019,2020,US7237871071,0.0006816629190437625
2019,2020,US7244791007,0.00010432650301431183
2019,2020,US7310681025,0.00016687750141367263
2019,2020,US74144T1088,0.0009190009101863025
2019,2020,US74251V1026,0.0005491333742980614
2019,2020,US7427181091,0.009222614374331924
2019,2020,US7433151039,0.0013749435623597653
2019,2020,US74340W1036,0.0017704324527793877
2019,2020,US7443201022,0.0011448699184299735
2019,2020,US7445731067,0.0008363015075096282
2019,2020,US74460D1090,0.0012075962399780988
2019,2020,US7475251036,0.003056256467194702
2019,2020,US74762E1029,0.00019772614586007994
2019,2020,US74834L1008,0.0004890731638662249
2019,2020,US7509171069,0.00023370901147241795
2019,2020,US75281A1097,6.858314690894639e-19
2019,2020,US75513E1010,0.0038870884741477266
2019,2020,US7588491032,0.00042387799452476166
2019,2020,US75886F1075,0.0011610290745606266
2019,2020,US7591EP1005,0.0005232089025700739
2019,2020,US7593516047,0.00030445268504844736
2019,2020,US7595091023,0.0002931864732375331
2019,2020,US7607591002,0.00052753938569474
2019,2020,US7703231032,0.0002568191966960061
2019,2020,US7739031091,0.0007712700476783891
2019,2020,US7782961038,0.0012863964098014365
2019,2020,US7835491082,3.9410210979642215e-05
2019,2020,US78409V1044,0.0019396256176837272
2019,2020,US78410G1040,0.0008984279189930262
2019,2020,US7841171033,0.0002455591028943554
2019,2020,US78440X8873,0.00023770346016255384
2019,2020,US78454L1008,1.2811435203464315e-19
2019,2020,US78473E1038,0.00010911598424275518
2019,2020,US79466L3024,0.004228541698762996
2019,2020,US8064071025,0.0002794489859484199
2019,2020,US8101861065,0.00016240008024477823
2019,2020,US81211K1007,0.0002777703378976495
2019,2020,US8168511090,0.0013744357566470074
2019,2020,US8243481061,0.0016105143390792956
2019,2020,US8288061091,0.0014931007091837875
2019,2020,US8326964058,0.00034525872793020513
2019,2020,US8354951027,0.00019709879893029303
2019,2020,US8425871071,0.00123429488678413
2019,2020,US84265V1052,0.0010292864559111245
2019,2020,US8447411088,0.0004308421737768252
2019,2020,US8454671095,0.0001574305159643053
2019,2020,US8485741099,0.0002715318185121086
2019,2020,US8545021011,0.0007800608071610722
2019,2020,US8552441094,0.0030462800499289123
2019,2020,US8574771031,0.0008414427216694067
2019,2020,US8581191009,0.00024333054561488803
2019,2020,US8636671013,0.002386228399925188
2019,2020,US8676524064,4.299834123957016e-05
2019,2020,US8716071076,0.0006234703066605754
2019,2020,US87161C5013,0.00013798269060397508
2019,2020,US8718291078,0.0013671878372748234
2019,2020,US8725401090,0.002161923094665613
2019,2020,US8760301072,0.00025326984741484823
2019,2020,US87612E1064,0.001879285084476941
2019,2020,US8803491054,3.6913326497940747e-19
2019,2020,US8807701029,0.0002729425259230565
2019,2020,US8807791038,3.083071684490394e-05
2019,2020,US8816242098,0.00020812941454450656
2019,2020,US8825081040,0.00355969306806825
2019,2020,US8832031012,0.0003624610041208442
2019,2020,US88337F1057,1.7865287990472977e-05
2019,2020,US8835561023,0.0038023134965667962
2019,2020,US8851601018,0.00019810661253990484
2019,2020,US88579Y1010,0.003009752362221955
2019,2020,US8873891043,6.9614148261004e-05
2019,2020,US8910921084,0.0002365675273634556
2019,2020,US89417E1091,0.0010785502755751588
2019,2020,US8962391004,0.00028103141036129264
2019,2020,US8965221091,0.00016303016282979423
2019,2020,US89832Q1094,0.0022997871857336964
2019,2020,US9024941034,0.0006383484974697282
2019,2020,US9026531049,0.00047772474366903267
2019,2020,US9026811052,0.00043469266152136766
2019,2020,US9029733048,0.00281180271455364
2019,2020,US9078181081,0.0036938572447583256
2019,2020,US9111631035,1.2041821228803852e-19
2019,2020,US9113121068,0.002378792896927416
2019,2020,US9113631090,0.0003721114822639467
2019,2020,US9129091081,1.5707231351818458e-20
2019,2020,US91324P1021,0.008241781818926087
2019,2020,US91529Y1064,0.00020720512096691432
2019,2020,US91913Y1001,0.0006832340475286957
2019,2020,US92276F1003,0.0007978629596003789
2019,2020,US92343V1044,0.007621088255797098
2019,2020,US92532F1003,0.0016649218567182035
2019,2020,US9255501051,3.5428359448090637e-05
2019,2020,US92556V1061,0.0004152952704565541
2019,2020,US9282981086,9.071701576860405e-05
2019,2020,US9290421091,0.000499643041512461
2019,2020,US9291601097,0.0006317915216506799
2019,2020,US92922P1066,5.321347708567805e-06
2019,2020,US92939U1060,0.0005422462088812912
2019,2020,US9297401088,0.0004315466659109958
2019,2020,US9311421039,0.010060990211643365
2019,2020,US9314271084,0.001652940135316042
2019,2020,US94106L1098,0.00129835770123813
2019,2020,US9418481035,0.000463351713632727
2019,2020,US9427491025,0.00010627210486137943
2019,2020,US9497461015,0.006756379065721863
2019,2020,US95040Q1040,0.001115900393206367
2019,2020,US95058W1009,0.00018302921729158221
2019,2020,US95082P1057,0.0001308839546272029
2019,2020,US9581021055,0.0006956980555239938
2019,2020,US9604131022,8.789611572912879e-20
2019,2020,US9621661043,0.0008234042635497577
2019,2020,US9633201069,0.00028721814617625014
2019,2020,US9694571004,0.0005147604061753559
2019,2020,US9699041011,0.0001325601369641971
2019,2020,US9831341071,0.0005188832376064138
2019,2020,US98389B1008,0.00016884943767321784
2019,2020,US9839191015,0.000723058029852011
2019,2020,US98421M1062,0.00024558074185692297
2019,2020,US9884981013,0.0009925267633230162
2019,2020,US98956P1021,0.0008884325850701747
2020,2021,AN8068571086,0.0009375569237568841
2020,2021,AT000000STR1,0.00010729146320873924
2020,2021,AT00000VIE62,9.520964643561149e-05
2020,2021,AT0000606306,0.00021725181765328404
2020,2021,AT0000652011,0.00028573774246903893
2020,2021,AT0000720008,0.00028762109136252394
2020,2021,AT0000730007,0.00021107764190370288
2020,2021,AT0000743059,1.4194690843481427e-05
2020,2021,AT0000746409,0.0005396744604872573
2020,2021,AT0000831706,7.690687511461592e-20
2020,2021,AT0000908504,0.00010265268959191754
2020,2021,AT0000937503,0.0
2020,2021,AT0000938204,7.762897350622311e-05
2020,2021,AT0000A21KS2,0.00010878174775814623
2020,2021,AU000000JHX1,0.00030710510176645644
2020,2021,BE0003470755,0.0
2020,2021,BE0003565737,0.0007087281391240187
2020,2021,BE0003593044,0.0001454040877915404
2020,2021,BE0003735496,0.00011291227317278389
2020,2021,BE0003739530,0.0005234751487006186
2020,2021,BE0003755692,6.268846552931028e-19
2020,2021,BE0003797140,0.00046822785356726704
2020,2021,BE0003810273,0.0002978466315527918
2020,2021,BE0003822393,0.0003200066498623319
2020,2021,BE0974258874,0.00011026685765221423
2020,2021,BE0974264930,0.00030973188578426505
2020,2021,BE0974293251,0.003188863777029889
2020,2021,BE0974320526,0.00033494871552824007
2020,2021,BMG850801025,0.0
2020,2021,CA00208D4084,0.00014288734590226561
2020,2021,CA0084741085,0.0005829611934580534
2020,2021,CA00900Q1037,0.00011081098268726403
2020,2021,CA01626P1484,0.0001989032943743777
2020,2021,CA05534B7604,0.0010656285687877976
2020,2021,CA0636711016,0.0013642000775269433
2020,2021,CA0641491075,0.0018267881010745506
2020,2021,CA0977518616,5.193181455753347e-05
2020,2021,CA1247651088,0.00022241108133577012
2020,2021,CA12532H1047,0.0005087334884224622
2020,2021,CA13321L1085,1.6733629514296186e-19
2020,2021,CA1360691010,0.0010823357401251257
2020,2021,CA1363751027,0.00207366516637028
2020,2021,CA1363851017,0.00047679103560456114
2020,2021,CA13646K1084,0.001187164412390709
2020,2021,CA1366812024,0.0002202532793068475
2020,2021,CA1367178326,0.00013419013682254005
2020,2021,CA2849025093,0.0
2020,2021,CA2918434077,7.28026332372726e-05
2020,2021,CA29250N1050,0.00178686079880705
2020,2021,CA2927661025,4.2248771546935375e-20
2020,2021,CA3180714048,0.000162810707192343
2020,2021,CA3359341052,0.0004111696366988988
2020,2021,CA3495531079,0.0002775228123501973
2020,2021,CA3518581051,0.0007532465550859805
2020,2021,CA3759161035,0.00014519726236683002
2020,2021,CA39138C1068,0.0006346220160444763
2020,2021,CA4495861060,0.00026623528005439897
2020,2021,CA4530384086,2.5098243546675864e-05
2020,2021,CA45823T1066,0.0005030051494674771
2020,2021,CA4969024047,0.00024502901678064465
2020,2021,CA5394811015,0.00043659237788417265
2020,2021,CA5592224011,0.0006605773680950284
2020,2021,CA56501R1064,0.0009199376962253908
2020,2021,CA59151K1084,0.0
2020,2021,CA59162N1096,0.00022844164411747023
2020,2021,CA6744822033,0.0
2020,2021,CA6837151068,0.0003042898799367813
2020,2021,CA7392391016,0.00041840123124837624
2020,2021,CA74022D4075,0.0001535953102898262
2020,2021,CA7669101031,0.00017265775859264576
2020,2021,CA7751092007,0.0005564024346175592
2020,2021,CA7800871021,0.003150175230640105
2020,2021,CA8029121057,0.0003880630465367578
2020,2021,CA82028K2002,0.0002913797960698499
2020,2021,CA8239011031,0.0
2020,2021,CA85472N1096,0.00015154651744509802
2020,2021,CA8667961053,0.0006683139470389208
2020,2021,CA8672241079,0.0004327297423911686
2020,2021,CA87807B1076,0.0008598181754820696
2020,2021,CA8787422044,0.0003178130622147196
2020,2021,CA87971M1032,0.0007022365031316817
2020,2021,CA8849038085,0.0010784430355370695
2020,2021,CA8911605092,0.0027741681101732065
2020,2021,CA89346D1078,0.0
2020,2021,CA8959451037,5.411339636125322e-05
2020,2021,CA9611485090,0.00028037130257806944
2020,2021,CA98462Y1007,0.000215012798131043
2020,2021,CH0000816824,6.52383231446876e-05
2020,2021,CH0008038389,0.0002557810249451347
2020,2021,CH0008742519,0.0008533509954271505
2020,2021,CH0010570759,0.000385089248258682
2020,2021,CH0010645932,0.0010831134892580593
2020,2021,CH0011075394,0.0017507561371418205
2020,2021,CH0012005267,0.006200014351543358
2020,2021,CH0012032048,0.006497252764825395
2020,2021,CH0012138530,0.0008375996962846262
2020,2021,CH0012138605,0.0003103738169120133
2020,2021,CH0012142631,0.00018839362615792087
2020,2021,CH0012214059,0.0
2020,2021,CH0012221716,0.0015872577695533415
2020,2021,CH0012255151,0.00019942855523858905
2020,2021,CH0012549785,0.0005369057354368463
2020,2021,CH0013841017,0.001285510413405268
2020,2021,CH0014786500,6.622206475993236e-19
2020,2021,CH0014852781,0.00042680086886550425
2020,2021,CH0018294154,0.0002233397048546524
2020,2021,CH0024608827,0.0008053951613276677
2020,2021,CH0024638212,0.0004920003552103312
2020,2021,CH0025238863,0.0007519967466887254
2020,2021,CH0025751329,0.0003845179129906027
2020,2021,CH0030170408,0.0006089117093537667
2020,2021,CH0038388911,9.243333190713216e-05
2020,2021,CH0038863350,0.009027876989206518
2020,2021,CH0044328745,0.0018791298486657104
2020,2021,CH0048265513,0.0
2020,2021,CH0102484968,0.0003759878361777168
2020,2021,CH0126881561,0.0008487966809197127
2020,2021,CH0210483332,0.0012429557314536154
2020,2021,CH0244767585,0.001444647827472596
2020,2021,CH0319416936,0.00021105465392631798
2020,2021,CH0418792922,0.000998142400888543
2020,2021,CH1169151003,0.0001665167418122482
2020,2021,CH1175448666,0.0005176404391060874
2020,2021,CH1256740924,0.0006263825069231363
2020,2021,DE0005089031,0.00024395404045994605
2020,2021,DE0005140008,0.0005765915951676706
2020,2021,DE0005190003,0.0014320424276268414
2020,2021,DE0005200000,0.0007518153995577621
2020,2021,DE0005408884,0.0001052396720033377
2020,2021,DE0005439004,0.0007620568818787418
2020,2021,DE0005470405,8.30858465132997e-05
2020,2021,DE0005552004,0.0016383944538265925
2020,2021,DE0005557508,0.002326453781580758
2020,2021,DE0005773303,0.00017159128179083447
2020,2021,DE0005785604,0.00058211155385228
2020,2021,DE0005785802,0.0006350393767741249
2020,2021,DE0005810055,0.0008189367619620048
2020,2021,DE0005909006,6.314857417933734e-05
2020,2021,DE0006047004,0.0
2020,2021,DE0006048432,0.0005045764844674247
2020,2021,DE0006070006,0.00018167685349291263
2020,2021,DE0006202005,0.0
2020,2021,DE0006231004,0.0013792881132210458
2020,2021,DE0006569908,1.3494232469034242e-05
2020,2021,DE0006599905,0.0005387930664793652
2020,2021,DE0006602006,0.00018121249477920357
2020,2021,DE0006969603,0.0005265423362015772
2020,2021,DE0007030009,0.00011655736119271243
2020,2021,DE0007037129,0.0
2020,2021,DE0007042301,0.0
2020,2021,DE0007100000,0.002059237607443284
2020,2021,DE0007164600,0.0042724219441370335
2020,2021,DE0007236101,0.0032926743166534034
2020,2021,DE0007257503,0.00010071989924171135
2020,2021,DE0007297004,1.2408202151381643e-21
2020,2021,DE0007314007,4.9035339948413915e-05
2020,2021,DE0007500001,0.0
2020,2021,DE0007507501,8.165436299936856e-05
2020,2021,DE0007664039,0.0010443181188567168
2020,2021,DE0008232125,7.6105706604296e-21
2020,2021,DE0008402215,0.0005707202838395138
2020,2021,DE0008404005,0.002724576130344477
2020,2021,DE0008430026,0.001156669466484413
2020,2021,DE000A0D6554,0.0001323338804148273
2020,2021,DE000A0D9PT0,0.00048063061143067986
2020,2021,DE000A0S8488,0.00013666559782675864
2020,2021,DE000A0WMPJ6,0.0
2020,2021,DE000A1EWWW0,0.0019478945795991705
2020,2021,DE000A2GS401,7.139028990691318e-05
2020,2021,DE000BASF111,0.0018870447154628435
2020,2021,DE000BAY0017,0.0015968997351242414
2020,2021,DE000CBK1001,0.00015214224714601987
2020,2021,DE000CLS1001,0.00021650558907377563
2020,2021,DE000ENAG999,0.001002458108892975
2020,2021,DE000KSAG888,0.0
2020,2021,DE000PSM7770,3.463938819249097e-05
2020,2021,DE000TUAG505,0.0
2020,2021,DK0010181759,0.00041593025567908544
2020,2021,DK0010234467,0.00014032596434167803
2020,2021,DK0010244508,0.0
2020,2021,DK0010272632,0.0002854171971916977
2020,2021,DK0010274414,0.0003142912663876206
2020,2021,DK0010287663,5.41445411642423e-05
2020,2021,DK0010307958,0.00010172516870603396
2020,2021,DK0010311471,5.975074783090046e-05
2020,2021,DK0060079531,0.001048151790137847
2020,2021,DK0060336014,0.00031953412316298963
2020,2021,DK0060448595,0.0007752601283037304
2020,2021,DK0060477503,0.0001530150622883161
2020,2021,DK0060636678,0.00025058063023631255
2020,2021,DK0060738599,0.0002772062919798948
2020,2021,DK0061539921,0.0011348672880623196
2020,2021,ES0109427734,0.0
2020,2021,ES0112501012,8.76788625860736e-05
2020,2021,ES0113211835,0.0009272526882200628
2020,2021,ES0113679I37,0.00012314809205210165
2020,2021,ES0113860A34,0.00011564480392360925
2020,2021,ES0113900J37,0.0015073748304751382
2020,2021,ES0116870314,0.00041046240594869155
2020,2021,ES0117160111,0.00013830505858234102
2020,2021,ES0118594417,0.00013201223391960443
2020,2021,ES0122060314,0.0
2020,2021,ES0124244E34,0.00023768584477684474
2020,2021,ES0125220311,0.00026113905223697844
2020,2021,ES0130670112,0.000727445573810955
2020,2021,ES0130960018,0.0003017907575874284
2020,2021,ES0132105018,6.461800532689416e-05
2020,2021,ES0134950F36,7.203391626098244e-05
2020,2021,ES0142090317,0.0
2020,2021,ES0144580Y14,0.0024328445858206225
2020,2021,ES0148396007,0.002645424637564956
2020,2021,ES0152503035,3.214948734193399e-05
2020,2021,ES0161560018,4.2315842672462425e-05
2020,2021,ES0167050915,0.0002800371548822795
2020,2021,ES0171996087,0.00032691450664301
2020,2021,ES0173093024,0.0004447719381663692
2020,2021,ES0173516115,0.0
2020,2021,ES0178430E18,0.0007232328991203626
2020,2021,ES0182870214,0.00014242481966083656
2020,2021,ES0184933812,6.720449707956246e-05
2020,2021,FI0009000202,0.000222680743306194
2020,2021,FI0009000277,0.00015746085874280533
2020,2021,FI0009000459,0.00012569443565238803
2020,2021,FI0009000681,0.0006284344704700907
2020,2021,FI0009002158,0.00010122377102230467
2020,2021,FI0009002422,4.9080714676695536e-20
2020,2021,FI0009003727,0.00017465302715615193
2020,2021,FI0009005318,2.604405118526595e-05
2020,2021,FI0009005870,7.078949019127829e-05
2020,2021,FI0009005961,0.0003255784578678528
2020,2021,FI0009005987,0.0005250060250043109
2020,2021,FI0009007132,0.0
2020,2021,FI0009007694,3.955540886432407e-06
2020,2021,FI0009007884,0.00031259685581829454
2020,2021,FI0009013296,0.0015885663092432376
2020,2021,FI0009013403,0.000992239397823958
2020,2021,FI0009800643,6.496317281512194e-20
2020,2021,FI4000440664,0.00010592974314870403
2020,2021,FR0000035081,0.00020694950137483312
2020,2021,FR0000039109,7.068651019729298e-22
2020,2021,FR0000044448,4.3076406821223206e-05
2020,2021,FR0000045072,0.0009953828556549962
2020,2021,FR0000051070,1.3510659065164306e-20
2020,2021,FR0000052292,0.003038651991562856
2020,2021,FR0000054900,0.0
2020,2021,FR0000064578,0.0002915505077986068
2020,2021,FR0000073272,0.001606432794441101
2020,2021,FR0000077919,0.00014145700103768505
2020,2021,FR0000120073,0.00195591626802746
2020,2021,FR0000120172,0.000392475654424053
2020,2021,FR0000120222,0.00034267245983329815
2020,2021,FR0000120271,0.003008266406925343
2020,2021,FR0000120321,0.0056758089811839154
2020,2021,FR0000120404,0.00019563243680294996
2020,2021,FR0000120503,0.0003714921174982068
2020,2021,FR0000120560,0.00016770846162438762
2020,2021,FR0000120578,0.003291087983577001
2020,2021,FR0000120628,0.0015422269965372785
2020,2021,FR0000120644,0.0011992718053453247
2020,2021,FR0000120693,0.0013861439292973624
2020,2021,FR0000120859,1.897030244199185e-20
2020,2021,FR0000120966,0.00017243702403830884
2020,2021,FR0000121014,0.008334376910203282
2020,2021,FR0000121121,0.00015283091705768016
2020,2021,FR0000121204,0.00013906932994922597
2020,2021,FR0000121220,0.000305242274406054
2020,2021,FR0000121329,0.0005208091274972926
2020,2021,FR0000121485,0.0025163940554609613
2020,2021,FR0000121667,0.001824391181356403
2020,2021,FR0000121964,0.00023223428499870064
2020,2021,FR0000121972,0.0021978087932823537
2020,2021,FR0000124141,0.0
2020,2021,FR0000125007,0.0004962068383995166
2020,2021,FR0000125338,0.0006886165329041227
2020,2021,FR0000125486,0.0016264317126601356
2020,2021,FR0000127771,0.0010755409019625544
2020,2021,FR0000130213,8.385296080548209e-05
2020,2021,FR0000130395,0.0002064867408938584
2020,2021,FR0000130403,0.0026667897538903656
2020,2021,FR0000130452,0.00025673971277080085
2020,2021,FR0000130577,0.0003949599551004092
2020,2021,FR0000130809,0.00043054974645450846
2020,2021,FR0000131104,0.0017554183357944516
2020,2021,FR0000131757,0.0
2020,2021,FR0000131906,0.0003407544964322115
2020,2021,FR0000133308,0.0009602553001462254
2020,2021,FR0010040865,0.00031822570055594295
2020,2021,FR0010220475,0.0005108032771413058
2020,2021,FR0010242511,0.0011865769302034648
2020,2021,FR0010307819,0.0006389042187483243
2020,2021,FR0010313833,0.00010854212014534771
2020,2021,FR0010340141,0.00044846460725804304
2020,2021,FR0010411983,0.00019270016751823802
2020,2021,FR0010533075,0.00032604558985792424
2020,2021,FR0013176526,0.0002299294606348829
2020,2021,FR0013280286,0.00044921644783442677
2020,2021,FR0013326246,0.0004142271817116711
2020,2021,FR0013506730,0.0
2020,2021,FR0014003TT8,0.0013770686505860457
2020,2021,FR001400AJ45,0.0006104564551384426
2020,2021,GB0000163088,7.472939251935614e-05
2020,2021,GB0000365774,0.0
2020,2021,GB0000456144,0.0005131680652600745
2020,2021,GB0000536739,0.0005880760402933046
2020,2021,GB0000811801,0.00022343876089456327
2020,2021,GB0000904986,0.00017820929846523858
2020,2021,GB0000961622,7.645121746600456e-05
2020,2021,GB0001048619,2.5857539085294324e-18
2020,2021,GB0001110096,1.2778802887239122e-18
2020,2021,GB0001367019,0.00018074790491226926
2020,2021,GB0001500809,0.0
2020,2021,GB0001570810,0.0
2020,2021,GB0001638955,5.393758786110043e-05
2020,2021,GB0001667087,0.0
2020,2021,GB0001765816,8.407698129977982e-05
2020,2021,GB0001795680,0.0
2020,2021,GB0001826634,0.00015335593132319197
2020,2021,GB0001859296,7.157698797584609e-05
2020,2021,GB0002015021,1.7764078250034535e-19
2020,2021,GB0002018363,4.825222510129851e-05
2020,2021,GB0002074580,9.345865019292978e-05
2020,2021,GB0002148343,5.9992757069881426e-05
2020,2021,GB0002318888,9.253195284463826e-05
2020,2021,GB0002374006,0.00246166705447838
2020,2021,GB0002418548,1.1064504839729323e-19
2020,2021,GB0002634946,0.0005871048304737608
2020,2021,GB0002652740,0.00013303337925153684
2020,2021,GB0002670437,0.0
2020,2021,GB0002869419,5.922689348216667e-05
2020,2021,GB0002875804,0.002260135157241622
2020,2021,GB0003062816,0.0
2020,2021,GB0003096442,0.00020322862123329588
2020,2021,GB0003308607,8.203995077961603e-05
2020,2021,GB0003395000,0.00011535277548601311
2020,2021,GB0003452173,1.1553454158972375e-19
2020,2021,GB0003718474,0.0001583973353470283
2020,2021,GB0003753778,0.0
2020,2021,GB0004052071,0.00031879172817036685
2020,2021,GB0004082847,0.0006198365205481267
2020,2021,GB0004161021,0.0001403734193525809
2020,2021,GB0004170089,0.0
2020,2021,GB0004270301,0.0
2020,2021,GB0004478896,0.00013593426597344053
2020,2021,GB0004544929,0.000538474282710726
2020,2021,GB0004657408,7.433496242444318e-06
2020,2021,GB0004726096,9.0976893363768e-05
2020,2021,GB0004866223,2.1636896680627955e-20
2020,2021,GB0004915632,0.0
2020,2021,GB0005405286,0.002820843250428102
2020,2021,GB0005576813,5.391795100015848e-05
2020,2021,GB0005603997,0.0005797670780964376
2020,2021,GB0005630420,0.0
2020,2021,GB0005746358,5.91527846546759e-20
2020,2021,GB0005758098,0.0001506358011470105
2020,2021,GB0005790059,0.0
2020,2021,GB0006027295,0.0
2020,2021,GB0006215205,0.0
2020,2021,GB0006449366,0.00014054360660997595
2020,2021,GB0006640972,3.649701154747641e-05
2020,2021,GB0006650450,5.219642960833514e-05
2020,2021,GB0006731235,0.0006668963867402714
2020,2021,GB0006776081,0.00022731673776900876
2020,2021,GB0006825383,0.00034505933057434615
2020,2021,GB0006886666,2.5688204827654887e-05
2020,2021,GB0006928617,0.0001474263317216558
2020,2021,GB0006963689,4.2166968206684866e-05
2020,2021,GB0007099541,0.0012767156755381166
2020,2021,GB0007188757,0.0024962844980496836
2020,2021,GB0007323586,0.0001455013013754157
2020,2021,GB0007370074,0.0
2020,2021,GB0007388407,5.1107051506021125e-05
2020,2021,GB0007594764,1.1237688924854499e-05
2020,2021,GB0007668071,2.761441612840093e-05
2020,2021,GB0007669376,0.00016591030702253418
2020,2021,GB0007689002,5.578556444565399e-05
2020,2021,GB0007908733,0.00047423625597921016
2020,2021,GB0007958233,3.6995038709438243e-05
2020,2021,GB0007973794,0.0
2020,2021,GB0007980591,0.0016856818129414235
2020,2021,GB0008025412,3.668032159533898e-05
2020,2021,GB0008085614,9.847044949804352e-05
2020,2021,GB0008220112,5.4501918581134136e-05
2020,2021,GB0008475088,0.0
2020,2021,GB0008481250,5.004589717951748e-19
2020,2021,GB0008706128,0.0008790449339610413
2020,2021,GB0008711763,7.789343380945901e-05
2020,2021,GB0008782301,0.0001806001518550176
2020,2021,GB0008794710,1.2365762994649047e-05
2020,2021,GB0009067447,0.0
2020,2021,GB0009123323,6.901879376929245e-19
2020,2021,GB0009223206,0.0005167798235596191
2020,2021,GB0009286963,6.335678864919569e-19
2020,2021,GB0009292243,0.00011820433239979276
2020,2021,GB0009296665,5.207659543079166e-05
2020,2021,GB0009465807,0.00027696494437871736
2020,2021,GB0009633180,0.00019728004431858454
2020,2021,GB0009692319,8.13263139369375e-05
2020,2021,GB0009697037,2.5250253187152976e-05
2020,2021,GB0009895292,0.0035360963234810244
2020,2021,GB0022569080,0.0002486173138932519
2020,2021,GB0030181522,0.0
2020,2021,GB0030232317,3.9544419511569774e-18
2020,2021,GB0030329360,0.0
2020,2021,GB0030913577,0.000480832293549046
2020,2021,GB0031274896,6.983740986184797e-05
2020,2021,GB0031348658,0.000906853654204777
2020,2021,GB0031638363,0.0004218778585955536
2020,2021,GB0031743007,0.00033406786063413477
2020,2021,GB0032089863,0.0003325547000798871
2020,2021,GB0033195214,0.00018738230026274535
2020,2021,GB0033986497,0.00010478176915313186
2020,2021,GB00B00FPT80,1.8829280902293066e-05
2020,2021,GB00B012BV22,4.2718130556847715e-05
2020,2021,GB00B012TP20,4.345716408022491e-05
2020,2021,GB00B019KW72,0.00021135601169330727
2020,2021,GB00B01QGK86,0.0
2020,2021,GB00B02J6398,0.0003200287213235246
2020,2021,GB00B033F229,0.0
2020,2021,GB00B03HDJ73,5.3814270282757e-05
2020,2021,GB00B04V1276,4.513072726635887e-05
2020,2021,GB00B06QFB75,5.7126746521236614e-05
2020,2021,GB00B0744359,4.0453304204420315e-05
2020,2021,GB00B0744B38,0.0003703690007475925
2020,2021,GB00B082RF11,0.0003513154277781277
2020,2021,GB00B0FYMT95,1.0330462935254332e-05
2020,2021,GB00B0KM9T71,4.108636549637272e-05
2020,2021,GB00B0LCW083,0.0003263473637881914
2020,2021,GB00B0N8QD54,6.938107186497466e-05
2020,2021,GB00B0SWJX34,0.0011143339323208862
2020,2021,GB00B0WMWD03,8.493779911464561e-05
2020,2021,GB00B0YG1K06,3.5212369913680126e-05
2020,2021,GB00B128J450,0.00011767801030510885
2020,2021,GB00B132NW22,0.00021410435349255647
2020,2021,GB00B135BJ46,7.253368183960193e-05
2020,2021,GB00B17MMZ46,1.5985490917182997e-05
2020,2021,GB00B18P5K83,8.096813493469541e-19
2020,2021,GB00B19Z1432,0.0
2020,2021,GB00B1FH8J72,0.00019694463711832474
2020,2021,GB00B1FP6H53,9.013747410604992e-05
2020,2021,GB00B1FW5029,0.00011656479545425698
2020,2021,GB00B1G5HX72,2.927069187965713e-18
2020,2021,GB00B1JQDM80,1.5015650114730849e-18
2020,2021,GB00B1KJJ408,0.00021409807421830776
2020,2021,GB00B1L5QH97,5.599805353119483e-06
2020,2021,GB00B1P6ZR11,9.426367905720338e-06
2020,2021,GB00B1VNSX38,0.0
2020,2021,GB00B1WY2338,0.00022530616581506452
2020,2021,GB00B1XH2C03,8.865524736489164e-05
2020,2021,GB00B1YW4409,0.0004137147597819695
2020,2021,GB00B27YGJ97,0.0
2020,2021,GB00B2B0DG97,0.0012723085874552329
2020,2021,GB00B2NGPM57,4.422315927858217e-05
2020,2021,GB00B2PDGW16,5.7203954636051505e-05
2020,2021,GB00B39J2M42,0.0002900128617510126
2020,2021,GB00B3CX3644,5.2064199869770347e-05
2020,2021,GB00B3DGH821,2.5887751756666594e-18
2020,2021,GB00B3FLWH99,2.418926494172074e-05
2020,2021,GB00B41H7391,0.0001069570875248628
2020,2021,GB00B45C9X44,1.5303889807180685e-18
2020,2021,GB00B572ZV91,0.0
2020,2021,GB00B5N0P849,0.00014947285474123902
2020,2021,GB00B5ZN1N88,0.000412182440853863
2020,2021,GB00B61TVQ02,0.000104814285377603
2020,2021,GB00B63H8491,0.0004326714041658694
2020,2021,GB00B63QSB39,0.00011922478445528847
2020,2021,GB00B64NSP76,1.889808233395267e-05
2020,2021,GB00B67G5X01,7.106438268726379e-05
2020,2021,GB00B6XZKY75,1.535954427915241e-05
2020,2021,GB00B6YTLS95,0.0
2020,2021,GB00B7KR2P84,0.0
2020,2021,GB00B82YXW83,0.0
2020,2021,GB00B8B4R053,6.331344670845669e-18
2020,2021,GB00B8C3BL03,0.00024358208087623
2020,2021,GB00BD6K4575,0.0009070027149203741
2020,2021,GB00BDCPN049,0.0006133026945504789
2020,2021,GB00BDFBVT43,1.2612415488259494e-17
2020,2021,GB00BDR05C01,0.0011266468805352582
2020,2021,GB00BF044593,1.151349632383134e-05
2020,2021,GB00BF5H9P87,6.355751055227196e-05
2020,2021,GB00BF8Q6K64,0.00022073600629650614
2020,2021,GB00BG11K365,5.989404987341678e-05
2020,2021,GB00BGDT3G23,8.680233680042324e-05
2020,2021,GB00BGLP8L22,2.9539116690359564e-05
2020,2021,GB00BH4HKS39,0.0012378216269567871
2020,2021,GB00BHJYC057,0.00030886104939304825
2020,2021,GB00BJ1F4N75,9.174665728142984e-05
2020,2021,GB00BJFFLV09,0.00036983233727705297
2020,2021,GB00BJQZC279,2.694268625722004e-05
2020,2021,GB00BJT0FF39,4.387734652585104e-05
2020,2021,GB00BK9RKT01,7.506140022437734e-05
2020,2021,GB00BKP36R26,4.9911017021579244e-20
2020,2021,GB00BKY40Q38,0.0
2020,2021,GB00BL6XZ716,4.059542165403783e-05
2020,2021,GB00BLGZ9862,0.0008819481966546329
2020,2021,GB00BM8PJY71,0.0007174817094251186
2020,2021,GB00BM8Q5M07,0.0002966902398995157
2020,2021,GB00BMJ6DW54,0.0003128349022622806
2020,2021,GB00BN7SWP63,0.0025280692978220548
2020,2021,GB00BNGDN821,0.0002724347456793324
2020,2021,GB00BNNTLN49,2.054771277569901e-05
2020,2021,GB00BNR4T868,0.0
2020,2021,GB00BP6MXD84,0.0015758183635396525
2020,2021,GB00BP92CJ43,0.0
2020,2021,GB00BP9LHF23,0.00024407503914392173
2020,2021,GB00BPQY8M80,0.000541167093984757
2020,2021,GB00BRB37M78,0.0001814069747190495
2020,2021,GB00BRKD9Z53,0.0
2020,2021,GB00BV9FP302,4.40830329414021e-05
2020,2021,GB00BVFNZH21,0.00021733629066538474
2020,2021,GB00BWFGQN14,0.0003001566946629129
2020,2021,GB00BYQ0JC66,2.995516777264514e-05
2020,2021,GB00BYRJ5J14,6.738078788498399e-05
2020,2021,GB00BYT1DJ19,0.0001430209467556315
2020,2021,GB00BYW0PQ60,0.0002100079817145982
2020,2021,GB00BYYTFB60,0.00012236358462401368
2020,2021,GB00BYZN9041,0.00011794358649489966
2020,2021,GB00BZ4BQC70,0.00016973452427738095
2020,2021,IE0001827041,0.0004160598040046308
2020,2021,IE0002424939,0.0001378409384405243
2020,2021,IE0003864109,2.435554417546561e-19
2020,2021,IE0004906560,0.0006963554028470367
2020,2021,IE0004927939,0.00022462484168665303
2020,2021,IE00B00MZ448,6.853984757039084e-05
2020,2021,IE00B4BNMY34,0.004539047620418298
2020,2021,IE00B8KQN827,0.0012558541205644252
2020,2021,IE00BD1RP616,0.00010179992264146817
2020,2021,IE00BDB6Q211,0.000776842371350011
2020,2021,IE00BF0L3536,0.00019762893321396833
2020,2021,IE00BGH1M568,0.00022601144578434634
2020,2021,IE00BJ3V9050,0.00011103347219266593
2020,2021,IE00BK9ZQ967,0.0009064879145196095
2020,2021,IE00BLP1HW54,0.0012909375544024354
2020,2021,IE00BLS09M33,0.0002402469283407913
2020,2021,IE00BTN1Y115,0.004190709531976894
2020,2021,IE00BWT6H894,0.000912996582055669
2020,2021,IE00BY7QL619,0.0009025381533320021
2020,2021,IL0002300114,9.973478689776645e-05
2020,2021,IL0002730112,0.0004979332532694826
2020,2021,IL0002810146,0.00011320518462469456
2020,2021,IL0005930388,6.350959050790537e-05
2020,2021,IL0006046119,0.0002496161869641249
2020,2021,IL0006625771,0.00022789054336695472
2020,2021,IL0006954379,0.00021554726741767667
2020,2021,IL0010811243,0.0001533235480086145
2020,2021,IT0000062072,0.000799998812306969
2020,2021,IT0000062957,0.00027913819071279875
2020,2021,IT0000066123,2.8895339225318033e-05
2020,2021,IT0000072618,0.001170724261593899
2020,2021,IT0000784154,5.1101501316336056e-05
2020,2021,IT0000784196,9.046361513910922e-05
2020,2021,IT0001137345,7.958689850309787e-05
2020,2021,IT0001233417,0.0
2020,2021,IT0001347308,0.0
2020,2021,IT0001469383,7.199874088420784e-05
2020,2021,IT0003128367,0.002593196064322033
2020,2021,IT0003132476,0.0005544947433533769
2020,2021,IT0003153415,0.0005535938852139019
2020,2021,IT0003242622,0.0005061256361782246
2020,2021,IT0003497168,0.00025931320032275275
2020,2021,IT0003506190,0.000528279421676871
2020,2021,IT0003856405,0.00020166552648624486
2020,2021,IT0004810054,0.00013947189946192967
2020,2021,IT0004827447,0.00028734290895600465
2020,2021,IT0005218380,9.401424047291728e-05
2020,2021,IT0005239360,0.0005967800291116462
2020,2021,IT0005495657,9.15156773980292e-06
2020,2021,JE00B8KF9B49,0.00041807435375075037
2020,2021,JE00BJ1DLW90,0.00017139049811672582
2020,2021,LR0008862868,0.0004783467167658295
2020,2021,LU0075646355,9.192782567855258e-05
2020,2021,NL0000008977,0.0007171745318022757
2020,2021,NL0000009082,0.00045716649899729423
2020,2021,NL0000009165,0.001725377302029935
2020,2021,NL0000009538,0.0013399875428795516
2020,2021,NL0000226223,0.0009704388502614052
2020,2021,NL0000235190,0.0022228934882857288
2020,2021,NL0000289213,0.00010266992742205311
2020,2021,NL0000337319,0.0
2020,2021,NL0000360618,1.0454045146109569e-20
2020,2021,NL0000379121,0.00026120882726726757
2020,2021,NL0000395903,0.0006177814487371569
2020,2021,NL0006237562,7.875519966989995e-05
2020,2021,NL0009432491,0.00020404013325663167
2020,2021,NL0010273215,0.005404622851296353
2020,2021,NL0010583399,4.982577771184086e-05
2020,2021,NL0011794037,0.0008622778664036841
2020,2021,NL0011821202,0.0009508522755903284
2020,2021,NL0013267909,0.0005409777789521857
2020,2021,NL0013332471,4.4842884351365325e-18
2020,2021,NL00150001Q9,0.0007798951011119262
2020,2021,NL00150003E1,3.170822701492196e-05
2020,2021,NL0015001FS8,0.0005900249848655935
2020,2021,NL0015435975,0.00043112236657705304
2020,2021,NO0003028904,1.875218490972794e-05
2020,2021,NO0003053605,0.00011588955841599461
2020,2021,NO0003078800,0.00023564239571563365
2020,2021,NO0003733800,0.0002564315664384642
2020,2021,NO0005052605,0.0
2020,2021,NO0010063308,0.0006842702502896291
2020,2021,NO0010096985,0.00149910810139509
2020,2021,NO0010199151,0.0
2020,2021,NO0010208051,0.0
2020,2021,NO0010215684,9.458261873013025e-05
2020,2021,NO0012470089,0.00020172292545622534
2020,2021,PA1436583006,0.0004018583727296754
2020,2021,PTBCP0AM0015,0.00016084841337482935
2020,2021,PTEDP0AM0009,0.0006332636108155258
2020,2021,PTJMT0AE0001,0.00028425918459663553
2020,2021,PTSON0AM0001,4.959416848559488e-05
2020,2021,PTZON0AM0006,4.739433021024672e-05
2020,2021,SE0000106270,0.0009542684090637436
2020,2021,SE0000108227,0.0002930565558946888
2020,2021,SE0000108656,0.001005230902457025
2020,2021,SE0000112724,0.00035846506497948694
2020,2021,SE0000113250,0.0002875730754802038
2020,2021,SE0000114837,0.00012153890149612507
2020,2021,SE0000148884,0.000619104075782397
2020,2021,SE0000163594,0.00013173962344704306
2020,2021,SE0000163628,0.00020539206083174718
2020,2021,SE0000171100,0.0
2020,2021,SE0000190126,0.0002701127225242269
2020,2021,SE0000202624,0.00010314737178691828
2020,2021,SE0000242455,0.0005756652891247561
2020,2021,SE0000379190,0.00024264831384700187
2020,2021,SE0000667891,0.000854458326878543
2020,2021,SE0000667925,0.0004829322758685972
2020,2021,SE0000695876,0.0003736768105452827
2020,2021,SE0000806994,0.00012896843346035653
2020,2021,SE0000862997,0.00015041043614262106
2020,2021,SE0000949331,9.516781803697634e-05
2020,2021,SE0001662230,0.00013191164483457177
2020,2021,SE0005190238,0.0002708497517584068
2020,2021,SE0006993770,0.00019580462353688415
2020,2021,SE0007100581,0.0007096769454037763
2020,2021,SE0007100599,0.0005053527937795382
2020,2021,SE0011090018,0.000185564521417627
2020,2021,SE0011166974,0.00019196287001732303
2020,2021,SE0015811955,0.0006370106899081504
2020,2021,SE0015812219,0.0003934228616298331
2020,2021,SE0015961909,0.0008188020861909243
2020,2021,SE0015988019,0.0004100335965089059
2020,2021,SE0016589188,0.00024432117319268175
2020,2021,SE0017486889,0.0011500546914679965
2020,2021,SE0018012494,8.545238906343393e-05
2020,2021,SE0018012635,0.0001135361358351572
2020,2021,SE0020050417,0.00029434894557708115
2020,2021,US0010551028,0.0008711616533768278
2020,2021,US0010841023,0.0002168626354861971
2020,2021,US00130H1059,0.0
2020,2021,US00206R1023,0.005455160805092191
2020,2021,US0028241000,0.005151703659614712
2020,2021,US0028962076,5.7567016884410306e-05
2020,2021,US00724F1012,0.00638811646155531
2020,2021,US00751Y1064,0.0003096731509209564
2020,2021,US0079031078,0.0028535364110005264
2020,2021,US0082521081,0.00015183304676355191
2020,2021,US00846U1016,0.0010007453312009238
2020,2021,US0091581068,0.0014576706532743022
2020,2021,US00971T1016,0.0004849854905816806
2020,2021,US0126531013,0.00046628071715341637
2020,2021,US0152711091,0.000704073598833052
2020,2021,US01741R1023,6.160767192061257e-05
2020,2021,US0185811082,7.32280091596356e-05
2020,2021,US0188021085,0.0
2020,2021,US0200021014,0.0009720554716076283
2020,2021,US02079K3059,0.01389502922816391
2020,2021,US02209S1033,0.002073748409650829
2020,2021,US0231351067,0.04307869337246738
2020,2021,US0236081024,0.0
2020,2021,US0255371017,0.0005905613744549818
2020,2021,US02553E1064,7.194435913889878e-05
2020,2021,US0258161092,0.00261686648574781
2020,2021,US0268747849,0.0009156501169910261
2020,2021,US03027X1000,0.002736253783064997
2020,2021,US03073E1055,0.0004524623225333602
2020,2021,US03076C1062,0.0006310761368070733
2020,2021,US0311001004,0.0007174582628199426
2020,2021,US0311621009,0.0035414928775464147
2020,2021,US0320951017,0.0010863365619871391
2020,2021,US0326541051,0.001490960919241796
2020,2021,US0367521038,0.002128706824703801
2020,2021,US03743Q1085,1.232144954646254e-20
2020,2021,US0378331005,0.058919328125737754
2020,2021,US0382221051,0.002074385437890673
2020,2021,US0383361039,0.0002967517380524045
2020,2021,US0394831020,0.0005898620465846741
2020,2021,US0441861046,0.0001140706219326131
2020,2021,US0454871056,8.741191943189299e-05
2020,2021,US04621X1081,0.0002703985152487486
2020,2021,US0495601058,0.0004449540422836105
2020,2021,US0527691069,0.0018511966768515904
2020,2021,US0528001094,0.0002704648307804259
2020,2021,US0530151036,0.002019378752231141
2020,2021,US0533321024,0.0006907859891645565
2020,2021,US0534841012,0.0006219596608458209
2020,2021,US0536111091,0.0003691373815883501
2020,2021,US0537741052,0.0
2020,2021,US0538071038,0.00014409701828845212
2020,2021,US0565251081,0.0
2020,2021,US0584981064,0.0008040826484460726
2020,2021,US0605051046,0.006942198584562625
2020,2021,US0640581007,0.0010355782405547867
2020,2021,US0708301041,0.00018371718993605496
2020,2021,US0718131099,0.0011664015461360137
2020,2021,US0758871091,0.0019305384924009242
2020,2021,US0758961009,1.0457069246684658e-05
2020,2021,US0844231029,0.00038291506251730666
2020,2021,US0865161014,0.0006403272955866182
2020,2021,US0893021032,9.977490434587338e-05
2020,2021,US09061G1013,0.00030031146762816584
2020,2021,US09062X1037,0.0009492856383332848
2020,2021,US0970231058,0.00338175144903469
2020,2021,US09857L1089,0.002356353890690866
2020,2021,US0997241064,0.00030390562809205177
2020,2021,US1011211018,0.0004327300504836127
2020,2021,US1011371077,0.0013283208873963355
2020,2021,US1053682035,0.00011270750954803349
2020,2021,US1096411004,6.941980353536321e-05
2020,2021,US1101221083,0.0036967384225285935
2020,2021,US1124631045,1.5757969325435604e-19
2020,2021,US1156372096,0.0007162175402411658
2020,2021,US12504L1098,0.0005376279857552542
2020,2021,US1252691001,0.0
2020,2021,US12541W2098,0.0003873469374016427
2020,2021,US1255231003,0.0019232609218227112
2020,2021,US12572Q1058,0.0016866684596620028
2020,2021,US1258961002,0.00013784857697556063
2020,2021,US1264081035,0.0017941440302143192
2020,2021,US12653C1080,7.416702302481258e-05
2020,2021,US1266501006,0.002371241462101297
2020,2021,US1270551013,0.0
2020,2021,US1270971039,8.843709174607477e-05
2020,2021,US1273871087,0.0010284079244266887
2020,2021,US1307881029,0.00017052651491056482
2020,2021,US1331311027,0.00032476083898187714
2020,2021,US1344291091,0.00037418114258579394
2020,2021,US14040H1059,0.0012194876271771624
2020,2021,US14149Y1082,0.00038410787970606517
2020,2021,US1423391002,0.0003037543037078583
2020,2021,US1431301027,0.0004386609236242317
2020,2021,US1491231015,0.002701523448652096
2020,2021,US1508701034,0.00043194056338939646
2020,2021,US15189T1079,0.00025745702533117845
2020,2021,US1567821046,0.0005694723270957029
2020,2021,US1598641074,0.0003536379943110002
2020,2021,US1667641005,0.004217856572336524
2020,2021,US1713401024,0.0005910631366924525
2020,2021,US1717793095,0.00023151465004207853
2020,2021,US1720621010,0.00036438953015046325
2020,2021,US17275R1023,0.004930318024393671
2020,2021,US1729081059,0.0009873406049729174
2020,2021,US1729674242,0.0034393647976117925
2020,2021,US1773761002,0.0004194658221704582
2020,2021,US1858991011,0.0
2020,2021,US1890541097,0.0006663221246903031
2020,2021,US1912161007,0.006301272818300743
2020,2021,US1924461023,0.001139498128716312
2020,2021,US1941621039,0.002003927586537199
2020,2021,US20030N1019,0.00628186227649831
2020,2021,US2003401070,0.0002645547888986094
2020,2021,US2017231034,9.224435094922291e-20
2020,2021,US2058871029,0.0005103875371167034
2020,2021,US20825C1045,0.001109892484995392
2020,2021,US2091151041,0.0007729653772554979
2020,2021,US21036P1084,0.0011315517423070344
2020,2021,US2193501051,0.00073496739618081
2020,2021,US22160K1051,0.004395697538686177
2020,2021,US22410J1060,0.0001018670564624362
2020,2021,US22822V1017,0.001882087602791925
2020,2021,US2283681060,0.0003259031925911634
2020,2021,US2310211063,0.0008775862927414405
2020,2021,US23331A1097,0.0006773035344501416
2020,2021,US2333311072,0.000301064981213375
2020,2021,US23355L1061,0.00014191260867719424
2020,2021,US2358511028,0.004196972020371133
2020,2021,US2371941053,0.00033400329744774437
2020,2021,US23918K1088,0.00033631504189624923
2020,2021,US2441991054,0.002257611572033874
2020,2021,US2473617023,0.00036251975004811905
2020,2021,US24906P1093,0.0002830685222494252
2020,2021,US25179M1036,0.0
2020,2021,US2533931026,7.817392342414823e-05
2020,2021,US2546871060,0.008638798971696357
2020,2021,US25525P1075,0.00017143505292988015
2020,2021,US25659T1079,0.000138204030217794
2020,2021,US2566771059,0.001355012328644981
2020,2021,US25746U1097,0.0014824270004787793
2020,2021,US2576511099,0.00030034122621814825
2020,2021,US25960P1093,0.00021458249219623128
2020,2021,US2600031080,0.0005544958188184427
2020,2021,US26441C2044,0.0013317655885557742
2020,2021,US26875P1012,0.0008148521677977507
2020,2021,US26884L1098,9.202847774166786e-05
2020,2021,US2774321002,0.0002568305438806823
2020,2021,US2786421030,0.0008339671026364278
2020,2021,US2788651006,0.0016867821504473863
2020,2021,US2810201077,0.0008311082459198535
2020,2021,US28176E1082,0.0014257615367117488
2020,2021,US2910111044,0.0013361838850807974
2020,2021,US29364G1031,0.0
2020,2021,US2944291051,0.0006259354364553789
2020,2021,US29444U7000,0.0016808884526547203
2020,2021,US29476L1070,0.0006524782107226057
2020,2021,US29670G1022,0.00039355196033633765
2020,2021,US2971781057,0.0004884037416795908
2020,2021,US30034W1062,0.0
2020,2021,US30040W1080,0.0009555080216117097
2020,2021,US30161N1019,0.0013414721052620866
2020,2021,US30212P3038,0.000534610648156401
2020,2021,US3021301094,0.0004180686297268221
2020,2021,US30231G1022,0.00436884408363508
2020,2021,US3024913036,0.00046283835435277366
2020,2021,US3029411093,0.00022570332338288647
2020,2021,US3030751057,0.00029572699338621715
2020,2021,US3119001044,0.0008436927300488172
2020,2021,US3137451015,0.0002421874407270766
2020,2021,US31428X1063,0.0017269847142303845
2020,2021,US3156161024,0.0003962174881681501
2020,2021,US31620M1062,0.0022482740049365835
2020,2021,US3167731005,0.0005689757974812061
2020,2021,US3205171057,0.00019863344195571812
2020,2021,US3377381088,0.002005005829461731
2020,2021,US3379321074,0.00017255529548968046
2020,2021,US3434121022,0.00013031547805319354
2020,2021,US34354P1057,0.000130456711326859
2020,2021,US3448491049,0.00011464010397418907
2020,2021,US3453708600,0.0009848619434175347
2020,2021,US3546131018,0.0003309285241092586
2020,2021,US35671D8570,0.0009150362212385644
2020,2021,US3614481030,0.0001629711906905255
2020,2021,US3635761097,0.0006565922228179557
2020,2021,US3647601083,0.00024361890739210354
2020,2021,US3703341046,0.0009865108551501988
2020,2021,US37045V1008,0.001613611711106791
2020,2021,US3719011096,0.0001956405429094141
2020,2021,US37247D1063,0.00019032431622842305
2020,2021,US3755581036,0.0018784466068976864
2020,2021,US37940X1028,0.0016945876675054218
2020,2021,US38141G1040,0.0024232037045858077
2020,2021,US3825501014,1.611592288360293e-19
2020,2021,US3841091040,0.00029885455419040346
2020,2021,US3848021040,0.0006730077387144762
2020,2021,US3976241071,0.0
2020,2021,US40434L1052,0.0008760440089117669
2020,2021,US4062161017,0.0005007138906174546
2020,2021,US4103451021,0.00012495276575595399
2020,2021,US4108671052,0.00019795924334242758
2020,2021,US4128221086,0.0001647112179102519
2020,2021,US4158641070,0.00011295795880406759
2020,2021,US4165151048,0.0005311158474295529
2020,2021,US4180561072,0.0004098259858862982
2020,2021,US4198701009,0.0
2020,2021,US42250P1030,0.0005609411406021098
2020,2021,US42330P1075,0.00016077588890523058
2020,2021,US4234521015,0.0
2020,2021,US4278661081,0.000649002527825478
2020,2021,US42809H1077,0.000437436552046805
2020,2021,US4370761029,0.00752326247644326
2020,2021,US4385161066,0.003979503749490054
2020,2021,US4404521001,0.0006967248276448695
2020,2021,US44107P1049,0.0003954225050819392
2020,2021,US4435106079,0.00027867922950902305
2020,2021,US4448591028,0.0014482211863171214
2020,2021,US4456581077,0.00035219799621951926
2020,2021,US4461501045,0.0003360204911209957
2020,2021,US4470111075,0.0003020084141640012
2020,2021,US45073V1089,0.0002071045937656952
2020,2021,US45167R1041,0.0003734278826465387
2020,2021,US45168D1046,0.001109886165270398
2020,2021,US4523081093,0.0016905378636012912
2020,2021,US4523271090,0.0014126070431771005
2020,2021,US4581401001,0.005460839777254451
2020,2021,US45866F1049,0.0016433894197569658
2020,2021,US4592001014,0.002979225566719179
2020,2021,US4595061015,0.0003514434676935764
2020,2021,US4601461035,0.0003607997660530243
2020,2021,US4606901001,0.00024568943116850135
2020,2021,US4612021034,0.00265758817059987
2020,2021,US46284V1017,0.0003593482639220664
2020,2021,US4657411066,8.956791413095178e-05
2020,2021,US46625H1005,0.010237245018425357
2020,2021,US4663131039,0.00017405798889773215
2020,2021,US46982L1089,0.0003375317107334709
2020,2021,US4781601046,0.011055936874487016
2020,2021,US48020Q1076,0.00022251063855293824
2020,2021,US48203R1041,0.0002573236098517244
2020,2021,US48242W1062,0.00018601867764139927
2020,2021,US4824801009,0.0011294789343412506
2020,2021,US4878361082,0.0006315732273993899
2020,2021,US4891701009,5.312174497181023e-05
2020,2021,US4932671088,0.00046337918095554936
2020,2021,US4943681035,0.0012329175636578132
2020,2021,US49446R1095,0.0002770231109383664
2020,2021,US4972661064,3.6418115049512115e-05
2020,2021,US5002551043,0.0001872825135283031
2020,2021,US5010441013,0.0005765021412019515
2020,2021,US5018892084,0.0002967698156147421
2020,2021,US5178341070,0.0011927092169727324
2020,2021,US5184391044,0.0015919692940947413
2020,2021,US5218652049,0.00028795108300625274
2020,2021,US5246601075,0.00016522276029201524
2020,2021,US5261071071,0.00024864256857809393
2020,2021,US5324571083,0.004322547136555753
2020,2021,US5339001068,0.00024275670282679931
2020,2021,US5341871094,0.000287318985369122
2020,2021,US5370081045,0.00026021633819107455
2020,2021,US5398301094,0.002637215534096608
2020,2021,US5486611073,0.0030411597922876585
2020,2021,US5502411037,0.00034933267014993446
2020,2021,US55261F1049,0.00047789223146857336
2020,2021,US5526761086,0.00011266513146581277
2020,2021,US5529531015,0.0003867502197023908
2020,2021,US5543821012,8.566025552640718e-05
2020,2021,US5544891048,3.7761189263259294e-05
2020,2021,US55616P1049,0.0001262708988402052
2020,2021,US5635714059,7.350904212227586e-05
2020,2021,US56418H1005,9.245912786230592e-05
2020,2021,US5658491064,0.0
2020,2021,US5717481023,0.0015862307215065842
2020,2021,US5719032022,0.0011586140252071685
2020,2021,US5732841060,0.00032746089535648314
2020,2021,US5738741041,0.0009392578096274079
2020,2021,US5745991068,0.0002745963694972368
2020,2021,US57636Q1040,0.009343047628053438
2020,2021,US5770811025,0.0002616337730358484
2020,2021,US5797802064,0.0006005729281702716
2020,2021,US5801351017,0.004292269247153036
2020,2021,US58155Q1031,0.0006795405301131634
2020,2021,US58933Y1055,0.005569243645418455
2020,2021,US59156R1086,0.0011816057617039448
2020,2021,US5926881054,0.0007102857592347966
2020,2021,US5949181045,0.044393926599778685
2020,2021,US5950171042,0.00103411342072379
2020,2021,US5951121038,0.0023363428906649215
2020,2021,US6005441000,0.0
2020,2021,US6081901042,0.00016986480780890883
2020,2021,US60871R2094,0.0002710302262964875
2020,2021,US6092071058,0.002234873733884855
2020,2021,US61174X1090,0.0013156910152187663
2020,2021,US6153691059,0.0013809793402756196
2020,2021,US6174464486,0.003277206535935449
2020,2021,US61945C1036,7.852079805649621e-05
2020,2021,US6200763075,0.0006911321995115629
2020,2021,US6267171022,2.311300508200163e-20
2020,2021,US62886E1082,5.8125190138848077e-05
2020,2021,US6293775085,0.0
2020,2021,US62955J1034,0.000177133248042285
2020,2021,US6311031081,0.000579790311369202
2020,2021,US6361801011,6.170626133700813e-05
2020,2021,US6365181022,0.00010678490170608629
2020,2021,US64110D1046,0.000389776211937914
2020,2021,US6501111073,0.0001414822853433308
2020,2021,US6512291062,0.00030088145223035865
2020,2021,US6516391066,0.001364827491750602
2020,2021,US65339F1012,0.004015592277885574
2020,2021,US6541061031,0.0047102961975514475
2020,2021,US65473P1057,0.0
2020,2021,US6556641008,9.519319990542419e-05
2020,2021,US6558441084,0.0016028788508630797
2020,2021,US6658591044,0.0005308022049300541
2020,2021,US6668071029,0.0013904944144265826
2020,2021,US6687711084,0.0003440799606484231
2020,2021,US6703461052,0.0
2020,2021,US67066G1040,0.008525307026862123
2020,2021,US6708371033,0.0
2020,2021,US67098H1041,0.0
2020,2021,US6745991058,0.0
2020,2021,US6780261052,0.00015782832736581763
2020,2021,US6819191064,0.0003275084999311774
2020,2021,US6821891057,0.0004078041462490584
2020,2021,US6826801036,0.00057761827163924
2020,2021,US68389X1054,0.005064006148404661
2020,2021,US6866881021,9.123369421417092e-05
2020,2021,US6882392011,0.0002940655847171985
2020,2021,US69331C1080,0.0006605623616841473
2020,2021,US6934751057,0.0017198954713968403
2020,2021,US6935061076,0.0009164253229949418
2020,2021,US69351T1060,6.759620954632863e-05
2020,2021,US6936561009,0.00024316371530290238
2020,2021,US6937181088,0.0008024169839275433
2020,2021,US6951561090,0.0003651748062814474
2020,2021,US7010941042,0.000971637063536413
2020,2021,US70211M1099,2.9657625100393964e-05
2020,2021,US7043261079,0.0008835952588114774
2020,2021,US7134481081,0.005454989064347307
2020,2021,US7140461093,0.0004412555687902831
2020,2021,US7170811035,0.005458338493362263
2020,2021,US7234841010,0.0
2020,2021,US7237871071,0.0004796875653000666
2020,2021,US7244791007,8.227085931548297e-05
2020,2021,US7310681025,0.00013274100274341568
2020,2021,US74144T1088,0.0009713041152923762
2020,2021,US74251V1026,0.0004216362882959971
2020,2021,US7427181091,0.009112326165443626
2020,2021,US7433151039,0.0015943868324982068
2020,2021,US74340W1036,0.0020195105159272974
2020,2021,US7443201022,0.000865270863623582
2020,2021,US7445731067,0.0007827923821379986
2020,2021,US74460D1090,0.0011417483586001814
2020,2021,US7458671010,0.0003521097247489216
2020,2021,US7475251036,0.004543508795581622
2020,2021,US74762E1029,0.0002953940887945875
2020,2021,US74834L1008,0.0004780959397946008
2020,2021,US7509171069,0.00020011787181996868
2020,2021,US7512121010,0.00018111224199452325
2020,2021,US75281A1097,0.0001394241224569431
2020,2021,US75513E1010,0.002900272211201278
2020,2021,US7588491032,0.0002930897133098329
2020,2021,US75886F1075,0.0012338898733336389
2020,2021,US7591EP1005,0.00046315202040447166
2020,2021,US7593516047,0.0002277893706753874
2020,2021,US7595091023,0.0002616394221911415
2020,2021,US7607591002,0.0005855655434321771
2020,2021,US7703231032,0.0002398529455393238
2020,2021,US7739031091,0.0008433682801652413
2020,2021,US7782961038,0.0011829068516287856
2020,2021,US7802871084,0.00030668521852839114
2020,2021,US7835491082,3.5848793967158125e-05
2020,2021,US78409V1044,0.0020565980510870957
2020,2021,US78410G1040,0.0008981413624672446
2020,2021,US7841171033,0.00022407448356890475
2020,2021,US78440X8873,0.000138545353386154
2020,2021,US78454L1008,0.0
2020,2021,US78473E1038,9.067441259210792e-05
2020,2021,US79466L3024,0.0053694499930532396
2020,2021,US8064071025,0.0002741115611570488
2020,2021,US8101861065,0.00032224223845807206
2020,2021,US81211K1007,0.00026522190883135463
2020,2021,US8168511090,0.0010154409063879832
2020,2021,US8243481061,0.0017562839959434373
2020,2021,US8288061091,0.0007939894327612194
2020,2021,US8326964058,0.0003315646150822698
2020,2021,US8354951027,0.0001747093769758025
2020,2021,US8425871071,0.0012392238176375647
2020,2021,US84265V1052,0.0013998178369235654
2020,2021,US8447411088,0.000554631515790628
2020,2021,US8454671095,7.456951295532546e-05
2020,2021,US8485741099,0.00015808064113749434
2020,2021,US8545021011,0.0007827222595864004
2020,2021,US8552441094,0.0032745999114887603
2020,2021,US8574771031,0.0006641395988443042
2020,2021,US8581191009,0.000193550101900755
2020,2021,US8589121081,0.00018787484555658936
2020,2021,US8636671013,0.002492615347574528
2020,2021,US8676524064,0.00010338726074406508
2020,2021,US8716071076,0.0010584009422266749
2020,2021,US87161C5013,0.00016846739713597303
2020,2021,US8718291078,0.0010664405853829397
2020,2021,US8725401090,0.002163465666656152
2020,2021,US8760301072,0.00026341830737144
2020,2021,US87612E1064,0.002290253934195166
2020,2021,US8803491054,2.0711951038559707e-19
2020,2021,US8807701029,0.0004850133804173915
2020,2021,US8807791038,8.00530796916939e-05
2020,2021,US8816242098,0.00020875015033873588
2020,2021,US8825081040,0.003991831109301746
2020,2021,US8832031012,0.00036597538093172393
2020,2021,US88337F1057,1.3798576835608155e-05
2020,2021,US8835561023,0.004847582165245026
2020,2021,US8851601018,0.00017928772390286526
2020,2021,US88579Y1010,0.0026591912756594696
2020,2021,US88642R1095,0.0
2020,2021,US8873891043,0.00014592942242854927
2020,2021,US8910921084,0.00025413115222971136
2020,2021,US89417E1091,0.0009819633354511705
2020,2021,US8962391004,0.0004518592235993182
2020,2021,US8965221091,0.000198715170330257
2020,2021,US89832Q1094,0.0017745546003209544
2020,2021,US9024941034,0.0003603533317974321
2020,2021,US9026531049,0.00034690198453767447
2020,2021,US9026811052,0.00028982598539312014
2020,2021,US9029733048,0.0019059885350649582
2020,2021,US9078181081,0.0036858500034090596
2020,2021,US9111631035,0.0
2020,2021,US9113121068,0.0031672243479593516
2020,2021,US9113631090,0.0004251219203336103
2020,2021,US9129091081,0.0
2020,2021,US91324P1021,0.008808425082997623
2020,2021,US91529Y1064,0.0001619820161380818
2020,2021,US91822M5022,1.8144482617778082e-05
2020,2021,US91913Y1001,0.00011929530381726533
2020,2021,US92276F1003,0.0006214611047127666
2020,2021,US92343V1044,0.006515642372864856
2020,2021,US92532F1003,0.0015921196673585412
2020,2021,US9255501051,8.684850260902823e-05
2020,2021,US92556V1061,0.0007142699519717447
2020,2021,US9282981086,0.00011103469921349747
2020,2021,US9290421091,0.0002790728329100311
2020,2021,US9291601097,0.000506259780885603
2020,2021,US92922P1066,0.0
2020,2021,US92939U1060,0.0005310678103314895
2020,2021,US9297401088,0.00033859168625755795
2020,2021,US9311421039,0.010800610309567481
2020,2021,US9314271084,0.0009803493088289344
2020,2021,US94106L1098,0.001215347266432339
2020,2021,US9418481035,0.00045301174963755306
2020,2021,US9427491025,9.382815119797415e-05
2020,2021,US9497461015,0.003301560023118349
2020,2021,US95040Q1040,0.0008189789929398261
2020,2021,US95058W1009,0.00013351502503609498
2020,2021,US95082P1057,0.00017243381412589565
2020,2021,US9581021055,0.000491855778444466
2020,2021,US9604131022,1.3856202184587117e-05
2020,2021,US9621661043,0.0007228055779327874
2020,2021,US9633201069,0.00029856560289024346
2020,2021,US9682232064,0.00011765309878231514
2020,2021,US9694571004,0.0003938393025611698
2020,2021,US9699041011,0.00021600186667476769
2020,2021,US9831341071,0.0003756614564657614
2020,2021,US98389B1008,0.00044799777270811223
2020,2021,US9839191015,0.0009013930239619132
2020,2021,US98421M1062,0.0001347214650825992
2020,2021,US9884981013,0.000921199747330979
2020,2021,US9892071054,0.0005683404437039783
2020,2021,US98956P1021,0.0008235948428279522
2021,2022,AN8068571086,0.0010012854334250964
2021,2022,AT000000STR1,6.357039778859181e-05
2021,2022,AT00000VIE62,6.157717767283594e-05
2021,2022,AT0000606306,0.00023280639546191948
2021,2022,AT0000652011,0.00038850971312431024
2021,2022,AT0000720008,0.0002609921034651039
2021,2022,AT0000730007,0.00019087110053956814
2021,2022,AT0000743059,1.5078789833240412e-05
2021,2022,AT0000746409,0.0005455783520712616
2021,2022,AT0000831706,7.463169390372535e-20
2021,2022,AT0000908504,0.00011823818360235464
2021,2022,AT0000937503,1.5495382119953064e-20
2021,2022,AT0000938204,0.0
2021,2022,AT0000A21KS2,0.00012281633081721069
2021,2022,AU000000JHX1,0.0003598763838591072
2021,2022,BE0003470755,2.0896553306163348e-20
2021,2022,BE0003565737,0.000717141809037627
2021,2022,BE0003593044,0.00013766175896950876
2021,2022,BE0003717312,0.00038375280337978463
2021,2022,BE0003735496,6.89841376756525e-05
2021,2022,BE0003739530,0.00043555816410330593
2021,2022,BE0003755692,0.0
2021,2022,BE0003797140,0.00039508568592550074
2021,2022,BE0003810273,0.0002809921215297064
2021,2022,BE0003822393,0.0002773924912344323
2021,2022,BE0974258874,9.568880143604873e-05
2021,2022,BE0974264930,0.00023578401225579358
2021,2022,BE0974293251,0.0022323633659558618
2021,2022,BE0974320526,0.00018344169350615223
2021,2022,BMG850801025,9.400130315213193e-21
2021,2022,CA00208D4084,0.0001635519495432347
2021,2022,CA0084741085,0.00033903614006459054
2021,2022,CA00900Q1037,0.00011569589361695537
2021,2022,CA01626P1484,0.0009226765998277193
2021,2022,CA05534B7604,0.0010530810497611143
2021,2022,CA0636711016,0.0015570991480601014
2021,2022,CA0641491075,0.0019110250848335746
2021,2022,CA0977518616,0.00012011013416509355
2021,2022,CA1247651088,0.00022372004221041608
2021,2022,CA12532H1047,0.0004450147139871959
2021,2022,CA13321L1085,0.0002135377346997477
2021,2022,CA1360691010,0.0011678832762351736
2021,2022,CA1363751027,0.0018681159260879486
2021,2022,CA1363851017,0.000897737849740556
2021,2022,CA13646K1084,0.001006567009668676
2021,2022,CA1366812024,0.00016858445053792196
2021,2022,CA1367178326,0.00015596743124188575
2021,2022,CA2849025093,2.523339261382538e-19
2021,2022,CA2918434077,6.785340158838141e-05
2021,2022,CA29250N1050,0.001745932810012525
2021,2022,CA2927661025,3.137739032128613e-05
2021,2022,CA3180714048,0.00016695488399965568
2021,2022,CA3359341052,0.00039768952126341384
2021,2022,CA3495531079,0.0003275833608352533
2021,2022,CA3518581051,0.0007027588020782204
2021,2022,CA3759161035,0.00014078294302112107
2021,2022,CA39138C1068,0.0006336734654712947
2021,2022,CA4495861060,0.0002428972490956368
2021,2022,CA4530384086,9.402459668796547e-05
2021,2022,CA45823T1066,0.0005650667835453635
2021,2022,CA4969024047,0.00014787005083258232
2021,2022,CA5394811015,0.0005754537480292967
2021,2022,CA5592224011,0.0006013642097237797
2021,2022,CA56501R1064,0.0008032210506642408
2021,2022,CA59151K1084,1.4638113182561856e-20
2021,2022,CA59162N1096,0.00022147787413889482
2021,2022,CA6744822033,0.0
2021,2022,CA68272K1030,0.00021641702794786025
2021,2022,CA6837151068,0.000253375829026731
2021,2022,CA7392391016,0.0004564317384893098
2021,2022,CA74022D4075,0.00011497646922849606
2021,2022,CA7669101031,0.00019122093733274574
2021,2022,CA7751092007,0.00043499338815237445
2021,2022,CA7800871021,0.003258835020524647
2021,2022,CA8029121057,0.00027949124478074546
2021,2022,CA82028K2002,0.00039816996511435923
2021,2022,CA8239011031,1.508536238676717e-21
2021,2022,CA85472N1096,0.00017390633930235023
2021,2022,CA8667961053,0.0006847571265691781
2021,2022,CA8672241079,0.0005986798155453478
2021,2022,CA87807B1076,0.0007985288778861888
2021,2022,CA8787422044,0.0003948053052634175
2021,2022,CA87971M1032,0.0006718998698836798
2021,2022,CA8849038085,0.0012443757383105649
2021,2022,CA8911605092,0.00303580704923148
2021,2022,CA89346D1078,6.631522601971021e-21
2021,2022,CA8959451037,0.00015269041121899132
2021,2022,CA9611485090,0.00035568425558455926
2021,2022,CA98462Y1007,0.0001720862422910144
2021,2022,CH0000816824,8.279451890157304e-05
2021,2022,CH0008038389,0.00023349147273020132
2021,2022,CH0008742519,0.0007236038947478605
2021,2022,CH0010570759,0.0003981247722547939
2021,2022,CH0010645932,0.0010683802416879811
2021,2022,CH0011075394,0.0014842176335136115
2021,2022,CH0012005267,0.004578999755246572
2021,2022,CH0012032048,0.00618417182360695
2021,2022,CH0012138530,0.0005135270884534846
2021,2022,CH0012138605,0.00020614652529402333
2021,2022,CH0012142631,0.00012168475360092524
2021,2022,CH0012214059,6.497895659513203e-21
2021,2022,CH0012221716,0.0016393412580732803
2021,2022,CH0012255151,0.0001472793686128827
2021,2022,CH0012549785,0.0005939192623062811
2021,2022,CH0013841017,0.001347566602625835
2021,2022,CH0014786500,1.9127428093644082e-05
2021,2022,CH0014852781,0.0004342530330031167
2021,2022,CH0018294154,0.0002022817664910796
2021,2022,CH0024608827,0.0009087184757274027
2021,2022,CH0024638212,0.0004066925669373197
2021,2022,CH0025238863,0.0008845880367982481
2021,2022,CH0025751329,0.00024407118635304796
2021,2022,CH0030170408,0.0006020769147701584
2021,2022,CH0038388911,3.613913058868473e-05
2021,2022,CH0038863350,0.008389874192724774
2021,2022,CH0044328745,0.001822351552363778
2021,2022,CH0048265513,0.0
2021,2022,CH0102484968,0.00034269777560157227
2021,2022,CH0126881561,0.0007431186394699675
2021,2022,CH0210483332,0.001618500311021921
2021,2022,CH0244767585,0.0014107830612642845
2021,2022,CH0319416936,0.00017323871451381076
2021,2022,CH0418792922,0.0012095664811916102
2021,2022,CH1169151003,0.00016342804069583035
2021,2022,CH1175448666,0.0007187463784016615
2021,2022,CH1256740924,0.0005590280434809473
2021,2022,DE0005089031,0.00016612568507444199
2021,2022,DE0005140008,0.0005296520800678148
2021,2022,DE0005190003,0.0013301811324483797
2021,2022,DE0005200000,0.0005360579104104491
2021,2022,DE0005408884,4.24260490998119e-05
2021,2022,DE0005439004,0.0003931279553051874
2021,2022,DE0005470405,4.1454381801278416e-20
2021,2022,DE0005552004,0.0016838699535414337
2021,2022,DE0005557508,0.0019679491532855076
2021,2022,DE0005773303,0.00015890359482545114
2021,2022,DE0005785604,0.0004685897534693146
2021,2022,DE0005785802,0.0003788861810033901
2021,2022,DE0005810055,0.0006363185340022407
2021,2022,DE0005909006,8.158186554815429e-05
2021,2022,DE0006047004,6.056936032839756e-21
2021,2022,DE0006048432,0.00027677037163600693
2021,2022,DE0006070006,0.00012108362237469303
2021,2022,DE0006202005,6.127771948061044e-21
2021,2022,DE0006231004,0.0013333164723114941
2021,2022,DE0006569908,1.0516643611636524e-05
2021,2022,DE0006599905,0.0006836891227502841
2021,2022,DE0006602006,0.00021912760882036972
2021,2022,DE0006969603,0.00043330681429940265
2021,2022,DE0007030009,8.334896607155629e-05
2021,2022,DE0007037129,3.729612478246354e-21
2021,2022,DE0007042301,0.0
2021,2022,DE0007100000,0.0018088650241742412
2021,2022,DE0007164600,0.00368145784150207
2021,2022,DE0007236101,0.003152890363955286
2021,2022,DE0007257503,3.1987868374849604e-05
2021,2022,DE0007297004,0.0
2021,2022,DE0007314007,5.16428750409525e-05
2021,2022,DE0007500001,1.1297750590236093e-20
2021,2022,DE0007507501,0.00010167310666777168
2021,2022,DE0007664039,0.0009567563783172169
2021,2022,DE0008232125,2.1115776962584752e-20
2021,2022,DE0008402215,0.0005647614578434655
2021,2022,DE0008404005,0.002065755769685953
2021,2022,DE0008430026,0.0009484251984629827
2021,2022,DE000A0D6554,0.0001383874853109509
2021,2022,DE000A0D9PT0,0.0002969558622767179
2021,2022,DE000A0S8488,8.792837608862316e-05
2021,2022,DE000A0WMPJ6,0.0
2021,2022,DE000A1EWWW0,0.0011289783956374491
2021,2022,DE000A2GS401,2.2107603134518576e-05
2021,2022,DE000BASF111,0.001256665583115826
2021,2022,DE000BAY0017,0.001147226252183088
2021,2022,DE000CBK1001,0.00017360238267983365
2021,2022,DE000CLS1001,0.0001653791660740914
2021,2022,DE000ENAG999,0.0009849868894830996
2021,2022,DE000KSAG888,4.581310883159968e-20
2021,2022,DE000PSM7770,5.01452139353028e-06
2021,2022,DE000TUAG505,1.4903582608319122e-21
2021,2022,DK0010181759,0.0003190738614606938
2021,2022,DK0010234467,0.0001395528895016755
2021,2022,DK0010244508,5.0740305426128086e-05
2021,2022,DK0010272632,0.0001507168549381714
2021,2022,DK0010274414,0.00026586406527757424
2021,2022,DK0010287663,1.0695792523288626e-18
2021,2022,DK0010307958,0.00010847502326820195
2021,2022,DK0010311471,8.414450347655476e-05
2021,2022,DK0060079531,0.001235713622713309
2021,2022,DK0060336014,0.00036693305643834543
2021,2022,DK0060448595,0.0007065712838438974
2021,2022,DK0060477503,0.00016480682995987427
2021,2022,DK0060636678,0.0003394505006754248
2021,2022,DK0060738599,0.00027247460785285126
2021,2022,DK0061539921,0.0005503519412110561
2021,2022,ES0109427734,3.3411357788133833e-19
2021,2022,ES0112501012,1.6132743136403292e-05
2021,2022,ES0113211835,0.0008591357191623032
2021,2022,ES0113679I37,8.244232513603276e-05
2021,2022,ES0113860A34,9.533091574674807e-05
2021,2022,ES0113900J37,0.0012896132893665153
2021,2022,ES0116870314,0.0005451735568648222
2021,2022,ES0117160111,0.00013373554273510643
2021,2022,ES0118594417,9.516394399666812e-05
2021,2022,ES0122060314,1.164997423756895e-21
2021,2022,ES0124244E34,0.0001941743069832942
2021,2022,ES0125220311,0.0003111275743149054
2021,2022,ES0130670112,0.0003743585997046494
2021,2022,ES0130960018,0.00023185612111293675
2021,2022,ES0132105018,5.8528135853071196e-05
2021,2022,ES0134950F36,9.197783521124537e-05
2021,2022,ES0142090317,8.611558254580859e-05
2021,2022,ES0144580Y14,0.001584051900501019
2021,2022,ES0148396007,0.002141588891458948
2021,2022,ES0152503035,4.2358854972451726e-05
2021,2022,ES0161560018,2.8738798499558434e-05
2021,2022,ES0167050915,0.00027598538754580336
2021,2022,ES0171996087,0.00018965792397336129
2021,2022,ES0173093024,0.00037107867417707826
2021,2022,ES0173516115,6.0267043267552e-22
2021,2022,ES0178430E18,0.0006346865652257277
2021,2022,ES0182870214,0.00016495104595711326
2021,2022,ES0184933812,6.814008781985238e-05
2021,2022,FI0009000202,0.00022047027035196391
2021,2022,FI0009000277,0.00011466655851119507
2021,2022,FI0009000459,6.752905889622803e-05
2021,2022,FI0009000681,0.0007777512786711065
2021,2022,FI0009002158,5.1788038275766765e-05
2021,2022,FI0009002422,1.5765981019572044e-05
2021,2022,FI0009003727,0.00015917049225753658
2021,2022,FI0009005318,0.0
2021,2022,FI0009005870,8.871533910681341e-05
2021,2022,FI0009005961,0.00019673488626917234
2021,2022,FI0009005987,0.00040947097452221064
2021,2022,FI0009007132,0.0003012074646778388
2021,2022,FI0009007694,7.813497673509145e-06
2021,2022,FI0009007884,0.0002792328054432583
2021,2022,FI0009013296,0.0008575321926783442
2021,2022,FI0009013403,0.0007099741152801309
2021,2022,FI0009800643,1.7452720258638117e-19
2021,2022,FI4000440664,9.417252155949521e-05
2021,2022,FR0000035081,0.0001520987953432868
2021,2022,FR0000039109,3.178416454612782e-20
2021,2022,FR0000044448,5.228531212065352e-05
2021,2022,FR0000045072,0.0009706513393405463
2021,2022,FR0000051070,0.0
2021,2022,FR0000052292,0.003928857429817371
2021,2022,FR0000053225,1.4120173639385768e-05
2021,2022,FR0000054470,0.00015340294382778724
2021,2022,FR0000054900,1.9091730254826027e-06
2021,2022,FR0000064578,0.00021207555923924434
2021,2022,FR0000073272,0.0012152474534387026
2021,2022,FR0000077919,9.58461627152777e-05
2021,2022,FR0000120073,0.0016435359146490223
2021,2022,FR0000120172,0.0003224475607312107
2021,2022,FR0000120222,0.00041843156372562323
2021,2022,FR0000120271,0.0028189002625382494
2021,2022,FR0000120321,0.005617210138265926
2021,2022,FR0000120404,0.00017671256120577243
2021,2022,FR0000120503,0.00024374291574218211
2021,2022,FR0000120560,0.00013561370790981104
2021,2022,FR0000120578,0.0027551679718390626
2021,2022,FR0000120628,0.00152253084452779
2021,2022,FR0000120644,0.0009016949613922529
2021,2022,FR0000120693,0.0013760625253838282
2021,2022,FR0000120859,4.0930623843467865e-21
2021,2022,FR0000120966,0.00011417329624806311
2021,2022,FR0000121014,0.008831930828524872
2021,2022,FR0000121121,0.00017130647557528822
2021,2022,FR0000121204,9.768339836416241e-05
2021,2022,FR0000121220,0.00026675452103611146
2021,2022,FR0000121329,0.00039767808299213936
2021,2022,FR0000121485,0.0021690425357232916
2021,2022,FR0000121667,0.002000834073181768
2021,2022,FR0000121964,0.00015650872383579512
2021,2022,FR0000121972,0.002336421730649815
2021,2022,FR0000124141,6.743598880081248e-05
2021,2022,FR0000125007,0.0006636154221890315
2021,2022,FR0000125338,0.0008718298393848898
2021,2022,FR0000125486,0.0013297750420686219
2021,2022,FR0000127771,0.00036424229988431397
2021,2022,FR0000130213,8.536913354335848e-05
2021,2022,FR0000130395,0.00021208106816249537
2021,2022,FR0000130403,0.0031961924034775288
2021,2022,FR0000130452,0.00021434746594182021
2021,2022,FR0000130577,0.0004408125647176555
2021,2022,FR0000130809,0.0006012652566715847
2021,2022,FR0000131104,0.0018057026219510622
2021,2022,FR0000131757,1.3831934199500092e-21
2021,2022,FR0000131906,0.0002222540020306121
2021,2022,FR0000133308,0.0007204032246319328
2021,2022,FR0010040865,0.0002433008480769058
2021,2022,FR0010220475,0.00035735108502850133
2021,2022,FR0010221234,0.00020332038345365357
2021,2022,FR0010242511,0.0005752093876040052
2021,2022,FR0010307819,0.0006573973422907448
2021,2022,FR0010313833,0.0001277855359420388
2021,2022,FR0010340141,0.0003637838211238145
2021,2022,FR0010411983,0.00015746318753619035
2021,2022,FR0010533075,0.00027116397979599373
2021,2022,FR0013176526,0.00013131673988963407
2021,2022,FR0013280286,0.0003601415612454418
2021,2022,FR0013326246,0.0002858855656016031
2021,2022,FR0013506730,0.0
2021,2022,FR0014003TT8,0.0016277854525575525
2021,2022,FR001400AJ45,0.0006274316143793537
2021,2022,GB0000163088,1.9075072774227135e-05
2021,2022,GB0000365774,1.0431430812070351e-20
2021,2022,GB0000456144,0.0003979262439594586
2021,2022,GB0000536739,0.0007582725477023313
2021,2022,GB0000600931,1.3998230803729605e-06
2021,2022,GB0000811801,0.00016778388948419606
2021,2022,GB0000904986,0.00014233193515569752
2021,2022,GB0000961622,5.564230583095698e-05
2021,2022,GB0001048619,3.467165277760996e-19
2021,2022,GB0001110096,1.5702855448048282e-19
2021,2022,GB0001367019,0.0001599221505579579
2021,2022,GB0001500809,6.020380448091906e-21
2021,2022,GB0001570810,2.010211697847439e-19
2021,2022,GB0001638955,6.355401816582942e-05
2021,2022,GB0001667087,4.408459750577102e-23
2021,2022,GB0001765816,7.588914184206921e-05
2021,2022,GB0001795680,0.0
2021,2022,GB0001826634,0.0002001871959041774
2021,2022,GB0001859296,5.620430655608018e-05
2021,2022,GB0002015021,4.781733695930696e-19
2021,2022,GB0002018363,1.413709222345505e-05
2021,2022,GB0002074580,6.600768413795518e-05
2021,2022,GB0002148343,8.962429754971464e-05
2021,2022,GB0002318888,3.288666127476622e-05
2021,2022,GB0002374006,0.0026953969517080735
2021,2022,GB0002418548,1.8203823830285748e-19
2021,2022,GB0002634946,0.0005047759994923157
2021,2022,GB0002652740,0.0001297744634072874
2021,2022,GB0002670437,4.461676620467863e-20
2021,2022,GB0002869419,7.13554899567662e-05
2021,2022,GB0002875804,0.001809752168490091
2021,2022,GB0003062816,0.0
2021,2022,GB0003096442,0.00020831364530634087
2021,2022,GB0003308607,0.0001366164720994187
2021,2022,GB0003395000,0.0
2021,2022,GB0003452173,2.4446514574719735e-20
2021,2022,GB0003718474,8.344256620574215e-05
2021,2022,GB0003753778,8.134419125475985e-21
2021,2022,GB0004052071,0.0003317092217963213
2021,2022,GB0004082847,0.0004961879039792395
2021,2022,GB0004161021,0.00014526769765445385
2021,2022,GB0004170089,0.0
2021,2022,GB0004270301,3.202814495479199e-05
2021,2022,GB0004478896,0.0001035340142808692
2021,2022,GB0004544929,0.0004348831293175757
2021,2022,GB0004657408,5.1595149334024235e-05
2021,2022,GB0004726096,7.228873496127161e-05
2021,2022,GB0004866223,5.603750978420822e-20
2021,2022,GB0004915632,0.0
2021,2022,GB0005405286,0.002654441577254851
2021,2022,GB0005576813,7.976365420984545e-05
2021,2022,GB0005603997,0.0005289632862787027
2021,2022,GB0005630420,0.0
2021,2022,GB0005746358,0.0
2021,2022,GB0005758098,0.00025371285263617527
2021,2022,GB0005790059,0.0
2021,2022,GB0006027295,8.986941567349628e-20
2021,2022,GB0006215205,0.0
2021,2022,GB0006449366,0.0001132555167481093
2021,2022,GB0006640972,2.131216462050229e-05
2021,2022,GB0006650450,2.631279783398454e-05
2021,2022,GB0006731235,0.00047023301068067284
2021,2022,GB0006776081,0.00015163918353946443
2021,2022,GB0006825383,0.0002661324158456763
2021,2022,GB0006886666,3.796098522774778e-05
2021,2022,GB0006928617,0.00013926068341669066
2021,2022,GB0006963689,1.8073852510608288e-05
2021,2022,GB0007099541,0.001038850054875007
2021,2022,GB0007188757,0.0017636159121386824
2021,2022,GB0007323586,0.00016342840418974113
2021,2022,GB0007370074,0.0
2021,2022,GB0007388407,3.2492049881308854e-05
2021,2022,GB0007594764,2.4135930656462083e-05
2021,2022,GB0007668071,5.650037458948099e-05
2021,2022,GB0007669376,0.0002306076220573985
2021,2022,GB0007689002,7.304434156314168e-05
2021,2022,GB0007908733,0.0004387409776010915
2021,2022,GB0007958233,4.500231732992993e-05
2021,2022,GB0007973794,0.0
2021,2022,GB0007980591,0.001761639992081391
2021,2022,GB0008025412,2.8503884555765984e-05
2021,2022,GB0008085614,7.119589049546357e-05
2021,2022,GB0008220112,1.4962663760347955e-06
2021,2022,GB0008475088,3.061077794987372e-05
2021,2022,GB0008481250,2.443523891202393e-18
2021,2022,GB0008706128,0.0009153185195921876
2021,2022,GB0008711763,6.257227170276014e-05
2021,2022,GB0008782301,0.00013918061611527014
2021,2022,GB0008794710,0.0
2021,2022,GB0009067447,0.0
2021,2022,GB0009123323,0.0
2021,2022,GB0009223206,0.00035301082197808955
2021,2022,GB0009286963,8.370068695896504e-20
2021,2022,GB0009292243,0.00010764924947104565
2021,2022,GB0009296665,5.575390885937673e-05
2021,2022,GB0009465807,0.00018231344982343685
2021,2022,GB0009633180,0.0002003011478985583
2021,2022,GB0009692319,6.559293561217217e-05
2021,2022,GB0009697037,1.551236051872537e-05
2021,2022,GB0009895292,0.003918848553121372
2021,2022,GB0022569080,0.00019379285864812147
2021,2022,GB0030181522,0.0
2021,2022,GB0030232317,1.776878309140288e-18
2021,2022,GB0030329360,0.0
2021,2022,GB0030913577,0.0004889308105227557
2021,2022,GB0031274896,8.646964876573593e-05
2021,2022,GB0031348658,0.0009255076794886736
2021,2022,GB0031638363,0.00033565283250656686
2021,2022,GB0031743007,0.0002677339492760267
2021,2022,GB0032089863,0.000275964079140011
2021,2022,GB0033147751,3.62492483869258e-05
2021,2022,GB0033195214,0.00018033675087754343
2021,2022,GB0033986497,4.496662696775628e-05
2021,2022,GB00B00FPT80,2.4173784186916287e-05
2021,2022,GB00B012BV22,1.1849482116744054e-05
2021,2022,GB00B012TP20,3.813812310257593e-05
2021,2022,GB00B019KW72,0.00017525289019793038
2021,2022,GB00B01QGK86,2.675924240610199e-18
2021,2022,GB00B02J6398,0.00027221073664491715
2021,2022,GB00B033F229,0.00017024846591523517
2021,2022,GB00B03HDJ73,7.084437982764746e-05
2021,2022,GB00B04V1276,0.0
2021,2022,GB00B06QFB75,5.9121125108270984e-05
2021,2022,GB00B0744359,1.0447643320664357e-05
2021,2022,GB00B0744B38,0.000332150485344716
2021,2022,GB00B082RF11,0.00032316069711396504
2021,2022,GB00B0FYMT95,4.661248487784571e-05
2021,2022,GB00B0KM9T71,2.1312605147166574e-05
2021,2022,GB00B0LCW083,0.00024718257762781687
2021,2022,GB00B0N8QD54,4.587910485222932e-05
2021,2022,GB00B0SWJX34,0.0009839282971434286
2021,2022,GB00B0WMWD03,3.291320725995515e-05
2021,2022,GB00B0YG1K06,6.473753626260561e-05
2021,2022,GB00B128J450,0.0001281655970934967
2021,2022,GB00B132NW22,0.00013979820185554704
2021,2022,GB00B135BJ46,5.743665264257169e-05
2021,2022,GB00B17MMZ46,0.0
2021,2022,GB00B18P5K83,5.881070067414416e-19
2021,2022,GB00B19Z1432,2.9736119765828574e-19
2021,2022,GB00B1FH8J72,0.00018500550050509377
2021,2022,GB00B1FP6H53,0.00010307314159553839
2021,2022,GB00B1FW5029,0.00011555086745495839
2021,2022,GB00B1G5HX72,2.5203406377833353e-18
2021,2022,GB00B1JQDM80,0.0
2021,2022,GB00B1KJJ408,0.00017596184723302083
2021,2022,GB00B1L5QH97,3.7313203676506555e-05
2021,2022,GB00B1P6ZR11,4.596096667851566e-06
2021,2022,GB00B1VNSX38,5.443071653949742e-05
2021,2022,GB00B1WY2338,0.00017805884511910803
2021,2022,GB00B1XH2C03,8.831845104117738e-05
2021,2022,GB00B1YW4409,0.0004429511691267537
2021,2022,GB00B27YGJ97,0.0
2021,2022,GB00B2B0DG97,0.0013407922110876729
2021,2022,GB00B2NGPM57,1.5036341151577013e-05
2021,2022,GB00B2PDGW16,4.082723036148434e-05
2021,2022,GB00B39J2M42,0.00026210813529813803
2021,2022,GB00B3CX3644,5.286980866813092e-05
2021,2022,GB00B3DGH821,3.1876115606104036e-18
2021,2022,GB00B3FLWH99,5.241031083546029e-05
2021,2022,GB00B41H7391,0.00011142695603313024
2021,2022,GB00B45C9X44,1.5635001248033488e-05
2021,2022,GB00B572ZV91,4.993418795157715e-21
2021,2022,GB00B5N0P849,6.707999704788653e-05
2021,2022,GB00B5ZN1N88,0.0005017774216062137
2021,2022,GB00B61TVQ02,7.925386376672546e-05
2021,2022,GB00B63H8491,0.00040476213856611255
2021,2022,GB00B63QSB39,0.00016011465566739873
2021,2022,GB00B64NSP76,1.2391029200715857e-19
2021,2022,GB00B67G5X01,7.017696461901706e-05
2021,2022,GB00B6XZKY75,3.2997975025929453e-06
2021,2022,GB00B6YTLS95,2.5167574769793505e-20
2021,2022,GB00B71N6K86,9.229259281671157e-21
2021,2022,GB00B7KR2P84,6.744599242506883e-20
2021,2022,GB00B82YXW83,7.463244724368472e-20
2021,2022,GB00B8B4R053,0.0
2021,2022,GB00B8C3BL03,0.0002678692458169936
2021,2022,GB00BD6K4575,0.0008724681337788871
2021,2022,GB00BD736828,2.9142556277027622e-05
2021,2022,GB00BDCPN049,0.0005539427464370462
2021,2022,GB00BDFBVT43,5.2378549829966595e-18
2021,2022,GB00BDR05C01,0.001119183998285776
2021,2022,GB00BF044593,5.5434104127279336e-06
2021,2022,GB00BF5H9P87,6.712190265526207e-05
2021,2022,GB00BF8Q6K64,0.00011116088109053202
2021,2022,GB00BG11K365,7.047261211633097e-05
2021,2022,GB00BGDT3G23,7.22141211974634e-05
2021,2022,GB00BGLP8L22,6.361458869191362e-05
2021,2022,GB00BH4HKS39,0.0009401905438791005
2021,2022,GB00BHJYC057,0.0002465855423409682
2021,2022,GB00BJ1F4N75,5.085721948174919e-05
2021,2022,GB00BJFFLV09,0.00044415057746360404
2021,2022,GB00BJQZC279,0.0
2021,2022,GB00BJT0FF39,1.8855084701614905e-05
2021,2022,GB00BK9RKT01,0.0
2021,2022,GB00BKP36R26,2.17656946046673e-18
2021,2022,GB00BKY40Q38,0.0
2021,2022,GB00BL6XZ716,9.988564776496334e-06
2021,2022,GB00BLGZ9862,0.0006726938849516232
2021,2022,GB00BM8PJY71,0.0007552070513634695
2021,2022,GB00BM8Q5M07,0.00030679334648433707
2021,2022,GB00BMJ6DW54,0.00024827862399664293
2021,2022,GB00BN7SWP63,0.002394938816159614
2021,2022,GB00BNGDN821,0.0001794299221068774
2021,2022,GB00BNNTLN49,0.0001586299595063885
2021,2022,GB00BNR4T868,5.640996098549037e-21
2021,2022,GB00BP6MXD84,0.0016015434938402877
2021,2022,GB00BP92CJ43,0.00014906508846860715
2021,2022,GB00BP9LHF23,0.00021716356363663545
2021,2022,GB00BPQY8M80,0.000526872822229233
2021,2022,GB00BRB37M78,0.0001801640772467016
2021,2022,GB00BRKD9Z53,0.0
2021,2022,GB00BV9FP302,7.826119776779013e-05
2021,2022,GB00BVFNZH21,0.0001757472049992426
2021,2022,GB00BWFGQN14,0.00032592587927967687
2021,2022,GB00BYQ0JC66,5.184142454250207e-05
2021,2022,GB00BYRJ5J14,5.9739174778570006e-05
2021,2022,GB00BYT1DJ19,0.00012103748074958025
2021,2022,GB00BYW0PQ60,0.00018675253274047762
2021,2022,GB00BYYTFB60,0.00010657502568244889
2021,2022,GB00BYZN9041,0.00017176759309149028
2021,2022,GB00BZ4BQC70,0.00012225182371412353
2021,2022,IE0001827041,0.00037333939726280966
2021,2022,IE0002424939,0.00014962124158184829
2021,2022,IE0003864109,1.7128667880592162e-19
2021,2022,IE0004906560,0.0004748695384318807
2021,2022,IE0004927939,0.00037310001290424404
2021,2022,IE00B00MZ448,5.5739650028282445e-05
2021,2022,IE00B4BNMY34,0.005764928294656107
2021,2022,IE00B8KQN827,0.001472150508224935
2021,2022,IE00BD1RP616,0.00013496197879608076
2021,2022,IE00BDB6Q211,0.0006996260674860283
2021,2022,IE00BF0L3536,0.00022537485240141464
2021,2022,IE00BGH1M568,0.00015419829342412671
2021,2022,IE00BJ3V9050,5.7849442298472066e-05
2021,2022,IE00BK9ZQ967,0.000992255510498699
2021,2022,IE00BLP1HW54,0.0014423826139557416
2021,2022,IE00BLS09M33,0.0002480708971336209
2021,2022,IE00BTN1Y115,0.002946815408667922
2021,2022,IE00BWT6H894,0.0005595292190694344
2021,2022,IE00BY7QL619,0.0012260257452925364
2021,2022,IL0002300114,0.00011738750523611298
2021,2022,IL0002730112,0.0004384740790703069
2021,2022,IL0002810146,0.00024110221592948342
2021,2022,IL0005930388,8.320437609833163e-05
2021,2022,IL0006046119,0.00036446917115557785
2021,2022,IL0006625771,0.00031140734724169724
2021,2022,IL0006954379,0.0002828365618037224
2021,2022,IL0010811243,0.0001833966546678962
2021,2022,IT0000062072,0.0007825387930460197
2021,2022,IT0000062957,0.00027754666373367256
2021,2022,IT0000066123,4.4701326947099925e-05
2021,2022,IT0000072618,0.001044664525766893
2021,2022,IT0000784154,4.224223511116372e-05
2021,2022,IT0000784196,6.688516681577679e-05
2021,2022,IT0001137345,0.0001597428984260133
2021,2022,IT0001233417,0.0
2021,2022,IT0001347308,4.573057754700452e-21
2021,2022,IT0001469383,5.435882557975889e-05
2021,2022,IT0003128367,0.0014333617023369449
2021,2022,IT0003132476,0.000652075153005563
2021,2022,IT0003153415,0.00045784586733105796
2021,2022,IT0003242622,0.00043311715729379746
2021,2022,IT0003497168,0.00020324256339982207
2021,2022,IT0003506190,0.00047024606726849704
2021,2022,IT0003856405,0.0001740063213888806
2021,2022,IT0004810054,0.00011986289042261006
2021,2022,IT0004827447,0.00024264187146935968
2021,2022,IT0005218380,0.00015928071711454245
2021,2022,IT0005239360,0.0007824386758673441
2021,2022,IT0005495657,0.0
2021,2022,JE00B8KF9B49,0.0004186095470164973
2021,2022,JE00BJ1DLW90,0.00018553638890756173
2021,2022,JE00BYVQYS01,0.0
2021,2022,LR0008862868,0.0004688293760012156
2021,2022,LU0075646355,0.0
2021,2022,NL0000008977,0.0005535896600322646
2021,2022,NL0000009082,0.00042111411439399427
2021,2022,NL0000009165,0.0013821576974618053
2021,2022,NL0000009538,0.0007510844252166406
2021,2022,NL0000226223,0.000988208031883868
2021,2022,NL0000235190,0.0020849409059225713
2021,2022,NL0000289213,9.653148463839218e-05
2021,2022,NL0000337319,0.0
2021,2022,NL0000360618,8.898700925038347e-05
2021,2022,NL0000379121,0.0002468916122816162
2021,2022,NL0000395903,0.0006703358077566823
2021,2022,NL0006237562,0.00013623874733201933
2021,2022,NL0009432491,9.785005765734637e-05
2021,2022,NL0010273215,0.006914427544516198
2021,2022,NL0010583399,0.0
2021,2022,NL0011794037,0.0008180451380639552
2021,2022,NL0011821202,0.0011519819082695514
2021,2022,NL0013267909,0.00041685367605087795
2021,2022,NL0013332471,4.395225835695339e-19
2021,2022,NL00150001Q9,0.0012900394316204527
2021,2022,NL00150003E1,2.7607898724656564e-06
2021,2022,NL0015001FS8,0.0005334449342392143
2021,2022,NL0015435975,0.0004005469706070661
2021,2022,NO0003028904,1.0015877954924987e-05
2021,2022,NO0003053605,0.00010565668238591215
2021,2022,NO0003078800,0.00020810337267338072
2021,2022,NO0003733800,0.00020452631395929583
2021,2022,NO0005052605,0.00019138127746212916
2021,2022,NO0010063308,0.0005258320657059983
2021,2022,NO0010096985,0.0019014290839753057
2021,2022,NO0010199151,2.203057179054031e-21
2021,2022,NO0010208051,1.1347420738444701e-20
2021,2022,NO0010215684,3.722145831047053e-05
2021,2022,NO0012470089,0.00024863768770192775
2021,2022,PA1436583006,0.0003412450567404341
2021,2022,PTBCP0AM0015,8.026419184548232e-05
2021,2022,PTEDP0AM0009,0.000346742478946272
2021,2022,PTJMT0AE0001,0.0003375660770698093
2021,2022,PTSON0AM0001,4.3638676285210387e-05
2021,2022,PTZON0AM0006,6.853448605207995e-05
2021,2022,SE0000106270,0.0007527013640635559
2021,2022,SE0000108227,0.0002262779786194785
2021,2022,SE0000108656,0.0007397026351496236
2021,2022,SE0000112724,0.0002956922545923513
2021,2022,SE0000113250,0.00021468407902439115
2021,2022,SE0000114837,0.00012279931059325908
2021,2022,SE0000148884,0.0006630327748824748
2021,2022,SE0000163594,9.474972930339189e-05
2021,2022,SE0000163628,0.00013232144316528908
2021,2022,SE0000171100,4.8089961728377535e-21
2021,2022,SE0000190126,0.0001998342682616185
2021,2022,SE0000202624,0.0001838760543686418
2021,2022,SE0000242455,0.0005470436768042246
2021,2022,SE0000379190,0.0001820090924866093
2021,2022,SE0000667891,0.0007936956389947673
2021,2022,SE0000667925,0.00038428793500558725
2021,2022,SE0000695876,0.00039900650450361313
2021,2022,SE0000806994,0.0001558616321264726
2021,2022,SE0000862997,0.0001258250453314574
2021,2022,SE0000949331,0.00010967058947686352
2021,2022,SE0001662230,0.00016511452614686217
2021,2022,SE0005190238,0.00025079584858063767
2021,2022,SE0006993770,0.00018851775430666002
2021,2022,SE0007100581,0.00070640919248508
2021,2022,SE0007100599,0.00046268888373518063
2021,2022,SE0011090018,0.00014458764127740903
2021,2022,SE0011166974,0.00015376743752287315
2021,2022,SE0015811955,0.0007377850537548697
2021,2022,SE0015812219,0.000347980951389245
2021,2022,SE0015961909,0.0008410339133443639
2021,2022,SE0015988019,0.0005755248276175214
2021,2022,SE0016589188,0.0002243559580021497
2021,2022,SE0017486889,0.0012432872040875798
2021,2022,SE0018012494,8.329275242786637e-05
2021,2022,SE0018012635,8.062720487555347e-05
2021,2022,SE0020050417,0.0002549732230584484
2021,2022,US0010551028,0.0008545530277598054
2021,2022,US0010841023,0.00021822664301531498
2021,2022,US00130H1059,4.556624082676413e-21
2021,2022,US00206R1023,0.0037469349670265877
2021,2022,US0028241000,0.0053035028801676
2021,2022,US0028962076,0.00010518257512936245
2021,2022,US00507V1098,0.0010963327857865964
2021,2022,US00724F1012,0.0057279616307190605
2021,2022,US00751Y1064,0.00032677651805521925
2021,2022,US0079031078,0.003565308473030616
2021,2022,US0082521081,0.00018376015396473808
2021,2022,US00846U1016,0.0010423496467852663
2021,2022,US0091581068,0.0013026206808519124
2021,2022,US00971T1016,0.00041674214096846206
2021,2022,US0126531013,0.0005732668152215765
2021,2022,US0152711091,0.0008152553067895669
2021,2022,US01741R1023,4.820206244490203e-05
2021,2022,US0185811082,8.805896381752522e-05
2021,2022,US0188021085,0.0
2021,2022,US0200021014,0.0007816943412773164
2021,2022,US02079K3059,0.018422491325176545
2021,2022,US02209S1033,0.0019286133400253918
2021,2022,US0231351067,0.035696495733611396
2021,2022,US0236081024,0.0
2021,2022,US0255371017,0.0003441113824689059
2021,2022,US02553E1064,9.046008843895101e-05
2021,2022,US0258161092,0.0027311585063933635
2021,2022,US0268747849,0.0010423841379738365
2021,2022,US03027X1000,0.0029147905792724503
2021,2022,US03073E1055,0.000540812278947056
2021,2022,US03076C1062,0.0007173557349570283
2021,2022,US0311001004,0.000708113099601376
2021,2022,US0311621009,0.0026619251943804075
2021,2022,US0320951017,0.0011395915581588413
2021,2022,US0326541051,0.0019739089894539688
2021,2022,US0367521038,0.0023736920844168586
2021,2022,US03743Q1085,3.070490831310793e-20
2021,2022,US0378331005,0.061366117065950826
2021,2022,US0382221051,0.0029572775381827236
2021,2022,US0383361039,0.00023991024789773435
2021,2022,US0394831020,0.0006928673522336129
2021,2022,US0427351004,0.00023331256146540475
2021,2022,US0441861046,0.0001276569556588802
2021,2022,US0454871056,8.075928712009097e-05
2021,2022,US04621X1081,0.00022015603807010083
2021,2022,US0495601058,0.0004381552487448631
2021,2022,US0527691069,0.0013898679745050079
2021,2022,US0528001094,0.00022841633249504048
2021,2022,US0530151036,0.0022206831755266607
2021,2022,US0533321024,0.0009074072939134716
2021,2022,US0534841012,0.0007961846949992777
2021,2022,US0536111091,0.00038984509351000426
2021,2022,US0537741052,8.13483881675663e-05
2021,2022,US0538071038,0.0001267376165733164
2021,2022,US0565251081,4.1650820086831684e-05
2021,2022,US0584981064,0.000706673841420814
2021,2022,US0605051046,0.0077368666242796
2021,2022,US0640581007,0.0010453914720229816
2021,2022,US0708301041,0.00032965774673587297
2021,2022,US0718131099,0.0009872009263907707
2021,2022,US0758871091,0.001505220462474797
2021,2022,US0758961009,0.0
2021,2022,US0844231029,0.0004018578041858876
2021,2022,US0865161014,0.0004652871131603358
2021,2022,US0893021032,8.668338649555825e-05
2021,2022,US09061G1013,0.00028437191379665613
2021,2022,US09062X1037,0.0006908158407714566
2021,2022,US09073M1045,0.00048578484742321337
2021,2022,US0970231058,0.0026055151966475404
2021,2022,US09857L1089,0.0020840766386459523
2021,2022,US0997241064,0.0002977286075604415
2021,2022,US1011211018,0.00042970743664920484
2021,2022,US1011371077,0.001257778663245682
2021,2022,US1033041013,0.0001835343301192492
2021,2022,US1053682035,0.00010657916635539799
2021,2022,US1096411004,2.2149862484125644e-05
2021,2022,US1096961040,3.082449442258293e-05
2021,2022,US1101221083,0.0029087162100417804
2021,2022,US1124631045,1.0556985112812243e-19
2021,2022,US1156372096,0.0005017689311103264
2021,2022,US12504L1098,0.0007632568885516508
2021,2022,US1252691001,1.9919360280241418e-20
2021,2022,US12541W2098,0.0003366433133806633
2021,2022,US1255231003,0.0015488243309522388
2021,2022,US12572Q1058,0.0017061187220491468
2021,2022,US1258961002,0.0
2021,2022,US1264081035,0.0017683412521403736
2021,2022,US12653C1080,7.215293685533419e-05
2021,2022,US1266501006,0.002875441065891423
2021,2022,US1270551013,1.7659595118904142e-20
2021,2022,US1270971039,0.00031592857610516313
2021,2022,US1273871087,0.0011041404453492236
2021,2022,US1307881029,0.00017448919444439662
2021,2022,US1331311027,0.0004517374344254575
2021,2022,US1344291091,0.00023642147011631063
2021,2022,US14040H1059,0.0013006526246180814
2021,2022,US14149Y1082,0.00030933836473331444
2021,2022,US1423391002,0.00032840968110862354
2021,2022,US1431301027,0.0005024125095727343
2021,2022,US1491231015,0.0024466441632772155
2021,2022,US1508701034,0.00043372524833250976
2021,2022,US15189T1079,0.00029172241198657567
2021,2022,US1567821046,0.000511879071817005
2021,2022,US1598641074,0.0004554540538640128
2021,2022,US1667641005,0.0047285813206822055
2021,2022,US1713401024,0.0005899746272140324
2021,2022,US1717793095,0.0002500411991301657
2021,2022,US1720621010,0.00040572986245417374
2021,2022,US17275R1023,0.005611412758021654
2021,2022,US1729081059,0.0009734056290575959
2021,2022,US1729674242,0.002581535559366319
2021,2022,US1773761002,0.00025697803988913496
2021,2022,US1858991011,6.459890326726468e-21
2021,2022,US1890541097,0.0004734046626381191
2021,2022,US1912161007,0.00549301362023903
2021,2022,US1924461023,0.00099797730483627
2021,2022,US1941621039,0.0015899700507705187
2021,2022,US20030N1019,0.0047641029879872485
2021,2022,US2003401070,0.00028678061184056214
2021,2022,US2017231034,7.208936482378827e-05
2021,2022,US2058871029,0.0003848194901808637
2021,2022,US20825C1045,0.002040744583155431
2021,2022,US2091151041,0.0007672577919278646
2021,2022,US21036P1084,0.0009581025336263931
2021,2022,US2172041061,0.0007733168725363052
2021,2022,US2193501051,0.0007095092344422399
2021,2022,US22160K1051,0.005306907905833118
2021,2022,US22410J1060,8.956493972611595e-05
2021,2022,US22822V1017,0.001990474010237733
2021,2022,US2283681060,0.0003000485708302654
2021,2022,US2310211063,0.0006945362601138667
2021,2022,US23331A1097,0.0008450729832530067
2021,2022,US2333311072,1.047903539112619e-21
2021,2022,US23355L1061,0.00012922787271818628
2021,2022,US2358511028,0.004995665780451173
2021,2022,US2371941053,0.00035357171101426277
2021,2022,US23918K1088,0.00021538396582946435
2021,2022,US2441991054,0.0022738007042823667
2021,2022,US2473617023,5.0257701474127805e-05
2021,2022,US24906P1093,0.000274105121977289
2021,2022,US25179M1036,0.0006626564231341815
2021,2022,US2533931026,0.00011761105625614836
2021,2022,US2546871060,0.005940735168859156
2021,2022,US25525P1075,0.00018427886004532235
2021,2022,US25659T1079,0.00011039951716229964
2021,2022,US2566771059,0.0011323302508174631
2021,2022,US2567461080,0.0006447075049786445
2021,2022,US25746U1097,0.0012025060641023182
2021,2022,US2576511099,0.0002274162600775588
2021,2022,US25960P1093,0.00019093857531869184
2021,2022,US2600031080,0.000617440707524382
2021,2022,US26441C2044,0.0012689744785238306
2021,2022,US26875P1012,0.001150150327339855
2021,2022,US26884L1098,0.00018101605837149995
2021,2022,US2774321002,0.0001540189707520996
2021,2022,US2786421030,0.0008194908331138101
2021,2022,US2788651006,0.0014422682796053814
2021,2022,US2810201077,0.0007561063825507844
2021,2022,US28176E1082,0.0016303902110070478
2021,2022,US2910111044,0.0012222246954198357
2021,2022,US29364G1031,0.0
2021,2022,US2944291051,0.0007371716167361241
2021,2022,US29444U7000,0.0016089983575675577
2021,2022,US29476L1070,0.0008086400187316553
2021,2022,US29670G1022,0.0003714867548593797
2021,2022,US2971781057,0.0005833985397811843
2021,2022,US30034W1062,4.186535904692622e-21
2021,2022,US30040W1080,0.000845971881156172
2021,2022,US30161N1019,0.0014638919009063876
2021,2022,US30212P3038,0.0006602181225798679
2021,2022,US3021301094,0.0004819065466533173
2021,2022,US30231G1022,0.0052936298584099276
2021,2022,US3024913036,0.0003501391077252729
2021,2022,US3029411093,0.00022148788928018581
2021,2022,US3030751057,0.0003661251659649467
2021,2022,US3119001044,0.0008603490442798724
2021,2022,US3137451015,0.0002900230769820824
2021,2022,US31428X1063,0.0013651636289325835
2021,2022,US3156161024,0.00040789124155746973
2021,2022,US31620M1062,0.0013412230520490076
2021,2022,US3167731005,0.0006939944470762687
2021,2022,US3205171057,0.00019769971774509181
2021,2022,US3377381088,0.0014528691048646017
2021,2022,US3379321074,0.0002633207248620296
2021,2022,US3434121022,0.00017658559032182887
2021,2022,US34354P1057,7.746021949124223e-05
2021,2022,US3448491049,6.3676427816801e-05
2021,2022,US3453708600,0.0017984957931836108
2021,2022,US3546131018,0.0003767680779627936
2021,2022,US35671D8570,0.0012430563938115652
2021,2022,US3614481030,0.00015272778067690722
2021,2022,US3635761097,0.000770103614710363
2021,2022,US3647601083,0.00022342465560966937
2021,2022,US3695501086,0.0012557392302124824
2021,2022,US3703341046,0.0008916878662554424
2021,2022,US37045V1008,0.0018442227603113145
2021,2022,US3719011096,0.00016709658892127501
2021,2022,US3724601055,0.00040874251002956537
2021,2022,US37247D1063,0.00011912156000763457
2021,2022,US3755581036,0.0019099250253401118
2021,2022,US37940X1028,0.0008118263208602461
2021,2022,US37959E1029,0.00024303729572922056
2021,2022,US38141G1040,0.002751526464601136
2021,2022,US3825501014,3.009038835214317e-07
2021,2022,US3841091040,0.0002686418795241205
2021,2022,US3848021040,0.0006160569822766653
2021,2022,US3976241071,3.425322173080024e-20
2021,2022,US40434L1052,0.0009312589284124277
2021,2022,US4062161017,0.00046666105798028626
2021,2022,US4103451021,0.0001442617042826639
2021,2022,US4108671052,0.00019307859756044008
2021,2022,US4128221086,0.00017992734187383136
2021,2022,US4158641070,1.8822610614418116e-05
2021,2022,US4165151048,0.0005822191254372084
2021,2022,US4180561072,0.000348714531945803
2021,2022,US4198701009,0.0
2021,2022,US42250P1030,0.0005387147883572689
2021,2022,US42330P1075,8.06524109065846e-05
2021,2022,US4234521015,0.0
2021,2022,US4278661081,0.0006612352318879907
2021,2022,US42809H1077,0.000505827575119262
2021,2022,US4364401012,0.0003109204027446665
2021,2022,US4370761029,0.00913821764024973
2021,2022,US4385161066,0.003054258864553905
2021,2022,US4404521001,0.0005904837469915754
2021,2022,US44107P1049,0.0003761577937665396
2021,2022,US4435106079,0.00029328203582600385
2021,2022,US4448591028,0.0012881453373779822
2021,2022,US4456581077,0.0004545172002715171
2021,2022,US4461501045,0.0004976118309698369
2021,2022,US4470111075,0.0002998800887018446
2021,2022,US45073V1089,0.00017350838402806792
2021,2022,US45167R1041,0.0003535671912505923
2021,2022,US45168D1046,0.0011735851027071473
2021,2022,US4523081093,0.0016222488210961708
2021,2022,US4523271090,0.001215952409953549
2021,2022,US4581401001,0.004484538570902667
2021,2022,US45866F1049,0.0015607432282226234
2021,2022,US4592001014,0.002564813277973617
2021,2022,US4595061015,0.000845212680139585
2021,2022,US4601461035,0.00016360506649926623
2021,2022,US4606901001,0.00030268276421287823
2021,2022,US4612021034,0.003841503911424812
2021,2022,US46120E6023,0.0027068668941521287
2021,2022,US46284V1017,0.00044216670565170273
2021,2022,US4657411066,5.010549948125194e-05
2021,2022,US46625H1005,0.009919587855309405
2021,2022,US4663131039,0.00024261939384747573
2021,2022,US46982L1089,0.00035556923893284033
2021,2022,US4781601046,0.009615500123817778
2021,2022,US48020Q1076,0.0003205846843948341
2021,2022,US48203R1041,0.00029779487561931045
2021,2022,US48242W1062,0.0002266629042743497
2021,2022,US4824801009,0.0014507184000248855
2021,2022,US48666K1097,3.547202583723755e-05
2021,2022,US4878361082,0.0005286186234410665
2021,2022,US4891701009,4.0411502804648865e-05
2021,2022,US4932671088,0.0004915184172204379
2021,2022,US4943681035,0.0010502540960379396
2021,2022,US49446R1095,0.0004103034221263368
2021,2022,US49456B1017,0.0005396341468318016
2021,2022,US4972661064,9.373852239399247e-06
2021,2022,US5002551043,0.00016777806524862025
2021,2022,US5010441013,0.0006490772820780047
2021,2022,US5018892084,0.00035757698744673556
2021,2022,US5150981018,0.00021207320415393571
2021,2022,US5178341070,0.0006346923028166774
2021,2022,US5184391044,0.0018305080297257987
2021,2022,US5218652049,0.0002639696376250404
2021,2022,US5246601075,7.829893506427341e-05
2021,2022,US5261071071,0.00023352240656208232
2021,2022,US5324571083,0.005617556322747902
2021,2022,US5339001068,0.00021682852254359123
2021,2022,US5341871094,0.00028323615189245106
2021,2022,US5370081045,0.0002534302701426006
2021,2022,US5398301094,0.00210240829662593
2021,2022,US5486611073,0.003626333537079936
2021,2022,US5502411037,0.0003344984401803929
2021,2022,US55261F1049,0.0004619885598244924
2021,2022,US5526761086,0.00013120526347329729
2021,2022,US5529531015,0.00047416527476017254
2021,2022,US5543821012,3.587487483911425e-05
2021,2022,US5544891048,4.1671715473516534e-05
2021,2022,US55616P1049,0.0001749948450555289
2021,2022,US5635714059,5.8166219185627824e-05
2021,2022,US56418H1005,6.826054622550083e-05
2021,2022,US5658491064,0.00020688671695423267
2021,2022,US5717481023,0.001865891269642811
2021,2022,US5719032022,0.0011782635510277858
2021,2022,US5732841060,0.00047412057216043624
2021,2022,US5738741041,0.001653748377988154
2021,2022,US5745991068,0.00029364860780710215
2021,2022,US57636Q1040,0.007407391757789206
2021,2022,US5770811025,0.00019441492334941642
2021,2022,US5797802064,0.00048719682733211635
2021,2022,US5801351017,0.004306662152353653
2021,2022,US58155Q1031,0.0007663914110428659
2021,2022,US58933Y1055,0.004178051531094569
2021,2022,US59156R1086,0.0011546165526425433
2021,2022,US5926881054,0.000804900637631041
2021,2022,US5949181045,0.05337471595929699
2021,2022,US5950171042,0.001074019556856928
2021,2022,US5951121038,0.002305860762506608
2021,2022,US6005441000,0.0
2021,2022,US6081901042,0.00016009150526783138
2021,2022,US60871R2094,0.00020134803770631307
2021,2022,US6092071058,0.00197029491889012
2021,2022,US61174X1090,0.0010958037461129505
2021,2022,US6153691059,0.0014775635651212904
2021,2022,US6174464486,0.003755476491611812
2021,2022,US61945C1036,0.00026489767407256767
2021,2022,US6200763075,0.000943098207600036
2021,2022,US6267171022,7.931293275791973e-05
2021,2022,US62886E1082,2.6838013204408046e-05
2021,2022,US6293775085,8.662514853788326e-21
2021,2022,US62955J1034,0.00019028455949759808
2021,2022,US6311031081,0.0007375934101602095
2021,2022,US6361801011,0.000160381725861855
2021,2022,US6365181022,8.388158651720681e-05
2021,2022,US64110D1046,0.00040350230283102553
2021,2022,US6501111073,0.00013652982151664717
2021,2022,US6512291062,0.0002620191041353379
2021,2022,US6516391066,0.0011426021767012488
2021,2022,US65339F1012,0.003908449129101763
2021,2022,US6541061031,0.00443089113038677
2021,2022,US65473P1057,2.8131109092524053e-21
2021,2022,US6556641008,2.0087154566548524e-05
2021,2022,US6558441084,0.0015682570474760027
2021,2022,US6658591044,0.0005313220437529351
2021,2022,US6668071029,0.001336566898525404
2021,2022,US6687711084,0.00031753947312881774
2021,2022,US6703461052,0.000684270773405441
2021,2022,US67066G1040,0.015525883170274377
2021,2022,US6708371033,0.0
2021,2022,US67098H1041,1.9266485472719928e-20
2021,2022,US67103H1077,0.0009847044783581065
2021,2022,US6745991058,0.0002535669284641901
2021,2022,US6780261052,3.637869437495665e-05
2021,2022,US6819191064,0.00030715085952180894
2021,2022,US6821891057,0.0006860688938932406
2021,2022,US6826801036,0.0006856186659412851
2021,2022,US68389X1054,0.005084505224850578
2021,2022,US6866881021,1.8078905613860807e-05
2021,2022,US6882392011,0.00032059784570277316
2021,2022,US69331C1080,0.0005516713817362813
2021,2022,US6934751057,0.0018301463515510035
2021,2022,US6935061076,0.0008825207955021827
2021,2022,US69351T1060,2.0073933945632078e-21
2021,2022,US6936561009,0.0002267883457193121
2021,2022,US6937181088,0.0006486279217373252
2021,2022,US6951561090,0.00026727945680410364
2021,2022,US7010941042,0.0008992716492880179
2021,2022,US70211M1099,3.1161781613437014e-05
2021,2022,US7043261079,0.001031321858110902
2021,2022,US7075691094,0.00026905418072043717
2021,2022,US7134481081,0.005107473918930345
2021,2022,US7140461093,0.0005225012121655417
2021,2022,US7170811035,0.007041719902369786
2021,2022,US7234841010,0.0
2021,2022,US7237871071,0.000932580050099007
2021,2022,US7244791007,3.543632313554824e-05
2021,2022,US7310681025,0.00013315947254202744
2021,2022,US74144T1088,0.000988391649809111
2021,2022,US74251V1026,0.00045751768849693666
2021,2022,US7427181091,0.008359529134181446
2021,2022,US7433151039,0.0013592885696030582
2021,2022,US74340W1036,0.0027361721212736732
2021,2022,US7443201022,0.0008807949377675361
2021,2022,US7445731067,0.0007227884353022149
2021,2022,US74460D1090,0.001478944907132173
2021,2022,US7458671010,0.0003357436878512146
2021,2022,US7475251036,0.004337918287928037
2021,2022,US74762E1029,0.00040681422098418383
2021,2022,US74834L1008,0.0004909629776948248
2021,2022,US7496851038,0.000329573258746455
2021,2022,US7509171069,0.00018455158849628507
2021,2022,US7512121010,0.00018684947694493586
2021,2022,US75281A1097,0.00011297583652381655
2021,2022,US7547301090,0.0005323677548318487
2021,2022,US75513E1010,0.0027680037371548543
2021,2022,US7588491032,0.0003643273098440535
2021,2022,US75886F1075,0.001329705306265179
2021,2022,US7591EP1005,0.0004912932435319755
2021,2022,US7593516047,0.00019434026591478993
2021,2022,US7595091023,0.00027892321404185047
2021,2022,US7607591002,0.0007901492759002804
2021,2022,US7611521078,0.0007544119567587939
2021,2022,US7677548726,4.684025621241909e-05
2021,2022,US7703231032,0.0002852892788388476
2021,2022,US7739031091,0.0009160094889998083
2021,2022,US7782961038,0.0008637099805535266
2021,2022,US7802871084,0.0002850949488725939
2021,2022,US7835491082,8.341727909877905e-05
2021,2022,US78409V1044,0.0024065837979230487
2021,2022,US78410G1040,0.0009572367482961882
2021,2022,US7841171033,0.00017582671574324814
2021,2022,US78440X8873,0.00011335738448431757
2021,2022,US78454L1008,0.00013307541150191343
2021,2022,US78473E1038,6.154556141406211e-05
2021,2022,US79466L3024,0.005284805844732814
2021,2022,US8064071025,0.0002634545492090583
2021,2022,US8101861065,0.00024785611626959743
2021,2022,US81211K1007,0.0002698063023052199
2021,2022,US8168511090,0.000948502031633505
2021,2022,US8175651046,0.00026618811479637563
2021,2022,US8243481061,0.0019345159029003334
2021,2022,US8288061091,0.0011691172931372592
2021,2022,US8326964058,0.00030973308075835603
2021,2022,US8354951027,0.00010364225405867844
2021,2022,US8425871071,0.0009891753440711775
2021,2022,US84265V1052,0.0010546053290210453
2021,2022,US8447411088,0.00026604295412122807
2021,2022,US8454671095,0.00012185906687027387
2021,2022,US8485741099,0.00016227107354646828
2021,2022,US8545021011,0.0006987416094570486
2021,2022,US8552441094,0.0028658403666216017
2021,2022,US8574771031,0.0006970188037066816
2021,2022,US8581191009,0.00026111421852203446
2021,2022,US8589121081,9.590593441911459e-05
2021,2022,US8636671013,0.002191943480058137
2021,2022,US8676524064,7.140004629207572e-05
2021,2022,US8716071076,0.0011851584464165372
2021,2022,US87161C5013,0.00017803417719950443
2021,2022,US8718291078,0.0009077954701004882
2021,2022,US8725401090,0.001918283395435256
2021,2022,US8760301072,0.0002631464991614277
2021,2022,US87612E1064,0.0023008208711570353
2021,2022,US8803491054,4.129738629721913e-20
2021,2022,US8807701029,0.0005163142816852185
2021,2022,US8807791038,7.528285927153502e-05
2021,2022,US8816242098,0.00012936245947099586
2021,2022,US8825081040,0.003695351573228352
2021,2022,US8832031012,0.00045510048990540753
2021,2022,US88337F1057,7.375687139419898e-19
2021,2022,US8835561023,0.005523021975100191
2021,2022,US8851601018,0.0001531551151719496
2021,2022,US88579Y1010,0.0021322847905011987
2021,2022,US88642R1095,7.880433122571265e-22
2021,2022,US8873891043,8.585387847752116e-05
2021,2022,US8910921084,0.00017897563915624017
2021,2022,US89417E1091,0.0008720284310565541
2021,2022,US8962391004,0.0004916417433175752
2021,2022,US8965221091,0.00013316828755288439
2021,2022,US89832Q1094,0.001721210156291506
2021,2022,US9024941034,0.0004317190746416462
2021,2022,US9026531049,0.00046395529845089486
2021,2022,US9026811052,0.00031512276771220645
2021,2022,US9029733048,0.0018231575212503226
2021,2022,US9078181081,0.003425234097674254
2021,2022,US9111631035,9.28655660603045e-05
2021,2022,US9113121068,0.0032815461511458486
2021,2022,US9113631090,0.0005030149874375045
2021,2022,US9129091081,0.0
2021,2022,US91324P1021,0.010007369550569013
2021,2022,US91529Y1064,0.00013839933712348263
2021,2022,US91822M5022,2.6641291233925205e-05
2021,2022,US91913Y1001,0.00022662534616391664
2021,2022,US92276F1003,0.0005761368884673621
2021,2022,US92343V1044,0.004625408338252755
2021,2022,US92532F1003,0.0011477530403477092
2021,2022,US9255501051,8.800950270053664e-05
2021,2022,US92556V1061,0.0004081776674104364
2021,2022,US9282981086,9.832379820060648e-05
2021,2022,US9290421091,0.00027264690873739645
2021,2022,US9291601097,0.0005708075217244692
2021,2022,US92922P1066,0.0
2021,2022,US92939U1060,0.0003730915501898407
2021,2022,US9297401088,0.0003496929865530337
2021,2022,US9311421039,0.008518651934949955
2021,2022,US9314271084,0.0010436563403639638
2021,2022,US94106L1098,0.001400459755109492
2021,2022,US9418481035,0.0005044231833080189
2021,2022,US9427491025,0.00012521716525718825
2021,2022,US9497461015,0.004029711001007511
2021,2022,US95040Q1040,0.000909833023365379
2021,2022,US95058W1009,0.00013904449002619942
2021,2022,US95082P1057,0.00016688395906852487
2021,2022,US9581021055,0.00047800615995320043
2021,2022,US9598021098,0.00014652628341252708
2021,2022,US9604131022,8.262487901631573e-20
2021,2022,US9621661043,0.0007210913888192002
2021,2022,US9633201069,0.00031506385478424184
2021,2022,US9682232064,9.315375446003754e-05
2021,2022,US9694571004,0.00042720341220184327
2021,2022,US9699041011,0.00028485717239574136
2021,2022,US9831341071,0.00023969726366618104
2021,2022,US98389B1008,0.00024313787979116718
2021,2022,US9839191015,0.0010626905644372914
2021,2022,US98421M1062,0.00011230389863552542
2021,2022,US9884981013,0.0009179386969279655
2021,2022,US9892071054,0.0006842143167723806
2021,2022,US98956P1021,0.0005500712420739645
2022,2023,AN8068571086,0.0020752909879291335
2022,2023,AT000000STR1,3.26897805196019e-05
2022,2023,AT00000VIE62,0.0
2022,2023,AT0000606306,0.00016161706015662344
2022,2023,AT0000652011,0.0003036573567799293
2022,2023,AT0000720008,0.00025595932832019
2022,2023,AT0000730007,0.0002619819778596509
2022,2023,AT0000743059,1.6596128713416724e-05
2022,2023,AT0000746409,0.0004700279214433588
2022,2023,AT0000831706,0.0
2022,2023,AT0000908504,0.00011926377724398399
2022,2023,AT0000937503,0.0
2022,2023,AT0000938204,0.0
2022,2023,AT0000A21KS2,0.00013642724896959413
2022,2023,AU000000JHX1,0.0001791710621267028
2022,2023,BE0003470755,0.0
2022,2023,BE0003565737,0.000613361057997905
2022,2023,BE0003593044,0.0001675072987689261
2022,2023,BE0003717312,0.0001619765890628052
2022,2023,BE0003735496,4.5959260079407085e-05
2022,2023,BE0003739530,0.000294218989507879
2022,2023,BE0003755692,0.0
2022,2023,BE0003797140,0.00032104764668957166
2022,2023,BE0003810273,0.00022778625412495768
2022,2023,BE0003822393,0.00041615430428155613
2022,2023,BE0974256852,0.0001413761087966623
2022,2023,BE0974258874,8.696454161406026e-05
2022,2023,BE0974264930,0.00026374162788821756
2022,2023,BE0974293251,0.0026657923346627022
2022,2023,BE0974320526,0.0002286708531472328
2022,2023,BMG850801025,0.0
2022,2023,CA00208D4084,0.0002521471065488771
2022,2023,CA0084741085,0.0007519665311756184
2022,2023,CA00900Q1037,6.345420496415873e-05
2022,2023,CA01626P1484,0.0012026132530088707
2022,2023,CA05534B7604,0.0010934918157223658
2022,2023,CA0636711016,0.0016244271683636038
2022,2023,CA0641491075,0.0015671640773609493
2022,2023,CA0977518616,0.00015146662758693964
2022,2023,CA1247651088,0.00015230897082730953
2022,2023,CA12532H1047,0.0004627851381018
2022,2023,CA13321L1085,0.0002664715439892578
2022,2023,CA1360691010,0.0009735733238798071
2022,2023,CA1363751027,0.002041202234601729
2022,2023,CA1363851017,0.00145912844447066
2022,2023,CA13646K1084,0.0017546816536333223
2022,2023,CA1366812024,0.00011813200958703112
2022,2023,CA1367178326,0.00018703562034025125
2022,2023,CA2849025093,3.739538507556636e-19
2022,2023,CA2918434077,8.17558554139865e-05
2022,2023,CA29250N1050,0.002076785119053117
2022,2023,CA2927661025,6.352783394783808e-05
2022,2023,CA3180714048,0.00021906727244210765
2022,2023,CA3359341052,0.000366853547450234
2022,2023,CA3495531079,0.0002675346616274178
2022,2023,CA3518581051,0.0008366418054159899
2022,2023,CA3759161035,3.5672464811314675e-05
2022,2023,CA39138C1068,0.0005799382995651795
2022,2023,CA4495861060,0.0001968019197675019
2022,2023,CA4530384086,0.0003081114873251227
2022,2023,CA45823T1066,0.000690627053258937
2022,2023,CA4969024047,9.918021205098979e-05
2022,2023,CA5394811015,0.0007500580078105103
2022,2023,CA5592224011,0.0005323987123927612
2022,2023,CA56501R1064,0.0008654020611899352
2022,2023,CA59151K1084,0.0
2022,2023,CA59162N1096,0.00027144152542980625
2022,2023,CA6744822033,0.0
2022,2023,CA68272K1030,0.0001671792265563156
2022,2023,CA6837151068,0.0001907786497220664
2022,2023,CA7392391016,0.00037488374463730744
2022,2023,CA74022D4075,8.431566048750389e-05
2022,2023,CA7669101031,0.0001798751544041508
2022,2023,CA7751092007,0.0004959565060639351
2022,2023,CA7800871021,0.003361186172461556
2022,2023,CA8029121057,0.0002738767136956179
2022,2023,CA82028K2002,0.00039680002542766827
2022,2023,CA8239011031,0.0
2022,2023,CA85472N1096,0.00016280694232940696
2022,2023,CA8667961053,0.0007127424905808683
2022,2023,CA8672241079,0.0006939915267305258
2022,2023,CA87807B1076,0.0007532224909791478
2022,2023,CA8787422044,0.0005989422527152
2022,2023,CA87971M1032,0.0007508396453267784
2022,2023,CA8849038085,0.0013796139459152617
2022,2023,CA8911605092,0.0030925335097785117
2022,2023,CA89346D1078,0.0
2022,2023,CA8959451037,0.00019371334229434037
2022,2023,CA9611485090,0.00045754145094663794
2022,2023,CA98462Y1007,0.0002474309928953401
2022,2023,CH0000816824,2.9287342002307323e-05
2022,2023,CH0008038389,0.00027961747852908036
2022,2023,CH0008742519,0.0008495429556738688
2022,2023,CH0010570759,0.0003519338931614024
2022,2023,CH0010645932,0.0007304132914628425
2022,2023,CH0011075394,0.0019577817836898747
2022,2023,CH0012005267,0.005573475738513919
2022,2023,CH0012032048,0.005579316760707796
2022,2023,CH0012138530,0.00024000862111506514
2022,2023,CH0012138605,0.0001579705174369836
2022,2023,CH0012142631,9.920242641319145e-05
2022,2023,CH0012214059,0.0
2022,2023,CH0012221716,0.0014660566372358167
2022,2023,CH0012255151,0.00011577715014029082
2022,2023,CH0012410517,0.00021111836336294582
2022,2023,CH0012549785,0.0004440111132465985
2022,2023,CH0013841017,0.0009048698075441262
2022,2023,CH0014786500,4.679380683259414e-20
2022,2023,CH0014852781,0.00046926866260377925
2022,2023,CH0018294154,0.00025305934765296287
2022,2023,CH0022268228,8.277714179655813e-05
2022,2023,CH0024608827,0.0005524733568753037
2022,2023,CH0024638212,0.0003436535316473676
2022,2023,CH0025238863,0.0007695490512558908
2022,2023,CH0025751329,0.0002575742758649226
2022,2023,CH0030170408,0.0003849891826608523
2022,2023,CH0038388911,0.0
2022,2023,CH0038863350,0.008162103377338095
2022,2023,CH0044328745,0.0024070336599104447
2022,2023,CH0048265513,0.0
2022,2023,CH0102484968,0.00029728932599170336
2022,2023,CH0126881561,0.000860928701150552
2022,2023,CH0210483332,0.0016652186726182287
2022,2023,CH0244767585,0.0016931726762936148
2022,2023,CH0319416936,0.0001955360798532503
2022,2023,CH0418792922,0.000888638807305423
2022,2023,CH1169151003,0.0001515016486972772
2022,2023,CH1175448666,0.0003903344606416352
2022,2023,CH1256740924,0.0004323051625917858
2022,2023,DE0005089031,0.00016555544737729367
2022,2023,DE0005140008,0.0006685137044829135
2022,2023,DE0005190003,0.0014182412145906122
2022,2023,DE0005200000,0.0007105837555854368
2022,2023,DE0005408884,1.5027082603553523e-05
2022,2023,DE0005439004,0.0002477986817375247
2022,2023,DE0005470405,0.0
2022,2023,DE0005552004,0.001136634302493779
2022,2023,DE0005557508,0.0025723575561648073
2022,2023,DE0005773303,0.0001304503268037938
2022,2023,DE0005785604,0.00043256631690800885
2022,2023,DE0005785802,0.0002654819859880398
2022,2023,DE0005810055,0.0008011478836209722
2022,2023,DE0005909006,7.913111135409389e-05
2022,2023,DE0006047004,0.0
2022,2023,DE0006048432,0.00031532844815237293
2022,2023,DE0006070006,0.00014663327104151038
2022,2023,DE0006202005,0.0
2022,2023,DE0006231004,0.0011162344758789422
2022,2023,DE0006569908,5.259122504835516e-05
2022,2023,DE0006599905,0.0005922408846685712
2022,2023,DE0006602006,0.0002452830395629811
2022,2023,DE0006969603,0.0003073447800476262
2022,2023,DE0007030009,0.00022291397090199732
2022,2023,DE0007037129,0.0
2022,2023,DE0007042301,0.0
2022,2023,DE0007100000,0.0018956798710625014
2022,2023,DE0007164600,0.0032172052589892657
2022,2023,DE0007236101,0.0030602360811363984
2022,2023,DE0007257503,2.87406590717524e-05
2022,2023,DE0007297004,0.0
2022,2023,DE0007314007,5.6743434087102725e-05
2022,2023,DE0007500001,0.0
2022,2023,DE0007507501,0.00011724424540202179
2022,2023,DE0007664039,0.0006668955691519756
2022,2023,DE0008232125,0.0
2022,2023,DE0008402215,0.0006895379771689294
2022,2023,DE0008404005,0.0022300960215389013
2022,2023,DE0008430026,0.0012497500133666524
2022,2023,DE000A0D6554,0.00015120424014638216
2022,2023,DE000A0D9PT0,0.0003406634189423902
2022,2023,DE000A0S8488,5.945759836875148e-05
2022,2023,DE000A0WMPJ6,0.0
2022,2023,DE000A1EWWW0,0.000571038939833761
2022,2023,DE000A2GS401,2.0120379710194138e-05
2022,2023,DE000BASF111,0.0009538705911862444
2022,2023,DE000BAY0017,0.0013958941218825077
2022,2023,DE000CBK1001,0.000254314394274632
2022,2023,DE000CLS1001,0.0001324671651741181
2022,2023,DE000ENAG999,0.0008944991753054543
2022,2023,DE000KSAG888,0.0
2022,2023,DE000PSM7770,0.0
2022,2023,DE000TUAG505,0.0
2022,2023,DK0010181759,0.00027987675738594647
2022,2023,DK0010234467,0.00016308468257428304
2022,2023,DK0010244508,0.0
2022,2023,DK0010272632,7.524516174207622e-05
2022,2023,DK0010274414,0.0004047973582617393
2022,2023,DK0010287663,4.4241797791356366e-05
2022,2023,DK0010307958,0.00018886388369401976
2022,2023,DK0010311471,0.00010730018418549603
2022,2023,DK0060079531,0.0009495556865104928
2022,2023,DK0060336014,0.0002781234747926042
2022,2023,DK0060448595,0.0005066542384035967
2022,2023,DK0060477503,0.00020639521633066487
2022,2023,DK0060636678,0.0004092837917456189
2022,2023,DK0060738599,0.00021194159595754278
2022,2023,DK0061539921,0.0006868059409441496
2022,2023,ES0109427734,4.223398590505863e-21
2022,2023,ES0112501012,6.286312767658036e-06
2022,2023,ES0113211835,0.0009338074981584322
2022,2023,ES0113679I37,9.244252018384722e-05
2022,2023,ES0113860A34,0.00020003026945410125
2022,2023,ES0113900J37,0.0013196375483361072
2022,2023,ES0116870314,0.0003473116867394857
2022,2023,ES0117160111,0.0001397872280622712
2022,2023,ES0118594417,0.0001070178164613997
2022,2023,ES0122060314,0.0
2022,2023,ES0124244E34,0.00022246346838404604
2022,2023,ES0125220311,0.0003959745861562575
2022,2023,ES0130670112,0.00016798419768901184
2022,2023,ES0130960018,0.00019847412749474151
2022,2023,ES0132105018,6.355264851574075e-05
2022,2023,ES0134950F36,0.00011028461556661908
2022,2023,ES0142090317,0.0
2022,2023,ES0144580Y14,0.001959628483302511
2022,2023,ES0148396007,0.00210274647075301
2022,2023,ES0152503035,8.472175755378685e-06
2022,2023,ES0161560018,0.00013160487532644358
2022,2023,ES0167050915,0.00031865495513102194
2022,2023,ES0171996087,0.00015772736725337583
2022,2023,ES0173093024,0.00039972120564604904
2022,2023,ES0173516115,0.0001501972413489447
2022,2023,ES0178430E18,0.0006463209804006759
2022,2023,ES0182870214,0.00016941560699306217
2022,2023,FI0009000202,0.00013212821580101136
2022,2023,FI0009000277,0.00011101101172374224
2022,2023,FI0009000459,4.072892471892338e-05
2022,2023,FI0009000681,0.0006628131556205938
2022,2023,FI0009002158,7.55131018387777e-05
2022,2023,FI0009002422,3.191370648324354e-05
2022,2023,FI0009003727,0.00011825356369744778
2022,2023,FI0009005318,7.055918463582833e-20
2022,2023,FI0009005870,0.00012681027420313162
2022,2023,FI0009005961,0.00018499338095325182
2022,2023,FI0009005987,0.0005374348624018255
2022,2023,FI0009007132,0.0
2022,2023,FI0009007694,0.0
2022,2023,FI0009007884,0.0002844690202663723
2022,2023,FI0009013296,0.0009652666458846372
2022,2023,FI0009013403,0.0005977805490666631
2022,2023,FI0009800643,1.590346508981942e-05
2022,2023,FR0000035081,0.00012512345430740969
2022,2023,FR0000039109,0.0
2022,2023,FR0000044448,2.7728294100627454e-05
2022,2023,FR0000045072,0.0008725224672302188
2022,2023,FR0000051070,7.389959577788347e-05
2022,2023,FR0000052292,0.004178399094274795
2022,2023,FR0000053225,1.4161324524672696e-05
2022,2023,FR0000054470,0.00018587208457345397
2022,2023,FR0000054900,0.0
2022,2023,FR0000064578,0.0002307391978035076
2022,2023,FR0000073272,0.0014300961073217154
2022,2023,FR0000077919,3.821816550862619e-05
2022,2023,FR0000120073,0.0017544903263489388
2022,2023,FR0000120172,0.00035872708595998575
2022,2023,FR0000120271,0.004155982220280566
2022,2023,FR0000120321,0.004831641491413303
2022,2023,FR0000120404,0.00016600971311778466
2022,2023,FR0000120503,0.00023740082834103067
2022,2023,FR0000120560,0.00013772478640993762
2022,2023,FR0000120578,0.0031456737440912017
2022,2023,FR0000120628,0.0016633267600295904
2022,2023,FR0000120644,0.0009179159899912764
2022,2023,FR0000120693,0.0012849015450777774
2022,2023,FR0000120859,0.0
2022,2023,FR0000120966,0.00018322029322537047
2022,2023,FR0000121014,0.009279955633685137
2022,2023,FR0000121121,0.00016958553444679195
2022,2023,FR0000121204,0.0001039696612145437
2022,2023,FR0000121220,0.00033028098494396126
2022,2023,FR0000121329,0.00068343267274473
2022,2023,FR0000121485,0.0016199815047225415
2022,2023,FR0000121667,0.002031573643653393
2022,2023,FR0000121964,0.00017493960877495163
2022,2023,FR0000121972,0.001993044769870997
2022,2023,FR0000124141,0.0
2022,2023,FR0000125007,0.0004763317254238648
2022,2023,FR0000125338,0.0006920740660412048
2022,2023,FR0000125486,0.0015191156364449743
2022,2023,FR0000127771,0.0003667861454469528
2022,2023,FR0000130213,0.00016734797014444474
2022,2023,FR0000130395,0.00015225177125904803
2022,2023,FR0000130403,0.003340899695410477
2022,2023,FR0000130452,0.00028909493218915827
2022,2023,FR0000130577,0.000446586800412343
2022,2023,FR0000130809,0.0005416277590680321
2022,2023,FR0000131104,0.0018357197479409377
2022,2023,FR0000131757,0.0
2022,2023,FR0000131906,0.00023820323495990148
2022,2023,FR0000133308,0.0008030146486882667
2022,2023,FR0010040865,0.00024389115267364867
2022,2023,FR0010220475,0.0003396414647231835
2022,2023,FR0010221234,0.0002244065160527017
2022,2023,FR0010242511,0.0011153413000050383
2022,2023,FR0010307819,0.0005426711966932176
2022,2023,FR0010313833,7.321049604029804e-05
2022,2023,FR0010340141,0.0005005075213927482
2022,2023,FR0010411983,0.00016595479736564509
2022,2023,FR0010533075,0.00035893049205526267
2022,2023,FR0013176526,9.855203329443867e-05
2022,2023,FR0013280286,0.0003274380942887848
2022,2023,FR0013326246,0.0003228885501323785
2022,2023,FR0013506730,0.0
2022,2023,FR0014003TT8,0.001157739499882565
2022,2023,FR001400AJ45,0.0005238936133606394
2022,2023,GB0000163088,0.0
2022,2023,GB0000365774,0.0
2022,2023,GB0000456144,0.0004906331564214751
2022,2023,GB0000536739,0.0006218483625446939
2022,2023,GB0000600931,5.36163478685921e-05
2022,2023,GB0000811801,6.302718199677863e-05
2022,2023,GB0000904986,6.324301185702342e-05
2022,2023,GB0000961622,6.104953137911708e-05
2022,2023,GB0001110096,1.5574581177851802e-05
2022,2023,GB0001367019,0.00012174595188840083
2022,2023,GB0001500809,0.0
2022,2023,GB0001570810,0.0
2022,2023,GB0001638955,5.016453684052517e-06
2022,2023,GB0001667087,0.0
2022,2023,GB0001795680,0.0
2022,2023,GB0001826634,0.00022575970566326991
2022,2023,GB0001859296,3.846168691695388e-05
2022,2023,GB0002015021,3.0960172173043306e-06
2022,2023,GB0002018363,2.9257444823687233e-19
2022,2023,GB0002074580,1.2545227987877559e-05
2022,2023,GB0002148343,0.0001365632763133546
2022,2023,GB0002318888,0.0
2022,2023,GB0002349065,0.0
2022,2023,GB0002374006,0.0024946970078622193
2022,2023,GB0002418548,2.2420992191911717e-20
2022,2023,GB0002634946,0.0007536655268901338
2022,2023,GB0002652740,0.0001010206719094503
2022,2023,GB0002670437,0.0
2022,2023,GB0002869419,3.3723802747982496e-05
2022,2023,GB0002875804,0.0022809366911310347
2022,2023,GB0003062816,0.0
2022,2023,GB0003096442,0.00016126100267311604
2022,2023,GB0003308607,0.00013196182019139277
2022,2023,GB0003395000,0.0
2022,2023,GB0003452173,0.0
2022,2023,GB0003718474,4.387158126386839e-05
2022,2023,GB0004052071,0.00019435715547706602
2022,2023,GB0004082847,0.0006721045098837076
2022,2023,GB0004161021,0.00011176186645585157
2022,2023,GB0004170089,0.0
2022,2023,GB0004270301,3.9153646095793954e-05
2022,2023,GB0004478896,0.00019841380153061522
2022,2023,GB0004544929,0.0006090978340747085
2022,2023,GB0004657408,0.0
2022,2023,GB0004726096,6.658993677503945e-05
2022,2023,GB0004866223,0.0
2022,2023,GB0004915632,3.1909536992711357e-19
2022,2023,GB0005405286,0.003191724690750908
2022,2023,GB0005576813,2.0864972831196763e-05
2022,2023,GB0005603997,0.0004757998749637861
2022,2023,GB0005630420,0.0
2022,2023,GB0005746358,6.360013655319649e-20
2022,2023,GB0006027295,0.0
2022,2023,GB0006215205,0.0
2022,2023,GB0006449366,0.00011132727982706876
2022,2023,GB0006640972,9.986310436432591e-05
2022,2023,GB0006650450,1.174830827540942e-05
2022,2023,GB0006731235,0.0003968718828976782
2022,2023,GB0006776081,0.00020714115788272706
2022,2023,GB0006825383,0.00013699417239215042
2022,2023,GB0006928617,0.00012651812160239045
2022,2023,GB0006963689,1.5989380857863336e-05
2022,2023,GB0007099541,0.0009218613754329529
2022,2023,GB0007188757,0.0022139638378173257
2022,2023,GB0007323586,0.0001644051903610458
2022,2023,GB0007370074,0.0
2022,2023,GB0007388407,3.343177152948027e-05
2022,2023,GB0007594764,5.722285233859437e-05
2022,2023,GB0007668071,6.665143627818784e-19
2022,2023,GB0007669376,0.0001292794472599228
2022,2023,GB0007689002,0.0001492309820910043
2022,2023,GB0007908733,0.0005351694929976329
2022,2023,GB0007958233,3.69477069980638e-05
2022,2023,GB0007973794,3.479448318243878e-05
2022,2023,GB0007980591,0.002558074432602525
2022,2023,GB0008025412,1.0310760360736534e-06
2022,2023,GB0008085614,2.730466237066338e-05
2022,2023,GB0008220112,0.0
2022,2023,GB0008475088,8.403483901625176e-19
2022,2023,GB0008481250,0.0
2022,2023,GB0008706128,0.0008728108657065877
2022,2023,GB0008711763,3.9510664446579876e-05
2022,2023,GB0008782301,8.246897959506899e-05
2022,2023,GB0008794710,1.1188233804297566e-05
2022,2023,GB0009067447,0.0
2022,2023,GB0009223206,0.00034318861683685294
2022,2023,GB0009286963,7.121940354198968e-20
2022,2023,GB0009292243,1.9583146191460188e-05
2022,2023,GB0009296665,2.604746398482426e-05
2022,2023,GB0009465807,0.00015245232885225524
2022,2023,GB0009633180,0.00013343811694055673
2022,2023,GB0009692319,6.849334854496251e-05
2022,2023,GB0009697037,5.904762659887792e-06
2022,2023,GB0009895292,0.005373460424501579
2022,2023,GB0022569080,0.0002976275118275372
2022,2023,GB0030181522,1.8666404082041445e-18
2022,2023,GB0030232317,1.5260926779955537e-18
2022,2023,GB0030329360,0.0
2022,2023,GB0030913577,0.00029723101935681846
2022,2023,GB0031274896,0.0
2022,2023,GB0031348658,0.0008117130761219666
2022,2023,GB0031638363,0.0002535684687068202
2022,2023,GB0031743007,0.00031829157578838215
2022,2023,GB0032089863,0.0002240252082312369
2022,2023,GB0033147751,5.3846432370335375e-05
2022,2023,GB0033195214,0.0001265236936602248
2022,2023,GB0033986497,0.0
2022,2023,GB00B00FPT80,4.7023377777892546e-05
2022,2023,GB00B012BV22,0.0
2022,2023,GB00B012TP20,5.135584486582733e-05
2022,2023,GB00B019KW72,8.452916587526592e-05
2022,2023,GB00B01QGK86,0.0
2022,2023,GB00B02J6398,0.00020497602462243443
2022,2023,GB00B033F229,7.442956728985882e-05
2022,2023,GB00B03HDJ73,1.1737426884272212e-19
2022,2023,GB00B04V1276,3.4431364768572514e-05
2022,2023,GB00B06QFB75,5.752600882944899e-05
2022,2023,GB00B0744359,5.651612257027849e-05
2022,2023,GB00B0744B38,0.0003094342082889124
2022,2023,GB00B082RF11,0.0003788504840546393
2022,2023,GB00B0FYMT95,5.0086164051562524e-05
2022,2023,GB00B0KM9T71,1.3795904776234229e-05
2022,2023,GB00B0LCW083,0.00014602964223136848
2022,2023,GB00B0N8QD54,1.984396562330817e-05
2022,2023,GB00B0SWJX34,0.001087043823394658
2022,2023,GB00B0WMWD03,5.61806188505717e-05
2022,2023,GB00B0YG1K06,2.7598796398514673e-19
2022,2023,GB00B128J450,9.106653514080198e-05
2022,2023,GB00B132NW22,0.00013640381713579062
2022,2023,GB00B135BJ46,2.3586909922476638e-05
2022,2023,GB00B17MMZ46,8.424302501584704e-08
2022,2023,GB00B18P5K83,2.2617632052696745e-05
2022,2023,GB00B19Z1432,1.9574344079400427e-19
2022,2023,GB00B1FH8J72,0.00018809017100341235
2022,2023,GB00B1FP6H53,4.7956149640160987e-05
2022,2023,GB00B1FW5029,3.3197843936260625e-05
2022,2023,GB00B1G5HX72,5.335978056120156e-19
2022,2023,GB00B1JQDM80,0.0
2022,2023,GB00B1KJJ408,0.00014829664412152892
2022,2023,GB00B1L5QH97,3.494446714653247e-05
2022,2023,GB00B1P6ZR11,2.7477760344138594e-05
2022,2023,GB00B1VNSX38,7.650486139423845e-05
2022,2023,GB00B1WY2338,0.00016584160482360457
2022,2023,GB00B1XH2C03,6.348275259467297e-20
2022,2023,GB00B1YW4409,0.00043417054636401794
2022,2023,GB00B27YGJ97,0.0
2022,2023,GB00B2B0DG97,0.0013562956644604294
2022,2023,GB00B2NGPM57,2.198931893213161e-05
2022,2023,GB00B2PDGW16,8.889458821855957e-05
2022,2023,GB00B39J2M42,0.0002728190501364996
2022,2023,GB00B3CX3644,3.003516171108401e-05
2022,2023,GB00B3DGH821,1.3278438588118673e-18
2022,2023,GB00B3FLWH99,1.1503267722984598e-06
2022,2023,GB00B41H7391,8.822649132425312e-05
2022,2023,GB00B45C9X44,5.673138462297758e-06
2022,2023,GB00B572ZV91,0.0
2022,2023,GB00B5N0P849,0.00015208562157472265
2022,2023,GB00B5ZN1N88,0.00027368675362604545
2022,2023,GB00B61TVQ02,3.945565427539454e-05
2022,2023,GB00B63H8491,0.0002700499997414428
2022,2023,GB00B63QSB39,0.00017682868588792607
2022,2023,GB00B64NSP76,2.014754795452219e-19
2022,2023,GB00B67G5X01,9.578623776881384e-05
2022,2023,GB00B6XZKY75,0.0
2022,2023,GB00B71N6K86,0.0
2022,2023,GB00B7KR2P84,0.0
2022,2023,GB00B82YXW83,0.0
2022,2023,GB00B8C3BL03,0.00022070728355267724
2022,2023,GB00BD6K4575,0.0010423551664625063
2022,2023,GB00BDCPN049,0.0006574163206411227
2022,2023,GB00BDFBVT43,2.997765700011533e-18
2022,2023,GB00BDR05C01,0.0011605980934996493
2022,2023,GB00BF044593,6.316326103368548e-05
2022,2023,GB00BF5H9P87,6.130080907927631e-05
2022,2023,GB00BF8Q6K64,9.080257985847472e-05
2022,2023,GB00BG11K365,3.326281862331543e-05
2022,2023,GB00BGDT3G23,8.634257679216322e-06
2022,2023,GB00BGLP8L22,2.468351096242732e-05
2022,2023,GB00BH4HKS39,0.0007536641545903453
2022,2023,GB00BHJYC057,0.00027269985695870484
2022,2023,GB00BJ1F4N75,0.0001646602009326034
2022,2023,GB00BJFFLV09,0.00029034268661163595
2022,2023,GB00BJT0FF39,5.5273215364893986e-05
2022,2023,GB00BK9RKT01,7.61181317171576e-20
2022,2023,GB00BKP36R26,0.0
2022,2023,GB00BKY40Q38,1.4248022183728067e-19
2022,2023,GB00BL6XZ716,6.16386923863004e-05
2022,2023,GB00BLGZ9862,0.0005160624913940194
2022,2023,GB00BM8PJY71,0.0007790327428521312
2022,2023,GB00BM8Q5M07,0.0001343196321287825
2022,2023,GB00BMJ6DW54,0.00025925302059003655
2022,2023,GB00BN7SWP63,0.0018580293704668583
2022,2023,GB00BNGDN821,0.00010584860893732603
2022,2023,GB00BNNTLN49,0.00013862989259501402
2022,2023,GB00BNR4T868,0.0
2022,2023,GB00BP6MXD84,0.004891708141666245
2022,2023,GB00BP92CJ43,8.116909302420765e-05
2022,2023,GB00BP9LHF23,0.00018999719324060078
2022,2023,GB00BPQY8M80,0.0004868729244541851
2022,2023,GB00BRB37M78,0.00018106802885410888
2022,2023,GB00BRKD9Z53,0.0
2022,2023,GB00BV9FP302,4.823144760355304e-05
2022,2023,GB00BVFNZH21,0.0001402804014138078
2022,2023,GB00BWFGQN14,0.0001877458635265137
2022,2023,GB00BYQ0JC66,9.088676676003629e-05
2022,2023,GB00BYRJ5J14,7.207262973489296e-05
2022,2023,GB00BYT1DJ19,4.3797373693360186e-05
2022,2023,GB00BYW0PQ60,0.00016540203123320614
2022,2023,GB00BYYTFB60,0.0001991710991463205
2022,2023,GB00BYZN9041,8.873736263452514e-05
2022,2023,GB00BZ4BQC70,0.00011140656573274945
2022,2023,IE0001827041,0.0
2022,2023,IE0002424939,6.44530351999202e-05
2022,2023,IE0003864109,0.0
2022,2023,IE0004906560,0.0003950631317593048
2022,2023,IE0004927939,0.0002307532156995852
2022,2023,IE00B00MZ448,4.1049503032767756e-05
2022,2023,IE00B4BNMY34,0.004449172527836217
2022,2023,IE00B8KQN827,0.0015784342418967002
2022,2023,IE00BD1RP616,0.00026023588988247336
2022,2023,IE00BDB6Q211,0.0007796249116030824
2022,2023,IE00BF0L3536,0.0004254498850036181
2022,2023,IE00BGH1M568,0.00014206680646813358
2022,2023,IE00BJ3V9050,5.1281040070772444e-20
2022,2023,IE00BK9ZQ967,0.0009411813372761439
2022,2023,IE00BLP1HW54,0.0016172523774358057
2022,2023,IE00BLS09M33,0.00014256772825856637
2022,2023,IE00BTN1Y115,0.002620653097512073
2022,2023,IE00BWT6H894,0.0005966401344369317
2022,2023,IE00BY7QL619,0.0011556499832232948
2022,2023,IE00BYTBXV33,0.0
2022,2023,IL0002300114,0.0001622156092994134
2022,2023,IL0002730112,0.00031628861826159526
2022,2023,IL0002810146,0.00014853266485647426
2022,2023,IL0005930388,0.00011978677787660806
2022,2023,IL0006046119,0.0004037073050243264
2022,2023,IL0006625771,0.0003637971839104344
2022,2023,IL0006954379,0.0002709321747714768
2022,2023,IL0010811243,9.579801812747124e-05
2022,2023,IL0010824113,0.0004505345168980416
2022,2023,IT0000062072,0.0007871323018706783
2022,2023,IT0000062957,0.00029856479814336246
2022,2023,IT0000066123,9.301817409736343e-05
2022,2023,IT0000072618,0.001081438654214688
2022,2023,IT0000784196,7.943025743492071e-05
2022,2023,IT0001137345,0.000194419337219641
2022,2023,IT0001233417,0.0
2022,2023,IT0001347308,0.0
2022,2023,IT0001469383,8.467571023017977e-05
2022,2023,IT0003128367,0.0008156705819533402
2022,2023,IT0003132476,0.00081192192234102
2022,2023,IT0003153415,0.0004548394216560052
2022,2023,IT0003242622,0.0005023106185097749
2022,2023,IT0003497168,0.0001099149003983842
2022,2023,IT0003856405,0.0002551367077209119
2022,2023,IT0004810054,0.0001581937400045264
2022,2023,IT0004827447,0.0002847716526025191
2022,2023,IT0005218380,0.00026483720958102964
2022,2023,IT0005239360,0.000766510434867651
2022,2023,IT0005495657,5.42557997740777e-20
2022,2023,JE00B8KF9B49,0.0002845483099722939
2022,2023,JE00BJ1DLW90,0.00014674368971763773
2022,2023,JE00BYVQYS01,0.0
2022,2023,LR0008862868,0.0002101018117468203
2022,2023,LU0075646355,8.10241151212493e-05
2022,2023,NL0000008977,0.0005310418780529915
2022,2023,NL0000009082,0.0004944465018953409
2022,2023,NL0000009165,0.0013817728437591369
2022,2023,NL0000009538,0.0003506859528297567
2022,2023,NL0000226223,0.0008659004765600724
2022,2023,NL0000235190,0.0023479609260418635
2022,2023,NL0000289213,9.942549353472747e-05
2022,2023,NL0000337319,0.0
2022,2023,NL0000360618,9.397743591317182e-05
2022,2023,NL0000379121,0.0002544820371874739
2022,2023,NL0000395903,0.0006536618220678904
2022,2023,NL0006237562,0.0001393889531223423
2022,2023,NL0009432491,0.00011408622962496073
2022,2023,NL0010273215,0.0055513279352856605
2022,2023,NL0010583399,0.0
2022,2023,NL0011794037,0.0006966349272483548
2022,2023,NL0011821202,0.0011765193383837537
2022,2023,NL0013267909,0.000367923136026438
2022,2023,NL0013332471,0.0
2022,2023,NL00150001Q9,0.0011513726574610029
2022,2023,NL00150003E1,0.00012479467383829493
2022,2023,NL0015001FS8,0.0005330334557393769
2022,2023,NL0015435975,0.00032238991801378605
2022,2023,NO0003028904,3.919524829711815e-05
2022,2023,NO0003053605,0.00012144118380430734
2022,2023,NO0003054108,0.00042105479535531863
2022,2023,NO0003078800,0.00023659910154575966
2022,2023,NO0003733800,0.0001588432524607896
2022,2023,NO0005052605,0.00019461960850931248
2022,2023,NO0010063308,0.0003831689723081666
2022,2023,NO0010096985,0.0029442031773704402
2022,2023,NO0010208051,0.0
2022,2023,NO0010215684,0.00017267804618216693
2022,2023,NO0012470089,0.00011105315508734067
2022,2023,PA1436583006,0.0
2022,2023,PTBCP0AM0015,5.3830167037683935e-05
2022,2023,PTEDP0AM0009,0.00035594321268424007
2022,2023,PTJMT0AE0001,0.00036494367044709157
2022,2023,PTSON0AM0001,2.9828630748567657e-05
2022,2023,PTZON0AM0006,0.00014389566289998038
2022,2023,SE0000106270,0.0005448177604681493
2022,2023,SE0000108227,0.00019686246685608896
2022,2023,SE0000108656,0.0005181991233222451
2022,2023,SE0000112724,0.0003220974957237722
2022,2023,SE0000113250,0.00013780887122022658
2022,2023,SE0000114837,0.00015870401203404684
2022,2023,SE0000148884,0.0006320629617512258
2022,2023,SE0000163594,7.783233182694409e-05
2022,2023,SE0000163628,7.208656478600604e-05
2022,2023,SE0000171100,0.0
2022,2023,SE0000190126,0.00016193210181127707
2022,2023,SE0000202624,9.206104525420049e-05
2022,2023,SE0000242455,0.0005284669181726675
2022,2023,SE0000379190,0.00017839899280668115
2022,2023,SE0000667891,0.0006397073339665144
2022,2023,SE0000667925,0.0003333083183028431
2022,2023,SE0000695876,0.00028978206938384956
2022,2023,SE0000806994,8.69185025780155e-05
2022,2023,SE0000862997,6.180423309711722e-21
2022,2023,SE0000949331,5.76426382654306e-05
2022,2023,SE0001662230,7.574834589835929e-05
2022,2023,SE0005190238,0.00018860079958804324
2022,2023,SE0006993770,0.00020793492919621902
2022,2023,SE0007100581,0.0005726525796171922
2022,2023,SE0007100599,0.0005299015447511361
2022,2023,SE0011090018,0.00023160449668067172
2022,2023,SE0011166974,0.00014219823738030677
2022,2023,SE0015811955,0.0005891404714730551
2022,2023,SE0015961909,0.0006455368252591536
2022,2023,SE0015988019,0.00041782970295159606
2022,2023,SE0016589188,0.0001735764925890388
2022,2023,SE0017486889,0.0010050905765506641
2022,2023,SE0018012494,5.730557476825091e-05
2022,2023,SE0018012635,0.00010256639549026001
2022,2023,SE0020050417,0.00030404572719712193
2022,2023,US0010551028,0.001196553146907489
2022,2023,US0010841023,0.00030435645872157845
2022,2023,US00130H1059,0.0
2022,2023,US00206R1023,0.0033811268548032108
2022,2023,US0028241000,0.004918433372546454
2022,2023,US0028962076,0.00014094140305736218
2022,2023,US00507V1098,0.0014987120323628979
2022,2023,US00724F1012,0.004054048278588666
2022,2023,US00751Y1064,0.00019275290358143445
2022,2023,US0079031078,0.002564436774113915
2022,2023,US0082521081,0.00020902858966188997
2022,2023,US00846U1016,0.0011459299596562804
2022,2023,US0091581068,0.0016213881594024984
2022,2023,US00971T1016,0.0003350841808610702
2022,2023,US0126531013,0.0007240276116897993
2022,2023,US0152711091,0.000708446896920062
2022,2023,US01741R1023,0.00022117179577472358
2022,2023,US0185811082,0.0001130001388287323
2022,2023,US0188021085,0.0
2022,2023,US0200021014,0.0010105032331045258
2022,2023,US02079K3059,0.013375551999755684
2022,2023,US02209S1033,0.0022224975654966663
2022,2023,US0231351067,0.021698515585689214
2022,2023,US0236081024,0.0
2022,2023,US0255371017,0.0006928549543974035
2022,2023,US02553E1064,7.798966018896495e-06
2022,2023,US0258161092,0.0028921073560352474
2022,2023,US0268747849,0.001281090119818752
2022,2023,US03027X1000,0.002604901827439431
2022,2023,US03073E1055,0.000848537923442876
2022,2023,US03076C1062,0.0008942489451697734
2022,2023,US0311001004,0.000812393261075077
2022,2023,US0311621009,0.0035660584183927683
2022,2023,US0320951017,0.0011728657032951807
2022,2023,US0326541051,0.002154204143294694
2022,2023,US0367521038,0.0031488446687862244
2022,2023,US03743Q1085,0.000160539835959178
2022,2023,US0378331005,0.05254790982662724
2022,2023,US0382221051,0.0021245382314849745
2022,2023,US0383361039,0.0002325736242665348
2022,2023,US0394831020,0.0012795390745351943
2022,2023,US0427351004,0.00020895096840751822
2022,2023,US0441861046,0.00014244740697073893
2022,2023,US0454871056,7.500436789621336e-05
2022,2023,US04621X1081,0.00018638959813846966
2022,2023,US0495601058,0.00054501928031972
2022,2023,US0527691069,0.0011598532364457963
2022,2023,US0528001094,0.00021158091435520999
2022,2023,US0530151036,0.0025264322433960363
2022,2023,US0533321024,0.0011127687685581248
2022,2023,US0534841012,0.0006050945271050994
2022,2023,US0536111091,0.0004156334555826192
2022,2023,US0537741052,0.0
2022,2023,US0538071038,0.00019331359070970738
2022,2023,US0565251081,0.0
2022,2023,US0584981064,0.0004393782379015729
2022,2023,US0605051046,0.006815998471725956
2022,2023,US0640581007,0.0009624302086205023
2022,2023,US0708301041,0.00023449375402471583
2022,2023,US0718131099,0.0007475547775127428
2022,2023,US0758871091,0.0018228803543252068
2022,2023,US0758961009,0.0
2022,2023,US0844231029,0.0006205867744185353
2022,2023,US0865161014,0.0003645028257321873
2022,2023,US0893021032,2.0772327653993372e-19
2022,2023,US09061G1013,0.0003958934464202142
2022,2023,US09062X1037,0.000878199655822447
2022,2023,US09073M1045,0.00038136393414916895
2022,2023,US0936711052,0.0001532057537010581
2022,2023,US0970231058,0.0028880030071094897
2022,2023,US09857L1089,0.0020444032587103363
2022,2023,US0997241064,0.00035337723583948665
2022,2023,US1011211018,0.0003284438646122608
2022,2023,US1011371077,0.0016275222642382512
2022,2023,US1033041013,0.00019151826496955978
2022,2023,US1053682035,7.587595249696906e-05
2022,2023,US1096411004,1.731844527792162e-06
2022,2023,US1096961040,0.0
2022,2023,US1101221083,0.0038318072602348133
2022,2023,US1124631045,0.0
2022,2023,US1156372096,0.0005383995781081367
2022,2023,US12504L1098,0.000622092688089861
2022,2023,US1252691001,0.0
2022,2023,US12541W2098,0.00037134083548590334
2022,2023,US1255231003,0.002541591349434007
2022,2023,US12572Q1058,0.0014576847591674332
2022,2023,US1258961002,0.0
2022,2023,US1264081035,0.001679159808697609
2022,2023,US12653C1080,0.00010566953737133568
2022,2023,US1266501006,0.0030936608519996885
2022,2023,US1270551013,0.0
2022,2023,US1270971039,0.0005374950318930045
2022,2023,US1273871087,0.0011223038381346835
2022,2023,US1307881029,0.0001257479509910045
2022,2023,US1331311027,0.00036330022873052697
2022,2023,US1344291091,0.0004149768759309415
2022,2023,US14040H1059,0.0008949891560744792
2022,2023,US14149Y1082,0.0005417455898853828
2022,2023,US1423391002,0.00039837599144126206
2022,2023,US1431301027,0.00030840230973320815
2022,2023,US1491231015,0.0033143401999947363
2022,2023,US1508701034,0.00030191995952009694
2022,2023,US15189T1079,0.0004939090803631195
2022,2023,US1598641074,0.00030844066241955773
2022,2023,US1667641005,0.008813812411892764
2022,2023,US1699051066,0.00023239229067866386
2022,2023,US1713401024,0.0005331393066255098
2022,2023,US1717793095,0.0001643851549345266
2022,2023,US1720621010,0.00045032813499179097
2022,2023,US17275R1023,0.004906847266253538
2022,2023,US1729081059,0.0011693249860483686
2022,2023,US1729674242,0.0022598513129309696
2022,2023,US1858991011,0.0
2022,2023,US1890541097,0.0004745083333845734
2022,2023,US1912161007,0.00706640068283961
2022,2023,US1924461023,0.0007507876146303102
2022,2023,US1941621039,0.0017619088137452233
2022,2023,US20030N1019,0.0038052705009612975
2022,2023,US2003401070,0.0002430888537364177
2022,2023,US2017231034,0.00012441553077464552
2022,2023,US2058871029,0.0004626986373389334
2022,2023,US20825C1045,0.0038132620295268237
2022,2023,US2091151041,0.0010396502790562348
2022,2023,US21036P1084,0.0012181342322036646
2022,2023,US2172041061,0.0007721807078063215
2022,2023,US21871N1019,7.259262198508518e-05
2022,2023,US2193501051,0.0007453480132763021
2022,2023,US22160K1051,0.005087867794148498
2022,2023,US22410J1060,5.038351703585684e-05
2022,2023,US22822V1017,0.0016466919140686886
2022,2023,US2283681060,0.0002411988833478076
2022,2023,US2310211063,0.0009044443403198301
2022,2023,US23331A1097,0.0008298130454202415
2022,2023,US2333311072,0.0
2022,2023,US23355L1061,0.00011293852958824694
2022,2023,US2358511028,0.004919367420210607
2022,2023,US2371941053,0.000368633348107295
2022,2023,US23918K1088,0.00012055345871486195
2022,2023,US2441991054,0.003271760466067388
2022,2023,US2473617023,0.0
2022,2023,US24906P1093,0.0001496354361200994
2022,2023,US25179M1036,0.0010200782001736058
2022,2023,US2533931026,0.0001376954241859509
2022,2023,US2546871060,0.003958897653396419
2022,2023,US25525P1075,0.000139702067042511
2022,2023,US25659T1079,9.190635044580874e-05
2022,2023,US2566771059,0.001320545946841872
2022,2023,US2567461080,0.0007208167200894856
2022,2023,US25746U1097,0.0010438878835518763
2022,2023,US2576511099,0.00023810332581023866
2022,2023,US25960P1093,0.00014033663495787048
2022,2023,US2600031080,0.0005393638298021871
2022,2023,US26441C2044,0.0014870627477046642
2022,2023,US26875P1012,0.002005028170816707
2022,2023,US26884L1098,0.00037697107241980294
2022,2023,US2774321002,0.0
2022,2023,US2786421030,0.0005291286995818884
2022,2023,US2788651006,0.001067280355337511
2022,2023,US2810201077,0.0008319605237713846
2022,2023,US28176E1082,0.00103558217115083
2022,2023,US2855121099,0.0008317855744237325
2022,2023,US2910111044,0.0014859312478439518
2022,2023,US29364G1031,0.0
2022,2023,US2944291051,0.0006103925319716581
2022,2023,US29444U7000,0.0015637123073037427
2022,2023,US29476L1070,0.0006500732874746938
2022,2023,US29670G1022,0.00037780452391431626
2022,2023,US2971781057,0.00045150764748386917
2022,2023,US30034W1062,0.0
2022,2023,US30040W1080,0.0009922034319650736
2022,2023,US30161N1019,0.0013918646868102383
2022,2023,US30212P3038,0.0003953846300424461
2022,2023,US3021301094,0.0004139264757876671
2022,2023,US30231G1022,0.011445420544869585
2022,2023,US3024913036,0.00047069782292618597
2022,2023,US3029411093,0.0002606066168236024
2022,2023,US3030751057,0.0003577393351297669
2022,2023,US3119001044,0.0007800894906005462
2022,2023,US3137451015,0.00029818908730053857
2022,2023,US31428X1063,0.000902894960836203
2022,2023,US3156161024,0.0002322432062725314
2022,2023,US31620M1062,0.0009925515690789378
2022,2023,US3167731005,0.0006408239114085532
2022,2023,US3205171057,0.0003307771029626609
2022,2023,US3377381088,0.001631529711869583
2022,2023,US3379321074,0.0003495980917623541
2022,2023,US3434121022,0.00020758124693411465
2022,2023,US34354P1057,8.612241182322334e-05
2022,2023,US3448491049,0.00015342926955785231
2022,2023,US3453708600,0.0012512386192741203
2022,2023,US3546131018,0.00034778810253315224
2022,2023,US35671D8570,0.001259300361961982
2022,2023,US3614481030,0.0001949884790228277
2022,2023,US3635761097,0.0010576502876093582
2022,2023,US3647601083,0.00023348099831710842
2022,2023,US3695501086,0.0017499752237331236
2022,2023,US3703341046,0.0012671920450608792
2022,2023,US37045V1008,0.0012214595957426078
2022,2023,US3719011096,0.00018147513572916102
2022,2023,US3724601055,0.0006003948993406784
2022,2023,US37247D1063,0.0001706516689528678
2022,2023,US3755581036,0.0027311844621945953
2022,2023,US37940X1028,0.0007221481193928867
2022,2023,US37959E1029,0.000308591649951869
2022,2023,US38141G1040,0.0029988952074515855
2022,2023,US3825501014,3.4038296309400364e-20
2022,2023,US3841091040,0.00023469118324112635
2022,2023,US3848021040,0.0007855456322331208
2022,2023,US3976241071,0.0
2022,2023,US40434L1052,0.0007918321339779968
2022,2023,US4062161017,0.0010153665564781383
2022,2023,US4103451021,1.777062563015234e-05
2022,2023,US4108671052,0.00018986307619203485
2022,2023,US4128221086,0.00019734757181995584
2022,2023,US4158641070,0.0
2022,2023,US4165151048,0.0007200854423246463
2022,2023,US4180561072,0.00024409706440120134
2022,2023,US4198701009,0.0
2022,2023,US42250P1030,0.000536948706690358
2022,2023,US42330P1075,0.00016368889582695132
2022,2023,US4234521015,4.7338998483162836e-05
2022,2023,US4278661081,0.0009317923430043125
2022,2023,US42809H1077,0.001131065546921973
2022,2023,US4364401012,0.00035847637515981217
2022,2023,US4370761029,0.008158099676382173
2022,2023,US4385161066,0.003712674582691074
2022,2023,US4404521001,0.0006608109999958461
2022,2023,US44107P1049,0.0004479133582686486
2022,2023,US4435106079,0.0003921544705748436
2022,2023,US4448591028,0.001680412203388239
2022,2023,US4456581077,0.0004192747394841527
2022,2023,US4461501045,0.0005160525998618509
2022,2023,US4470111075,0.0002915739325762526
2022,2023,US45073V1089,0.0001255120884352859
2022,2023,US45167R1041,0.00041419162598183126
2022,2023,US45168D1046,0.000832514071923337
2022,2023,US4523081093,0.0017225599552616092
2022,2023,US4523271090,0.0007740944309111021
2022,2023,US4581401001,0.0028540217495887084
2022,2023,US45866F1049,0.0013625526008686172
2022,2023,US4592001014,0.0032979594685365694
2022,2023,US4595061015,0.0007008179500278495
2022,2023,US4601461035,5.584309851949547e-07
2022,2023,US4606901001,0.000322361226865231
2022,2023,US4612021034,0.002766825606073175
2022,2023,US46120E6023,0.0024036488390358633
2022,2023,US46284V1017,0.0005378638561191251
2022,2023,US4657411066,5.816873499649848e-05
2022,2023,US46625H1005,0.010024358613542736
2022,2023,US4663131039,0.00032563428265518587
2022,2023,US46982L1089,0.0003923911310834593
2022,2023,US4781601046,0.011819190445576203
2022,2023,US48020Q1076,0.00023597515507161975
2022,2023,US48203R1041,0.00029004178640029406
2022,2023,US48242W1062,0.0002359722227837556
2022,2023,US4824801009,0.0014468675281835413
2022,2023,US48666K1097,7.033315093745158e-05
2022,2023,US4878361082,0.0006717480700454042
2022,2023,US4891701009,3.9126312008724183e-19
2022,2023,US4932671088,0.00042958507321757096
2022,2023,US4943681035,0.0012084140874874941
2022,2023,US49446R1095,0.0004702808389113639
2022,2023,US49456B1017,0.0008062537840677615
2022,2023,US4972661064,2.1780405379810634e-20
2022,2023,US5002551043,4.3996919413232205e-19
2022,2023,US5010441013,0.0008021748553644046
2022,2023,US5018892084,0.0003780128833865889
2022,2023,US5150981018,0.00022177540737888446
2022,2023,US5178341070,0.0009694896667346283
2022,2023,US5184391044,0.0014542468826966323
2022,2023,US5218652049,0.00018808082637840952
2022,2023,US5246601075,9.656983249885496e-05
2022,2023,US5260571048,0.0006669128395218486
2022,2023,US5261071071,0.00016308944321371583
2022,2023,US5324571083,0.008848190146585534
2022,2023,US5339001068,0.000268790838376834
2022,2023,US5341871094,0.00012032420130538071
2022,2023,US5370081045,0.00022655841754044194
2022,2023,US5398301094,0.0033040375666283516
2022,2023,US5486611073,0.0030175310406164793
2022,2023,US5502411037,0.00018639567406149527
2022,2023,US55261F1049,0.0006832275588945365
2022,2023,US5526761086,0.00015821554572632786
2022,2023,US5526901096,0.00013006238943934754
2022,2023,US5529531015,0.0003488359647396821
2022,2023,US5535301064,0.0002368656092628735
2022,2023,US5543821012,1.3139028829627502e-05
2022,2023,US5544891048,4.6381376309928926e-05
2022,2023,US55616P1049,0.00016465475534930513
2022,2023,US5635714059,2.6950606524945984e-06
2022,2023,US56418H1005,8.924194917214006e-05
2022,2023,US5658491064,0.00042204567155145514
2022,2023,US5717481023,0.0021064283250697793
2022,2023,US5719032022,0.0012436433719977221
2022,2023,US5732841060,0.00035377891425487576
2022,2023,US5738741041,0.0009349611528959923
2022,2023,US5745991068,0.00028001740821169787
2022,2023,US57636Q1040,0.008479592818389092
2022,2023,US5770811025,0.00024341201527522844
2022,2023,US5797802064,0.0005465982551956118
2022,2023,US5801351017,0.004973601077047064
2022,2023,US58155Q1031,0.0013940032410563663
2022,2023,US58933Y1055,0.007248611567892904
2022,2023,US59156R1086,0.0014965026739674155
2022,2023,US5926881054,0.000817872282515705
2022,2023,US5949181045,0.04541675975092937
2022,2023,US5950171042,0.0010633197324861807
2022,2023,US5951121038,0.0014656266455049562
2022,2023,US6005441000,0.0
2022,2023,US6081901042,3.316398080909643e-05
2022,2023,US60871R2094,0.00024262467194866616
2022,2023,US6092071058,0.0023306837190279414
2022,2023,US61174X1090,0.0013580775108973325
2022,2023,US6153691059,0.0012284895624000262
2022,2023,US6174464486,0.0036964302359312117
2022,2023,US61945C1036,0.00033955032001337814
2022,2023,US6200763075,0.0010984891737250903
2022,2023,US6267171022,0.0001631800944615477
2022,2023,US62886E1082,8.823419301439606e-07
2022,2023,US6293775085,0.0
2022,2023,US62955J1034,0.00027847209812569934
2022,2023,US6311031081,0.0007326981061095699
2022,2023,US6361801011,0.0001498006749408305
2022,2023,US6365181022,7.309571209027548e-05
2022,2023,US64110D1046,0.00027466201943694913
2022,2023,US6501111073,8.428237041683524e-05
2022,2023,US6512291062,0.000298862774075221
2022,2023,US6516391066,0.0009947337550039903
2022,2023,US65339F1012,0.00418885733865682
2022,2023,US6541061031,0.0036447202516468077
2022,2023,US65473P1057,0.0
2022,2023,US6556641008,1.6212861321169366e-19
2022,2023,US6558441084,0.0014857953252857218
2022,2023,US6658591044,0.0005138467829789182
2022,2023,US6668071029,0.002179068042768785
2022,2023,US6687711084,0.0003736316633143342
2022,2023,US6703461052,0.0008522667970157824
2022,2023,US67066G1040,0.00910779130340342
2022,2023,US6708371033,0.00036124672375611056
2022,2023,US67098H1041,0.0
2022,2023,US67103H1077,0.0012906263746861265
2022,2023,US6745991058,0.0013080849062185862
2022,2023,US6752321025,2.2326355684618497e-05
2022,2023,US6780261052,8.91144235198745e-05
2022,2023,US6819191064,0.0003754346730871578
2022,2023,US6821891057,0.0007841496748194449
2022,2023,US6826801036,0.0008468754513512568
2022,2023,US68389X1054,0.005635996935391688
2022,2023,US6866881021,8.792365849127521e-05
2022,2023,US6882392011,0.00025631483015972465
2022,2023,US69331C1080,0.000899626343046296
2022,2023,US6934751057,0.0016477374373191727
2022,2023,US6935061076,0.0007995088537209798
2022,2023,US69351T1060,0.0
2022,2023,US6936561009,0.00019977668755458397
2022,2023,US6937181088,0.0008743286027514978
2022,2023,US6951561090,0.0003395783595286445
2022,2023,US7010941042,0.0009411462957931274
2022,2023,US70211M1099,9.5711842507618e-05
2022,2023,US7043261079,0.0010526707840572515
2022,2023,US7075691094,0.00021484824771453306
2022,2023,US70959W1036,0.00026597070938659057
2022,2023,US7134481081,0.006351028533105833
2022,2023,US7140461093,0.00040097301441747605
2022,2023,US7170811035,0.007319387084266653
2022,2023,US7234841010,0.0
2022,2023,US7237871071,0.0013733766659680907
2022,2023,US7244791007,4.779860731651722e-05
2022,2023,US7310681025,0.00010920640152806695
2022,2023,US74144T1088,0.000639147930277986
2022,2023,US74251V1026,0.0005819779081694532
2022,2023,US7427181091,0.009184811648162323
2022,2023,US7433151039,0.0020578226691548
2022,2023,US74340W1036,0.002798651380674204
2022,2023,US7443201022,0.0009476324807483377
2022,2023,US7445731067,0.0009627501885897999
2022,2023,US74460D1090,0.0013692976838649519
2022,2023,US7458671010,0.0003502157077567113
2022,2023,US7475251036,0.0031162707496692793
2022,2023,US74762E1029,0.0005588518144318791
2022,2023,US74834L1008,0.0004946678426820454
2022,2023,US7496851038,0.00042179354675271846
2022,2023,US7509171069,0.00019896180167215622
2022,2023,US7512121010,0.00014021001706341637
2022,2023,US75281A1097,0.00011139906101664678
2022,2023,US7547301090,0.0006117373395429971
2022,2023,US75513E1010,0.0037927502944728915
2022,2023,US7588491032,0.00039490588178231505
2022,2023,US75886F1075,0.0019268716736744065
2022,2023,US7591EP1005,0.0005943107496048634
2022,2023,US7593516047,0.0003127910414923188
2022,2023,US7595091023,0.00039744647801049656
2022,2023,US7607591002,0.0008184283782125253
2022,2023,US7611521078,0.0006211172622349553
2022,2023,US7677548726,3.177182558475929e-20
2022,2023,US7703231032,0.00020381776653393395
2022,2023,US7739031091,0.0007648204798385928
2022,2023,US7766961061,0.0011871922989964263
2022,2023,US7782961038,0.0010579595529655514
2022,2023,US7802871084,0.00032198740596427666
2022,2023,US7835491082,6.29901032318361e-05
2022,2023,US78409V1044,0.002756072946537213
2022,2023,US78410G1040,0.0008789338958100355
2022,2023,US7841171033,0.0002127669251377331
2022,2023,US78440X8873,6.052636973071697e-05
2022,2023,US78442P1066,0.00016488384256823155
2022,2023,US78454L1008,8.098764001073933e-05
2022,2023,US78473E1038,4.495233263271216e-05
2022,2023,US79466L3024,0.0033248084960917934
2022,2023,US8064071025,0.000336372047851343
2022,2023,US8085131055,0.003832856707760059
2022,2023,US8101861065,0.0001124750887933074
2022,2023,US81211K1007,0.00022684825276873678
2022,2023,US8168511090,0.0013320761563750912
2022,2023,US8175651046,0.00027282516908933116
2022,2023,US8243481061,0.0016136245652897045
2022,2023,US8288061091,0.0010781888833434014
2022,2023,US8326964058,0.00040141001958739355
2022,2023,US8330341012,0.00035158884081902596
2022,2023,US8354951027,0.0001025469137016033
2022,2023,US8425871071,0.0013700786038069101
2022,2023,US84265V1052,0.0012417815057206248
2022,2023,US8447411088,1.1725672407451491e-05
2022,2023,US8454671095,0.0002856989829507862
2022,2023,US8485741099,6.29269371355827e-05
2022,2023,US8545021011,0.00026963081298174446
2022,2023,US8552441094,0.0028391369093259014
2022,2023,US8574771031,0.000708529227787104
2022,2023,US8581191009,0.0004806217742889447
2022,2023,US8589121081,0.0001231884035662407
2022,2023,US8636671013,0.002401117912255711
2022,2023,US8676524064,8.853659828050574e-05
2022,2023,US8716071076,0.0012512863406905373
2022,2023,US87161C5013,0.00015193186803429362
2022,2023,US8718291078,0.0010182933889506657
2022,2023,US8725401090,0.0023661675858177096
2022,2023,US8760301072,0.0002536612281648924
2022,2023,US87612E1064,0.0017420799172555746
2022,2023,US8794338298,0.00011238889927684617
2022,2023,US8807701029,0.00035973869775136457
2022,2023,US8807791038,6.760468117661487e-05
2022,2023,US8816242098,0.000192645928771463
2022,2023,US8825081040,0.0038185107879880175
2022,2023,US8832031012,0.0004329171480069304
2022,2023,US88337F1057,6.972273156212425e-19
2022,2023,US8835561023,0.005462125344358777
2022,2023,US8851601018,6.416529546298087e-05
2022,2023,US88579Y1010,0.0016746067028677151
2022,2023,US88642R1095,0.0
2022,2023,US8873891043,0.0001507630668618586
2022,2023,US8910921084,0.00023362376563862763
2022,2023,US89417E1091,0.0012078038105039705
2022,2023,US8962391004,0.0003901882529366607
2022,2023,US8965221091,6.352868859359376e-05
2022,2023,US89832Q1094,0.0014742767618951037
2022,2023,US9024941034,0.00029266330769551157
2022,2023,US9026531049,0.00035702206011455556
2022,2023,US9026811052,0.00027187818374110195
2022,2023,US9029733048,0.0017748485392172313
2022,2023,US9078181081,0.0032052754151110797
2022,2023,US9111631035,8.25570682343737e-05
2022,2023,US9113121068,0.0031695339368678424
2022,2023,US9113631090,0.0006040923455937244
2022,2023,US9129091081,0.0
2022,2023,US91324P1021,0.012583872602973084
2022,2023,US91529Y1064,0.0002768045121309877
2022,2023,US91822M5022,2.4356646415575574e-19
2022,2023,US91913Y1001,0.0009498939140825138
2022,2023,US92276F1003,0.0006217679029577948
2022,2023,US92343V1044,0.004244687986482679
2022,2023,US92532F1003,0.0018698816668418208
2022,2023,US9255501051,6.795427068166482e-05
2022,2023,US92556V1061,0.00043626844797555587
2022,2023,US9282981086,0.00014845432015636335
2022,2023,US9290421091,0.0001804834932194679
2022,2023,US9291601097,0.0005769977747535166
2022,2023,US92922P1066,3.560461331340966e-21
2022,2023,US92939U1060,0.0005062362122139666
2022,2023,US9297401088,0.0004476647935061055
2022,2023,US9311421039,0.009743320939610056
2022,2023,US9314271084,0.0009268458260040958
2022,2023,US94106L1098,0.0015435445693128456
2022,2023,US9418481035,0.0005573511080378469
2022,2023,US9427491025,0.00011446609926747217
2022,2023,US9497461015,0.0039723121358630495
2022,2023,US95040Q1040,0.0009402332571952617
2022,2023,US95058W1009,0.00011600021763921424
2022,2023,US95082P1057,0.0002071710682877787
2022,2023,US9581021055,0.00038322822086028573
2022,2023,US9598021098,0.00011144183420859904
2022,2023,US9604131022,6.868968848070347e-05
2022,2023,US9621661043,0.0006932039264855875
2022,2023,US9633201069,0.00020357124518587355
2022,2023,US9682232064,0.00012085597717633633
2022,2023,US9694571004,0.0008009707952510795
2022,2023,US9699041011,0.00027774845416594847
2022,2023,US9831341071,0.0002541702461228028
2022,2023,US98389B1008,0.0004412859280464264
2022,2023,US98421M1062,0.00010800923456658396
2022,2023,US9884981013,0.000976703025201658
2022,2023,US9892071054,0.00037250456447500646
2022,2023,US98956P1021,0.0006634279071364069
2023,2024,AN8068571086,0.001721697488250982
2023,2024,AT000000STR1,1.1315188091782246e-05
2023,2024,AT00000VIE62,0.0
2023,2024,AT0000606306,0.00014062249970027286
2023,2024,AT0000652011,0.00032440404175305
2023,2024,AT0000720008,0.0002065226541786411
2023,2024,AT0000730007,0.00021964192388490756
2023,2024,AT0000743059,7.5832754674065e-21
2023,2024,AT0000746409,0.00041401883315476896
2023,2024,AT0000831706,2.0869747119781765e-20
2023,2024,AT0000908504,5.496583167925089e-05
2023,2024,AT0000937503,7.113504582917849e-21
2023,2024,AT0000938204,5.561605518899172e-21
2023,2024,AT0000A21KS2,0.0001458778458359908
2023,2024,AU000000JHX1,0.0003053121902128939
2023,2024,BE0003470755,3.26877313694192e-21
2023,2024,BE0003565737,0.0005177337045017022
2023,2024,BE0003593044,0.00012663517451306285
2023,2024,BE0003717312,0.00015000032264426502
2023,2024,BE0003735496,3.468282969074476e-05
2023,2024,BE0003739530,0.0002331156615924194
2023,2024,BE0003755692,0.0
2023,2024,BE0003797140,0.0002607170394518968
2023,2024,BE0003810273,0.00021692984510791747
2023,2024,BE0003822393,0.00031274790457222896
2023,2024,BE0974256852,0.000167624914701799
2023,2024,BE0974258874,7.691820598045196e-05
2023,2024,BE0974264930,0.0002195078772430991
2023,2024,BE0974271034,7.59716770745992e-21
2023,2024,BE0974293251,0.002403404656600148
2023,2024,BE0974320526,0.0001687586364978068
2023,2024,BMG850801025,1.2832261007408444e-20
2023,2024,CA00208D4084,0.0002496042561219341
2023,2024,CA0084741085,0.0006877370036418632
2023,2024,CA00900Q1037,4.210549207113846e-05
2023,2024,CA01626P1484,0.0012522432195658671
2023,2024,CA05534B7604,0.0008448324857526467
2023,2024,CA0636711016,0.0015805809583723162
2023,2024,CA0641491075,0.0013598888436791839
2023,2024,CA0977518616,0.00020123630967975673
2023,2024,CA1247651088,0.00015588267233820693
2023,2024,CA12532H1047,0.0004398928698029606
2023,2024,CA13321L1085,0.00044530174160515706
2023,2024,CA1360691010,0.0009918997593177784
2023,2024,CA1363751027,0.0017396818654776517
2023,2024,CA1363851017,0.0014625538859510475
2023,2024,CA13646K1084,0.0015415721923111505
2023,2024,CA1366812024,0.00015941020325080672
2023,2024,CA1367178326,0.00012972652819322504
2023,2024,CA2849025093,0.0
2023,2024,CA2918434077,1.5192013675204853e-05
2023,2024,CA29250N1050,0.0017214747712782773
2023,2024,CA2927661025,3.0457129339807525e-06
2023,2024,CA3180714048,0.00019377736878432088
2023,2024,CA3359341052,5.8971223019685085e-21
2023,2024,CA3495531079,0.00023674064691336631
2023,2024,CA3518581051,0.0006369251051203257
2023,2024,CA3759161035,9.853159480731883e-05
2023,2024,CA39138C1068,0.0006910060019322039
2023,2024,CA4495861060,0.0001863121665982475
2023,2024,CA4530384086,0.0002427019975250225
2023,2024,CA45823T1066,0.0006284849378321031
2023,2024,CA4969024047,0.00018944950287331627
2023,2024,CA5394811015,0.0007088812112843761
2023,2024,CA5592224011,0.0005080151230471104
2023,2024,CA56501R1064,0.0008469001839027805
2023,2024,CA59151K1084,4.584392267578755e-21
2023,2024,CA59162N1096,0.00022410214173038413
2023,2024,CA6744822033,0.0
2023,2024,CA68272K1030,0.00016939345914533056
2023,2024,CA6837151068,0.0002674226086465546
2023,2024,CA7392391016,0.00036856313588039475
2023,2024,CA74022D4075,0.00012766201885776454
2023,2024,CA7669101031,0.00014090554046966661
2023,2024,CA7751092007,0.000454543375488739
2023,2024,CA7800871021,0.003087254966268777
2023,2024,CA8029121057,0.00015681647571887773
2023,2024,CA8239011031,6.076084103246265e-22
2023,2024,CA85472N1096,0.00019625586513754835
2023,2024,CA8667961053,0.0006715297548575306
2023,2024,CA8672241079,0.0004565421447151195
2023,2024,CA87807B1076,0.0005882257712862565
2023,2024,CA8787422044,0.0005536624305251067
2023,2024,CA87971M1032,0.0006110914284136577
2023,2024,CA8849038085,0.0014132940037498703
2023,2024,CA8911605092,0.002589794263387721
2023,2024,CA89346D1078,4.1932847364725065e-21
2023,2024,CA8959451037,0.00014459368627266938
2023,2024,CA9611485090,0.00039575548845177905
2023,2024,CH0000816824,4.71209836839437e-05
2023,2024,CH0008038389,0.00026337910854811706
2023,2024,CH0008742519,0.0007726345319716282
2023,2024,CH0010570759,0.0003524992993641132
2023,2024,CH0010645932,0.0008209037749259496
2023,2024,CH0011075394,0.0017326641322278414
2023,2024,CH0012005267,0.005223388354079481
2023,2024,CH0012032048,0.004330400191854285
2023,2024,CH0012138605,0.00019628938869556504
2023,2024,CH0012142631,8.26277119304833e-05
2023,2024,CH0012214059,4.712835092804838e-21
2023,2024,CH0012221716,0.0017106059484905953
2023,2024,CH0012255151,7.659329400116359e-05
2023,2024,CH0012410517,0.00017073101040888968
2023,2024,CH0012549785,0.0004792289623232541
2023,2024,CH0013841017,0.0006398874984408485
2023,2024,CH0014786500,5.014535038952597e-19
2023,2024,CH0014852781,0.0005078602279021086
2023,2024,CH0018294154,0.00024032212537338673
2023,2024,CH0022268228,0.00011120210709205152
2023,2024,CH0024608827,0.00075435799161556
2023,2024,CH0024638212,0.00036373196315464047
2023,2024,CH0025238863,0.0009335628869070406
2023,2024,CH0025751329,0.00030669881348487993
2023,2024,CH0030170408,0.0004195680499826462
2023,2024,CH0038388911,0.0
2023,2024,CH0038863350,0.006664025310229475
2023,2024,CH0044328745,0.002028139419533946
2023,2024,CH0048265513,5.090583458846614e-05
2023,2024,CH0102484968,0.00023824459342540512
2023,2024,CH0126881561,0.0008351949104071073
2023,2024,CH0198251305,0.0001587907205740414
2023,2024,CH0210483332,0.0015303225841328276
2023,2024,CH0244767585,0.0022962045133265757
2023,2024,CH0319416936,0.0002176025152162453
2023,2024,CH0418792922,0.0010452330724442715
2023,2024,CH1169151003,0.00017020349352572312
2023,2024,CH1175448666,0.00048160218086348134
2023,2024,CH1256740924,0.00033118969584702314
2023,2024,DE0005089031,9.490808326417478e-05
2023,2024,DE0005140008,0.0006495522101561604
2023,2024,DE0005190003,0.0014273363394021606
2023,2024,DE0005200000,0.0007549835360876167
2023,2024,DE0005439004,0.00032461305531828133
2023,2024,DE0005470405,0.0
2023,2024,DE0005552004,0.0013079355749672998
2023,2024,DE0005557508,0.0025850938236720643
2023,2024,DE0005773303,0.00013190259835246993
2023,2024,DE0005785604,0.000393852957994911
2023,2024,DE0005785802,0.00029129738999224877
2023,2024,DE0005810055,0.0008353448281319877
2023,2024,DE0005909006,0.00010169168380127516
2023,2024,DE0006047004,3.529758283327719e-21
2023,2024,DE0006048432,0.00029530699900377826
2023,2024,DE0006070006,0.00024333021698903665
2023,2024,DE0006202005,4.8067303581707396e-21
2023,2024,DE0006231004,0.0012846098435924124
2023,2024,DE0006569908,8.186455477034757e-05
2023,2024,DE0006599905,0.0004009602318781394
2023,2024,DE0006602006,0.00019536735406250097
2023,2024,DE0006969603,0.0002722955125380925
2023,2024,DE0007030009,0.0002752341763012242
2023,2024,DE0007037129,2.483892443155364e-21
2023,2024,DE0007042301,0.0
2023,2024,DE0007100000,0.001675543548812648
2023,2024,DE0007164600,0.004027118721369406
2023,2024,DE0007236101,0.0032500098718500976
2023,2024,DE0007257503,1.0470004591769352e-05
2023,2024,DE0007297004,0.0
2023,2024,DE0007314007,6.492144685932855e-05
2023,2024,DE0007500001,4.2951187099076334e-21
2023,2024,DE0007507501,0.00014451714700338853
2023,2024,DE0007664039,0.0005822504959889347
2023,2024,DE0008232125,4.620824027087169e-21
2023,2024,DE0008402215,0.0006524911042320303
2023,2024,DE0008404005,0.0022613261153258306
2023,2024,DE0008430026,0.001263839534024297
2023,2024,DE000A0D6554,8.860179357305521e-05
2023,2024,DE000A0D9PT0,0.00031212339787957557
2023,2024,DE000A0S8488,7.683892059798471e-05
2023,2024,DE000A0WMPJ6,4.343325875477604e-05
2023,2024,DE000A1EWWW0,0.000780684970595253
2023,2024,DE000A2GS401,0.0
2023,2024,DE000BASF111,0.0008634604504724533
2023,2024,DE000BAY0017,0.0008809475572857763
2023,2024,DE000CBK1001,0.00028036060872004676
2023,2024,DE000ENAG999,0.0009837533879557456
2023,2024,DE000KSAG888,1.2124865086344239e-20
2023,2024,DE000PSM7770,5.443923837760399e-05
2023,2024,DE000TUAG505,6.926392554602507e-21
2023,2024,DK0010181759,0.00021983282344986195
2023,2024,DK0010234467,0.00013031059463751205
2023,2024,DK0010244508,5.342980351399609e-21
2023,2024,DK0010272632,0.00010754092181379435
2023,2024,DK0010274414,0.0004503941879101981
2023,2024,DK0010287663,9.0451597328129e-05
2023,2024,DK0010307958,0.00016935891158056192
2023,2024,DK0010311471,0.00010756838462174228
2023,2024,DK0060079531,0.0008664779678031115
2023,2024,DK0060336014,0.00028658899676166073
2023,2024,DK0060448595,0.00047946503796088405
2023,2024,DK0060477503,0.0001276786655231459
2023,2024,DK0060636678,0.00027691333938835986
2023,2024,DK0060738599,0.00024507090956568363
2023,2024,DK0061539921,0.0007163539055343855
2023,2024,ES0109427734,0.0
2023,2024,ES0112501012,2.9576287976641353e-21
2023,2024,ES0113211835,0.0011211811129866695
2023,2024,ES0113679I37,4.315365792665356e-05
2023,2024,ES0113860A34,0.00018592322803930158
2023,2024,ES0113900J37,0.001471122235436124
2023,2024,ES0116870314,0.00044124116780946564
2023,2024,ES0117160111,0.00013326668623995155
2023,2024,ES0118594417,0.00012799991792252828
2023,2024,ES0122060314,0.0
2023,2024,ES0124244E34,0.0001824917082191169
2023,2024,ES0125220311,0.0003007431451496297
2023,2024,ES0130670112,0.00019252200666861302
2023,2024,ES0130960018,0.00018159665930509323
2023,2024,ES0132105018,2.553667414641606e-05
2023,2024,ES0134950F36,5.366618560827908e-05
2023,2024,ES0142090317,3.2982462522487066e-20
2023,2024,ES0144580Y14,0.001825338899855645
2023,2024,ES0148396007,0.0028616208078044705
2023,2024,ES0161560018,7.498190212563837e-05
2023,2024,ES0167050915,0.000358298462200044
2023,2024,ES0171996087,9.157800408522131e-05
2023,2024,ES0173093024,0.00032486244870798535
2023,2024,ES0173516115,7.387295513629284e-21
2023,2024,ES0178430E18,0.0005841831464206145
2023,2024,ES0182870214,0.00017600937153748006
2023,2024,FI0009000202,0.0001120692064160033
2023,2024,FI0009000277,7.469204197901308e-05
2023,2024,FI0009000459,2.716599881842708e-05
2023,2024,FI0009000681,0.000394159202167492
2023,2024,FI0009002158,3.8129711966417645e-05
2023,2024,FI0009002422,5.327828929675212e-06
2023,2024,FI0009003727,0.0001628794181809332
2023,2024,FI0009005318,0.0
2023,2024,FI0009005870,0.00010392086244804977
2023,2024,FI0009005961,0.00013409063923150303
2023,2024,FI0009005987,0.00040945122371237585
2023,2024,FI0009007132,0.0002598596728324499
2023,2024,FI0009007694,0.0
2023,2024,FI0009007884,0.00019936902611430012
2023,2024,FI0009013296,0.000640767489322763
2023,2024,FI0009013403,0.00048227246458150576
2023,2024,FI0009800643,3.3478737113571834e-05
2023,2024,FR0000035081,9.958437873145234e-05
2023,2024,FR0000039109,6.284912361414919e-21
2023,2024,FR0000044448,9.641309057385587e-05
2023,2024,FR0000045072,0.0009529657129414646
2023,2024,FR0000051070,0.00017385914183665004
2023,2024,FR0000052292,0.004827448707073053
2023,2024,FR0000053225,3.629274542524222e-05
2023,2024,FR0000054470,0.00023712813268066563
2023,2024,FR0000054900,3.589801861773302e-20
2023,2024,FR0000064578,0.00018008506173523983
2023,2024,FR0000073272,0.0017052714007322102
2023,2024,FR0000077919,1.7276891547480517e-05
2023,2024,FR0000120073,0.002080037534638333
2023,2024,FR0000120172,0.0003194042001803921
2023,2024,FR0000120271,0.0034650803699501705
2023,2024,FR0000120321,0.00568293333532977
2023,2024,FR0000120404,0.00020447079366942624
2023,2024,FR0000120503,0.00022440480301543742
2023,2024,FR0000120560,0.00013008265584838253
2023,2024,FR0000120578,0.002738110542977411
2023,2024,FR0000120628,0.001598707812510599
2023,2024,FR0000120644,0.0009494179653085505
2023,2024,FR0000120693,0.0009689239449020189
2023,2024,FR0000120859,1.227623340772713e-20
2023,2024,FR0000120966,0.00016093219485009152
2023,2024,FR0000121014,0.008692165910420881
2023,2024,FR0000121121,0.00019182932315348425
2023,2024,FR0000121204,9.413167082045673e-05
2023,2024,FR0000121220,0.00032090956009930344
2023,2024,FR0000121329,0.0007154505969555666
2023,2024,FR0000121485,0.0011981393542509222
2023,2024,FR0000121667,0.0019193251713914455
2023,2024,FR0000121964,0.00017183654985591568
2023,2024,FR0000121972,0.002408580048373474
2023,2024,FR0000124141,1.8792206138252476e-05
2023,2024,FR0000125007,0.0007091567573536777
2023,2024,FR0000125338,0.0007280397462852284
2023,2024,FR0000125486,0.001640551874436699
2023,2024,FR0000127771,0.0002854667244855013
2023,2024,FR0000130213,0.00013232748384732368
2023,2024,FR0000130395,8.640237311467151e-05
2023,2024,FR0000130403,0.003040763094698698
2023,2024,FR0000130452,0.0002436709342415775
2023,2024,FR0000130577,0.000533070156244851
2023,2024,FR0000130809,0.0004485851188422453
2023,2024,FR0000131104,0.0017266378669166989
2023,2024,FR0000131757,0.0
2023,2024,FR0000131906,0.00025487863992968286
2023,2024,FR0000133308,0.0007398144535473638
2023,2024,FR0010040865,0.00023329532943788678
2023,2024,FR0010220475,0.00015268193717861967
2023,2024,FR0010221234,0.00020087889482996244
2023,2024,FR0010307819,0.000572625538310802
2023,2024,FR0010313833,0.00014367629213066528
2023,2024,FR0010340141,0.00041117721037980286
2023,2024,FR0010411983,0.00013065468963382453
2023,2024,FR0010533075,0.00029973814735008203
2023,2024,FR0013176526,6.709145604810671e-05
2023,2024,FR0013280286,0.00027451664550846573
2023,2024,FR0013326246,0.00031835159667560067
2023,2024,FR0013506730,0.0
2023,2024,FR0014003TT8,0.0013443989886516951
2023,2024,FR001400AJ45,0.0005713307164203085
2023,2024,GB0000163088,0.0
2023,2024,GB0000365774,3.2197783627418604e-21
2023,2024,GB0000456144,0.0005020299990367205
2023,2024,GB0000536739,0.0006160233066224419
2023,2024,GB0000600931,4.588576242208019e-05
2023,2024,GB0000811801,8.595963380598992e-05
2023,2024,GB0000904986,5.947516922890722e-05
2023,2024,GB0000961622,5.274048623474657e-05
2023,2024,GB0001110096,1.148523659756067e-05
2023,2024,GB0001367019,0.00010543293609559122
2023,2024,GB0001500809,3.636284518661034e-21
2023,2024,GB0001570810,8.194358748032713e-20
2023,2024,GB0001638955,6.589385230615447e-05
2023,2024,GB0001667087,0.0
2023,2024,GB0001795680,4.311951159615211e-20
2023,2024,GB0001826634,0.00017907020122252695
2023,2024,GB0001859296,3.7750179235783675e-05
2023,2024,GB0002015021,1.295112111487025e-19
2023,2024,GB0002018363,8.141946282104628e-20
2023,2024,GB0002074580,0.0
2023,2024,GB0002148343,9.695008745999744e-05
2023,2024,GB0002318888,0.0
2023,2024,GB0002349065,2.1082297889815505e-21
2023,2024,GB0002374006,0.001709987745073338
2023,2024,GB0002418548,2.165454227572732e-20
2023,2024,GB0002634946,0.0008653983103083265
2023,2024,GB0002652740,0.00010854737197366295
2023,2024,GB0002869419,1.3856274172477245e-05
2023,2024,GB0002875804,0.0014513287671253285
2023,2024,GB0003062816,0.0
2023,2024,GB0003096442,0.00013253525125545197
2023,2024,GB0003308607,0.00010246954568282777
2023,2024,GB0003395000,0.0
2023,2024,GB0003452173,0.0
2023,2024,GB0003718474,7.27635754119209e-05
2023,2024,GB0004052071,0.000181193321173875
2023,2024,GB0004082847,0.0005334238414932284
2023,2024,GB0004161021,5.898699418351671e-05
2023,2024,GB0004170089,4.923964054282827e-20
2023,2024,GB0004270301,2.2909961239456186e-05
2023,2024,GB0004478896,0.00016638933135568613
2023,2024,GB0004544929,0.0004385544207669304
2023,2024,GB0004657408,0.0
2023,2024,GB0004726096,5.482257264875745e-19
2023,2024,GB0004866223,1.0321165792324822e-20
2023,2024,GB0004915632,1.0267924210386846e-19
2023,2024,GB0005405286,0.0033839032151447997
2023,2024,GB0005576813,3.0401648675547958e-05
2023,2024,GB0005603997,0.0004137932872056796
2023,2024,GB0005630420,0.0
2023,2024,GB0005746358,0.0
2023,2024,GB0006027295,0.0
2023,2024,GB0006215205,2.7519965649269437e-21
2023,2024,GB0006449366,0.00010595551294899205
2023,2024,GB0006640972,8.686618380094482e-05
2023,2024,GB0006650450,5.5112521086172553e-05
2023,2024,GB0006731235,0.0005077792002804799
2023,2024,GB0006776081,0.0001548040431099854
2023,2024,GB0006825383,0.0001459891956899222
2023,2024,GB0006928617,0.00016004090318859324
2023,2024,GB0006963689,0.0
2023,2024,GB0007099541,0.0006450450508669562
2023,2024,GB0007188757,0.001965536435152143
2023,2024,GB0007323586,0.00013591635661530082
2023,2024,GB0007370074,0.0
2023,2024,GB0007388407,8.451474671319276e-19
2023,2024,GB0007668071,3.693958911407642e-20
2023,2024,GB0007669376,8.91129371327088e-05
2023,2024,GB0007689002,9.022874287739792e-05
2023,2024,GB0007908733,0.0005096070214944302
2023,2024,GB0007958233,1.855802004511145e-05
2023,2024,GB0007973794,3.382291547666266e-05
2023,2024,GB0007980591,0.0020603841983993167
2023,2024,GB0008025412,1.3705448151746103e-19
2023,2024,GB0008085614,1.693201749710718e-05
2023,2024,GB0008220112,3.580858990787442e-21
2023,2024,GB0008475088,9.91124601116171e-19
2023,2024,GB0008481250,3.491685328305746e-19
2023,2024,GB0008706128,0.0007790170547081052
2023,2024,GB0008711763,3.377046754701436e-05
2023,2024,GB0008782301,0.00012845500524712313
2023,2024,GB0008794710,3.33538874885329e-05
2023,2024,GB0009067447,0.0
2023,2024,GB0009223206,0.00028836191513340666
2023,2024,GB0009286963,1.6664540070674393e-20
2023,2024,GB0009292243,3.467509867046231e-05
2023,2024,GB0009296665,4.735696781942599e-05
2023,2024,GB0009465807,0.00015511318398991105
2023,2024,GB0009633180,0.00012140787695354326
2023,2024,GB0009692319,3.281987599805919e-05
2023,2024,GB0009697037,1.3692458255592253e-05
2023,2024,GB0009895292,0.004528055021575708
2023,2024,GB0022569080,0.00024205281133631522
2023,2024,GB0030181522,9.336731284861132e-19
2023,2024,GB0030232317,8.212553889802084e-19
2023,2024,GB0030329360,1.2468044295702425e-21
2023,2024,GB0030913577,0.00032000490974345687
2023,2024,GB0031274896,6.690811257701827e-05
2023,2024,GB0031348658,0.0006887045110717222
2023,2024,GB0031638363,0.00023811727438817205
2023,2024,GB0031743007,0.0002533769917451106
2023,2024,GB0032089863,0.0002539660925965296
2023,2024,GB0033147751,6.483052302572152e-05
2023,2024,GB0033195214,0.0001233902880846118
2023,2024,GB0033986497,0.0
2023,2024,GB00B00FPT80,7.041234054269446e-05
2023,2024,GB00B012BV22,0.0
2023,2024,GB00B012TP20,0.0
2023,2024,GB00B019KW72,0.00013675783266095767
2023,2024,GB00B01QGK86,4.510647185516545e-19
2023,2024,GB00B02J6398,0.00020994966160388286
2023,2024,GB00B033F229,0.00018780130287838703
2023,2024,GB00B03HDJ73,1.4129837231371624e-20
2023,2024,GB00B04V1276,2.7691846449665205e-05
2023,2024,GB00B06QFB75,3.174575516346018e-05
2023,2024,GB00B0744359,3.590540259786962e-05
2023,2024,GB00B0744B38,0.000293127288751104
2023,2024,GB00B082RF11,0.0003051187009788292
2023,2024,GB00B0FYMT95,7.824671098888145e-05
2023,2024,GB00B0KM9T71,1.2736258405927444e-05
2023,2024,GB00B0LCW083,0.00014369577779529285
2023,2024,GB00B0N8QD54,7.063300224800057e-05
2023,2024,GB00B0SWJX34,0.001294851654243
2023,2024,GB00B0WMWD03,6.483657188209655e-07
2023,2024,GB00B128J450,0.0
2023,2024,GB00B132NW22,7.794934080732052e-05
2023,2024,GB00B135BJ46,2.7606108559832588e-05
2023,2024,GB00B18P5K83,1.1101760742992723e-19
2023,2024,GB00B19Z1432,1.7241456475903154e-20
2023,2024,GB00B1FH8J72,0.0002462879080929486
2023,2024,GB00B1FP6H53,0.00010513410527440772
2023,2024,GB00B1FW5029,9.50590898570342e-05
2023,2024,GB00B1G5HX72,1.3045044540184308e-18
2023,2024,GB00B1JQDM80,4.817463537505446e-21
2023,2024,GB00B1KJJ408,0.0001639658289837841
2023,2024,GB00B1L5QH97,4.439150744697707e-20
2023,2024,GB00B1P6ZR11,8.209183170337863e-06
2023,2024,GB00B1VNSX38,2.825548624588521e-05
2023,2024,GB00B1WY2338,0.00016494908547612564
2023,2024,GB00B1XH2C03,1.3712778545930535e-21
2023,2024,GB00B1YW4409,0.0006501882775460008
2023,2024,GB00B27YGJ97,0.0
2023,2024,GB00B2B0DG97,0.001618059545474011
2023,2024,GB00B2NGPM57,0.0
2023,2024,GB00B2PDGW16,0.00011839216293314124
2023,2024,GB00B39J2M42,0.00027779208389692523
2023,2024,GB00B3CX3644,0.0
2023,2024,GB00B3DGH821,5.064463690301411e-19
2023,2024,GB00B3FLWH99,4.329896946159798e-06
2023,2024,GB00B41H7391,6.955598234604329e-05
2023,2024,GB00B45C9X44,1.6421330789729827e-05
2023,2024,GB00B572ZV91,4.085348573857265e-21
2023,2024,GB00B5N0P849,0.00011236432527599449
2023,2024,GB00B5ZN1N88,0.000264361740211404
2023,2024,GB00B61TVQ02,5.333611162111845e-05
2023,2024,GB00B63H8491,0.0007024554890181208
2023,2024,GB00B63QSB39,0.00017695528132097418
2023,2024,GB00B64NSP76,9.536427847644269e-06
2023,2024,GB00B67G5X01,7.547202298453352e-05
2023,2024,GB00B6XZKY75,0.0
2023,2024,GB00B71N6K86,9.471407069139036e-22
2023,2024,GB00B7KR2P84,1.1513285931582886e-20
2023,2024,GB00B82YXW83,9.329571004436853e-21
2023,2024,GB00B8C3BL03,0.00033642894082161506
2023,2024,GB00BD6K4575,0.0010268937532220582
2023,2024,GB00BDCPN049,0.0006789342730398464
2023,2024,GB00BDFBVT43,1.113428484755723e-18
2023,2024,GB00BDR05C01,0.0011112412294109297
2023,2024,GB00BF044593,6.848927412749497e-05
2023,2024,GB00BF5H9P87,5.3170540508517244e-05
2023,2024,GB00BF8Q6K64,7.133660632229513e-05
2023,2024,GB00BG11K365,4.9829064318730274e-05
2023,2024,GB00BGDT3G23,5.2791479375576266e-05
2023,2024,GB00BGLP8L22,4.925288502408203e-05
2023,2024,GB00BH4HKS39,0.0005633886007275833
2023,2024,GB00BHJYC057,0.00033124236177815256
2023,2024,GB00BJFFLV09,0.0002018567681164221
2023,2024,GB00BJT0FF39,3.010160002749527e-05
2023,2024,GB00BK9RKT01,1.5352466109313414e-07
2023,2024,GB00BKY40Q38,1.9901472455643707e-05
2023,2024,GB00BL6XZ716,0.00014495415305497734
2023,2024,GB00BLGZ9862,0.0005548117923353482
2023,2024,GB00BM8PJY71,0.0005463552787735336
2023,2024,GB00BM8Q5M07,0.0001875187989737368
2023,2024,GB00BMJ6DW54,0.0003049003999112554
2023,2024,GB00BN7SWP63,0.0016842176228049122
2023,2024,GB00BNGDN821,0.00016092440450950218
2023,2024,GB00BNNTLN49,0.00013703746237395627
2023,2024,GB00BNR4T868,1.40938616556457e-20
2023,2024,GB00BP6MXD84,0.0044751733604661515
2023,2024,GB00BP92CJ43,5.787141510556113e-05
2023,2024,GB00BP9LHF23,0.0001699433950499542
2023,2024,GB00BPQY8M80,0.0004062133977514529
2023,2024,GB00BRKD9Z53,1.2483455609188426e-19
2023,2024,GB00BV9FP302,1.1240454877743905e-05
2023,2024,GB00BVFNZH21,0.00010011243707914788
2023,2024,GB00BWFGQN14,0.00017804935029897773
2023,2024,GB00BYQ0JC66,7.587919756345066e-05
2023,2024,GB00BYRJ5J14,3.942258398888909e-05
2023,2024,GB00BYT1DJ19,8.206357102607899e-05
2023,2024,GB00BYW0PQ60,0.0001757066059265227
2023,2024,GB00BYZN9041,4.410029654879719e-05
2023,2024,GB00BZ4BQC70,5.173103679232724e-05
2023,2024,IE0001827041,0.0005861167360262788
2023,2024,IE0002424939,0.0001028272168779257
2023,2024,IE0003864109,0.0
2023,2024,IE0004906560,0.0003271699760406109
2023,2024,IE0004927939,0.0003409617819182363
2023,2024,IE00B00MZ448,6.872475100341296e-05
2023,2024,IE00B4BNMY34,0.004991645763235221
2023,2024,IE00B8KQN827,0.002010825291218912
2023,2024,IE00BD1RP616,0.00024745169055731477
2023,2024,IE00BDB6Q211,0.0006003975689718026
2023,2024,IE00BF0L3536,0.0004187990773696716
2023,2024,IE00BGH1M568,0.00010690257279193433
2023,2024,IE00BK9ZQ967,0.0011570419481162508
2023,2024,IE00BLP1HW54,0.0012771942230498398
2023,2024,IE00BLS09M33,0.00019637603644629973
2023,2024,IE00BTN1Y115,0.002344790027355894
2023,2024,IE00BWT6H894,0.000688107073348108
2023,2024,IE00BY7QL619,0.0008834467779228372
2023,2024,IE00BYTBXV33,0.00012261609560057496
2023,2024,IL0002300114,0.00010750179598251459
2023,2024,IL0002730112,0.00031295035599579886
2023,2024,IL0002810146,3.6481745124683826e-20
2023,2024,IL0005930388,0.00012974467493037794
2023,2024,IL0006046119,0.0003502864437719361
2023,2024,IL0006625771,0.0003298249695946776
2023,2024,IL0006954379,0.0003065731621867377
2023,2024,IL0010811243,0.00011571714774578932
2023,2024,IL0010824113,0.0004129128830309593
2023,2024,IT0000062072,0.0007640528174023078
2023,2024,IT0000062957,0.0002961059508282428
2023,2024,IT0000066123,0.00011485492536488457
2023,2024,IT0000072618,0.0011747017021943474
2023,2024,IT0000784196,5.758225646316631e-05
2023,2024,IT0001233417,9.87233961037053e-21
2023,2024,IT0001347308,3.576917043627435e-21
2023,2024,IT0001469383,5.246082512325489e-05
2023,2024,IT0003128367,0.0013882261165105607
2023,2024,IT0003132476,0.0007839374395918838
2023,2024,IT0003153415,0.0004165395198400845
2023,2024,IT0003242622,0.0004616809610717075
2023,2024,IT0003497168,9.887788710426904e-05
2023,2024,IT0003856405,0.00032215754491751633
2023,2024,IT0004810054,0.0001839747970411353
2023,2024,IT0004827447,0.0002809156168908094
2023,2024,IT0005218380,0.00024989183452479093
2023,2024,IT0005239360,0.0011022833443179963
2023,2024,IT0005495657,0.0
2023,2024,JE00B8KF9B49,0.0002467168536764073
2023,2024,JE00BJ1DLW90,0.00013330196432408893
2023,2024,JE00BYVQYS01,0.0
2023,2024,LR0008862868,0.0006929651299678673
2023,2024,LU0075646355,0.00010738818348957816
2023,2024,NL0000008977,0.0004903856896762977
2023,2024,NL0000009082,0.00044637099148831227
2023,2024,NL0000009165,0.0012568017790105935
2023,2024,NL0000009538,0.0004487339037137002
2023,2024,NL0000226223,0.001062074938606473
2023,2024,NL0000235190,0.002598705903049667
2023,2024,NL0000289213,9.955760040719698e-05
2023,2024,NL0000337319,0.0
2023,2024,NL0000360618,0.0001277797297556826
2023,2024,NL0000379121,0.00020618098092136332
2023,2024,NL0000395903,0.0007314501821202953
2023,2024,NL0006237562,0.00011890485553376398
2023,2024,NL0009432491,7.095605257574428e-05
2023,2024,NL0010273215,0.006483985510717924
2023,2024,NL0010583399,1.3830183939110814e-20
2023,2024,NL0011794037,0.0005739170964286573
2023,2024,NL0011821202,0.001130491392382123
2023,2024,NL0013267909,0.00036422809820030235
2023,2024,NL0013332471,0.0
2023,2024,NL00150001Q9,0.0016519930938483638
2023,2024,NL00150003E1,0.00013012661102403144
2023,2024,NL0015001FS8,0.00063303541438574
2023,2024,NL0015435975,0.00027904573999708933
2023,2024,NO0003028904,9.238696273709609e-19
2023,2024,NO0003053605,0.00011606235532269023
2023,2024,NO0003054108,0.00036976417468590546
2023,2024,NO0003078800,0.00017530889115621636
2023,2024,NO0003733800,0.00013570329007685613
2023,2024,NO0005052605,0.00010940956033956287
2023,2024,NO0010063308,0.00038119115787232515
2023,2024,NO0010096985,0.0020522077302880773
2023,2024,NO0010208051,8.816540898387015e-21
2023,2024,NO0010215684,0.00011883974202413976
2023,2024,NO0012470089,5.7624068545521394e-05
2023,2024,PA1436583006,0.0002068939071319799
2023,2024,PTBCP0AM0015,5.863834673281815e-05
2023,2024,PTEDP0AM0009,0.00047710634356691486
2023,2024,PTJMT0AE0001,0.00037619876277117376
2023,2024,PTSON0AM0001,1.87629307265532e-05
2023,2024,PTZON0AM0006,8.939093467644315e-05
2023,2024,SE0000106270,0.0006912111522507599
2023,2024,SE0000108227,0.00020064451758445017
2023,2024,SE0000108656,0.0004778842924313821
2023,2024,SE0000111940,3.682824130615219e-05
2023,2024,SE0000112724,0.0002812261865653444
2023,2024,SE0000113250,0.00011931457257060581
2023,2024,SE0000114837,0.00017606138356374284
2023,2024,SE0000148884,0.0005942124032417329
2023,2024,SE0000163594,7.633907372259571e-05
2023,2024,SE0000163628,4.8213194839169464e-05
2023,2024,SE0000171100,4.759437151746434e-21
2023,2024,SE0000190126,0.00016516438103169394
2023,2024,SE0000202624,9.672887260296948e-05
2023,2024,SE0000242455,0.0004944172235146064
2023,2024,SE0000379190,0.0001849484421241451
2023,2024,SE0000667891,0.0006422292142724117
2023,2024,SE0000667925,0.0002510640187839915
2023,2024,SE0000695876,0.000342184991827323
2023,2024,SE0000806994,1.4139577386190176e-05
2023,2024,SE0000862997,1.398712400872194e-20
2023,2024,SE0000949331,5.219081149245021e-05
2023,2024,SE0001662230,8.582114369165088e-05
2023,2024,SE0005190238,0.00017709286376131115
2023,2024,SE0006993770,0.00017483608532635125
2023,2024,SE0007100581,0.0006263099957158697
2023,2024,SE0007100599,0.00045394566146550594
2023,2024,SE0011090018,0.00019116197656682285
2023,2024,SE0011166974,0.00011421389528920323
2023,2024,SE0015811955,0.000576181135225948
2023,2024,SE0015961909,0.0006066544473714219
2023,2024,SE0015988019,0.0002792370179983681
2023,2024,SE0016589188,0.00010773242126020458
2023,2024,SE0017486889,0.0011902455663939195
2023,2024,SE0018012494,5.445684920598437e-05
2023,2024,SE0018012635,4.574615578247465e-05
2023,2024,SE0020050417,0.00020827771189273444
2023,2024,US0010551028,0.0010698612561431636
2023,2024,US0010841023,0.00023780516391990722
2023,2024,US00130H1059,2.4586139869691063e-21
2023,2024,US00206R1023,0.0026107898932541114
2023,2024,US0028241000,0.004123875322112064
2023,2024,US0028962076,9.069136749030749e-05
2023,2024,US00724F1012,0.0058481692068820465
2023,2024,US00751Y1064,4.994069840496437e-05
2023,2024,US0079031078,0.00504424665249981
2023,2024,US0082521081,0.00015473419015083042
2023,2024,US00846U1016,0.0008949192254149925
2023,2024,US0091581068,0.0011420377286806822
2023,2024,US00971T1016,0.00039560214213749144
2023,2024,US0126531013,0.00043213048827627415
2023,2024,US0152711091,0.0005451820271650734
2023,2024,US01741R1023,0.0002659410939127473
2023,2024,US0185811082,9.674537875534586e-05
2023,2024,US0188021085,4.8614318154883535e-21
2023,2024,US0200021014,0.0008522718764888143
2023,2024,US02079K3059,0.017638985884931138
2023,2024,US02209S1033,0.0016679400081374225
2023,2024,US0231351067,0.033392516462212744
2023,2024,US0236081024,5.721803609502797e-21
2023,2024,US0255371017,0.0003504697720771227
2023,2024,US02553E1064,1.3213029291361519e-05
2023,2024,US0258161092,0.00302323858524087
2023,2024,US0268747849,0.001058329003428125
2023,2024,US03027X1000,0.0022407742921157388
2023,2024,US03073E1055,0.0008977571154667035
2023,2024,US03076C1062,0.0008714398715119281
2023,2024,US0311001004,0.0008106142469548789
2023,2024,US0311621009,0.0032840385158268925
2023,2024,US0320951017,0.0012912766004115814
2023,2024,US0326541051,0.002128547769196028
2023,2024,US0367521038,0.0024115841790362663
2023,2024,US03743Q1085,2.7270101209339294e-20
2023,2024,US0375981091,2.764195143619758e-05
2023,2024,US0378331005,0.06388086795293782
2023,2024,US0382221051,0.002866140573468686
2023,2024,US0383361039,0.00021056264008793
2023,2024,US0394831020,0.0007385198240482037
2023,2024,US0427351004,0.00020050675605867905
2023,2024,US0441861046,6.381406747994787e-05
2023,2024,US0454871056,3.562026212985873e-05
2023,2024,US04621X1081,0.0002210643253637249
2023,2024,US0495601058,0.0005171708248865926
2023,2024,US0527691069,0.0012177516549741277
2023,2024,US0528001094,0.00023239633008586533
2023,2024,US0530151036,0.0020647252634200877
2023,2024,US0533321024,0.0008898370024007543
2023,2024,US0534841012,0.000615777680269878
2023,2024,US0536111091,0.0003992950575622085
2023,2024,US0537741052,2.1568579773006616e-20
2023,2024,US0538071038,0.0002062047111824463
2023,2024,US0565251081,0.0
2023,2024,US0584981064,0.000416051046483478
2023,2024,US0605051046,0.005755498690061352
2023,2024,US0640581007,0.0008865179844655419
2023,2024,US0708301041,0.00015835568660698895
2023,2024,US0718131099,0.0005359461113123106
2023,2024,US0758871091,0.0015092877790547023
2023,2024,US0844231029,0.0005003795004104012
2023,2024,US0846701086,0.006567348169621271
2023,2024,US0865161014,0.0003161264398447387
2023,2024,US0893021032,8.527970402908819e-20
2023,2024,US09061G1013,0.0002954639412944177
2023,2024,US09062X1037,0.0006714790174170614
2023,2024,US09073M1045,0.00026531742948784963
2023,2024,US0936711052,0.00015350275320316357
2023,2024,US0970231058,0.0033701985192776626
2023,2024,US09857L1089,0.00270710278600251
2023,2024,US0997241064,0.0002736816679313885
2023,2024,US1011211018,0.00029839359532035783
2023,2024,US1011371077,0.0018154314616365109
2023,2024,US1033041013,0.00022143168232306747
2023,2024,US1053682035,6.329503407853421e-05
2023,2024,US1096411004,3.664900208387292e-05
2023,2024,US1096961040,8.85761145385114e-21
2023,2024,US1101221083,0.0022194499040683996
2023,2024,US1124631045,7.5530676973393e-21
2023,2024,US1156372096,0.0003852094823756837
2023,2024,US12504L1098,0.0005755755243814142
2023,2024,US1252691001,1.5081118331039622e-21
2023,2024,US12541W2098,0.00029815601340220794
2023,2024,US1255231003,0.0018256196530525427
2023,2024,US12572Q1058,0.0015692773110856496
2023,2024,US1258961002,4.550118037967437e-21
2023,2024,US1264081035,0.0014690367327371747
2023,2024,US12653C1080,0.00013962351108002725
2023,2024,US1266501006,0.002149653512200593
2023,2024,US1270551013,1.8380561562213566e-20
2023,2024,US1270971039,0.0004880482944460549
2023,2024,US1273871087,0.001580727300181795
2023,2024,US1307881029,0.00010222332740966554
2023,2024,US1331311027,0.00028518266223795673
2023,2024,US1344291091,0.0002648755169242751
2023,2024,US14040H1059,0.0010528997746445856
2023,2024,US14149Y1082,0.0005699387296717455
2023,2024,US1423391002,0.0004110296289911223
2023,2024,US1431301027,0.0002797672423939777
2023,2024,US1491231015,0.003324865802856332
2023,2024,US1508701034,0.00038232313060912405
2023,2024,US15189T1079,0.0003852145201716853
2023,2024,US1598641074,0.0002801041929148058
2023,2024,US1667641005,0.005971755234761002
2023,2024,US1699051066,0.0001935122982978215
2023,2024,US1713401024,0.0005194479979870519
2023,2024,US1717793095,0.00013276797422458132
2023,2024,US1720621010,0.00037865401429495077
2023,2024,US17275R1023,0.004352076993272666
2023,2024,US1729081059,0.0012933784507484162
2023,2024,US1729674242,0.002152697244871735
2023,2024,US1858991011,1.263459050693678e-21
2023,2024,US1890541097,0.0003781501436655759
2023,2024,US1912161007,0.005507318828010043
2023,2024,US1924461023,0.0007720448431270837
2023,2024,US1941621039,0.001469304938405544
2023,2024,US20030N1019,0.0037199492369525957
2023,2024,US2003401070,0.00016153901088739546
2023,2024,US2017231034,0.00010442677728713073
2023,2024,US2058871029,0.0002954827152509363
2023,2024,US20825C1045,0.0029841473457735183
2023,2024,US2091151041,0.000833664046997398
2023,2024,US21036P1084,0.0010581295834003665
2023,2024,US2172041061,0.0010337918923098558
2023,2024,US21871N1019,8.438182777998002e-05
2023,2024,US2193501051,0.0006385365683123251
2023,2024,US22160K1051,0.006173919952429538
2023,2024,US22410J1060,3.379640978831518e-05
2023,2024,US22822V1017,0.001220293371718235
2023,2024,US2283681060,0.00023376413641446012
2023,2024,US2310211063,0.0008033034112263345
2023,2024,US23331A1097,0.0011201994947840756
2023,2024,US2333311072,4.521905595231764e-21
2023,2024,US23355L1061,6.301028511487643e-05
2023,2024,US2358511028,0.003648490018854561
2023,2024,US2371941053,0.0004007664577026387
2023,2024,US23918K1088,0.0001869062408799726
2023,2024,US2441991054,0.002436295883064461
2023,2024,US2473617023,1.0823873559674334e-20
2023,2024,US24906P1093,0.00017539560122775935
2023,2024,US25179M1036,0.0006224043948541804
2023,2024,US2533931026,0.00017019054180251086
2023,2024,US2546871060,0.0035029319392058493
2023,2024,US25525P1075,9.464006123480723e-05
2023,2024,US25659T1079,0.0001380033105583629
2023,2024,US2566771059,0.0005808196112807952
2023,2024,US2567461080,0.0005786386781894014
2023,2024,US25746U1097,0.0004631801102134022
2023,2024,US2576511099,0.00022842910314485135
2023,2024,US25960P1093,0.00012882961927496866
2023,2024,US2600031080,0.0005354749754023624
2023,2024,US26441C2044,0.0010285099339565305
2023,2024,US26875P1012,0.0015887374698035932
2023,2024,US26884L1098,0.0004204439726952301
2023,2024,US2774321002,0.0
2023,2024,US2774614067,0.0
2023,2024,US2786421030,0.0004481722921765328
2023,2024,US2788651006,0.0011890438944027204
2023,2024,US2810201077,0.0007676564779362243
2023,2024,US28176E1082,0.0008569372090252941
2023,2024,US2855121099,0.0008275563571316253
2023,2024,US2910111044,0.0012521785583322924
2023,2024,US29364G1031,4.452540369590491e-21
2023,2024,US2944291051,0.0006427014731397298
2023,2024,US29444U7000,0.0016536020888356481
2023,2024,US29476L1070,0.0005846939701776995
2023,2024,US29670G1022,0.00029216824073899415
2023,2024,US2971781057,0.00042195401392061655
2023,2024,US30034W1062,5.471703999944331e-21
2023,2024,US30040W1080,0.0007259631963210086
2023,2024,US30161N1019,0.0010587356449073154
2023,2024,US30212P3038,0.0004856536008361342
2023,2024,US3021301094,0.00040474060646158755
2023,2024,US30231G1022,0.008425280312869762
2023,2024,US3024913036,0.0002286708310662797
2023,2024,US3029411093,0.00027431633766875156
2023,2024,US3030751057,0.00032583215795352577
2023,2024,US3119001044,0.000879686043982158
2023,2024,US3137451015,0.00027744991993113315
2023,2024,US31428X1063,0.0012505841211110748
2023,2024,US3156161024,0.00027317527324443843
2023,2024,US31620M1062,0.000761425971603651
2023,2024,US3167731005,0.0005354343747858771
2023,2024,US3205171057,0.0001860968755903143
2023,2024,US3377381088,0.001687353476476745
2023,2024,US3379321074,0.00013042021772782932
2023,2024,US3434121022,0.00021058455436068153
2023,2024,US34354P1057,0.00010148061402475016
2023,2024,US3448491049,0.00016274928142770756
2023,2024,US3453708600,0.001128617650465326
2023,2024,US3546131018,0.0003284901564978917
2023,2024,US35671D8570,0.001229322292352044
2023,2024,US3614481030,0.00017193633530854235
2023,2024,US3635761097,0.0010766904290232888
2023,2024,US3647601083,0.00027956597325127814
2023,2024,US3695501086,0.0015236729561126279
2023,2024,US3703341046,0.0008028901671894516
2023,2024,US37045V1008,0.0010712132813040967
2023,2024,US3719011096,0.00017583245351505833
2023,2024,US3724601055,0.00039659406928882333
2023,2024,US37247D1063,0.00013226528847376263
2023,2024,US3755581036,0.0021391702287456072
2023,2024,US37940X1028,0.0007174036088686715
2023,2024,US37959E1029,0.0002620282745494595
2023,2024,US38141G1040,0.0027274768103677785
2023,2024,US3825501014,1.5667115966211112e-20
2023,2024,US3841091040,0.00025631442274076514
2023,2024,US3848021040,0.0009262299888636477
2023,2024,US3976241071,5.309917795262532e-22
2023,2024,US40434L1052,0.0008027584092867742
2023,2024,US4062161017,0.0007555589826637024
2023,2024,US4103451021,1.1331985750294998e-05
2023,2024,US4108671052,0.0001656787229488024
2023,2024,US4128221086,0.00013776756858534294
2023,2024,US4158641070,4.300550183298494e-20
2023,2024,US4165151048,0.0006083846149730075
2023,2024,US4180561072,0.00014428085764361446
2023,2024,US4198701009,5.1381328244375074e-21
2023,2024,US42250P1030,0.0004215391648015775
2023,2024,US42330P1075,0.00017710837537439028
2023,2024,US4234521015,1.4737238196454563e-21
2023,2024,US4278661081,0.0006721676696007637
2023,2024,US42809H1077,0.0009473583135670829
2023,2024,US4364401012,0.0002666964575087486
2023,2024,US4370761029,0.007352707505185172
2023,2024,US4385161066,0.0030075894653671617
2023,2024,US4404521001,0.00040310162503672057
2023,2024,US44107P1049,0.0004656221984528471
2023,2024,US4435106079,0.0004071136913063324
2023,2024,US4448591028,0.0012003428431642488
2023,2024,US4456581077,0.0004288798624803902
2023,2024,US4461501045,0.0003694287526222764
2023,2024,US4470111075,0.0002721858627083898
2023,2024,US45073V1089,0.00016856006148340875
2023,2024,US45167R1041,0.00032942816546741634
2023,2024,US45168D1046,0.0009262940096856574
2023,2024,US4523081093,0.001712981429875094
2023,2024,US4523271090,0.00048433070325392595
2023,2024,US4581401001,0.004636518768973347
2023,2024,US45866F1049,0.0014783505588726485
2023,2024,US4592001014,0.003249180459161659
2023,2024,US4595061015,0.00051059393911126
2023,2024,US4601461035,0.0
2023,2024,US4606901001,0.00028080226219119364
2023,2024,US4612021034,0.00369502499174165
2023,2024,US46120E6023,0.002545712647108301
2023,2024,US46284V1017,0.0005955070198516891
2023,2024,US4657411066,5.070738879457263e-05
2023,2024,US46625H1005,0.010501334709491428
2023,2024,US4663131039,0.00042191246456400145
2023,2024,US46982L1089,0.0003938447484799365
2023,2024,US4781601046,0.008127867985454201
2023,2024,US48020Q1076,0.00018525867257187433
2023,2024,US48203R1041,0.00027626998381432606
2023,2024,US48242W1062,0.0002189630712468833
2023,2024,US4824801009,0.0017411289422806491
2023,2024,US48666K1097,0.00013121437905263693
2023,2024,US4878361082,0.00045346489661017347
2023,2024,US4891701009,1.5401255806889122e-19
2023,2024,US4932671088,0.00029696591141254055
2023,2024,US4943681035,0.0009048875057322687
2023,2024,US49446R1095,0.0004240978167667421
2023,2024,US49456B1017,0.0006030200798028457
2023,2024,US4972661064,2.3450839137051958e-20
2023,2024,US5002551043,2.121718285193728e-05
2023,2024,US5010441013,0.0007254961808871533
2023,2024,US5018892084,0.00030729491136521637
2023,2024,US5150981018,0.00017921522946154255
2023,2024,US5178341070,0.0008517905789160871
2023,2024,US5184391044,0.000739387383686348
2023,2024,US5218652049,0.00018178185694796604
2023,2024,US5246601075,3.1412555093520225e-05
2023,2024,US5260571048,0.0008648191393911057
2023,2024,US5261071071,0.0002751988451148143
2023,2024,US5324571083,0.011781462158170181
2023,2024,US5339001068,0.0003258736891427073
2023,2024,US5341871094,8.322071476025376e-05
2023,2024,US5370081045,0.00022833698274466626
2023,2024,US5398301094,0.00245821322512
2023,2024,US5486611073,0.0026865830991229913
2023,2024,US5502411037,3.928714400042215e-05
2023,2024,US55261F1049,0.0005142444873029071
2023,2024,US5526761086,0.00015576129316949977
2023,2024,US5526901096,6.532497381364764e-21
2023,2024,US5529531015,0.00041006128974542256
2023,2024,US5535301064,0.00024440409691800686
2023,2024,US5543821012,2.747721879679258e-06
2023,2024,US5544891048,2.5782371909949473e-05
2023,2024,US55616P1049,0.00016154049811952374
2023,2024,US5635714059,3.1274454753006945e-05
2023,2024,US56418H1005,9.178137634745e-05
2023,2024,US5658491064,0.0002705954947951182
2023,2024,US5717481023,0.0020176153480375605
2023,2024,US5719032022,0.001452372784915473
2023,2024,US5732841060,0.0005360813072239302
2023,2024,US5738741041,0.0011765729521389786
2023,2024,US5745991068,0.00033463650610792876
2023,2024,US57636Q1040,0.008520929008241786
2023,2024,US5770811025,0.0002435603676983114
2023,2024,US5797802064,0.000403810655822079
2023,2024,US5801351017,0.00464646737287321
2023,2024,US58155Q1031,0.0013374632478196098
2023,2024,US58933Y1055,0.005967915382107176
2023,2024,US59156R1086,0.0010931259053550161
2023,2024,US5926881054,0.0005716787420283479
2023,2024,US5949181045,0.05960799203382939
2023,2024,US5950171042,0.0010932222498901154
2023,2024,US5951121038,0.0020546553645946057
2023,2024,US6005441000,1.0079095549857917e-05
2023,2024,US6081901042,5.604148522938196e-05
2023,2024,US60871R2094,0.00026046978285005994
2023,2024,US6092071058,0.002124212314331277
2023,2024,US61174X1090,0.0012704836004087624
2023,2024,US6153691059,0.0014946722589439813
2023,2024,US6174464486,0.0033168678282207054
2023,2024,US61945C1036,0.0001665763311290426
2023,2024,US6200763075,0.0011161368783529136
2023,2024,US6267171022,0.0001350758758481863
2023,2024,US62886E1082,1.7421798072027397e-05
2023,2024,US6293775085,7.091623208658748e-21
2023,2024,US62955J1034,0.00025861204569830356
2023,2024,US6311031081,0.000659895395840528
2023,2024,US6361801011,5.103775091656916e-05
2023,2024,US64110D1046,0.0003771186869572559
2023,2024,US6501111073,0.00010261993859535457
2023,2024,US6512291062,0.00019873172864401525
2023,2024,US6516391066,0.001112776936249903
2023,2024,US65249B1098,0.00017767870648171188
2023,2024,US65339F1012,0.0025321753826273706
2023,2024,US6541061031,0.0027622113718773103
2023,2024,US65473P1057,5.6620613348283935e-21
2023,2024,US6556641008,6.416551771794738e-05
2023,2024,US6558441084,0.001167534670315164
2023,2024,US6658591044,0.0004448940919731807
2023,2024,US6668071029,0.0015474637961707058
2023,2024,US6687711084,0.00031352852680995757
2023,2024,US6703461052,0.0009467436744108831
2023,2024,US67066G1040,0.02599127756000614
2023,2024,US6708371033,1.7893803798567088e-21
2023,2024,US67098H1041,9.730841471179805e-21
2023,2024,US67103H1077,0.0011470447584525415
2023,2024,US6745991058,0.0009775979527497055
2023,2024,US6752321025,2.1618735636188113e-05
2023,2024,US6780261052,8.626530359379751e-05
2023,2024,US6819191064,0.0003511706193942882
2023,2024,US6821891057,0.0008695423421250881
2023,2024,US6826801036,0.000982086202502086
2023,2024,US68389X1054,0.006216824664813807
2023,2024,US6866881021,6.33733605909002e-05
2023,2024,US6882392011,0.0002480644625103511
2023,2024,US69331C1080,0.0008543710813709538
2023,2024,US6934751057,0.0013319568339820737
2023,2024,US6935061076,0.000797824424014671
2023,2024,US69351T1060,5.210741652337258e-21
2023,2024,US6936561009,0.00018430284531664376
2023,2024,US6937181088,0.001106261846399545
2023,2024,US6951561090,0.0003884294063677994
2023,2024,US7010941042,0.0012640914254056714
2023,2024,US7043261079,0.0009464219892681539
2023,2024,US7075691094,0.00011217502707459829
2023,2024,US70959W1036,0.00028952293213832726
2023,2024,US7134481081,0.00501348459310169
2023,2024,US7140461093,0.00023498428885667863
2023,2024,US7170811035,0.0034808690348390463
2023,2024,US7234841010,4.5112934612628025e-21
2023,2024,US7237871071,0.0011520815576307273
2023,2024,US7244791007,4.471158016103575e-05
2023,2024,US7310681025,9.39262832872432e-05
2023,2024,US74144T1088,0.0005456397350710445
2023,2024,US74251V1026,0.0004402249281139245
2023,2024,US7427181091,0.007446956433103085
2023,2024,US7433151039,0.002115926232194232
2023,2024,US74340W1036,0.002758725450528302
2023,2024,US7443201022,0.0008257599801715457
2023,2024,US7445731067,0.0008547861081402058
2023,2024,US74460D1090,0.001257715674823654
2023,2024,US7458671010,0.0005527637982769264
2023,2024,US7475251036,0.003451360802534606
2023,2024,US74762E1029,0.000691716625485286
2023,2024,US74834L1008,0.000379921439268651
2023,2024,US7496851038,0.00040240787589104456
2023,2024,US7509171069,0.0002380305290398994
2023,2024,US7512121010,0.00013053351590112258
2023,2024,US75281A1097,0.00011794193174686166
2023,2024,US7547301090,0.0005294593049196424
2023,2024,US75513E1010,0.0026079959831539464
2023,2024,US7588491032,0.00039883567634978694
2023,2024,US75886F1075,0.001972078791860246
2023,2024,US7591EP1005,0.00044082400416214045
2023,2024,US7593516047,0.0002885777315350981
2023,2024,US7595091023,0.00044727305550661453
2023,2024,US7607591002,0.0009591524653945967
2023,2024,US7611521078,0.00040306629786948244
2023,2024,US7677548726,9.257797427587813e-21
2023,2024,US7703231032,0.00023951475827303336
2023,2024,US7739031091,0.0007632296073878278
2023,2024,US7766961061,0.0012583536462446748
2023,2024,US7782961038,0.0010056258181590618
2023,2024,US7802871084,0.0003096564161074818
2023,2024,US7835491082,3.013138789807256e-05
2023,2024,US78409V1044,0.0029569575339842896
2023,2024,US78410G1040,0.0006698428960563556
2023,2024,US7841171033,0.00018807655248029103
2023,2024,US78440X8873,3.260575564882862e-05
2023,2024,US78442P1066,0.00016504657251793282
2023,2024,US78454L1008,6.227730196982886e-05
2023,2024,US78473E1038,3.5182288794067e-05
2023,2024,US79466L3024,0.00539978503173991
2023,2024,US8064071025,0.0002882266199283262
2023,2024,US8085131055,0.0025944019513454157
2023,2024,US8101861065,0.00011138197174545225
2023,2024,US81211K1007,0.00018557088768164333
2023,2024,US8168511090,0.001093927005664033
2023,2024,US8175651046,0.00024181001520547841
2023,2024,US8243481061,0.0017403125441662732
2023,2024,US8288061091,0.0010576162676728792
2023,2024,US8326964058,0.00027308709362194135
2023,2024,US8330341012,0.00036560289276074025
2023,2024,US8354951027,6.21112379299422e-05
2023,2024,US8425871071,0.0010535055825016534
2023,2024,US84265V1052,0.0014819295014981166
2023,2024,US8447411088,9.467485433520186e-21
2023,2024,US8454671095,0.00028494115005499597
2023,2024,US8485741099,0.000117876903221289
2023,2024,US8545021011,0.00032872046089580975
2023,2024,US8552441094,0.002276426836586223
2023,2024,US8574771031,0.0005189589637797573
2023,2024,US8581191009,0.000465446236420635
2023,2024,US8589121081,8.292378869444704e-05
2023,2024,US8636671013,0.002483795439370861
2023,2024,US8676524064,7.571170614474056e-05
2023,2024,US8716071076,0.0016603807945988413
2023,2024,US87161C5013,9.129743223327518e-05
2023,2024,US8718291078,0.0008494942052208736
2023,2024,US8725401090,0.0023048226918807252
2023,2024,US8760301072,0.0002356746839539827
2023,2024,US87612E1064,0.0013905155374953472
2023,2024,US8793691069,0.00020596563355460454
2023,2024,US8794338298,0.0
2023,2024,US8807701029,0.00035102574098572523
2023,2024,US8807791038,0.00010445533996313276
2023,2024,US8816242098,0.0001871757031754783
2023,2024,US8825081040,0.003310657703683422
2023,2024,US8832031012,0.00041741531196282187
2023,2024,US88337F1057,1.7749020869840221e-19
2023,2024,US8835561023,0.004373052568211595
2023,2024,US8851601018,8.031840973141533e-05
2023,2024,US88579Y1010,0.001277303643457436
2023,2024,US88642R1095,7.035207801071996e-05
2023,2024,US8873891043,0.00015442418676019594
2023,2024,US8910921084,0.00014709047993909444
2023,2024,US89417E1091,0.0009790362447949985
2023,2024,US8962391004,0.00034305925871004004
2023,2024,US8965221091,3.252622023791879e-05
2023,2024,US89832Q1094,0.0010484497589748523
2023,2024,US9024941034,0.00016871499776007843
2023,2024,US9026531049,0.00030134638812280595
2023,2024,US9026811052,0.0001339081163345862
2023,2024,US9029733048,0.0014980180874282641
2023,2024,US9078181081,0.0031739491806240926
2023,2024,US9111631035,1.5594389166664135e-20
2023,2024,US9113121068,0.0023763349441707107
2023,2024,US9113631090,0.0007948598514290757
2023,2024,US9129091081,0.0
2023,2024,US91324P1021,0.010392386082992994
2023,2024,US91529Y1064,0.00023932563161291928
2023,2024,US91822M5022,6.609215901298581e-20
2023,2024,US91913Y1001,0.0006391810769043003
2023,2024,US92276F1003,0.0005853911273015064
2023,2024,US92343V1044,0.0034152831518087803
2023,2024,US92532F1003,0.0022381426794545333
2023,2024,US9255501051,6.0693560380329775e-05
2023,2024,US92556V1061,0.0003083995183579951
2023,2024,US9282981086,0.0001401400023726055
2023,2024,US9290421091,0.00017214894950322076
2023,2024,US9291601097,0.0006273628563571674
2023,2024,US92922P1066,1.8867570381202957e-20
2023,2024,US92939U1060,0.00022569808665067593
2023,2024,US9297401088,0.00048625548698478214
2023,2024,US9311421039,0.00905831585965229
2023,2024,US9314271084,0.0005636505648789431
2023,2024,US9344231041,0.0004737097853556022
2023,2024,US94106L1098,0.0014816982922095554
2023,2024,US9418481035,0.0004613385424584496
2023,2024,US9427491025,0.0001031903374539613
2023,2024,US9497461015,0.0037939100644528746
2023,2024,US95040Q1040,0.0012145967933414048
2023,2024,US95058W1009,7.207579735521113e-05
2023,2024,US95082P1057,0.00022438824510220335
2023,2024,US9581021055,0.00047390852647769325
2023,2024,US9598021098,8.370358355254757e-05
2023,2024,US9604131022,0.00016353438044060736
2023,2024,US9621661043,0.0006375096852155257
2023,2024,US9633201069,0.00019101382021316604
2023,2024,US9682232064,7.225239896771188e-05
2023,2024,US9694571004,0.0006917682644006898
2023,2024,US9699041011,0.00032258444018093576
2023,2024,US9831341071,0.00027218953725986154
2023,2024,US98389B1008,0.00010016868211929168
2023,2024,US98421M1062,8.691150560045089e-05
2023,2024,US9884981013,0.0008330643665540064
2023,2024,US9892071054,0.0003391961460700313
2023,2024,US98956P1021,0.0005606585541910594
2023,2024,US9897011071,9.665761507086614e-05
2024,2025,AN8068571086,0.0011075822784235047
2024,2025,AT000000STR1,2.3288182902376053e-05
2024,2025,AT00000VIE62,0.0
2024,2025,AT0000606306,9.981335653055828e-05
2024,2025,AT0000652011,0.000429958889492526
2024,2025,AT0000720008,0.00012555860849781911
2024,2025,AT0000730007,0.00017326667605169332
2024,2025,AT0000743059,4.226344826832603e-20
2024,2025,AT0000746409,0.00029238253021226504
2024,2025,AT0000831706,4.8902000686969873e-20
2024,2025,AT0000908504,5.096061428991764e-05
2024,2025,AT0000937503,3.424837268879994e-20
2024,2025,AT0000938204,3.8098816358403534e-20
2024,2025,AT0000A21KS2,5.762214808166013e-05
2024,2025,AU000000JHX1,0.0001729676663177689
2024,2025,BE0003470755,3.948946063872558e-20
2024,2025,BE0003565737,0.0005218805969670804
2024,2025,BE0003593044,0.00011248717104538067
2024,2025,BE0003717312,9.885770115008578e-05
2024,2025,BE0003735496,3.9471307879069815e-05
2024,2025,BE0003739530,0.0006098793183146945
2024,2025,BE0003755692,2.9606309038475954e-20
2024,2025,BE0003797140,0.00018555467555202273
2024,2025,BE0003810273,0.0001691195485681252
2024,2025,BE0003822393,0.00018353000058837012
2024,2025,BE0974256852,0.0001206877606829137
2024,2025,BE0974258874,0.0
2024,2025,BE0974264930,0.0002234299430988512
2024,2025,BE0974271034,1.0907348258773882e-19
2024,2025,BE0974293251,0.0017040308000965648
2024,2025,BE0974320526,8.006586527804255e-05
2024,2025,BMG850801025,3.1773177730604635e-20
2024,2025,CA00208D4084,0.0002618548004998073
2024,2025,CA0084741085,0.0008221260015219039
2024,2025,CA00900Q1037,6.726998691520898e-05
2024,2025,CA01626P1484,0.0009811415974723557
2024,2025,CA05534B7604,0.00047217405375457366
2024,2025,CA0636711016,0.0013897044342771668
2024,2025,CA0641491075,0.0013506878298858347
2024,2025,CA0977518616,0.00023479682892645377
2024,2025,CA1247651088,0.0001456341639128281
2024,2025,CA12532H1047,0.000397425306255506
2024,2025,CA13321L1085,0.0004937295241573724
2024,2025,CA1360691010,0.0011607057593823553
2024,2025,CA1363751027,0.001162840662057147
2024,2025,CA1363851017,0.0011393458963666304
2024,2025,CA13646K1084,0.0012026226149518364
2024,2025,CA1366812024,0.000126143412056891
2024,2025,CA1367178326,9.774935194645698e-05
2024,2025,CA2849025093,1.611606725352522e-19
2024,2025,CA2918434077,1.7443714032211926e-05
2024,2025,CA29250N1050,0.0018021103184501178
2024,2025,CA3180714048,0.00014005769432192959
2024,2025,CA3359341052,0.0002581260030929891
2024,2025,CA3495531079,0.00021654930242215572
2024,2025,CA3518581051,0.000551270254698194
2024,2025,CA3759161035,0.0001335591618156461
2024,2025,CA39138C1068,0.0006201510843005228
2024,2025,CA4495861060,0.00018310292004173383
2024,2025,CA4530384086,0.00021466506321733065
2024,2025,CA45823T1066,0.0006329589660647445
2024,2025,CA4969024047,0.0002608507860332436
2024,2025,CA5394811015,0.0008037384905215618
2024,2025,CA5592224011,0.00032685574226930296
2024,2025,CA56501R1064,0.0009940002561948757
2024,2025,CA59151K1084,4.23378580193863e-20
2024,2025,CA59162N1096,0.00022790901067884292
2024,2025,CA6744822033,5.476642813995569e-20
2024,2025,CA68272K1030,0.00014572136698075391
2024,2025,CA6837151068,0.00017150186373366888
2024,2025,CA7392391016,0.00036983844754844974
2024,2025,CA74022D4075,6.573565449592491e-05
2024,2025,CA7669101031,0.00011555382326142444
2024,2025,CA7751092007,0.0002585994267011481
2024,2025,CA7800871021,0.003252103846205917
2024,2025,CA8029121057,6.762016982390654e-05
2024,2025,CA8239011031,4.182555779443735e-21
2024,2025,CA85472N1096,0.00016862442977608658
2024,2025,CA8667961053,0.0006652166510830903
2024,2025,CA8672241079,0.00046440149718522363
2024,2025,CA87807B1076,0.0006451934239581564
2024,2025,CA8787422044,0.0004645256511480522
2024,2025,CA87971M1032,0.00042569407726193427
2024,2025,CA8849038085,0.0013522368667060677
2024,2025,CA8911605092,0.0018389237366993382
2024,2025,CA89346D1078,4.305448191784878e-20
2024,2025,CA8959451037,7.210003253770517e-05
2024,2025,CA9611485090,0.00041629775563031677
2024,2025,CH0000816824,0.0
2024,2025,CH0008038389,0.00022914659463434372
2024,2025,CH0008742519,0.0006142223970868844
2024,2025,CH0010570759,0.00026795557129272174
2024,2025,CH0010645932,0.0007542218924070009
2024,2025,CH0011075394,0.0017132531214824687
2024,2025,CH0012005267,0.004048453308215648
2024,2025,CH0012032048,0.0036831526917537557
2024,2025,CH0012138605,9.73749404953079e-05
2024,2025,CH0012142631,8.16176659149547e-05
2024,2025,CH0012214059,0.00010055611783237792
2024,2025,CH0012221716,0.0018619321186948315
2024,2025,CH0012255151,2.0668164584027707e-05
2024,2025,CH0012410517,0.00017057820589806865
2024,2025,CH0012549785,0.0004336132581811994
2024,2025,CH0013841017,0.0007568664500137089
2024,2025,CH0014786500,2.9258996889585537e-19
2024,2025,CH0014852781,0.0004472267324533465
2024,2025,CH0018294154,0.00018461296460693975
2024,2025,CH0022268228,7.559184346711057e-05
2024,2025,CH0024608827,0.0006031798994485434
2024,2025,CH0024638212,0.0003616442067471598
2024,2025,CH0025238863,0.0005361931389640247
2024,2025,CH0025751329,0.0002404430922631418
2024,2025,CH0030170408,0.00031914504407049645
2024,2025,CH0038388911,1.690678255175856e-05
2024,2025,CH0038863350,0.0041144632549844455
2024,2025,CH0044328745,0.002134680309872616
2024,2025,CH0048265513,4.100671616279744e-05
2024,2025,CH0102484968,0.00023954536626980276
2024,2025,CH0126881561,0.0009029451058866671
2024,2025,CH0198251305,0.00017861710232572512
2024,2025,CH0210483332,0.0014651299139175628
2024,2025,CH0244767585,0.001984703514326977
2024,2025,CH0319416936,0.00018151423191248658
2024,2025,CH0418792922,0.0006824631247513627
2024,2025,CH1169151003,0.00015771561240649984
2024,2025,CH1175448666,0.00030728623161735283
2024,2025,CH1256740924,0.00031391337148842875
2024,2025,DE0005089031,7.85346534725162e-05
2024,2025,DE0005140008,0.0007130036513640155
2024,2025,DE0005190003,0.0009298254833116886
2024,2025,DE0005200000,0.0005770918284292382
2024,2025,DE0005439004,0.00021396356346673343
2024,2025,DE0005470405,3.822242769004939e-20
2024,2025,DE0005552004,0.0007275706180386245
2024,2025,DE0005557508,0.0028666608146446695
2024,2025,DE0005773303,0.00011937597892507055
2024,2025,DE0005785604,0.00040024890018298986
2024,2025,DE0005785802,0.0002807535500935729
2024,2025,DE0005810055,0.0008239330055227961
2024,2025,DE0005909006,7.299055483693078e-05
2024,2025,DE0006047004,3.762842890607771e-20
2024,2025,DE0006048432,0.00029256990465301744
2024,2025,DE0006070006,0.00026996486145333855
2024,2025,DE0006202005,2.2320761869420804e-20
2024,2025,DE0006231004,0.0009114460701904354
2024,2025,DE0006569908,4.990943473686439e-05
2024,2025,DE0006599905,0.00034487065195162994
2024,2025,DE0006602006,0.0002125579718965785
2024,2025,DE0006969603,0.00023970812588235295
2024,2025,DE0007030009,0.0005090061273346247
2024,2025,DE0007037129,3.5430979136484803e-20
2024,2025,DE0007042301,0.0
2024,2025,DE0007100000,0.0010844801906811044
2024,2025,DE0007164600,0.005644532913429645
2024,2025,DE0007236101,0.0030145743599887765
2024,2025,DE0007257503,9.114689587686474e-06
2024,2025,DE0007297004,4.365363593855595e-20
2024,2025,DE0007314007,4.239361775254751e-05
2024,2025,DE0007500001,2.4751455878358076e-20
2024,2025,DE0007507501,0.0001666370895631843
2024,2025,DE0007664039,0.00037842077025518437
2024,2025,DE0008232125,3.126134656211838e-20
2024,2025,DE0008402215,0.0005910054260586002
2024,2025,DE0008404005,0.002262613608730543
2024,2025,DE0008430026,0.0013135818227907826
2024,2025,DE000A0D6554,0.00011741614161444985
2024,2025,DE000A0D9PT0,0.000405750228170677
2024,2025,DE000A0S8488,6.442490182210872e-05
2024,2025,DE000A0WMPJ6,1.5360824136498676e-20
2024,2025,DE000A1EWWW0,0.0008549464982765659
2024,2025,DE000BASF111,0.0005521740435972792
2024,2025,DE000BAY0017,0.0004430435734415634
2024,2025,DE000CBK1001,0.00031522815593942
2024,2025,DE000ENAG999,0.0007499129390357836
2024,2025,DE000KSAG888,3.779005840762194e-20
2024,2025,DE000PSM7770,5.2563375165948287e-05
2024,2025,DE000TUAG505,3.826817044918186e-20
2024,2025,DK0010181759,0.0001449535355487026
2024,2025,DK0010234467,0.00010531668304453125
2024,2025,DK0010244508,3.120592614400927e-20
2024,2025,DK0010272632,9.617472278780527e-05
2024,2025,DK0010274414,0.0004135617898922208
2024,2025,DK0010287663,9.465315261436253e-05
2024,2025,DK0010307958,0.00012127698736607083
2024,2025,DK0010311471,8.866598975504934e-05
2024,2025,DK0060079531,0.000996911914220274
2024,2025,DK0060336014,0.00046636402565788736
2024,2025,DK0060448595,0.0003742270171045618
2024,2025,DK0060636678,0.0002356167671857088
2024,2025,DK0060738599,0.00018924992375021196
2024,2025,DK0061539921,0.0002628645455131271
2024,2025,ES0109427734,1.6469002407604495e-05
2024,2025,ES0112501012,0.0
2024,2025,ES0113211835,0.0010517855224482487
2024,2025,ES0113679I37,8.838328995011334e-05
2024,2025,ES0113860A34,0.0002371955299415685
2024,2025,ES0113900J37,0.0013549475730885358
2024,2025,ES0116870314,0.0002404794841680143
2024,2025,ES0117160111,0.00012616793723870242
2024,2025,ES0118594417,6.394945514684581e-05
2024,2025,ES0122060314,3.951377805975593e-20
2024,2025,ES0124244E34,0.0001941242070676323
2024,2025,ES0125220311,0.00019304581426861855
2024,2025,ES0130670112,0.00021308187107602937
2024,2025,ES0130960018,0.00012301633409283065
2024,2025,ES0132105018,2.347793066401834e-20
2024,2025,ES0134950F36,7.845684415553426e-05
2024,2025,ES0142090317,1.1934164177294648e-20
2024,2025,ES0144580Y14,0.0017148619043794104
2024,2025,ES0148396007,0.0030002598124566422
2024,2025,ES0161560018,5.5388121977861506e-05
2024,2025,ES0167050915,0.00034181076689950945
2024,2025,ES0171996087,5.38656631445285e-05
2024,2025,ES0173093024,0.00027487851891986703
2024,2025,ES0173516115,3.8400330735516815e-20
2024,2025,ES0178430E18,0.0005520483836326939
2024,2025,ES0182870214,0.00014271008274573642
2024,2025,FI0009000202,0.00011167673195520221
2024,2025,FI0009000277,6.064614281101279e-06
2024,2025,FI0009000459,5.083404530871785e-05
2024,2025,FI0009000681,0.0004799965947702365
2024,2025,FI0009002422,3.4200595450640506e-20
2024,2025,FI0009003727,0.00017652882851395982
2024,2025,FI0009005318,0.0
2024,2025,FI0009005870,0.00013557635564114857
2024,2025,FI0009005961,7.881727720387124e-05
2024,2025,FI0009005987,0.000257455786512368
2024,2025,FI0009007132,0.0002660900789740076
2024,2025,FI0009007694,3.45367419424272e-05
2024,2025,FI0009007884,0.000167341497373142
2024,2025,FI0009013296,0.0001262934371534071
2024,2025,FI0009013403,0.0004225394059691821
2024,2025,FI0009800643,5.9283889367935215e-05
2024,2025,FR0000035081,7.811861388215414e-05
2024,2025,FR0000039109,4.488488048673322e-20
2024,2025,FR0000044448,0.00011847610454155554
2024,2025,FR0000045072,0.0008195736707100271
2024,2025,FR0000051070,0.00015730916679118772
2024,2025,FR0000052292,0.004810197036670159
2024,2025,FR0000053225,4.14073002976421e-05
2024,2025,FR0000054470,0.0001949326314493842
2024,2025,FR0000054900,1.884262066585425e-05
2024,2025,FR0000064578,0.0001845717704727368
2024,2025,FR0000073272,0.0018322713542775133
2024,2025,FR0000077919,0.0
2024,2025,FR0000120073,0.0016840472497175736
2024,2025,FR0000120172,0.00020396324054384047
2024,2025,FR0000120271,0.002421083471202266
2024,2025,FR0000120321,0.003572610440974743
2024,2025,FR0000120404,0.00022705146986657371
2024,2025,FR0000120503,0.00015027025736137975
2024,2025,FR0000120560,0.00010917909287972887
2024,2025,FR0000120578,0.0023576114419035584
2024,2025,FR0000120628,0.0015079148510264652
2024,2025,FR0000120644,0.0008998867458527943
2024,2025,FR0000120693,0.0005480260857532465
2024,2025,FR0000120859,4.1706867426765156e-20
2024,2025,FR0000120966,0.0001900709030247769
2024,2025,FR0000121014,0.0061817376789836155
2024,2025,FR0000121121,0.0001609707054832468
2024,2025,FR0000121204,9.14868131108923e-05
2024,2025,FR0000121220,0.00021509030436767627
2024,2025,FR0000121329,0.0006133604382126648
2024,2025,FR0000121485,0.0005983876295364193
2024,2025,FR0000121667,0.0020726331976828392
2024,2025,FR0000121964,0.000176919625752998
2024,2025,FR0000121972,0.0026881846569212957
2024,2025,FR0000124141,3.975701818219886e-20
2024,2025,FR0000125007,0.0007673397152577154
2024,2025,FR0000125338,0.00047660734723550374
2024,2025,FR0000125486,0.0011478070934286633
2024,2025,FR0000127771,8.533436377358354e-05
2024,2025,FR0000130213,0.00012585252345105098
2024,2025,FR0000130395,3.042693072609912e-05
2024,2025,FR0000130403,0.0021393032699483752
2024,2025,FR0000130452,0.00014433683364965715
2024,2025,FR0000130577,0.0005072226558174381
2024,2025,FR0000130809,0.00047043605546126483
2024,2025,FR0000131104,0.001360921882113854
2024,2025,FR0000131757,3.263513866413881e-20
2024,2025,FR0000131906,0.00028549549434599174
2024,2025,FR0000133308,0.0005734618535981337
2024,2025,FR0010040865,0.0002049301385287517
2024,2025,FR0010220475,0.0002909989867306818
2024,2025,FR0010221234,0.00017246326275628985
2024,2025,FR0010307819,0.0004774271535502573
2024,2025,FR0010313833,2.601470251003655e-05
2024,2025,FR0010340141,0.0003347395443664299
2024,2025,FR0010411983,0.00010512375948386858
2024,2025,FR0010533075,0.00024304768027597773
2024,2025,FR0013176526,1.888512057311289e-05
2024,2025,FR0013280286,0.00025756629228500293
2024,2025,FR0013326246,0.0003217995430078875
2024,2025,FR0013506730,1.2674516455688666e-19
2024,2025,FR0014003TT8,0.0008347191276284286
2024,2025,FR001400AJ45,0.0004463052797322225
2024,2025,GB0000163088,1.473958135780417e-20
2024,2025,GB0000365774,3.1924728597775985e-20
2024,2025,GB0000456144,0.0004108495915287323
2024,2025,GB0000536739,0.0004644927215992641
2024,2025,GB0000600931,7.63364265861202e-05
2024,2025,GB0000811801,8.484235668351501e-05
2024,2025,GB0000904986,3.551338894716546e-05
2024,2025,GB0000961622,5.452483984647427e-05
2024,2025,GB0001110096,9.350178075602453e-21
2024,2025,GB0001367019,0.0001134791028391198
2024,2025,GB0001500809,2.712887057415867e-20
2024,2025,GB0001570810,0.0
2024,2025,GB0001638955,1.0694198261200264e-05
2024,2025,GB0001667087,3.5284772329870273e-20
2024,2025,GB0001795680,1.7405297445041983e-19
2024,2025,GB0001826634,0.00019627190291541873
2024,2025,GB0001859296,0.0
2024,2025,GB0002018363,2.1464089404419423e-19
2024,2025,GB0002074580,1.7385461920009476e-05
2024,2025,GB0002148343,8.133350830631612e-05
2024,2025,GB0002318888,7.801069215990407e-21
2024,2025,GB0002349065,1.9897899135075796e-20
2024,2025,GB0002374006,0.0013253236789814746
2024,2025,GB0002418548,8.404060440417397e-20
2024,2025,GB0002634946,0.0008006011808663803
2024,2025,GB0002652740,0.00010373019857225999
2024,2025,GB0002869419,8.723271346275565e-06
2024,2025,GB0002875804,0.0015239563544265841
2024,2025,GB0003062816,3.141488420753901e-05
2024,2025,GB0003096442,7.508510140763037e-05
2024,2025,GB0003308607,7.648682984205016e-05
2024,2025,GB0003395000,4.159313041115429e-20
2024,2025,GB0003452173,3.247791601292279e-20
2024,2025,GB0003718474,0.00012599021455301785
2024,2025,GB0004052071,0.00018536073202776162
2024,2025,GB0004082847,0.0005844932973288476
2024,2025,GB0004161021,6.30614573235157e-06
2024,2025,GB0004170089,6.426152162849186e-20
2024,2025,GB0004270301,6.898185580886589e-06
2024,2025,GB0004478896,8.533532540244861e-05
2024,2025,GB0004544929,0.0005156244228198825
2024,2025,GB0004657408,4.386367424002613e-19
2024,2025,GB0004726096,5.456541197823202e-05
2024,2025,GB0004866223,2.5218516333040336e-20
2024,2025,GB0004915632,2.1077885952496945e-19
2024,2025,GB0005405286,0.003396058795910012
2024,2025,GB0005576813,4.87781818336173e-05
2024,2025,GB0005603997,0.00035962302953846656
2024,2025,GB0005630420,0.0
2024,2025,GB0005746358,0.0
2024,2025,GB0006027295,2.3827656139649835e-20
2024,2025,GB0006215205,4.413286557349325e-20
2024,2025,GB0006449366,9.922580523900982e-05
2024,2025,GB0006640972,7.029771777745429e-05
2024,2025,GB0006650450,7.43068205546884e-05
2024,2025,GB0006731235,0.0003359472880648391
2024,2025,GB0006776081,0.0002058175967079106
2024,2025,GB0006825383,0.00010115643256200055
2024,2025,GB0006928617,0.0001367579113570819
2024,2025,GB0006963689,0.0
2024,2025,GB0007099541,0.00036730379891354304
2024,2025,GB0007188757,0.001326798514311997
2024,2025,GB0007323586,0.000121922780655699
2024,2025,GB0007370074,7.021177043746011e-20
2024,2025,GB0007388407,0.0
2024,2025,GB0007668071,1.2772979880394908e-19
2024,2025,GB0007669376,6.778783255266038e-05
2024,2025,GB0007908733,0.00039397558666515615
2024,2025,GB0007958233,2.365455273040057e-19
2024,2025,GB0007973794,6.924135564083778e-05
2024,2025,GB0007980591,0.0012941011456116139
2024,2025,GB0008025412,5.145460127810175e-20
2024,2025,GB0008085614,5.713209528859146e-05
2024,2025,GB0008220112,5.779321037717729e-05
2024,2025,GB0008475088,6.389408341138069e-20
2024,2025,GB0008481250,7.895384083014783e-19
2024,2025,GB0008706128,0.0007668186222503813
2024,2025,GB0008711763,5.08051932586737e-06
2024,2025,GB0008782301,9.331572620499292e-05
2024,2025,GB0008794710,3.104131402629893e-05
2024,2025,GB0009067447,0.0
2024,2025,GB0009223206,0.00019997148994251436
2024,2025,GB0009286963,2.180620761661716e-20
2024,2025,GB0009292243,6.669781870777144e-06
2024,2025,GB0009296665,4.079714970055629e-05
2024,2025,GB0009465807,0.0001575455717028596
2024,2025,GB0009692319,3.435916027819238e-05
2024,2025,GB0009697037,6.79600474619579e-05
2024,2025,GB0009895292,0.003870194032737976
2024,2025,GB0022569080,0.00019063269141733058
2024,2025,GB0030181522,0.0
2024,2025,GB0030232317,9.337549679894354e-19
2024,2025,GB0030913577,0.0003278230775148899
2024,2025,GB0031274896,0.00016302129512573864
2024,2025,GB0031348658,0.0009755001782568348
2024,2025,GB0031638363,0.00019872725092186548
2024,2025,GB0031743007,0.0002070256802868494
2024,2025,GB0032089863,0.0002686185906877649
2024,2025,GB0033147751,6.597000504196368e-05
2024,2025,GB0033195214,8.600813405688775e-05
2024,2025,GB0033986497,0.0
2024,2025,GB00B00FPT80,4.499335709987871e-05
2024,2025,GB00B012BV22,3.3444109275770903e-20
2024,2025,GB00B012TP20,0.0
2024,2025,GB00B019KW72,9.271601696651023e-05
2024,2025,GB00B01QGK86,8.940042477168521e-19
2024,2025,GB00B02J6398,0.00015144712933667955
2024,2025,GB00B033F229,0.00011704131224360026
2024,2025,GB00B04V1276,3.9189390438183365e-05
2024,2025,GB00B06QFB75,1.0851651730690542e-05
2024,2025,GB00B0744359,6.008789487698463e-05
2024,2025,GB00B0744B38,0.0002477132784137139
2024,2025,GB00B082RF11,0.0002077989453764956
2024,2025,GB00B0FYMT95,5.903896894388812e-05
2024,2025,GB00B0KM9T71,0.0
2024,2025,GB00B0LCW083,0.00012839558611627323
2024,2025,GB00B0N8QD54,7.784210426468458e-05
2024,2025,GB00B0SWJX34,0.0014040308979414284
2024,2025,GB00B0WMWD03,6.404872188829114e-06
2024,2025,GB00B128J450,2.090347397269234e-05
2024,2025,GB00B132NW22,9.054419211860243e-05
2024,2025,GB00B135BJ46,2.219077786163052e-05
2024,2025,GB00B18P5K83,6.764624786670161e-20
2024,2025,GB00B19Z1432,1.9627666380186771e-19
2024,2025,GB00B1FH8J72,0.00021538569379767902
2024,2025,GB00B1FP6H53,5.378238204692788e-05
2024,2025,GB00B1FW5029,0.0001076305427244972
2024,2025,GB00B1G5HX72,0.0
2024,2025,GB00B1JQDM80,0.0
2024,2025,GB00B1KJJ408,9.95824221637027e-05
2024,2025,GB00B1L5QH97,1.6739611475409133e-20
2024,2025,GB00B1P6ZR11,1.1173256039449078e-18
2024,2025,GB00B1VNSX38,4.444737204571957e-05
2024,2025,GB00B1WY2338,0.00014353888903732278
2024,2025,GB00B1XH2C03,1.1922067272993355e-19
2024,2025,GB00B1YW4409,0.0008205082252247785
2024,2025,GB00B27YGJ97,0.0
2024,2025,GB00B2B0DG97,0.0016057785886028463
2024,2025,GB00B2NGPM57,0.0
2024,2025,GB00B2PDGW16,7.068303620960308e-05
2024,2025,GB00B39J2M42,0.000239413545760238
2024,2025,GB00B3CX3644,0.0
2024,2025,GB00B3DGH821,9.15013955590309e-19
2024,2025,GB00B3FLWH99,2.307560526412398e-06
2024,2025,GB00B41H7391,4.296390261090222e-05
2024,2025,GB00B45C9X44,3.9944404392874585e-06
2024,2025,GB00B572ZV91,3.3142013662835715e-20
2024,2025,GB00B5N0P849,5.883669266952117e-05
2024,2025,GB00B5ZN1N88,0.0002077910970858912
2024,2025,GB00B61TVQ02,4.463299354684076e-05
2024,2025,GB00B63H8491,0.001151577822349056
2024,2025,GB00B63QSB39,9.630644360032582e-05
2024,2025,GB00B64NSP76,3.259648936607718e-05
2024,2025,GB00B67G5X01,5.257485593782792e-05
2024,2025,GB00B6XZKY75,0.0
2024,2025,GB00B71N6K86,1.2781223958542733e-20
2024,2025,GB00B7KR2P84,4.558501823639616e-20
2024,2025,GB00B82YXW83,6.614593268909756e-20
2024,2025,GB00B8C3BL03,0.0002985459449143686
2024,2025,GB00BD6K4575,0.0010941252506554329
2024,2025,GB00BDCPN049,0.0006806834842793302
2024,2025,GB00BDFBVT43,3.0455509535413206e-19
2024,2025,GB00BDR05C01,0.0011580296949340067
2024,2025,GB00BF044593,7.027272800152088e-05
2024,2025,GB00BF5H9P87,5.884383905187983e-05
2024,2025,GB00BF8Q6K64,4.328806846665302e-05
2024,2025,GB00BGDT3G23,5.72656933961671e-05
2024,2025,GB00BGLP8L22,4.4208720743551756e-05
2024,2025,GB00BH4HKS39,0.00045759861420591213
2024,2025,GB00BHJYC057,0.0004148586304474881
2024,2025,GB00BJFFLV09,0.00010845738499822199
2024,2025,GB00BJT0FF39,1.569955368569384e-05
2024,2025,GB00BK9RKT01,1.542018641294808e-05
2024,2025,GB00BKY40Q38,3.458555669560706e-05
2024,2025,GB00BLGZ9862,0.000593792472084406
2024,2025,GB00BM8PJY71,0.0008462645717247925
2024,2025,GB00BM8Q5M07,4.870325797630158e-05
2024,2025,GB00BMJ6DW54,0.0002774379248740837
2024,2025,GB00BN7SWP63,0.0013535975037097764
2024,2025,GB00BNGDN821,0.00010764923416597257
2024,2025,GB00BNNTLN49,0.00013375494470853135
2024,2025,GB00BNR4T868,4.1463351772240925e-20
2024,2025,GB00BP6MXD84,0.0034564818031510907
2024,2025,GB00BP92CJ43,8.238246275024304e-05
2024,2025,GB00BP9LHF23,0.00011233408948355996
2024,2025,GB00BPQY8M80,0.0003744015705934045
2024,2025,GB00BRKD9Z53,4.513082482361695e-19
2024,2025,GB00BV9FP302,0.0
2024,2025,GB00BVFNZH21,7.129082212912745e-05
2024,2025,GB00BWFGQN14,5.854590642195593e-05
2024,2025,GB00BYQ0JC66,0.00010377043839188833
2024,2025,GB00BYRJ5J14,3.291667079679322e-05
2024,2025,GB00BYT1DJ19,0.00011498655898719187
2024,2025,GB00BYW0PQ60,0.00014837244106538367
2024,2025,GB00BYZN9041,4.95179282570186e-05
2024,2025,GB00BZ4BQC70,4.156490527415057e-05
2024,2025,IE0001827041,0.0008713651921933445
2024,2025,IE0002424939,0.00010581713596931206
2024,2025,IE0003864109,5.487001977806607e-06
2024,2025,IE0004906560,0.0003091389614040265
2024,2025,IE0004927939,0.0002807982025253919
2024,2025,IE00B00MZ448,5.756117632167749e-05
2024,2025,IE00B4BNMY34,0.004123519698538632
2024,2025,IE00B8KQN827,0.0024426959197229657
2024,2025,IE00BD1RP616,0.00020688659850773617
2024,2025,IE00BDB6Q211,0.0006305099790195006
2024,2025,IE00BF0L3536,0.00035473226442313456
2024,2025,IE00BGH1M568,0.00010868038241561413
2024,2025,IE00BK9ZQ967,0.001547449149200129
2024,2025,IE00BLP1HW54,0.0014748189567941488
2024,2025,IE00BLS09M33,0.00025132389452684004
2024,2025,IE00BTN1Y115,0.001923019699299438
2024,2025,IE00BWT6H894,0.0009197805828588245
2024,2025,IE00BY7QL619,0.0010216047131541982
2024,2025,IE00BYTBXV33,4.216993718211604e-20
2024,2025,IL0002300114,0.00012546734356074445
2024,2025,IL0002730112,0.00022258376404550725
2024,2025,IL0002810146,5.278654791432147e-20
2024,2025,IL0005930388,0.00014761209331321407
2024,2025,IL0006046119,0.00040984516172057393
2024,2025,IL0006625771,0.0003761289307137947
2024,2025,IL0006954379,0.0002976171435690262
2024,2025,IL0010811243,0.0001861272061737647
2024,2025,IL0010824113,0.0003791959959060516
2024,2025,IT0000062072,0.0008928814727715708
2024,2025,IT0000062957,0.0002619392501251353
2024,2025,IT0000066123,0.0002045780807149575
2024,2025,IT0000072618,0.0013566951984634115
2024,2025,IT0000784196,6.936219482127515e-05
2024,2025,IT0001233417,4.60942848142495e-20
2024,2025,IT0001347308,3.952286438476125e-20
2024,2025,IT0001469383,1.9444354778361764e-05
2024,2025,IT0003128367,0.0012535430864099315
2024,2025,IT0003132476,0.00040267078554125736
2024,2025,IT0003153415,0.00032363637071295814
2024,2025,IT0003242622,0.00040045899856596415
2024,2025,IT0003497168,2.2640310508495096e-05
2024,2025,IT0003856405,0.000385156896640356
2024,2025,IT0004810054,0.0002572968185455336
2024,2025,IT0005218380,0.0003024579358110914
2024,2025,IT0005239360,0.0012322293998506752
2024,2025,IT0005495657,1.332244265074685e-05
2024,2025,JE00B8KF9B49,0.00025133299089155175
2024,2025,JE00BJ1DLW90,0.0001356734282812424
2024,2025,JE00BYVQYS01,1.0702415250911338e-19
2024,2025,LR0008862868,0.001199205536143866
2024,2025,LU0075646355,6.0834764171554256e-05
2024,2025,NL0000008977,0.0003081207741067805
2024,2025,NL0000009082,0.000377798172865919
2024,2025,NL0000009165,0.0008016967919374209
2024,2025,NL0000009538,0.00047441495085674446
2024,2025,NL0000226223,0.0005064315906300547
2024,2025,NL0000235190,0.0024327388278718933
2024,2025,NL0000289213,0.00010033043481966465
2024,2025,NL0000337319,3.346009698733188e-05
2024,2025,NL0000360618,0.00013582494112628077
2024,2025,NL0000379121,0.00014008741538152069
2024,2025,NL0000395903,0.0007299483510199594
2024,2025,NL0006237562,0.0001024479978949715
2024,2025,NL0009432491,0.00012060418583443665
2024,2025,NL0010273215,0.005253412948822124
2024,2025,NL0010583399,1.5918190956648137e-19
2024,2025,NL0011794037,0.0005563661861791385
2024,2025,NL0011821202,0.000963766601422073
2024,2025,NL0013267909,0.0002488402414261975
2024,2025,NL0013332471,6.505666851376257e-19
2024,2025,NL00150001Q9,0.0007479359676914926
2024,2025,NL00150003E1,0.00013711403444978987
2024,2025,NL0015001FS8,0.0006083631546762058
2024,2025,NL0015435975,0.00014082854843132603
2024,2025,NO0003028904,5.785741324366883e-06
2024,2025,NO0003053605,0.00015855151987005536
2024,2025,NO0003054108,0.0003206514053586805
2024,2025,NO0003078800,0.00010071362928677744
2024,2025,NO0003733800,0.0001240017519111014
2024,2025,NO0005052605,1.9575052163382312e-20
2024,2025,NO0010063308,0.00035515588278002894
2024,2025,NO0010096985,0.0012300417205805302
2024,2025,NO0010208051,4.174176731290595e-20
2024,2025,NO0010215684,0.00010416424347804002
2024,2025,NO0012470089,2.489271602523841e-05
2024,2025,PA1436583006,0.0003947410288718527
2024,2025,PTBCP0AM0015,0.00011591750086319624
2024,2025,PTEDP0AM0009,0.0003135843262708333
2024,2025,PTJMT0AE0001,0.0002499956590344519
2024,2025,PTSON0AM0001,2.631642710619378e-06
2024,2025,PTZON0AM0006,8.588324939150197e-05
2024,2025,SE0000106270,0.0005321618322009593
2024,2025,SE0000108227,0.00018464639242733643
2024,2025,SE0000108656,0.0005736244254523529
2024,2025,SE0000111940,6.902627769321811e-05
2024,2025,SE0000112724,0.00026145198085126745
2024,2025,SE0000113250,9.80492697766989e-05
2024,2025,SE0000114837,0.00015552526428443825
2024,2025,SE0000148884,0.0004912868336593721
2024,2025,SE0000163594,9.643759648817493e-05
2024,2025,SE0000163628,3.857893767543044e-05
2024,2025,SE0000171100,2.5608578993043904e-20
2024,2025,SE0000190126,0.00011875921921311475
2024,2025,SE0000202624,6.451889046377277e-05
2024,2025,SE0000242455,0.0004029978916692682
2024,2025,SE0000379190,0.00012033307579620444
2024,2025,SE0000667891,0.00047741763425385576
2024,2025,SE0000667925,0.00023895040253230237
2024,2025,SE0000695876,0.00033249411737199615
2024,2025,SE0000806994,3.676948257029618e-19
2024,2025,SE0000862997,3.4520744924317487e-20
2024,2025,SE0000949331,6.536244007189321e-05
2024,2025,SE0001662230,2.4828495885851685e-05
2024,2025,SE0005190238,0.00018946905298680903
2024,2025,SE0006993770,0.00012893988097180742
2024,2025,SE0007100581,0.0005679072812376211
2024,2025,SE0007100599,0.0003751178158594769
2024,2025,SE0011090018,0.00018012570074536733
2024,2025,SE0011166974,5.6835639425634336e-05
2024,2025,SE0015811955,0.0005831459879013453
2024,2025,SE0015961909,0.00039895643856858055
2024,2025,SE0015988019,0.00015078706045716292
2024,2025,SE0016589188,7.805999804736594e-05
2024,2025,SE0017486889,0.0009394368814599716
2024,2025,SE0018012494,9.683032139192255e-05
2024,2025,SE0018012635,2.3157078283750412e-05
2024,2025,SE0020050417,0.00019780389498343806
2024,2025,US0010551028,0.001092742413790687
2024,2025,US0010841023,0.0001825014569377635
2024,2025,US00130H1059,3.0250437875091536e-20
2024,2025,US00206R1023,0.0031384051554488265
2024,2025,US0028241000,0.0037273765073408396
2024,2025,US0028962076,0.0001045522138779871
2024,2025,US00724F1012,0.003688949662164607
2024,2025,US00737L1035,7.867782399979379e-05
2024,2025,US00751Y1064,1.068087239642282e-19
2024,2025,US0079031078,0.0036047653006377766
2024,2025,US0082521081,0.00013978052075789806
2024,2025,US00846U1016,0.0007631894348181128
2024,2025,US0091581068,0.001094620229529432
2024,2025,US00971T1016,0.0002872548856103519
2024,2025,US0126531013,0.00024413109890801063
2024,2025,US0152711091,0.00036222697330832884
2024,2025,US01741R1023,0.00022367681198250876
2024,2025,US0185811082,6.606675069734554e-05
2024,2025,US0188021085,1.9107843154795676e-20
2024,2025,US0200021014,0.0010330900085031452
2024,2025,US02079K3059,0.020777595356320806
2024,2025,US02209S1033,0.0018045627348351307
2024,2025,US0231351067,0.04355839281838192
2024,2025,US0236081024,1.626670428193017e-05
2024,2025,US0255371017,0.0003839600156172807
2024,2025,US02553E1064,1.1767848273582202e-06
2024,2025,US0258161092,0.004007833215117078
2024,2025,US0268747849,0.0008659633290093314
2024,2025,US03027X1000,0.0016898428201696666
2024,2025,US03073E1055,0.000854538935401534
2024,2025,US03076C1062,0.001022460585517202
2024,2025,US0311001004,0.0007951150720983049
2024,2025,US0311621009,0.002638419249916092
2024,2025,US0320951017,0.0016170759153276188
2024,2025,US0326541051,0.002002750184355276
2024,2025,US0367521038,0.001641752845696382
2024,2025,US03743Q1085,3.785337034055269e-20
2024,2025,US0375981091,6.113740796554732e-05
2024,2025,US0378331005,0.07075047340495924
2024,2025,US0382221051,0.0024524264523887304
2024,2025,US0383361039,0.00023650444692794513
2024,2025,US0394831020,0.00023248245170248854
2024,2025,US0427351004,0.00016649286809271505
2024,2025,US0441861046,2.6042620277400683e-05
2024,2025,US0454871056,6.268142724067103e-05
2024,2025,US04621X1081,0.00023980061012595044
2024,2025,US0495601058,0.0005291703701047391
2024,2025,US0527691069,0.00128185544046317
2024,2025,US0528001094,0.00019386166530170124
2024,2025,US0530151036,0.002284625797915019
2024,2025,US0533321024,0.0009488301166212202
2024,2025,US0534841012,0.0006342640493996208
2024,2025,US0536111091,0.00032953449573267776
2024,2025,US0537741052,3.641258114933064e-20
2024,2025,US0538071038,0.00020583254142347003
2024,2025,US0565251081,4.220655474049875e-06
2024,2025,US0584981064,0.0003332069144012824
2024,2025,US0605051046,0.006330054003972007
2024,2025,US0640581007,0.0010637727708771943
2024,2025,US0708301041,0.0001452543238814858
2024,2025,US0718131099,0.0003713453469100901
2024,2025,US0758871091,0.0012401328722080255
2024,2025,US0844231029,0.000514265418172573
2024,2025,US0846701086,0.0069530896227867935
2024,2025,US0865161014,0.00031412231763872854
2024,2025,US0893021032,3.181442770619878e-20
2024,2025,US09061G1013,0.00014580877152380828
2024,2025,US09062X1037,0.0003195405042162999
2024,2025,US09073M1045,0.0002122627551054993
2024,2025,US0936711052,0.0001604183286735121
2024,2025,US0970231058,0.0024824682941967375
2024,2025,US09857L1089,0.0031718925524490166
2024,2025,US0997241064,0.00022578948990289156
2024,2025,US1011211018,0.00026573349934092325
2024,2025,US1011371077,0.0024695934153163633
2024,2025,US1033041013,0.0001742148807139641
2024,2025,US1053682035,5.589518413327678e-05
2024,2025,US1096411004,0.00016295541214603743
2024,2025,US1096961040,1.6595998498238133e-19
2024,2025,US1101221083,0.00216106997146015
2024,2025,US1124631045,1.3169028314297157e-19
2024,2025,US1156372096,0.0002075053513385639
2024,2025,US12504L1098,0.0007280725151776847
2024,2025,US1252691001,3.867433558643646e-20
2024,2025,US12541W2098,0.00030674516833284216
2024,2025,US1255231003,0.001379687692217392
2024,2025,US12572Q1058,0.0015503268097664558
2024,2025,US1258961002,1.7636077764528014e-20
2024,2025,US1264081035,0.0011591094287483103
2024,2025,US12653C1080,0.00019955202398995472
2024,2025,US1266501006,0.0010580360077417632
2024,2025,US1270551013,4.3710731931887114e-20
2024,2025,US1270971039,0.00045912073777176185
2024,2025,US1273871087,0.0015539885010490324
2024,2025,US1307881029,0.00010023170405100049
2024,2025,US1331311027,0.0002834852329680758
2024,2025,US1344291091,0.0002307932721022143
2024,2025,US14040H1059,0.001295850960424195
2024,2025,US14149Y1082,0.0005753815696863275
2024,2025,US1423391002,0.0004122664088785166
2024,2025,US1431301027,0.00020700071712758284
2024,2025,US1491231015,0.0033472673519756926
2024,2025,US1508701034,4.2167553030013946e-05
2024,2025,US15189T1079,0.0003949472392741742
2024,2025,US1598641074,0.00017379439208079734
2024,2025,US1667641005,0.004863167958007707
2024,2025,US1699051066,0.00019233286732027834
2024,2025,US1713401024,0.000481399909141186
2024,2025,US1717793095,0.00017156263008137149
2024,2025,US1720621010,0.00045040419580881985
2024,2025,US17275R1023,0.004420249172162586
2024,2025,US1729081059,0.0013790092527580446
2024,2025,US1729674242,0.002548751220400871
2024,2025,US1858991011,2.580441826235689e-20
2024,2025,US1890541097,0.00039079482948170167
2024,2025,US1912161007,0.0050927058702837
2024,2025,US1924461023,0.0006764350788885512
2024,2025,US1941621039,0.0014400538666793606
2024,2025,US20030N1019,0.0026378607094584704
2024,2025,US2003401070,0.00016177570756913492
2024,2025,US2017231034,5.6309637294945175e-05
2024,2025,US2058871029,0.0002607038026698058
2024,2025,US20825C1045,0.0024448389218832468
2024,2025,US2091151041,0.0007444975362262122
2024,2025,US21036P1084,0.0008332745380449653
2024,2025,US2172041061,0.0010790505383686472
2024,2025,US21871N1019,0.00011840898961647092
2024,2025,US2193501051,0.0007840351209377455
2024,2025,US22160K1051,0.007589591915422832
2024,2025,US22410J1060,1.8454674318036078e-05
2024,2025,US22822V1017,0.0008864888625283959
2024,2025,US2283681060,0.00017575759032017321
2024,2025,US2310211063,0.0009682335766742837
2024,2025,US23331A1097,0.0008758663508618708
2024,2025,US2333311072,2.3842813751947655e-20
2024,2025,US23355L1061,4.331511799272419e-06
2024,2025,US2358511028,0.003098512178437777
2024,2025,US2371941053,0.00040974938972147324
2024,2025,US23918K1088,0.00017771752933753537
2024,2025,US2441991054,0.0022104372244546324
2024,2025,US2473617023,0.0001961834415475536
2024,2025,US24906P1093,8.069775479244306e-05
2024,2025,US25179M1036,0.0003968686029484717
2024,2025,US2533931026,0.00021934112096816066
2024,2025,US2546871060,0.0038257127389853796
2024,2025,US25525P1075,9.934000703753793e-05
2024,2025,US25659T1079,0.00011146414419307056
2024,2025,US2566771059,0.0002509031003568603
2024,2025,US2567461080,0.00025098426291291604
2024,2025,US25746U1097,0.0005292577656740343
2024,2025,US2576511099,0.00020092051439484743
2024,2025,US25960P1093,0.00012400243735454945
2024,2025,US2600031080,0.0005665085767976619
2024,2025,US26441C2044,0.0010767357120855332
2024,2025,US26875P1012,0.001370847838128092
2024,2025,US26884L1098,0.0005967429989562689
2024,2025,US26969P1084,3.5701385088410143e-20
2024,2025,US2774321002,2.8403493012012086e-20
2024,2025,US2774614067,1.7613910720797746e-18
2024,2025,US2786421030,0.0005116776538132904
2024,2025,US2788651006,0.0012357942307933462
2024,2025,US2810201077,0.0007349970611436088
2024,2025,US28176E1082,0.0006913291614725938
2024,2025,US2855121099,0.000729819368904292
2024,2025,US2910111044,0.0013757608351787666
2024,2025,US29364G1031,2.5719574750049995e-20
2024,2025,US2944291051,0.0005370555859948833
2024,2025,US29444U7000,0.001748467390389307
2024,2025,US29476L1070,0.0005922614684334311
2024,2025,US29670G1022,0.00025323753066583903
2024,2025,US2971781057,0.0004113725022926374
2024,2025,US30034W1062,3.190032961316784e-20
2024,2025,US30040W1080,0.0006316221982378202
2024,2025,US30161N1019,0.0009723600144106728
2024,2025,US30212P3038,0.0004832944013409202
2024,2025,US3021301094,0.00032323551769908093
2024,2025,US30231G1022,0.008750763453673604
2024,2025,US3024913036,0.00018460821317086077
2024,2025,US3029411093,0.00023464975966579375
2024,2025,US3030751057,0.00029163823281549956
2024,2025,US3119001044,0.0008614147701680366
2024,2025,US3137451015,0.00027538157021749166
2024,2025,US31428X1063,0.0011731239338366969
2024,2025,US3156161024,0.00027879202201651983
2024,2025,US31620M1062,0.0008280313339184323
2024,2025,US3167731005,0.0005540296903949128
2024,2025,US3205171057,0.0002094822530577181
2024,2025,US3377381088,0.002181241440005471
2024,2025,US3379321074,0.00017522131965119558
2024,2025,US3434121022,0.00023062716757905525
2024,2025,US34354P1057,0.0001411234053332761
2024,2025,US3448491049,8.19597445137458e-05
2024,2025,US3453708600,0.0008242400850463716
2024,2025,US3546131018,0.00022667048564686186
2024,2025,US35671D8570,0.0009137963144193204
2024,2025,US3614481030,0.00014439055645305336
2024,2025,US3635761097,0.0013534041687104236
2024,2025,US3647601083,0.0002753498918942444
2024,2025,US3695501086,0.00138439912445401
2024,2025,US3703341046,0.0006807093958875924
2024,2025,US37045V1008,0.0011538383981494938
2024,2025,US3719011096,0.0001570959470034224
2024,2025,US3724601055,0.00028414428408640957
2024,2025,US37247D1063,7.024823532896912e-05
2024,2025,US3755581036,0.0021704006630325103
2024,2025,US37940X1028,0.0005497316300885177
2024,2025,US37959E1029,0.0001490255776405023
2024,2025,US38141G1040,0.003429818824750753
2024,2025,US3825501014,3.828846738993506e-20
2024,2025,US3841091040,0.0002216147972905564
2024,2025,US3848021040,0.0010195797031013916
2024,2025,US3976241071,5.457642658266573e-20
2024,2025,US40434L1052,0.0007108523249080574
2024,2025,US4062161017,0.0004659101141652133
2024,2025,US4103451021,6.7282361097947e-06
2024,2025,US4108671052,0.00017088103036703504
2024,2025,US4128221086,6.744292768512952e-05
2024,2025,US4158641070,1.3452003765242198e-19
2024,2025,US4165151048,0.0006682186340319418
2024,2025,US4180561072,0.00012213851749108795
2024,2025,US4198701009,3.301008523537996e-20
2024,2025,US42250P1030,0.00043148328448421996
2024,2025,US42330P1075,0.00015606929855388837
2024,2025,US4234521015,3.223282001921914e-20
2024,2025,US4278661081,0.0005123899148222978
2024,2025,US42809H1077,0.0008032685695503043
2024,2025,US4364401012,0.00023398351719416637
2024,2025,US4370761029,0.007261874502323663
2024,2025,US4385161066,0.0028091992722131696
2024,2025,US4404521001,0.00035768558008342655
2024,2025,US44107P1049,0.0004034628273794614
2024,2025,US4435106079,0.0004206820609401666
2024,2025,US4448591028,0.0005340207337839408
2024,2025,US4456581077,0.0002980173730855086
2024,2025,US4461501045,0.0004418910479678419
2024,2025,US4470111075,0.00019198234694650648
2024,2025,US45073V1089,0.00019110466042137004
2024,2025,US45167R1041,0.00029086101080905353
2024,2025,US45168D1046,0.0005500847269143429
2024,2025,US4523081093,0.0014375026779758382
2024,2025,US4523271090,0.0004140391168107287
2024,2025,US4581401001,0.0017535146159863475
2024,2025,US45866F1049,0.001536532739043146
2024,2025,US4592001014,0.0038652026306585092
2024,2025,US4595061015,0.00045351003751023934
2024,2025,US4601461035,0.00019527322858167682
2024,2025,US4606901001,0.00021709133003732346
2024,2025,US4612021034,0.003293646133898223
2024,2025,US46120E6023,0.0035017318056554635
2024,2025,US46284V1017,0.0007608260673046947
2024,2025,US4657411066,7.381190755554457e-05
2024,2025,US46625H1005,0.012675914653569665
2024,2025,US4663131039,0.00037573880164104415
2024,2025,US46982L1089,0.00038274040885813844
2024,2025,US4781601046,0.006587308077791201
2024,2025,US48020Q1076,0.00020313430407203748
2024,2025,US48203R1041,0.0002715677967658804
2024,2025,US48242W1062,0.00022791186258247322
2024,2025,US4824801009,0.0016131628036092525
2024,2025,US48666K1097,0.00010215774405200434
2024,2025,US4878361082,0.0005764324887610952
2024,2025,US4891701009,9.66391105797191e-20
2024,2025,US4932671088,0.00036048273797676777
2024,2025,US4943681035,0.0008365554515020703
2024,2025,US49446R1095,0.0004322988053466315
2024,2025,US49456B1017,0.0010317949889298986
2024,2025,US4972661064,8.017014715220946e-05
2024,2025,US5002551043,3.3722569091642326e-19
2024,2025,US5010441013,0.0008872773048236297
2024,2025,US5018892084,0.00022022018481871844
2024,2025,US5150981018,0.00015501547700944203
2024,2025,US5178341070,0.0007574246813477043
2024,2025,US5184391044,0.0003513207179669552
2024,2025,US5218652049,0.00011296523380488095
2024,2025,US5246601075,1.4535885374569612e-20
2024,2025,US5260571048,0.0006577625367205132
2024,2025,US5261071071,0.0003482381003433485
2024,2025,US5324571083,0.013732323704247255
2024,2025,US5339001068,0.00024556062301570584
2024,2025,US5341871094,8.265307619973621e-05
2024,2025,US5370081045,0.00019354803846646735
2024,2025,US5398301094,0.002219847621289459
2024,2025,US5486611073,0.0025959745644607716
2024,2025,US5502411037,9.590867446948798e-05
2024,2025,US55261F1049,0.0006202801824022061
2024,2025,US5526901096,2.0610378385691853e-20
2024,2025,US5529531015,0.00023583918797080646
2024,2025,US5535301064,0.00016090308704995226
2024,2025,US5543821012,3.4024808546233084e-05
2024,2025,US5544891048,4.56132080179747e-05
2024,2025,US55616P1049,0.00013055617030113443
2024,2025,US5635714059,2.163065326772325e-20
2024,2025,US56418H1005,5.277950090548989e-05
2024,2025,US5717481023,0.001977889349360319
2024,2025,US5719032022,0.0014885914602721759
2024,2025,US5732841060,0.0005023727000916669
2024,2025,US5738741041,0.001830834559492691
2024,2025,US5745991068,0.0003121198840763897
2024,2025,US57636Q1040,0.00904544775852561
2024,2025,US5770811025,0.00022718800692825408
2024,2025,US5797802064,0.0003979006612207267
2024,2025,US5801351017,0.003966349587525206
2024,2025,US58155Q1031,0.001362995407356868
2024,2025,US58933Y1055,0.004781966498328692
2024,2025,US59156R1086,0.0010951675257037247
2024,2025,US5926881054,0.00048245192291852796
2024,2025,US5949181045,0.05883365191009617
2024,2025,US5950171042,0.0006141743667694124
2024,2025,US5951121038,0.0018199753346584697
2024,2025,US6005441000,0.0
2024,2025,US6081901042,3.767271705723184e-20
2024,2025,US60871R2094,0.00018043938024022484
2024,2025,US6092071058,0.0015290277207749047
2024,2025,US61174X1090,0.0009457311725322862
2024,2025,US6153691059,0.0015892109996223191
2024,2025,US6174464486,0.0038371837716230477
2024,2025,US61945C1036,1.5079532703703102e-20
2024,2025,US6200763075,0.0014786223403000724
2024,2025,US6267171022,1.0828433139578214e-05
2024,2025,US62886E1082,2.7368150619862485e-19
2024,2025,US6293775085,3.4077379927216525e-20
2024,2025,US62955J1034,0.0001839272657055687
2024,2025,US6311031081,0.0008270617804372258
2024,2025,US6361801011,7.31640171367971e-05
2024,2025,US64110D1046,0.0004614676291037269
2024,2025,US6501111073,5.997827645980001e-05
2024,2025,US6512291062,0.00018713253710672532
2024,2025,US6516391066,0.0008256775722430621
2024,2025,US65249B1098,0.000166314243911287
2024,2025,US65339F1012,0.002672487639674836
2024,2025,US6541061031,0.0016576018050468715
2024,2025,US65473P1057,0.0001958546065309513
2024,2025,US6556641008,6.905557867089254e-05
2024,2025,US6558441084,0.0010226714581640392
2024,2025,US6658591044,0.0004607291584900817
2024,2025,US6668071029,0.001330086882250986
2024,2025,US6687711084,0.0003440064282759314
2024,2025,US6703461052,0.0005295912767930259
2024,2025,US67066G1040,0.061653702170815304
2024,2025,US6708371033,2.803947637214384e-20
2024,2025,US67098H1041,4.158787729161238e-20
2024,2025,US67103H1077,0.0012228767869742322
2024,2025,US6745991058,0.0006997819801147703
2024,2025,US6752321025,3.883797958759137e-05
2024,2025,US6780261052,8.412907317436667e-05
2024,2025,US6819191064,0.0003189904063732588
2024,2025,US6821891057,0.0005454480917900736
2024,2025,US6826801036,0.001183402384972735
2024,2025,US68389X1054,0.008757470965077428
2024,2025,US6866881021,5.3295603196614446e-05
2024,2025,US6882392011,0.00017827650748519078
2024,2025,US69331C1080,0.0009010199638408948
2024,2025,US6934751057,0.0014271313550333255
2024,2025,US6935061076,0.0005555880548904385
2024,2025,US69351T1060,2.577579765375162e-20
2024,2025,US6936561009,0.00015407082231210604
2024,2025,US6937181088,0.0010451220347894477
2024,2025,US6951561090,0.00044197158999267346
2024,2025,US7010941042,0.0015568727810764597
2024,2025,US7043261079,0.0010026044332162672
2024,2025,US7075691094,7.374254317992413e-05
2024,2025,US70959W1036,0.00025445352135358137
2024,2025,US7134481081,0.0039521846419200805
2024,2025,US7140461093,0.00019785514638782106
2024,2025,US7170811035,0.0028319651205261738
2024,2025,US7234841010,2.5931746337714135e-20
2024,2025,US7244791007,3.94453595703295e-05
2024,2025,US7310681025,5.330987821566687e-05
2024,2025,US7392761034,4.684774034618384e-05
2024,2025,US74144T1088,0.0004960920906874623
2024,2025,US74251V1026,0.00037090871991716433
2024,2025,US7427181091,0.007444788763071204
2024,2025,US7433151039,0.0027609672192025303
2024,2025,US74340W1036,0.0019206544333883304
2024,2025,US7443201022,0.0008099375682431788
2024,2025,US7445731067,0.0009740561800847955
2024,2025,US74460D1090,0.0010904616752284936
2024,2025,US7458671010,0.0005114381305738718
2024,2025,US7475251036,0.0031610853042318005
2024,2025,US74762E1029,0.0009261091578477065
2024,2025,US74834L1008,0.000389095502027743
2024,2025,US7496851038,0.000377448852321743
2024,2025,US7509171069,0.00020449115958947968
2024,2025,US7512121010,0.00020497942805745324
2024,2025,US75281A1097,0.00015827389525722982
2024,2025,US7547301090,0.0006556919779175313
2024,2025,US75513E1010,0.002894453902690016
2024,2025,US7588491032,0.0003735072439760945
2024,2025,US75886F1075,0.00139883491277152
2024,2025,US7591EP1005,0.00043005729767929015
2024,2025,US7593516047,0.0003285354355722984
2024,2025,US7595091023,0.00036008582289261115
2024,2025,US7607591002,0.001070719679843746
2024,2025,US7611521078,0.0005187466786019638
2024,2025,US7703231032,0.00018198312836605328
2024,2025,US7739031091,0.0006005975993815759
2024,2025,US7766961061,0.0010697790164988885
2024,2025,US7782961038,0.0009579961325223416
2024,2025,US7802871084,0.0002123929715703595
2024,2025,US7835491082,3.7327286454836255e-05
2024,2025,US78409V1044,0.0028595123729397358
2024,2025,US78410G1040,0.0005112233335663908
2024,2025,US7841171033,0.00022778381533772974
2024,2025,US78440X8873,3.732888396741574e-05
2024,2025,US78442P1066,0.00019092271364367294
2024,2025,US78454L1008,4.522124935178176e-05
2024,2025,US78473E1038,6.840440023128798e-05
2024,2025,US79466L3024,0.005961231058779369
2024,2025,US8064071025,0.0002275273586465799
2024,2025,US8085131055,0.0024893450327483457
2024,2025,US8101861065,9.645657544784397e-05
2024,2025,US81211K1007,0.00012160572803278328
2024,2025,US8168511090,0.0011260085814234128
2024,2025,US8175651046,0.00024592544883214975
2024,2025,US8243481061,0.0016343806772350297
2024,2025,US8288061091,0.001111561326332603
2024,2025,US8326964058,0.00020590667298986395
2024,2025,US8330341012,0.0004050511965608919
2024,2025,US8354951027,2.7239265201749593e-05
2024,2025,US8425871071,0.0012402746626995005
2024,2025,US84265V1052,0.0014465064156065856
2024,2025,US8447411088,4.123243336212968e-20
2024,2025,US8485741099,0.00013790102922265688
2024,2025,US8545021011,0.00020727641461449315
2024,2025,US8552441094,0.0019157310145044364
2024,2025,US8574771031,0.0005414029580969302
2024,2025,US8581191009,0.0003906041568328364
2024,2025,US8636671013,0.0026197775151550087
2024,2025,US8716071076,0.001409169919906737
2024,2025,US87161C5013,0.00011741162347774699
2024,2025,US8718291078,0.0007634642407969356
2024,2025,US8725401090,0.0025746023572767534
2024,2025,US8760301072,0.0003177642710385779
2024,2025,US87612E1064,0.0011806582675331187
2024,2025,US8793691069,0.00010157742654365071
2024,2025,US8794338298,3.752049819534809e-05
2024,2025,US8807701029,0.00034563673552641627
2024,2025,US8807791038,3.0279519051970278e-05
2024,2025,US8816242098,0.0003901051869555163
2024,2025,US8825081040,0.003223575252380636
2024,2025,US8832031012,0.0003192200819277396
2024,2025,US88337F1057,3.1187624032209995e-19
2024,2025,US8835561023,0.003746213583209823
2024,2025,US8851601018,4.0939729294130324e-05
2024,2025,US88579Y1010,0.0013331026069906982
2024,2025,US88642R1095,0.0
2024,2025,US8873891043,0.00012513102716647003
2024,2025,US8910921084,9.214452936623393e-05
2024,2025,US89417E1091,0.0010798177353937251
2024,2025,US8962391004,0.00036677405945047703
2024,2025,US8965221091,1.658564820551181e-05
2024,2025,US89832Q1094,0.001044924511838702
2024,2025,US9024941034,0.0001924255065664533
2024,2025,US9026531049,0.0003117703627271513
2024,2025,US9026811052,0.00016252193504757962
2024,2025,US9029733048,0.0014620285434481855
2024,2025,US9078181081,0.0025399536741794295
2024,2025,US9111631035,2.8906342326234284e-20
2024,2025,US9113121068,0.0016988636670558581
2024,2025,US9113631090,0.0008233774258447994
2024,2025,US9129091081,3.0623260018318267e-20
2024,2025,US91324P1021,0.008733581302575288
2024,2025,US91529Y1064,0.00029529219216977993
2024,2025,US91822M5022,2.475621851458762e-19
2024,2025,US91913Y1001,0.00039707095958437395
2024,2025,US92276F1003,0.0006221598376152115
2024,2025,US92343V1044,0.0032204720517427037
2024,2025,US92532F1003,0.0019110034019071663
2024,2025,US9255501051,3.686092721307437e-05
2024,2025,US92556V1061,0.0003212301623540874
2024,2025,US9282981086,0.00012679882031823797
2024,2025,US9290421091,0.0001951637594115018
2024,2025,US9291601097,0.0006304227883492012
2024,2025,US92922P1066,4.4320761676776044e-20
2024,2025,US92939U1060,0.00027501114056946224
2024,2025,US9297401088,0.0006524359541657788
2024,2025,US9311421039,0.013649955105991334
2024,2025,US9314271084,0.0002366136375279778
2024,2025,US9344231041,0.0003779445496857866
2024,2025,US94106L1098,0.0015004307323245483
2024,2025,US9418481035,0.0004505967400680513
2024,2025,US9427491025,0.00010543963539664481
2024,2025,US9497461015,0.004342484670133789
2024,2025,US95040Q1040,0.0016405828857095704
2024,2025,US95058W1009,9.003002994297717e-05
2024,2025,US95082P1057,0.00023019376419388014
2024,2025,US9581021055,0.0005124415034275915
2024,2025,US9598021098,6.471477644666463e-05
2024,2025,US9604131022,4.9670398881787304e-20
2024,2025,US9621661043,0.0004826881179226628
2024,2025,US9633201069,0.00016498860303501618
2024,2025,US9682232064,5.919288197454411e-05
2024,2025,US9694571004,0.0011153792872628993
2024,2025,US9699041011,0.0004573283952891811
2024,2025,US9831341071,0.00022527735218577503
2024,2025,US98389B1008,0.0002636282410573134
2024,2025,US98421M1062,3.9685442380290844e-05
2024,2025,US9884981013,0.000746770940753387
2024,2025,US9892071054,0.0004351775943605066
2024,2025,US98956P1021,0.0004008800320486371
2024,2025,US9897011071,0.00011221350552304492
